{
  "reproduce_T3": {
    "H_const": 0.9416177291729109,
    "night_index": {
      "delta": 0.0014911702655282522,
      "wins": 5,
      "n": 11,
      "flag": false
    },
    "is_early": {
      "delta": -0.005992558935691283,
      "wins": 2,
      "n": 11,
      "flag": false
    },
    "single_scaled": {
      "delta": 0.001447358186072667,
      "wins": 8,
      "n": 11,
      "flag": true
    }
  },
  "heldout_increment_trend": {
    "rho": -0.19090909090909092,
    "p": 0.5739131682855215,
    "early": 0.004595626127519921,
    "late": 0.0019889948711352967,
    "first8": 0.0014578102509310575,
    "last3": 0.006012118448064559,
    "per_night": null
  },
  "calibration": {
    "0.0": [
      -0.0009347207044265109,
      -0.0001774842511310104
    ],
    "-0.15": [
      -0.0030393285629137542,
      0.0005305034659825366
    ],
    "-0.3": [
      -0.0012403261737367547,
      0.0016306378077525403
    ],
    "-0.45": [
      0.005993501700236875,
      0.0028972379491959688
    ],
    "-0.6": [
      0.019507289650851068,
      0.004754907880910153
    ],
    "-0.9": [
      0.054378172227255196,
      0.009021958626276074
    ]
  },
  "power": {
    "0.0": {
      "night_index": 0.20833333333333334,
      "is_early": 0.20833333333333334,
      "single_scaled": 0.20833333333333334,
      "heldout_trend_rho<-0.5": 0.0,
      "mean_early_dbits": -0.00046982544954042425
    },
    "-0.3": {
      "night_index": 0.25,
      "is_early": 0.4583333333333333,
      "single_scaled": 0.0,
      "heldout_trend_rho<-0.5": 0.125,
      "mean_early_dbits": 0.001978759010945038
    },
    "-0.45": {
      "night_index": 0.2916666666666667,
      "is_early": 0.6666666666666666,
      "single_scaled": 0.0,
      "heldout_trend_rho<-0.5": 0.5833333333333334,
      "mean_early_dbits": 0.009884882946369427
    },
    "-0.6": {
      "night_index": 0.3333333333333333,
      "is_early": 0.7916666666666666,
      "single_scaled": 0.0,
      "heldout_trend_rho<-0.5": 0.9583333333333334,
      "mean_early_dbits": 0.02219580393201458
    },
    "-0.9": {
      "night_index": 0.5833333333333334,
      "is_early": 0.8333333333333334,
      "single_scaled": 0.0,
      "heldout_trend_rho<-0.5": 1.0,
      "mean_early_dbits": 0.05828888429042062
    }
  }
}