camera,night,time,segment,seg_dev_px,source,aligned,target_frame,flag,sample_rule_px,status,held_med_px,held_p90_px,night_quality,night_quality_px,night_verdict,rain_mm_night,a11,a12,a13,a21,a22,a23,b11,b12,b13,b21,b22,b23
CH01,2026-08-30,2026-08-30 21:00:00,,,night_ref,,09-18 (calibration),ok,3/6,ok,0.781077040646726,2.1470432665373984,dawn closure,2.86,PASS,0.0,0.9995562463647194,-0.010155442809466533,1.6496945168299715,0.009203273792769381,1.0006395561548664,-28.124631480721295,1.0003504728396326,0.01015250891678063,-1.3647371180626189,-0.009200614980330223,0.9992674760161114,28.119207717708154
CH01,2026-08-30,2026-08-30 22:00:00,,,night,,09-18 (calibration),ok,3/6,ok,0.25820087218770904,0.439964711484708,dawn closure,2.86,PASS,0.0,0.9995414393985335,-0.010066207855545512,2.053521274020577,0.009097869089230569,1.0006341706448025,-27.636621000388338,1.0003671723674368,0.010063521898743433,-1.77615352964366,-0.009095441513353404,0.9992747326936214,27.635254745362264
CH01,2026-08-30,2026-08-30 23:00:00,,,night,,09-18 (calibration),ok,3/6,ok,0.27341349459049025,0.3390256468698095,dawn closure,2.86,PASS,0.0,0.9995146948579866,-0.010061573444602803,2.104391849085363,0.009080583944556258,1.000580065643245,-27.65701513691257,1.0003941484384702,0.01005970390944546,-1.8269999085502178,-0.009078896686491998,0.9993289756091428,27.65756216136314
CH01,2026-08-30,2026-08-31 00:00:00,,,night,,09-18 (calibration),ok,3/6,ok,0.33108414233981004,0.7102937545984197,dawn closure,2.86,PASS,0.0,0.9994646580083213,-0.009750921353677404,3.08376209688529,0.008922339735686444,1.0001471663999113,-26.44190907283375,1.0004485548716335,0.009753859736530847,-2.827234661134284,-0.008925028430338057,0.9997658408101502,26.46324012121427
CH01,2026-08-30,2026-08-31 01:00:00,,,night,,09-18 (calibration),ok,3/6,ok,0.3988431834911971,0.785931089193574,dawn closure,2.86,PASS,0.0,0.999460729589742,-0.00989809688334702,3.323601386960684,0.008794804297815118,0.999892277121124,-25.81850048831773,1.0004524137924469,0.009903641767698595,-3.069407850253291,-0.008799731120951003,1.000020624509425,25.848279780782864
CH01,2026-08-30,2026-08-31 02:00:00,,,night,,09-18 (calibration),ok,3/6,ok,0.5568314824572014,1.1470117383121703,dawn closure,2.86,PASS,0.0,0.9994431597340883,-0.009575529236473337,4.223166515731821,0.008471923786871316,0.9994433045493967,-24.381187480753553,1.0004758982974156,0.009585422375562414,-3.9914723334655626,-0.008480676715122667,1.0004757533324884,24.428602221881597
CH01,2026-08-30,2026-08-31 03:00:00,,,night,,09-18 (calibration),ok,3/6,ok,0.6027537404436264,1.317449223782585,dawn closure,2.86,PASS,0.0,0.9993889317567921,-0.00924076957895498,5.128646068906619,0.0082001750336231,0.9993386747424157,-23.370400491628295,1.0005355288071178,0.00925183675058666,-4.915173476473655,-0.008209995941257634,1.0005858460116115,23.42619811095595
CH01,2026-08-30,2026-08-31 04:00:00,,,night,,09-18 (calibration),ok,3/6,ok,0.7517172816915587,1.7027996355818111,dawn closure,2.86,PASS,0.0,0.9993634337005458,-0.008648899192469275,5.4666644654254215,0.00771603755033734,0.9991040226155499,-21.387545824999098,1.0005700960459574,0.008661590484888614,-5.2845308258088055,-0.007727359972612212,1.0008298877877124,21.447537972262236
CH01,2026-08-30,2026-08-31 04:20:00,,,night,,09-18 (calibration),ok,3/6,ok,0.7667391559078727,1.7622283694898075,dawn closure,2.86,PASS,0.0,0.9993703509265278,-0.008597914288174255,5.68789610433392,0.007595935366504391,0.9989192937037696,-20.822996735760047,1.000564587795341,0.008612075690068617,-5.511778197073178,-0.007608446434873218,1.0010163879427663,20.887437031411483
CH01,2026-08-31,2026-08-31 21:00:00,,,night_ref,,09-18 (calibration),ok,3/6,ok,0.5423874769923629,4.038427518825886,dawn closure,1.49,PASS,2.5,0.9997869238094494,-0.0015633914388885868,17.166574095772535,0.0007851167912036341,1.0001181519890423,1.1660483654464169,1.000211893780151,0.0015635379766885395,-17.17203474695196,-0.000785190380763118,0.9998806345543033,-1.1524301507129135
CH01,2026-08-31,2026-08-31 22:00:00,,,night,,09-18 (calibration),ok,3/6,ok,0.3360503073532973,0.45902719864436936,dawn closure,1.49,PASS,2.5,0.999795453306933,-0.0016232194109898862,17.4217340210931,0.0010265869086814742,1.0006150294368787,-0.531425254186084,1.0002029225107012,0.0016225508821928012,-17.424407018586432,-0.0010261641051427057,0.9993836839261547,0.5489752863616711
CH01,2026-08-31,2026-08-31 23:00:00,,,night,,09-18 (calibration),ok,3/6,ok,0.39664887382337577,0.6101101450484363,dawn closure,1.49,PASS,2.5,0.9997662768242975,-0.0015646595656195487,17.266351179921724,0.0010936805330375348,1.0008821237968024,-0.8915793940936874,1.0002320672889193,0.0015636433449187591,-17.268964023043537,-0.0010929702054863254,0.9991169450407041,0.9096636878852451
CH01,2026-08-31,2026-09-01 00:00:00,,,night,,09-18 (calibration),ok,3/6,ok,0.3833329507820195,0.7520054383239367,dawn closure,1.49,PASS,2.5,0.9997791672009352,-0.0015736160204203303,17.383858660947514,0.0011627498541604273,1.0010361656672595,-1.3487231957727652,1.000219052944883,0.0015723315296950985,-17.38554600637508,-0.0011618007399012609,0.9989630805248435,1.3675212582791008
CH01,2026-08-31,2026-09-01 01:00:00,,,night,,09-18 (calibration),ok,3/6,ok,0.5868540219301484,1.3921095711892857,dawn closure,1.49,PASS,2.5,0.9997613809326084,-0.0016887824762531565,17.382224082915716,0.001238081175499269,1.0011147143496961,-1.7929953578915914,1.0002365865056386,0.0016873011605820375,-17.38331115942343,-0.0012369951925066854,0.9988844401650556,1.8124968919117264
CH01,2026-08-31,2026-09-01 02:00:00,,,night,,09-18 (calibration),ok,3/6,ok,0.5395356896093213,0.8180834287849239,dawn closure,1.49,PASS,2.5,0.9997670341379192,-0.0016080716214329628,17.10951011519449,0.0012937117720335516,1.0012331630229667,-2.200206655580178,1.000230941364783,0.0016064619621983002,-17.109926860510097,-0.0012924167830087531,0.9987662800560971,2.2196048347704163
CH01,2026-08-31,2026-09-01 03:00:00,,,night,,09-18 (calibration),ok,3/6,ok,0.5787247052812751,0.770613422827331,dawn closure,1.49,PASS,2.5,0.9997210964136694,-0.0016406583757805349,17.65934423354271,0.0013088820914688754,1.0011793514955973,-2.269729134103626,1.0002768353041294,0.001639179399264891,-17.660512470235794,-0.0013077021957004415,0.9988198947707094,2.2901437781122307
CH01,2026-08-31,2026-09-01 04:00:00,,,night,,09-18 (calibration),ok,3/6,ok,0.6120046086278677,2.7989427313117274,dawn closure,1.49,PASS,2.5,0.9996824554441565,-0.0016410698124493047,17.99805565120909,0.0013464018299977768,1.001005155155632,-2.273725164390819,1.0003154367040827,0.0016399390728880775,-18.000004127825513,-0.001345474124300592,0.9989936483669315,2.2956529155249092
CH01,2026-09-01,2026-09-01 21:00:00,,,night_ref,,09-18 (calibration),ok,3/6,ok,1.4487721794168529,2.726053180930584,dawn closure,2.93,PASS,0.0,0.9987099209129074,-0.002001289080854719,29.041759345948165,0.00019086244480008785,1.0008223641760796,5.463017412115201,1.001291362897437,0.002002226911636268,-29.09020099692509,-0.0001909518854898351,0.9991779297151494,-5.452980849130029
CH01,2026-09-01,2026-09-01 22:00:00,,,night,,09-18 (calibration),ok,3/6,ok,0.25813685265464364,0.43132708634519146,dawn closure,2.93,PASS,0.0,0.9987064766997569,-0.002099088493719444,29.006125326449748,0.00026760404564184394,1.0009334702170478,5.088784934449003,1.001294636014834,0.002099845905668406,-29.05436336515759,-0.0002677006049352544,0.9990668389337557,-5.076271321176965
CH01,2026-09-01,2026-09-01 23:00:00,,,night,,09-18 (calibration),ok,3/6,ok,0.24524498959188318,0.4192969938895137,dawn closure,2.93,PASS,0.0,0.9986736254143722,-0.0021354796344138344,29.37714280586712,0.00037017023709226223,1.0007380887986006,5.1030299395455225,1.0013273441847608,0.0021367370492066744,-29.42704021867041,-0.0003703882010215303,0.9992616652015835,-5.088381247888777
CH01,2026-09-01,2026-09-02 00:00:00,,,night,,09-18 (calibration),ok,3/6,ok,0.3764533282295791,3.752191133164686,dawn closure,2.93,PASS,0.0,0.9986610422911736,-0.0023380867799361127,28.96101996207401,0.000530641190709162,1.0008629175271078,4.31344161059132,1.0013395099800961,0.00233920013371737,-29.009903540539245,-0.0005308938722525661,0.9991365862518045,-4.294342097770647
CH01,2026-09-01,2026-09-02 01:00:00,,,night,,09-18 (calibration),ok,3/6,ok,0.3440374251417868,1.6437088112237241,dawn closure,2.93,PASS,0.0,0.9986324665621822,-0.0026610074377611797,29.718916959098195,0.0005805777575679755,1.0006252689820914,4.447511245396113,1.0013678579610616,0.002662982237776224,-29.77141185970363,-0.0005810086188080117,0.9993735766327537,-4.42745827353103
CH01,2026-09-01,2026-09-02 02:00:00,,,night,,09-18 (calibration),ok,3/6,ok,0.5483818125799809,2.9480959986081063,dawn closure,2.93,PASS,0.0,0.9986611695598769,-0.0029050987563311887,29.540737577518374,0.0005565905922530804,1.0001663751752692,5.041450736627539,1.0013390042934252,0.002908504793044027,-29.594955835596995,-0.0005572431580177045,0.9998320339237109,-5.024142570030634
CH01,2026-09-01,2026-09-02 03:00:00,,,night,,09-18 (calibration),ok,3/6,ok,0.38988738467214457,0.707559599417925,dawn closure,2.93,PASS,0.0,0.9986529500861846,-0.0027579291992263547,29.358234893501667,0.0006272212833431706,1.0000025553865557,4.966636252653053,1.001347132410635,0.0027616374379856893,-29.411500371861923,-0.0006280646285146945,0.9999957124666228,-4.9481760891421125
CH01,2026-09-01,2026-09-02 04:00:00,,,night,,09-18 (calibration),ok,3/6,ok,0.40690628836471454,0.6840522299058215,dawn closure,2.93,PASS,0.0,0.9986399087322827,-0.0027075504532376336,29.132188619841678,0.0007341151057665481,0.9998710413531366,4.678920023990195,1.001359950310755,0.0027115822692982067,-29.184494225384725,-0.0007352082772973683,1.0001269844090965,-4.658095947675556
CH01,2026-09-01,2026-09-02 04:20:00,,,night,,09-18 (calibration),ok,3/6,ok,0.38203800091421997,0.7163691321078064,dawn closure,2.93,PASS,0.0,0.9986364195777042,-0.002911899645808131,29.56521353440037,0.0007387877311365258,0.9998785742108316,4.721457970955578,1.0013632849007539,0.0029162234993675737,-29.619288170285557,-0.0007398847503849557,1.0001192858033987,-4.700146323226879
CH01,2026-09-02,2026-09-02 21:00:00,,,night_ref,,09-18 (calibration),ok,3/6,ok,0.428891578770738,0.6347632974045906,dawn closure,1.19,PASS,0.25,0.9990085039576462,-0.0008124803834894793,25.901641314285495,5.424107479760822e-05,1.000215999537635,5.208039917820621,1.000992435934636,0.0008131110865994897,-25.93158174888848,-5.4283180447492637e-05,0.9997840030135949,-5.205508973423944
CH01,2026-09-02,2026-09-02 22:00:00,,,night,,09-18 (calibration),ok,3/6,ok,1.3728895492044333,4.121882415581511,dawn closure,1.19,PASS,0.25,0.998891194006447,0.0010873355753670043,18.967725990372003,-0.0018370662705370932,0.9993713318413399,10.895911357072949,1.0011080336090925,-0.0010892251408925642,-18.97687476767433,0.001840258713764019,1.0006270613934245,-10.937649285465215
CH01,2026-09-02,2026-09-02 23:00:00,,,night,,09-18 (calibration),ok,3/6,ok,1.4896316898323891,4.8111231221140685,dawn closure,1.19,PASS,0.25,0.9988538187958316,0.0006571212033394134,18.706315869639567,-0.001305682081805627,1.0003930069811517,8.09739343886611,1.0011466368200048,-0.0006576162349351202,-18.722440242796285,0.0013066656962152018,0.999606289112241,-8.118648308156184
CH01,2026-09-02,2026-09-03 00:00:00,,,night,,09-18 (calibration),ok,3/6,ok,1.7624006990497907,4.6989474187869265,dawn closure,1.19,PASS,0.25,0.9988259848219565,0.000501985694447828,18.275201848865432,-0.0011140775728411905,1.0004534142403723,7.091369023699789,1.0011748347976512,-0.0005023476731209775,-18.293109859203284,0.0011148809270524022,0.9995462318502922,-7.108525860278342
CH01,2026-09-02,2026-09-03 01:00:00,,,night,,09-18 (calibration),ok,3/6,ok,1.5569388564916475,5.954090352027085,dawn closure,1.19,PASS,0.25,0.9987723480900013,0.00036768992762712684,17.75197620316473,-0.0009927246258656108,1.0006867598253144,6.313279760892229,1.0012287952302492,-0.00036788909180798053,-17.77146716009311,0.000993262348473896,0.9993133465281429,-6.326577094999215
CH01,2026-09-02,2026-09-03 02:00:00,,,night,,09-18 (calibration),ok,3/6,ok,1.3782302608294823,5.264897508995942,dawn closure,1.19,PASS,0.25,0.9987248962870593,0.00024434728285136593,18.022765353157943,-0.0009277825629096228,1.0007500381937302,6.19321801539729,1.001276504568246,-0.0002444758270664206,-18.044257403367155,0.0009282706431530326,0.9992502972915258,-6.205304947062747
CH01,2026-09-02,2026-09-03 03:00:00,,,night,,09-18 (calibration),ok,3/6,ok,1.5784458058799316,5.317979663503964,dawn closure,1.19,PASS,0.25,0.9987067287598883,-5.309842628130443e-05,17.618609610188955,-0.0006728491423605612,1.0007531349677525,5.181530663770739,1.001294981749339,5.3127175840394025e-05,-17.64170066817358,0.0006732134491306751,0.9992474675373343,-5.189492478684516
CH01,2026-09-02,2026-09-03 04:00:00,,,night,,09-18 (calibration),ok,3/6,ok,1.2647828873452738,4.355495785708638,dawn closure,1.19,PASS,0.25,0.9986703060510144,8.807785539076819e-06,18.343742784640906,-0.0007493644495890895,1.0004622240385341,6.420209296714868,1.0013314577743557,-8.815438026241742e-06,-18.368110106625128,0.0007500155215080059,0.9995379829108948,-6.431001142115185
CH01,2026-09-02,2026-09-03 04:20:00,,,night,,09-18 (calibration),ok,3/6,ok,1.0821214954886953,5.097690830066328,dawn closure,1.19,PASS,0.25,0.9986646651109848,-0.00013717511790698584,18.211339566975838,-0.0006006135213934719,1.000677988201807,5.566688269698041,1.001337202946269,0.00013726548449979968,-18.236455938062704,0.0006010091864262735,0.9993225535424045,-5.573862318826076
CH01,2026-09-03,2026-09-03 21:00:00,,,night_ref,,09-18 (calibration),ok,3/6,ok,0.4251218816267264,0.8692154293897563,dawn closure,2.34,PASS,18.4,0.998408179101928,-0.0021706848549684164,19.97461402225435,-0.0007068182951542295,0.9991492596364119,7.994425877684651,1.0015958993207565,0.0021760002607069985,-20.023887367998885,0.0007085490973080283,1.0008530040853885,-8.015398150353194
CH01,2026-09-03,2026-09-03 22:00:00,,,night,,09-18 (calibration),ok,3/6,ok,0.4455656755635819,1.1935427442889064,dawn closure,2.34,PASS,18.4,0.9983973193900857,-0.002372015956074193,19.958812545482374,-0.00035677097623252284,0.9986744596606242,7.138625401358419,1.0016061034314345,0.002378979091793365,-20.007851103373007,0.00035781828989911386,1.0013281496059483,-7.155248192045687
CH01,2026-09-03,2026-09-03 23:00:00,,,night,,09-18 (calibration),ok,3/6,ok,0.4701289859226923,1.166286082796931,dawn closure,2.34,PASS,18.4,0.998331140466807,-0.0024507219205255762,19.84984923883014,-0.0001921020819080603,0.9988229981954748,6.456708307932371,1.0016721222019698,0.0024577125591768965,-19.898909345547487,0.0001926500495201905,1.0011788614582882,-6.468143946942831
CH01,2026-09-03,2026-09-04 00:00:00,,,night,,09-18 (calibration),ok,3/6,ok,0.8288192612565944,3.3690405690003984,dawn closure,2.34,PASS,18.4,0.9982408886975007,-0.002673490824810533,20.960015114843692,-0.00039417929023771194,0.998118487212264,7.783340723891691,1.0017632707750046,0.0026832534888010812,-21.01785797309126,0.00039561869669720343,1.0018861192281387,-7.806313206352667
CH01,2026-09-03,2026-09-04 01:00:00,,,night,,09-18 (calibration),ok,3/6,ok,0.8154981561754189,3.305313884305591,dawn closure,2.34,PASS,18.4,0.9982632321299546,-0.0029871732987494055,20.26376007732028,-6.222414720468317e-06,0.999512612073149,4.957467025311229,1.0017398081417752,0.0029938295635597916,-20.313856943426533,6.236280015848676e-06,1.0004876442276092,-4.960010875971702
CH01,2026-09-03,2026-09-04 02:00:00,,,night,,09-18 (calibration),ok,3/6,ok,0.8710892516393276,3.156736253902131,dawn closure,2.34,PASS,18.4,0.9982009184776829,-0.002895804676059437,20.627598445797155,-5.06311790659875e-05,0.9994283240357648,5.192271986815198,1.0018024712813909,0.002902683675313506,-20.679850622733685,5.075145369842629e-05,1.0005721500149436,-5.196289625917478
CH01,2026-09-03,2026-09-04 03:00:00,,,night,,09-18 (calibration),ok,3/6,ok,0.9165032844688481,3.033866457482946,dawn closure,2.34,PASS,18.4,0.998231950697671,-0.0028717774033609872,20.40197747284004,-4.322869176372538e-05,0.9993589471607103,5.254501383557061,1.0017713055006336,0.0028787096034369295,-20.453241791355605,4.333304175268228e-05,1.000641588574317,-5.258756691350152
CH01,2026-09-03,2026-09-04 04:00:00,,,night,,09-18 (calibration),ok,3/6,ok,0.8281517203944455,3.039665848738268,dawn closure,2.34,PASS,18.4,0.998156682920927,-0.0030599160440726667,20.54016572262174,0.00015419490737382492,0.9991435504238491,4.903714985544644,1.001846247198306,0.003068193158226,-20.593133490808412,-0.0001546120066771434,1.0008567102054835,-4.904740291977686
CH01,2026-09-03,2026-09-04 04:20:00,,,night,,09-18 (calibration),ok,3/6,ok,0.7829360203123347,3.1582274290684262,dawn closure,2.34,PASS,18.4,0.9981228975508253,-0.0030326618385150966,21.1747441430446,0.00015234043754418236,0.9990928472066417,5.2754268939804145,1.0018801684320087,0.003041122516354486,-21.230599448048874,-0.00015276544482577365,1.000907512760159,-5.276979641993903
CH01,2026-09-04,2026-09-04 21:00:00,,,night_ref,,09-18 (calibration),night,3/6,ok,0.3172346047330613,0.47321132774263724,dawn closure,3.03,FAIL,0.0,1.0001305567062972,0.00039633156398778067,12.428765603487616,0.0002244711159991477,1.000871586668959,4.001577122445846,0.9998695492008494,-0.0003959347707505663,-12.425559897561566,-0.00022424638340434185,0.9991292611313509,-3.995305687972673
CH01,2026-09-04,2026-09-04 22:00:00,,,night,,09-18 (calibration),night,3/6,ok,0.3044707048015719,0.4544431398472826,dawn closure,3.03,FAIL,0.0,1.0001059700076893,0.00017832421813389625,13.092255293561513,0.00040235027290560317,1.0006890587070574,3.6141969469438195,0.9998941129049677,-0.00017818255765766436,-13.090225005825172,-0.0004020306464865543,0.9993114874103382,-3.6064450389846936
CH01,2026-09-04,2026-09-04 23:00:00,,,night,,09-18 (calibration),night,3/6,ok,0.3475903391010503,0.4940638923246263,dawn closure,3.03,FAIL,0.0,1.00010139710706,5.9902444139895024e-05,13.214261418034981,0.00040891173677763584,1.000251753905317,3.9944937101228017,0.9998986376569534,-5.9881296937443334e-05,-13.212682794072048,-0.00040876737974168063,0.9997483339387618,-3.988086872609063
CH01,2026-09-04,2026-09-05 00:00:00,,,night,,09-18 (calibration),night,3/6,ok,0.3635260477473271,0.6410557196400848,dawn closure,3.03,FAIL,0.0,1.000087988730762,-0.00010693294651568344,13.220996962607574,0.0005344284302993465,1.0002946325510085,3.5036753916525356,0.9999119618894551,0.00010689203846714114,-13.220207526020207,-0.0005342239804559498,0.9997053971224446,-3.495580225177174
CH01,2026-09-04,2026-09-05 01:00:00,,,night,,09-18 (calibration),night,3/6,ok,0.38975459954547875,0.5366247219060032,dawn closure,3.03,FAIL,0.0,1.0000744844763896,-0.0002786093202021226,13.512358695990157,0.000655896563030966,1.0001465097757194,3.24792028623568,0.9999253383862567,0.00027854770881832633,-13.512254542238592,-0.0006557515187271851,0.999853329014529,-3.2385831608300846
CH01,2026-09-04,2026-09-05 02:00:00,,,night,,09-18 (calibration),night,3/6,ok,0.46263570715653035,0.7507102141150863,dawn closure,3.03,FAIL,0.0,1.000076209784093,-0.00031173339906952007,12.844883822261032,0.000696769859452851,1.0001075181574026,2.9899787365538413,0.9999235788734565,0.00031167606521574344,-12.8448341065767,-0.0006966417098822336,0.9998922762583674,-2.980708363027759
CH01,2026-09-04,2026-09-05 03:00:00,,,night,,09-18 (calibration),night,3/6,ok,0.5572112499026837,3.5161301446040447,dawn closure,3.03,FAIL,0.0,1.000028445519829,-0.0005878628963154459,13.572958324481077,0.0007887614609147255,1.0002225387316928,2.9076261029632704,0.9999710917354507,0.0005877151128435116,-13.574274809614325,-0.0007885631733412919,0.9997770473168835,-2.8962747048341333
CH01,2026-09-04,2026-09-05 04:00:00,,,night,,09-18 (calibration),night,3/6,ok,0.529103504751167,0.797800136797704,dawn closure,3.03,FAIL,0.0,1.0000377978146886,-0.00044456139576108336,13.344548432977957,0.0007473093608160324,0.9996757321795186,3.4026346852801552,0.9999618713065068,0.0004446886434330844,-13.345552735783246,-0.0007475232646262488,1.000324040576427,-3.393761916575361
CH01,2026-09-04,2026-09-05 04:20:00,,,night,,09-18 (calibration),night,3/6,ok,0.4880142302491391,0.7749643191617234,dawn closure,3.03,FAIL,0.0,1.0000408890755146,-0.0005846336129651281,13.341940728562184,0.0008359059736659053,0.9997202063488435,2.975386654191036,0.9999586238010436,0.0005847730388320741,-13.343128615663606,-0.0008361053240153876,1.0002793830054713,-2.9650626589810742
CH01,2026-09-05,2026-09-05 21:00:00,,,night_ref,,09-18 (calibration),ok,3/6,ok,0.6182001439836726,3.687437647715873,dawn closure,1.76,PASS,0.0,0.999316972849416,-0.0019625135271954686,11.192651778093092,0.0006071971700216588,1.0000152627753616,0.8518611115153194,1.0006823007530112,0.0019638225782700066,-11.201961436913821,-0.0006076021874122952,0.9999835450482746,-0.8450464144785392
CH01,2026-09-05,2026-09-05 22:00:00,,,night,,09-18 (calibration),ok,3/6,ok,0.3043859630746688,0.5158679034916652,dawn closure,1.76,PASS,0.0,0.9992719844235296,-0.002035350532530125,11.186122631145288,0.0006727793229754453,0.9996416780030648,0.8913495040808086,1.000727174141871,0.0020375606896222065,-11.196073068980688,-0.0006735098841089282,1.0003570791175362,-0.8841338222182112
CH01,2026-09-05,2026-09-05 23:00:00,,,night,,09-18 (calibration),ok,3/6,ok,0.2641167545704325,0.4150089022723678,dawn closure,1.76,PASS,0.0,0.999341310752088,-0.0023253798527484324,10.440972427686372,0.001020950379347695,1.0004511140723227,-1.3076230827692639,1.0006567472548515,0.0023258578123938195,-10.44478816230351,-0.0010211602259586451,0.9995467158251314,1.3176922636826358
CH01,2026-09-05,2026-09-06 00:00:00,,,night,,09-18 (calibration),ok,3/6,ok,0.2792902013531037,0.3894752118221332,dawn closure,1.76,PASS,0.0,0.9993456574657348,-0.0025102679062070795,10.470316923487378,0.0011493574400948691,1.0005931582091137,-1.7259956398514817,1.0006518837250853,0.002510415235595462,-10.472809386935428,-0.0011494248966911406,0.9994043097650106,1.737002324051291
CH01,2026-09-05,2026-09-06 01:00:00,,,night,,09-18 (calibration),ok,3/6,ok,0.3056848018262631,0.6200168153748644,dawn closure,1.76,PASS,0.0,0.9993508201448339,-0.0026777180842431627,10.016071818827102,0.0012611191894010177,1.0006262137319377,-2.3135171199600584,1.0006462223805324,0.002677771628233364,-10.016349358096187,-0.0012611444069001703,0.9993708032904968,2.324693175554224
CH01,2026-09-05,2026-09-06 02:00:00,,,night,,09-18 (calibration),ok,3/6,ok,0.3365459806131428,0.7048321737366952,dawn closure,1.76,PASS,0.0,0.9993455091223561,-0.002687528950571708,9.676227018772313,0.0013615485334561657,1.0007681899012686,-2.7590163894468356,1.000651258346737,0.00268721493485737,-9.675114672335974,-0.0013613894476776672,0.9992287437964046,2.7700615942973434
CH01,2026-09-05,2026-09-06 03:00:00,,,night,,09-18 (calibration),ok,3/6,ok,0.39794664623015213,0.8251711847646291,dawn closure,1.76,PASS,0.0,0.9993828125611837,-0.0027480503803917595,9.000889930056065,0.0015217092825760103,1.0011543861287828,-3.896018718871645,1.0006133865392184,0.002746565400504049,-8.995710284567178,-0.0015208869877244705,0.9988427702870804,3.905199466620638
CH01,2026-09-05,2026-09-06 04:00:00,,,night,,09-18 (calibration),ok,3/6,ok,0.5283320086171166,0.927883941403452,dawn closure,1.76,PASS,0.0,0.9993749292454464,-0.0027125711325131615,8.726489441332474,0.0014892369713752187,1.0012855797557851,-3.6843524717263167,1.0006214222057095,0.0027107718710095495,-8.721924836605966,-0.0014882491533157276,0.9987120390390611,3.6925943600988766
CH01,2026-09-05,2026-09-06 04:20:00,,,night,,09-18 (calibration),ok,3/6,ok,0.30191761825309293,0.6347744503242716,dawn closure,1.76,PASS,0.0,0.9993532992717257,-0.002776788466470405,9.584912331205784,0.0013805612991329552,1.000922371013294,-2.7299809148179612,1.0006432842828963,0.002776014215802665,-9.583499688832983,-0.0013801763578525454,0.9990746500448896,2.7406835964926017
CH01,2026-09-06,2026-09-06 21:00:00,,,night_ref,,09-18 (calibration),ok,3/6,ok,0.44970183934154123,1.6261915134449312,dawn closure,1.65,PASS,0.0,0.9996967940548238,-0.0029864332627220886,4.985743839813467,0.0023355562471736265,1.0001601161806324,-8.964501267543563,1.0002963198583892,0.0029868399607969037,-4.9604456841075315,-0.0023358743075974787,0.9998329346365057,8.97464968082044
CH01,2026-09-06,2026-09-06 22:00:00,,,night,,09-18 (calibration),ok,3/6,ok,0.25187361738719366,0.36461338027242296,dawn closure,1.65,PASS,0.0,0.9996683111790792,-0.003236522996025333,5.213241291566399,0.0025339891036734704,1.0002193151371406,-9.660574450913778,1.0003235939843862,0.003236860422909619,-5.183658333984768,-0.002534253287196689,0.9997725325808658,9.671588658856177
CH01,2026-09-06,2026-09-06 23:00:00,,,night,,09-18 (calibration),ok,3/6,ok,0.307691964222945,0.5615023816622102,dawn closure,1.65,PASS,0.0,0.9996731192929456,-0.0033061045619465373,5.451635629271366,0.0025929638074358346,0.99985221510249,-9.509701678574588,1.0003184081819916,0.003307646072825452,-5.4219167472500835,-0.002594172807890267,1.0001392288668791,9.525168188471637
CH01,2026-09-06,2026-09-07 00:00:00,,,night,,09-18 (calibration),ok,3/6,ok,0.32609267373821144,0.7084544660386795,dawn closure,1.65,PASS,0.0,0.9996747493758246,-0.0034768973904809857,5.4224711016504195,0.002680559650934404,0.9999263565193197,-9.882000720393055,1.0003160297501594,0.003478252344103934,-5.389812671667777,-0.0026816042702034414,1.000064324554875,9.89717729735191
CH01,2026-09-06,2026-09-07 01:00:00,,,night,,09-18 (calibration),ok,3/6,ok,0.3417387329924817,0.5930102452443374,dawn closure,1.65,PASS,0.0,0.9996452681360433,-0.0035710646723573353,5.697053937778031,0.002722419880599765,0.999731360903387,-9.84623229544572,1.0003451263852308,0.0035732570575470364,-5.663837022370092,-0.0027240912569465943,1.0002589807629192,9.864301575019727
CH01,2026-09-06,2026-09-07 02:00:00,,,night,,09-18 (calibration),ok,3/6,ok,0.47747648284421357,0.9645851545697041,dawn closure,1.65,PASS,0.0,0.9995657206650365,-0.003660578541048624,5.878085430171305,0.00272434105825749,0.9994041342944001,-9.425032854720758,1.0004244808321603,0.0036643158266094797,-5.8460442677103455,-0.002727122487582308,1.0005862321751917,9.446588371192984
CH01,2026-09-06,2026-09-07 03:00:00,,,night,,09-18 (calibration),ok,3/6,ok,0.6472917778737253,4.21858904331749,dawn closure,1.65,PASS,0.0,0.9995782565381117,-0.003784171186677922,5.63936515542374,0.0026715814104713497,0.9991965422322343,-9.146196586938608,1.0004117951166427,0.0037887736094799787,-5.6070345502,-0.002674830668127661,1.0007939736749387,9.168542773120949
CH01,2026-09-06,2026-09-07 04:00:00,,,night,,09-18 (calibration),ok,3/6,ok,1.0491285113038136,4.500639427573952,dawn closure,1.65,PASS,0.0,0.9994768140606352,-0.003724046967334573,6.019241922755648,0.002591340539946632,0.9987442612911078,-8.285953930278943,1.0005137873739338,0.0037306450510460614,-5.991422580233022,-0.002595931749981713,1.0012476380445183,8.311917342855589
CH01,2026-09-06,2026-09-07 04:20:00,,,night,,09-18 (calibration),ok,3/6,ok,0.56491907212904,1.2113520744117017,dawn closure,1.65,PASS,0.0,0.9994412922823643,-0.0036914063456977694,6.4348781984054035,0.002578983069407439,0.998776859034058,-8.175722081454012,1.0005494777444959,0.0036979578150245027,-6.408180545399388,-0.002583560221552469,1.0012150902219734,8.202281216756695
CH01,2026-09-07,2026-09-07 21:00:00,,,night_ref,,09-18 (calibration),night,3/6,ok,0.2943925158167719,0.40320959517569027,dawn closure,3.11,FAIL,0.0,0.9995375373593647,-0.005417510434818804,4.460133241061786,0.004196370280266549,1.0010972230428024,-15.488299334434364,1.0004399471460266,0.00541395353849807,-4.378242530965111,-0.004193615130241478,0.9988812854828165,15.489676431365059
CH01,2026-09-07,2026-09-07 22:00:00,,,night,,09-18 (calibration),night,3/6,ok,0.257115309614689,0.34056431112365887,dawn closure,3.11,FAIL,0.0,0.9995640332377086,-0.005501914153401499,4.03775925886302,0.0042452577561903565,1.0009856358529932,-15.422707588758094,1.0004128030534747,0.005498765579861263,-3.9546202045769467,-0.0042428283278368875,0.9989920139769431,15.424293234435423
CH01,2026-09-07,2026-09-07 23:00:00,,,night,,09-18 (calibration),night,3/6,ok,0.29508624971900177,0.44258054246332423,dawn closure,3.11,FAIL,0.0,0.9995437605733427,-0.005804134216514776,4.640289798801249,0.004329530583309542,1.000798738734796,-15.408969809615373,1.0004313162591953,0.005802003349158522,-4.5528883367963795,-0.004327941086057458,0.9991767988369149,15.4163680286176
CH01,2026-09-07,2026-09-08 00:00:00,,,night,,09-18 (calibration),night,3/6,ok,0.48751666321301085,0.6806961969686496,dawn closure,3.11,FAIL,0.0,0.9995220308601688,-0.005848203514574059,4.786155697929718,0.004270574662382848,1.0002909439130891,-14.691194720445594,1.00045320651745,0.005849152183297777,-4.702393781211204,-0.004271267415397412,0.9996841687349846,14.706997732710034
CH01,2026-09-07,2026-09-08 01:00:00,,,night,,09-18 (calibration),night,3/6,ok,0.5089674230168912,0.7472607017565003,dawn closure,3.11,FAIL,0.0,0.9994852936399496,-0.005869619825986626,4.866482700670586,0.004289874001572646,1.000146264351453,-14.562839445649674,1.000489769870047,0.005871635777926999,-4.783358468153197,-0.004291347381463305,0.9998285721446608,14.581226737110317
CH01,2026-09-07,2026-09-08 02:00:00,,,night,,09-18 (calibration),night,3/6,ok,0.458323176349805,0.7077742166257035,dawn closure,3.11,FAIL,0.0,0.9994785223391126,-0.005969823932235571,4.917836162075922,0.0043259135626074535,1.0001394629459188,-14.674124630239353,1.000495902116711,0.0059719515146088465,-4.832641766627216,-0.004327455272639205,0.9998347259576338,14.69298109437308
CH01,2026-09-07,2026-09-08 03:00:00,,,night,,09-18 (calibration),night,3/6,ok,0.758847793653988,1.1492389091694974,dawn closure,3.11,FAIL,0.0,0.9993454767079626,-0.00582713738293844,5.310827845969432,0.0041628760073389014,0.9993804013904416,-13.335296881642979,1.0006306480686349,0.005834427258891838,-5.236373289661671,-0.004168083856014605,1.0005956796946163,13.36537642302391
CH01,2026-09-07,2026-09-08 04:00:00,,,night,,09-18 (calibration),night,3/6,ok,0.8984278110534054,1.19545996600213,dawn closure,3.11,FAIL,0.0,0.9992774340014665,-0.005824112560275997,5.579540398965836,0.00410567946346433,0.9991824314375549,-12.849809525602497,1.0006991229249464,0.005832953170022378,-5.50848884636287,-0.004111911607761779,1.0007942696963374,12.882958316844874
CH01,2026-09-07,2026-09-08 04:20:00,,,night,,09-18 (calibration),night,3/6,ok,0.7947814185721667,1.124878194521639,dawn closure,3.11,FAIL,0.0,0.9993422318491979,-0.0060529106345019,5.418604704410605,0.004191488520463867,0.9996654076203579,-13.555595566486991,1.0006327891225273,0.0060587680681366595,-5.339903328964025,-0.004195544646073838,1.0003093006124641,13.582522318454803
CH01,2026-09-08,2026-09-08 21:00:00,,,night_ref,,09-18 (calibration),ok,3/6,ok,0.32883131065648363,0.5586494357042417,dawn closure,2.36,PASS,0.0,0.9994787935252195,-0.008901190079099883,-2.11761420026267,0.006680882293728752,0.999575945288584,-23.416069425287947,1.0004619267210646,0.008909079713873743,2.327208011942169,-0.006686803942496643,1.0003646888465259,23.41044893365382
CH01,2026-09-08,2026-09-08 22:00:00,,,night,,09-18 (calibration),ok,3/6,ok,0.28035909348848753,0.4112797264076369,dawn closure,2.36,PASS,0.0,0.999519739739276,-0.00913261104416189,-2.5812160844076706,0.00684264808436053,0.999806415042063,-24.168187538658774,1.0004179315113304,0.009138196867554193,2.803148511607131,-0.006846833286549706,1.000131080867931,24.153682369451158
CH01,2026-09-08,2026-09-08 23:00:00,,,night,,09-18 (calibration),ok,3/6,ok,0.355365146880514,0.49254049783198467,dawn closure,2.36,PASS,0.0,0.9994449784351853,-0.009085343223062033,-2.379496232760892,0.006676778574080829,0.9989788681347715,-22.62431371321908,1.0004945431858976,0.009099127726912275,2.5865345166189866,-0.006686908745027812,1.0009613606802032,22.630152364671943
CH01,2026-09-08,2026-09-09 00:00:00,,,night,,09-18 (calibration),ok,3/6,ok,0.3171851299177325,0.5777183259032519,dawn closure,2.36,PASS,0.0,0.9994446775893094,-0.009208356809917887,-2.3748144365879496,0.006761337916376312,0.9990696768206115,-22.859330800968078,1.0004932467944867,0.00922147775690233,2.586782616715097,-0.006770972116937385,1.0008687819001252,22.863110771483896
CH01,2026-09-08,2026-09-09 01:00:00,,,night,,09-18 (calibration),ok,3/6,ok,0.3025543457611419,0.4666309980386832,dawn closure,2.36,PASS,0.0,0.9994619516544654,-0.009301593653367895,-2.701454913667744,0.006813883866821111,0.9993759854661376,-23.17927651034018,1.0004748541713426,0.00931182126572087,2.9185789907352033,-0.006821376105829296,1.0005609148842092,23.173850471540966
CH01,2026-09-08,2026-09-09 02:00:00,,,night,,09-18 (calibration),ok,3/6,ok,0.3075107197961787,0.44692778470779637,dawn closure,2.36,PASS,0.0,0.9994242873840108,-0.008820604397310824,-2.305570778816116,0.006502033314902012,0.9993515736412228,-22.037144610820857,1.000518592338367,0.008830904886671409,2.501374358189555,-0.006509626232798062,1.0005913909945126,22.03516877566511
CH01,2026-09-08,2026-09-09 03:00:00,,,night,,09-18 (calibration),ok,3/6,ok,0.31264473034868107,0.5037884055342099,dawn closure,2.36,PASS,0.0,0.9994070100789951,-0.008328071639772212,-2.0179777791869853,0.006072545453906477,0.9991808772096646,-20.394590785238524,1.0005426701995257,0.00833942204672733,2.189151975619455,-0.006080821783066053,1.0007691112674648,20.39800553156936
CH01,2026-09-08,2026-09-09 04:00:00,,,night,,09-18 (calibration),ok,3/6,ok,0.34478786257112026,0.5277434721371705,dawn closure,2.36,PASS,0.0,0.9994496135767732,-0.008148988812773206,-2.168869102963488,0.0058967276471806225,0.9992881888715323,-19.810578351752415,1.0005025522589364,0.00815889169541387,2.331591436225978,-0.005903893518087508,1.0006641731320636,19.810931233385723
CH01,2026-09-08,2026-09-09 04:20:00,,,night,,09-18 (calibration),ok,3/6,ok,0.31957023291591746,0.5620187861567912,dawn closure,2.36,PASS,0.0,0.9994561848921794,-0.008227692716047773,-2.22555059759216,0.005950378027966773,0.9994830981847163,-20.145203164281504,1.0004950768861958,0.008236023271918183,2.3925687783306295,-0.0059564027980113995,1.0004681363438945,20.141377590231233
CH01,2026-09-09,2026-09-09 21:00:00,,,night_ref,,09-18 (calibration),ok,3/6,ok,0.4206924832519059,0.9390392434096384,dawn closure,2.54,PASS,7.199999999999999,0.998800108197682,-0.002776413058396818,5.86573144106627,0.0027027955429471603,1.0032756938537561,-8.497211754895,1.001193835770649,0.002770651832441601,-5.84919134576229,-0.0026971870778138554,0.9967275372270122,8.485225920797681
CH01,2026-09-09,2026-09-09 22:00:00,,,night,,09-18 (calibration),ok,3/6,ok,0.49845200447633675,1.3669716394891935,dawn closure,2.54,PASS,7.199999999999999,0.9987757469338593,-0.0017254435262514748,8.588659060833749,0.0016266188185137702,1.0030881344248193,-4.283643561960507,1.0012229488448898,0.0017222351617282596,-8.591785109948628,-0.0016235942129380367,0.9969185799942539,4.2843883541392636
CH01,2026-09-09,2026-09-09 23:00:00,,,night,,09-18 (calibration),ok,3/6,ok,0.5859608056818679,1.6500474724495184,dawn closure,2.54,PASS,7.199999999999999,0.9987777725421192,-0.0011266817646985896,9.929541933261488,0.0012127693464754638,1.0036280117638208,-3.149569815707425,1.0012223583278996,0.0011239811566778216,-9.938139334411343,-0.0012098623902016934,0.9963837449222493,3.1501935472056264
CH01,2026-09-09,2026-09-10 00:00:00,,,night,,09-18 (calibration),ok,3/6,ok,0.7250244314023386,1.3246623856943456,dawn closure,2.54,PASS,7.199999999999999,0.9986991299553348,-0.0007631714076196143,11.057009810842956,0.0008356914946615747,1.003203958608881,-1.1396310339896178,1.001301927115992,0.0007617244675040889,-11.070537146894965,-0.0008341070595847933,0.9968056394235291,1.145213371484041
CH01,2026-09-09,2026-09-10 01:00:00,,,night,,09-18 (calibration),ok,3/6,ok,0.7171791052472977,2.033522530637954,dawn closure,2.54,PASS,7.199999999999999,0.9987170666236421,-0.000549964444108755,11.374907797117633,0.0006813699333320764,1.003435295551032,-0.7706420094640105,1.001284207002463,0.0005487854720085233,-11.389092616224149,-0.0006799092641016553,0.9965760926567111,0.7757373078183222
CH01,2026-09-09,2026-09-10 02:00:00,,,night,,09-18 (calibration),ok,3/6,ok,0.7245391969743604,1.7353798455937637,dawn closure,2.54,PASS,7.199999999999999,0.9986921204184348,-0.0005863216700475707,11.941445135751863,0.0007899599396877326,1.0038732749506858,-1.572715486132024,1.001309129778095,0.0005848240568354731,-11.956158275321714,-0.000787942183048091,0.9961412092194081,1.576055874462657
CH01,2026-09-09,2026-09-10 03:00:00,,,night,,09-18 (calibration),ok,3/6,ok,0.7447040885295035,2.226514530307448,dawn closure,2.54,PASS,7.199999999999999,0.9986465258121133,-0.0006484464626301339,13.005149351271454,0.0008236266821224668,1.0032059906374386,-0.8548217467129637,1.001354774748264,0.0006472498844536646,-13.02221511593317,-0.0008221068439088568,0.9968037235028112,0.8627811223423962
CH01,2026-09-09,2026-09-10 04:00:00,,,night,,09-18 (calibration),ok,3/6,ok,0.9313424030451947,1.6977798608928871,dawn closure,2.54,PASS,7.199999999999999,0.9985794811452964,-0.0008713502136986147,13.401439092096059,0.0008173511734556609,1.0030125528269789,-0.32956849681794864,1.0014218275178917,0.0008699682979547865,-13.420206912832315,-0.0008160548973578559,0.9969957864554185,0.3395147126786888
CH01,2026-09-09,2026-09-10 04:20:00,,,night,,09-18 (calibration),ok,3/6,ok,0.9139078900999573,1.9459297493739334,dawn closure,2.54,PASS,7.199999999999999,0.9985237398308592,-0.0006821949528589212,13.512394126368374,0.0008850806714388866,1.002767850179456,-0.49012475515475096,1.0014778388229204,0.0006813173427157543,-13.53202933650314,-0.0008839420588303931,0.9972391883128567,0.5007157864863513
CH01,2026-09-10,2026-09-10 21:00:00,,,night_ref,,09-18 (calibration),night,3/6,ok,0.2430832152248286,0.477712431364168,dawn closure,3.24,FAIL,0.0,0.9990077210831756,-0.0009866034527627077,10.019823798675379,0.0009416161160292381,1.00145670895693,-3.079247591004923,1.0009923350190075,0.0009861459662568713,-10.026730233124114,-0.0009411794900823543,0.9985444827371692,3.0841961456332374
CH01,2026-09-10,2026-09-10 22:00:00,,,night,,09-18 (calibration),night,3/6,ok,0.2911547673797958,0.49482894382450027,dawn closure,3.24,FAIL,0.0,0.9990516837723892,-0.001131230486960289,9.695044654540357,0.0010705774021320105,1.001850403525241,-3.951873194245877,1.000948005257433,0.001130211551969264,-9.699769155107855,-0.001069613099288154,0.9981518063997651,3.9549393142600113
CH01,2026-09-10,2026-09-10 23:00:00,,,night,,09-18 (calibration),night,3/6,ok,0.346979207498713,0.507117626543102,dawn closure,3.24,FAIL,0.0,0.9989669122820647,-0.001039003660892249,9.93417627262976,0.0008797677329620201,1.0007648073238504,-2.1617843858304377,1.0010332408192575,0.0010392823511323462,-9.942193964701191,-0.000880003711611526,0.9992348635310467,2.1688724377505424
CH01,2026-09-10,2026-09-11 01:00:00,,,night,,09-18 (calibration),night,3/6,ok,0.3820443647519611,0.6346455796766876,dawn closure,3.24,FAIL,0.0,0.9988967495311109,-0.001129037996374604,10.080478241589786,0.0008718469224024561,1.0003666378853546,-1.3841048968455416,1.001103482813472,0.001129869617392113,-10.090038018010729,-0.0008724891029376094,0.999632511776402,1.3923913620139132
CH01,2026-09-10,2026-09-11 02:00:00,,,night,,09-18 (calibration),night,3/6,ok,0.38698188113407983,0.6306610678830996,dawn closure,3.24,FAIL,0.0,0.9989590635471511,-0.0013481668145578058,9.91995589388151,0.0010453182659160803,1.0007038969312376,-2.187948719010601,1.0010406099240718,0.001348620440534842,-9.927327986065736,-0.0010456699905799494,0.9992951894451686,2.1967796298461213
CH01,2026-09-10,2026-09-11 03:00:00,,,night,,09-18 (calibration),night,3/6,ok,0.4286010919610016,0.7556548542108256,dawn closure,3.24,FAIL,0.0,0.9989370749343341,-0.00135594320959652,10.291844296122996,0.000997714314839817,1.0003633895531978,-1.5069334512439827,1.001062700847368,0.001356891091546846,-10.300736703201919,-0.0009984117742790658,0.9996353891529094,1.5166595054861116
CH01,2026-09-10,2026-09-11 04:00:00,,,night,,09-18 (calibration),night,3/6,ok,0.5349687780033896,0.7084804762496646,dawn closure,3.24,FAIL,0.0,0.9989376097483966,-0.0016336061782801705,10.578679282504083,0.0011585046781533567,1.0004715594432856,-2.1260105000921694,1.0010616244544794,0.0016345696577901823,-10.58643475487089,-0.001159187949026407,0.999526770056168,2.1372670858035185
CH01,2026-09-10,2026-09-11 04:20:00,,,night,,09-18 (calibration),night,3/6,ok,0.571271927674159,0.9272617245726447,dawn closure,3.24,FAIL,0.0,0.9988611381470205,-0.0015917706324017605,11.006719423016392,0.0011101600825825621,1.000014769886562,-1.462826343994357,1.0011383892152728,0.0015935591502349957,-11.01691825339741,-0.0011114074614856702,0.9999834612519556,1.4750351007712403
CH01,2026-09-11,2026-09-11 21:00:00,,,night_ref,,09-18 (calibration),ok,3/6,ok,0.3369767352239829,0.6443196348368494,dawn closure,1.58,PASS,0.0,0.9994269585464435,-0.003639353449110389,4.676653185745119,0.0031239677215511323,0.9996908508079221,-11.194523190502858,1.0005619843640168,0.003642524792440627,-4.638505063450479,-0.003126689956238186,1.0002978621460432,11.21248005974899
CH01,2026-09-11,2026-09-11 22:00:00,,,night,,09-18 (calibration),ok,3/6,ok,0.28593172861206434,0.4442155351876282,dawn closure,1.58,PASS,0.0,0.9993280449833705,-0.003803721426379021,4.500070952510084,0.003160325484131325,0.9990784547162664,-10.648803697900833,1.0006603587166187,0.003809744098684895,-4.462473396542847,-0.0031653294270170542,1.0009103441757523,10.67274198133559
CH01,2026-09-11,2026-09-11 23:00:00,,,night,,09-18 (calibration),ok,3/6,ok,0.27240547429802064,0.4204270552612685,dawn closure,1.58,PASS,0.0,0.9993050869338035,-0.004009934490171767,4.579225592279329,0.0033519804060369945,0.9991933949880635,-11.300300993585742,1.000681925699612,0.0040159082192515,-4.536967312254869,-0.0033569739596412537,1.0007937840364554,11.324643333190195
CH01,2026-09-11,2026-09-12 00:00:00,,,night,,09-18 (calibration),ok,3/6,ok,0.33550250176920526,0.3763539553633907,dawn closure,1.58,PASS,0.0,0.999307484035989,-0.004228416059454673,4.577303983728475,0.003448743179100444,0.9991281012105487,-11.539100121495373,1.0006783804052104,0.0042349770053788285,-4.531541313382431,-0.003454094359586523,1.0008580415667938,11.56481158891532
CH01,2026-09-11,2026-09-12 01:00:00,,,night,,09-18 (calibration),ok,3/6,ok,0.6400548342324188,0.7453070816178251,dawn closure,1.58,PASS,0.0,0.9991842351962826,-0.004253304002451103,4.987102176722558,0.003359244461603999,0.9983895851064915,-10.432134705119708,1.0008020967127755,0.004263581699077789,-4.946624056373721,-0.003367361750058186,1.0015986669974417,10.465605591699177
CH01,2026-09-11,2026-09-12 02:00:00,,,night,,09-18 (calibration),ok,3/6,ok,0.4303821121799626,0.7124984223053278,dawn closure,1.58,PASS,0.0,0.9992457430026019,-0.004350354505053203,4.838630291871338,0.003473193575909894,0.99873206925731,-11.175555004379575,1.0007396749063766,0.004359099389240492,-4.793493950285454,-0.0034801752312085803,1.0012543812152004,11.206412691941255
CH01,2026-09-11,2026-09-12 03:00:00,,,night,,09-18 (calibration),ok,3/6,ok,0.40677443719723366,0.5263063210067284,dawn closure,1.58,PASS,0.0,0.9992320992306061,-0.004349093133011061,4.532253061126373,0.0035447000401123375,0.9988375563145752,-11.390540012273695,1.0007530332297874,0.0043574334156183045,-4.486032478615789,-0.0035514977331458667,1.0011483327631912,11.419716429032862
CH01,2026-09-11,2026-09-12 04:00:00,,,night,,09-18 (calibration),ok,3/6,ok,0.6070950962333583,0.9473584575267247,dawn closure,1.58,PASS,0.0,0.9991216174928051,-0.004364239765410918,4.958222711775948,0.0033839951594168004,0.998265356548588,-10.262928759513903,1.0008643347075636,0.004375602038734769,-4.917601783750047,-0.003392805371502905,1.0017228249222627,10.297432273605821
CH01,2026-09-11,2026-09-12 04:20:00,,,night,,09-18 (calibration),ok,3/6,ok,0.7336817928112932,1.1374105233460499,dawn closure,1.58,PASS,0.0,0.999117720380068,-0.004088425141446184,5.688180690631954,0.003055565954056934,0.9978606527828997,-8.642353218420968,1.00087051752593,0.004100757130540492,-5.657692160028716,-0.003064782511709018,1.002131376838334,8.678206366603503
CH01,2026-09-16,2026-09-16 21:00:00,,,night_ref,,09-18 (calibration),ok,3/6,ok,0.2817532398309216,0.3277888239504646,dawn closure,1.85,PASS,0.0,0.9991119048862237,-0.003239540346258086,4.397300228994769,0.0023141733491804936,1.002499683212887,-7.091372533534823,1.0008813931186056,0.0032343109021593375,-4.378240275660563,-0.0023104376833542194,0.9974990835299373,7.083797291324448
CH01,2026-09-16,2026-09-16 22:00:00,,,night,,09-18 (calibration),ok,3/6,ok,0.2648733235322524,0.4106361504625341,dawn closure,1.85,PASS,0.0,0.9990872311789405,-0.0033267380721810442,5.052264554583187,0.002327046644654885,1.002320637445923,-6.843157768826927,1.000905865118894,0.003322042392188074,-5.034107964610134,-0.0023237620258676744,0.9976770227943642,6.83900152983195
CH01,2026-09-16,2026-09-16 23:00:00,,,night,,09-18 (calibration),ok,3/6,ok,0.3334175667648825,0.6062196112439997,dawn closure,1.85,PASS,0.0,0.9990702001898973,-0.0034682507456907418,5.307253019199171,0.0023747333292892013,1.0018298871770208,-6.6333013838113954,1.000922428773892,0.003465109201079607,-5.289163468435827,-0.0023725822937267407,0.9981652415136967,6.633722772346919
CH01,2026-09-16,2026-09-17 00:00:00,,,night,,09-18 (calibration),ok,3/6,ok,0.2953485130261979,0.47915252168540357,dawn closure,1.85,PASS,0.0,0.9991023212391046,-0.0035229208232425194,4.9660514937811655,0.0024761070386669602,1.0020894232998017,-7.404915530186263,1.0008897647977657,0.0035187033334463636,-4.944414410624269,-0.0024731427494610065,0.9979062387676106,7.401693159365336
CH01,2026-09-16,2026-09-17 01:00:00,,,night,,09-18 (calibration),ok,3/6,ok,0.366069634357823,0.6629838533515037,dawn closure,1.85,PASS,0.0,0.9990681432011687,-0.003597613807444262,5.305359161222729,0.00234884728856552,1.001749056859725,-6.457751785418843,1.000924274802595,0.00359465174095012,-5.287049402316084,-0.0023469133839760614,0.9982455684528126,6.458873320384872
CH01,2026-09-16,2026-09-17 02:00:00,,,night,,09-18 (calibration),ok,3/6,ok,0.4906854073184396,0.9022883940919844,dawn closure,1.85,PASS,0.0,0.99899679921243,-0.003562633518807563,5.755244727876795,0.002280317219688514,1.0012780134350447,-5.751511233954923,1.0009960784071503,0.003561630369665142,-5.740492645795775,-0.002279675138977349,0.9987155065178206,5.757243543587098
CH01,2026-09-16,2026-09-17 03:00:00,,,night,,09-18 (calibration),ok,3/6,ok,0.3628842026139476,0.7874424300794,dawn closure,1.85,PASS,0.0,0.9990332546851693,-0.003608192324961698,5.795454933623659,0.0024212289496269054,1.0015562571676784,-6.642828039530295,1.0009589413173414,0.0036060404433760755,-5.777058128243361,-0.002419784958419665,0.9984374435225246,6.6464720002239535
CH01,2026-09-16,2026-09-17 04:00:00,,,night,,09-18 (calibration),ok,3/6,ok,0.3257015107305218,0.5496395780804431,dawn closure,1.85,PASS,0.0,0.9990659783000432,-0.0035624812750049517,5.4466924031590995,0.002470274328858667,1.0017955691685823,-7.082618186611775,1.0009260940237634,0.0035593893378694443,-5.426526756785317,-0.0024681303364155693,0.9981988722128333,7.083304632943338
CH01,2026-09-16,2026-09-17 04:20:00,,,night,,09-18 (calibration),ok,3/6,ok,0.2826609864604997,0.47263615060420694,dawn closure,1.85,PASS,0.0,0.9990598277975383,-0.003527364274875531,5.447199380879955,0.0024982595223212753,1.0018312467268318,-7.255505369107848,1.0009322443090307,0.0035241989623321875,-5.42670765700993,-0.0024960176863252437,0.9981633123378216,7.255775577909154
CH02,2026-08-30,2026-08-30 21:00:00,,,night_ref,,09-18 (calibration),ok,3/6,ok,0.3506133263545602,0.8784617608891752,dawn closure,2.86,PASS,0.0,0.9999973972394904,0.005271894269690494,12.292953780264193,-0.002271500203612804,1.0055502121146194,5.340940671062656,0.9999906938357472,-0.005242746851487488,-12.264838180129967,0.002258941460399086,0.9944685795416787,-5.339166745533069
CH02,2026-08-30,2026-08-30 22:00:00,,,night,,09-18 (calibration),ok,3/6,ok,0.28206330521362766,0.37112672841848604,dawn closure,2.86,PASS,0.0,0.9999575088029755,0.005364350137883054,12.820446603409213,-0.0023027521814654125,1.005513116563903,5.452419025317992,1.00003020706934,-0.005335099155654529,-12.791744675390483,0.002290195625423132,0.9945048931892565,-5.451818731124038
CH02,2026-08-30,2026-08-30 23:00:00,,,night,,09-18 (calibration),ok,3/6,ok,0.24989467831254542,0.3776785500295076,dawn closure,2.86,PASS,0.0,0.9999637663885805,0.0054171131618334575,12.736181150708653,-0.0023096134933833588,1.005551278967022,5.351299085023994,1.0000237918108505,-0.005387335442833069,-12.7076549242956,0.0022969176128376035,0.9944669936322197,-5.3509442719160125
CH02,2026-08-30,2026-08-31 00:00:00,,,night,,09-18 (calibration),ok,3/6,ok,0.3729651169965505,0.6690474929895858,dawn closure,2.86,PASS,0.0,0.9998014763473917,0.005750641732443649,13.677772507698775,-0.0024215271929104807,1.005136161283239,6.3777840381690565,1.000184703583683,-0.0057223131732093025,-13.64380316368025,0.002409598371795625,0.9948762981389313,-6.378064112587538
CH02,2026-08-30,2026-08-31 01:00:00,,,night,,09-18 (calibration),ok,3/6,ok,0.4391768820160936,0.8931996178437415,dawn closure,2.86,PASS,0.0,0.9997229972195535,0.005729417197494006,14.776757637308563,-0.0024137981305248617,1.0049038399519483,6.628901964000447,1.0002633099252662,-0.0057029594097104215,-14.742844145426076,0.002402651489167033,0.9951063917270483,-6.631966113251168
CH02,2026-08-30,2026-08-31 02:00:00,,,night,,09-18 (calibration),ok,3/6,ok,0.481366262495441,1.1001193142014596,dawn closure,2.86,PASS,0.0,0.9995446776614018,0.005853494557154741,16.02494627841175,-0.002411158832188987,1.0046557388916626,6.8907362457776475,1.000441468847455,-0.0058289406668904364,-15.991855100247982,0.002401044646757139,0.9953518471923671,-6.89718366222653
CH02,2026-08-30,2026-08-31 03:00:00,,,night,,09-18 (calibration),ok,3/6,ok,0.6077934649925477,1.4320609742737958,dawn closure,2.86,PASS,0.0,0.9994490665120372,0.006094471732304389,16.46907561931296,-0.0024918962149830834,1.0045157743111863,7.496372374732301,1.0005361022203358,-0.006070326766459367,-16.432399297441666,0.0024820238664608673,0.9954894676108135,-7.503436383080352
CH02,2026-08-30,2026-08-31 04:00:00,,,night,,09-18 (calibration),ok,3/6,ok,0.5874323530061076,1.1463972083644443,dawn closure,2.86,PASS,0.0,0.9993601595031313,0.006201998991439864,17.224166794099048,-0.0025229621837903954,1.004378963685933,7.659245595552683,1.0006246512542583,-0.006178816265838616,-17.187600820220684,0.002513531492155349,0.9956246070809918,-7.669026872272061
CH02,2026-08-30,2026-08-31 04:20:00,,,night,,09-18 (calibration),ok,3/6,ok,0.6041221120341509,1.4660710771527354,dawn closure,2.86,PASS,0.0,0.9992783780591069,0.006225413827743945,17.407500314519186,-0.002562182616745365,1.0042518550810535,7.930406431570889,1.000706237245547,-0.0062034343430266625,-17.370598383981406,0.00255313655888867,0.9957503196124573,-7.941148464345265
CH02,2026-08-31,2026-08-31 21:00:00,,,night_ref,,09-18 (calibration),ok,3/6,ok,2.3113817997369654,4.662247195542157,dawn closure,1.83,PASS,2.5,1.0000200754725044,0.004104579615211055,20.818376476474807,-0.0013405881713668619,1.004500927878168,1.9287711903009388,0.9999744472851846,-0.004086083564630143,-20.80996339017716,0.0013345472149352004,0.9955137864899927,-1.9479014172754499
CH02,2026-08-31,2026-08-31 22:00:00,,,night,,09-18 (calibration),ok,3/6,ok,0.297751079277997,0.4443411170336546,dawn closure,1.83,PASS,2.5,1.0001443498929226,0.0039899699030364125,20.488040855088467,-0.0012652244103125965,1.004717954465112,1.277840411551113,0.9998506479145085,-0.003970640690734141,-20.479907078324754,0.0012590950930918483,0.9952991999439754,-1.2976299309806105
CH02,2026-08-31,2026-08-31 23:00:00,,,night,,09-18 (calibration),ok,3/6,ok,0.30959913817815476,0.6600285541179616,dawn closure,1.83,PASS,2.5,1.0002110307664855,0.004093889530846101,20.478910850342718,-0.001293279823535794,1.0047849393413941,1.2102811246129739,0.9997837466778298,-0.004073512702446851,-20.46955212230226,0.0012868426832959707,0.9952326041666956,-1.230864372012001
CH02,2026-08-31,2026-09-01 00:00:00,,,night,,09-18 (calibration),ok,3/6,ok,0.34938893077739946,0.6483549580487681,dawn closure,1.83,PASS,2.5,1.0002411239449753,0.0041037558739645845,20.647377959479126,-0.001274683381276916,1.0048968995489103,1.0857986347434705,0.9997537312196668,-0.004082752418534086,-20.637860107889924,0.0012681594172768884,0.9951217843663679,-1.1066860416698772
CH02,2026-08-31,2026-09-01 01:00:00,,,night,,09-18 (calibration),ok,3/6,ok,0.5273524485878991,1.0200796245496149,dawn closure,1.83,PASS,2.5,1.000252552349911,0.003945384280888821,21.377083004923456,-0.001274091405302469,1.0052157612333648,0.719307778409608,0.9997425132688239,-0.003923902259498496,-21.368756196281463,0.001267154170074328,0.9948063283079613,-0.7426599898367326
CH02,2026-08-31,2026-09-01 02:00:00,,,night,,09-18 (calibration),ok,3/6,ok,0.4203524554973725,1.124522886924594,dawn closure,1.83,PASS,2.5,1.000312952125977,0.004152905181173316,21.172105935464796,-0.00136571823182363,1.0051249475385604,0.9822208622651478,0.9996815065650361,-0.004130414351274287,-21.16130577957437,0.0013583219308964632,0.9948955714080034,-1.005965721827551
CH02,2026-08-31,2026-09-01 03:00:00,,,night,,09-18 (calibration),ok,3/6,ok,0.38205440719584016,0.8745909206201503,dawn closure,1.83,PASS,2.5,1.0002463784695506,0.004131924714849846,21.728248263573132,-0.00148406369559313,1.0048642234854093,2.03224816468985,0.9997475829046883,-0.004110885480714159,-21.714409342786798,0.0014765070323626405,0.9951532513672194,-2.0544802800382556
CH02,2026-08-31,2026-09-01 04:00:00,,,night,,09-18 (calibration),ok,3/6,ok,0.5593901911284717,1.617884078782955,dawn closure,1.83,PASS,2.5,1.0001941686938531,0.004269318477206461,22.152008973073002,-0.0014390454400064442,1.0049080429400004,1.8993080953849044,0.9997997576743628,-0.004247616096750213,-22.139505671640052,0.0014317302884665466,0.9951098456350312,-1.9217358878089688
CH02,2026-09-01,2026-09-01 21:00:00,,,night_ref,,09-18 (calibration),ok,3/6,ok,2.1109974614129117,4.259840168467166,dawn closure,2.24,PASS,0.0,1.0010480398573078,0.00403462953655031,13.412899866899737,-0.0021196014107834793,1.0031064094414768,5.53108874733235,0.9989445499711297,-0.004017889975335281,-13.376519915317388,0.002110807245855611,0.9968947205028116,-5.542225217075117
CH02,2026-09-01,2026-09-01 22:00:00,,,night,,09-18 (calibration),ok,3/6,ok,0.24485747090466292,0.33014607338814445,dawn closure,2.24,PASS,0.0,1.001029547293736,0.003994677805903197,13.933604823060573,-0.002095807390799476,1.003049437523914,5.378774993811992,0.9989631821903963,-0.003978404157886054,-13.897759272628328,0.002087269422671184,0.9969515206545552,-5.391461096634318
CH02,2026-09-01,2026-09-01 23:00:00,,,night,,09-18 (calibration),ok,3/6,ok,0.27595156432101264,0.35307073168045383,dawn closure,2.24,PASS,0.0,1.0009229335394454,0.004038733133797533,14.45888073883642,-0.0021074569362604426,1.0029333204278583,5.567044008051007,0.9990694466343154,-0.00402317361972322,-14.423028794107834,0.0020993378046480207,0.997066804908073,-5.5810688568379865
CH02,2026-09-01,2026-09-02 00:00:00,,,night,,09-18 (calibration),ok,3/6,ok,0.3587850351296201,1.5960027478760064,dawn closure,2.24,PASS,0.0,1.0009407596000828,0.004052566259994587,14.582978561515626,-0.002129744642224395,1.003266080430119,5.249042772362903,0.9990515380003769,-0.004035542149656115,-14.547964427155492,0.002120797963637073,0.9967359854297209,-5.262837371510917
CH02,2026-09-01,2026-09-02 01:00:00,,,night,,09-18 (calibration),ok,3/6,ok,0.35327252303681167,0.6665469769426511,dawn closure,2.24,PASS,0.0,1.0008544712619405,0.004240912566502912,15.318978207581733,-0.0023048204109669445,1.0029625277072496,6.4176554674975135,0.999136529294037,-0.004224734768926461,-15.278637826465673,0.0022960282188446146,0.9970365144458881,-6.433809644476791
CH02,2026-09-01,2026-09-02 02:00:00,,,night,,09-18 (calibration),ok,3/6,ok,0.3927028814995025,1.524058625655918,dawn closure,2.24,PASS,0.0,1.000799178898068,0.0043865029483586985,16.392980626491273,-0.0022848308328931905,1.0030607710280661,6.312088850744342,0.9991914834953569,-0.004369582098036857,-16.35214544065103,0.0022760171421264764,0.9969386154132781,-6.330075824143096
CH02,2026-09-01,2026-09-02 03:00:00,,,night,,09-18 (calibration),ok,3/6,ok,0.4210447409578669,0.5408033708782002,dawn closure,2.24,PASS,0.0,1.0007063802457978,0.004565603260224791,16.570467003009803,-0.002431098154990562,1.0027762973661374,7.1550834728869015,0.999283065418501,-0.0045496987048311895,-16.526033588174204,0.0024226292773703406,0.9972203589797788,-7.175339007863749
CH02,2026-09-01,2026-09-02 04:00:00,,,night,,09-18 (calibration),ok,3/6,ok,0.4073358047555109,0.5687569021495293,dawn closure,2.24,PASS,0.0,1.0006716346419944,0.0045975720429587055,16.93616708681415,-0.0023724118379733444,1.0024768616530462,7.089919503254146,0.9993179504819191,-0.004583084604652533,-16.89212208129086,0.0023649361160448298,0.9975184119331049,-7.1123781968305995
CH02,2026-09-01,2026-09-02 04:20:00,,,night,,09-18 (calibration),ok,3/6,ok,0.3858254543025701,0.7103592926229254,dawn closure,2.24,PASS,0.0,1.000604467142498,0.0047188033018181735,17.694588062237422,-0.002307360656837199,1.0024485257410878,7.032417313581887,0.9993850498671617,-0.004704382671034926,-17.65062359081253,0.002300309378369368,0.9975466266991021,-7.055867195569921
CH02,2026-09-02,2026-09-02 21:00:00,,,night_ref,,09-18 (calibration),night,3/6,ok,1.738969649247342,3.643738892883353,dawn closure,2.72,FAIL,0.25,0.9998872666740002,0.0015400536328751472,9.120645081574876,-0.00037919660326410864,1.0019778960741554,0.33697911783245504,1.0001121630748155,-0.0015371859759189747,-9.121150081597419,0.0003784905202070678,0.9980254265312558,-0.33976580550841157
CH02,2026-09-02,2026-09-02 22:00:00,,,night,,09-18 (calibration),night,3/6,ok,1.0928719325480425,4.738536061404745,dawn closure,2.72,FAIL,0.25,0.9990992033903429,0.002231566716709316,15.735587704344741,-0.0008080157964803179,1.0014693071545517,3.173179679611916,1.0008998050352103,-0.002230297699311041,-15.742669530054165,0.0008075563049060186,0.9985310490697877,-3.181225807431865
CH02,2026-09-02,2026-09-02 23:00:00,,,night,,09-18 (calibration),night,3/6,ok,1.1814330011405632,5.037212533517322,dawn closure,2.72,FAIL,0.25,0.9992588406080324,0.002374169395402706,17.01788129037457,-0.0008753190751087979,1.0019308004759755,2.4795449690074056,1.0007396318919952,-0.002371346809256529,-17.024588397060455,0.0008742784318001651,0.9980708486452825,-2.489639918038472
CH02,2026-09-02,2026-09-03 00:00:00,,,night,,09-18 (calibration),sample,3/6,unreliable,1.436096699735201,6.389840951881506,dawn closure,2.72,FAIL,0.25,0.9992125179347873,0.0025009977551173406,18.474425304603486,-0.000929613033923088,1.0020733376129953,2.3690188033745696,1.0007857788792052,-0.0024977842363239342,-18.483024819990675,0.0009284185790504298,0.9979286350530773,-2.3812637005567323
CH02,2026-09-02,2026-09-03 01:00:00,,,night,,09-18 (calibration),night,3/6,ok,1.3887888134437512,5.682130683118769,dawn closure,2.72,FAIL,0.25,0.9993149882707938,0.002405888125867225,18.91815151226696,-0.0009694016778973245,1.0027008721119084,1.5695157048802473,1.0006831521176296,-0.002401046793112287,-18.927307006884263,0.0009674509653743951,0.997304081640016,-1.5835868026188193
CH02,2026-09-02,2026-09-03 02:00:00,,,night,,09-18 (calibration),night,3/6,ok,1.4479614375983347,5.323100926447677,dawn closure,2.72,FAIL,0.25,0.999324329095742,0.002238017317803587,19.452017524066534,-0.0010113771691237835,1.0028666288516295,1.3555876429340523,1.0006738676865108,-0.002233123907932165,-19.46209841493871,0.0010091657997193775,0.9971393131453075,-1.371340042004357
CH02,2026-09-02,2026-09-03 03:00:00,,,night,,09-18 (calibration),night,3/6,ok,1.5137377305028579,4.214311366477347,dawn closure,2.72,FAIL,0.25,0.9994167584246484,0.0020668779833578114,19.884554294777637,-0.0009801068802553156,1.0032252562939994,0.7157798155005821,1.0005815603424695,-0.0020614313531791668,-19.894642832029515,0.0009775241057735711,0.9967830986143893,-0.7329148535760146
CH02,2026-09-02,2026-09-03 04:00:00,,,night,,09-18 (calibration),night,3/6,ok,1.542806399113084,4.571291154953415,dawn closure,2.72,FAIL,0.25,0.9992578919340508,0.0025679558720875847,20.222565170837953,-0.001091028666883673,1.0027544121250183,1.53382647665678,1.0007398610380127,-0.0025627968039937995,-20.23359617330427,0.0010888367712806742,0.9972503654170359,-1.5516280868999268
CH02,2026-09-02,2026-09-03 04:20:00,,,night,,09-18 (calibration),night,3/6,ok,1.5673164816404153,4.735334194613334,dawn closure,2.72,FAIL,0.25,0.9993573268674479,0.0022928464797428998,20.288612756649627,-0.0010591010236127036,1.0031405820487438,0.9393775697269746,1.0006406625648046,-0.0022871324933974525,-20.29946243037134,0.001056461645511798,0.9968668356067406,-0.9578684865917213
CH02,2026-09-03,2026-09-03 21:00:00,,,night_ref,,09-18 (calibration),ok,3/6,ok,1.6256892650580594,4.404045002451314,dawn closure,1.52,PASS,18.4,1.0008594548737326,-0.00047266542207168906,-0.13791095016562727,0.0004296068461765847,1.0012835635681823,-2.9720946191650333,0.9991410807028377,0.0004716540426736086,0.13919429623157767,-0.00042868760077971826,0.9987178794891896,2.968224914979385
CH02,2026-09-03,2026-09-03 22:00:00,,,night,,09-18 (calibration),ok,3/6,ok,0.6191239537705825,0.9527296744999194,dawn closure,1.52,PASS,18.4,1.0006454289241908,0.000698495171168782,5.509809319872918,-0.0001424997092602865,1.0010424355933716,-0.9484204080066672,0.9993548880821372,-0.0006973176548659727,-5.5069162265102545,0.0001422594846492576,0.9989585506829021,0.9466488535860661
CH02,2026-09-03,2026-09-03 23:00:00,,,night,,09-18 (calibration),ok,3/6,ok,0.8950463943826362,1.5158430260866158,dawn closure,1.52,PASS,18.4,1.0006902748354873,0.001320808536023667,8.170123032701065,-0.0006289731728410094,1.0013431384530014,0.05259593160123721,0.9993093728212301,-0.0013181259241361327,-8.164411195619842,0.0006276957046354487,0.9986578351943147,-0.05765369032688941
CH02,2026-09-03,2026-09-04 00:00:00,,,night,,09-18 (calibration),ok,3/6,ok,1.4413503702059658,4.827137928120618,dawn closure,1.52,PASS,18.4,1.0002628616291889,0.0021212181480231474,11.957058479242402,-0.0010338463924844188,1.000873919593579,2.089355429128188,0.9997350175062583,-0.0021188043976704284,-11.949463132597222,0.0010326699707680375,0.9991246548693989,-2.0998742172574367
CH02,2026-09-03,2026-09-04 01:00:00,,,night,,09-18 (calibration),ok,3/6,ok,1.5595373548515759,3.410437398163812,dawn closure,1.52,PASS,18.4,1.000592046693128,0.0017049309475393292,12.476032083653132,-0.0009794609364860505,1.0018744083350597,0.5474619698025678,0.9994066388043944,-0.001700731442482385,-12.467698204553955,0.0009770483747563283,0.9981274358148454,-0.5586264989959224
CH02,2026-09-03,2026-09-04 02:00:00,,,night,,09-18 (calibration),ok,3/6,ok,1.6534261452047327,2.7067062867346214,dawn closure,1.52,PASS,18.4,1.000566695491416,0.0021547047700677807,12.958958733823996,-0.001120454894536712,1.0017474843963976,1.1637116356404378,0.9994312181674678,-0.002149722606428778,-12.949086256317162,0.0011178641499891293,0.9982531595128803,-1.176165172429699
CH02,2026-09-03,2026-09-04 03:00:00,,,night,,09-18 (calibration),ok,3/6,ok,1.718648134290083,2.849792873714832,dawn closure,1.52,PASS,18.4,1.0006213175610514,0.002278002680718352,13.886651037708596,-0.0011054663296182436,1.0018632758884558,0.7524831324003958,0.9993765577898241,-0.0022723484655862024,-13.876283609402417,0.001102722459076775,0.998137682118831,-0.7663948915882915
CH02,2026-09-03,2026-09-04 04:00:00,,,night,,09-18 (calibration),ok,3/6,ok,1.6369972492787432,3.003727637215254,dawn closure,1.52,PASS,18.4,1.0005067613554972,0.0024178967845377504,14.508569290427682,-0.0013019665390200767,1.0017300836901637,1.6982182190275301,0.9994903559302463,-0.002412490706955459,-14.497078148456417,0.0012990555247185146,0.998269768772487,-1.7141273459263286
CH02,2026-09-03,2026-09-04 04:20:00,,,night,,09-18 (calibration),ok,3/6,ok,1.5943764706269725,2.9118775850384804,dawn closure,1.52,PASS,18.4,1.0005140210041703,0.0024260688848434667,14.797922435207546,-0.0013063468923290703,1.001709682758584,1.7809281043571072,0.9994830824594471,-0.002420676218886756,-14.78596207922728,0.0013034431444355426,0.9982900784220005,-1.7971711075126613
CH02,2026-09-04,2026-09-04 21:00:00,,,night_ref,,09-18 (calibration),ok,3/6,ok,0.3291708653404632,0.7288456755929472,dawn closure,1.48,PASS,0.0,1.000450466444131,-0.0022886089414097506,-6.822715587924334,0.0014552182201934278,1.000910653711775,-5.5072421062917964,0.9995464119959855,0.0022854895662912807,6.832207630351818,-0.001453234757039946,0.9990868519638147,5.49229817154787
CH02,2026-09-04,2026-09-04 22:00:00,,,night,,09-18 (calibration),ok,3/6,ok,0.322830394099607,0.501329891967298,dawn closure,1.48,PASS,0.0,1.0003739112721337,-0.0019140639964696602,-5.891954439300896,0.0013035287759383559,1.000693539258613,-4.741631540527465,0.9996237370466741,0.0019120177457276673,5.898803598771894,-0.0013021352244531952,0.9993044507619384,4.730661380905995
CH02,2026-09-04,2026-09-04 23:00:00,,,night,,09-18 (calibration),ok,3/6,ok,0.3524254252849637,0.918976996749189,dawn closure,1.48,PASS,0.0,1.0002108569507564,-0.0015266490115945861,-4.466912198689237,0.0010646085425545487,1.0003427886865184,-3.400375764700794,0.9997875634614743,0.0015258016680133534,4.471151562337502,-0.001064017647589034,0.9996557049524387,3.394452158755524
CH02,2026-09-04,2026-09-05 00:00:00,,,night,,09-18 (calibration),ok,3/6,ok,0.4352089279207295,0.9374571266516766,dawn closure,1.48,PASS,0.0,1.0002017210639451,-0.00131600402454226,-3.463619251420274,0.0009112935122268551,1.0004056827429637,-3.0092286154820003,0.9997971213245586,0.0013152034800335498,3.466874304881611,-0.0009107391590459898,0.9995932837184145,3.0048502595247766
CH02,2026-09-04,2026-09-05 01:00:00,,,night,,09-18 (calibration),ok,3/6,ok,0.5391603460826697,1.0483369832170417,dawn closure,1.48,PASS,0.0,1.0001235423426078,-0.001048348208532044,-2.2335448589168196,0.0007848258838514081,1.0002459956531404,-2.3124425690187302,0.9998756505536389,0.0010479600533949195,2.2356904662882924,-0.0007845352989139934,0.9997532425819368,2.3101196618774513
CH02,2026-09-04,2026-09-05 02:00:00,,,night,,09-18 (calibration),ok,3/6,ok,0.5522785898278334,0.9315339137026137,dawn closure,1.48,PASS,0.0,1.0001618574998503,-0.0008931646484584843,-1.0054779264231222,0.0005626973283889219,1.000262315441611,-1.7664877647854804,0.9998376664070624,0.0008927854664181279,1.0068917981817123,-0.0005624584421752211,0.9997372511134824,1.7654580825440986
CH02,2026-09-04,2026-09-05 03:00:00,,,night,,09-18 (calibration),ok,3/6,ok,0.6389228163531123,1.1839367276371353,dawn closure,1.48,PASS,0.0,1.0001050117174104,-0.0010570983327805204,-0.1490277276529337,0.0005847394342905613,1.0006587538190062,-2.1530332213696224,0.9998943817188337,0.001056290848241328,0.15128621688818517,-0.000584292770022911,0.999341062603607,2.1515274314405852
CH02,2026-09-04,2026-09-05 04:00:00,,,night,,09-18 (calibration),ok,3/6,ok,0.701954378587788,1.151425303465568,dawn closure,1.48,PASS,0.0,1.0000224488291691,-0.0006023302173458131,0.865542918664481,0.0004133076253300147,1.0001417699814685,-0.9500335822411703,0.9999773027736232,0.0006022311678190148,-0.8649511334072169,-0.000413239659414422,0.9998580012429586,0.950256355314262
CH02,2026-09-04,2026-09-05 04:20:00,,,night,,09-18 (calibration),ok,3/6,ok,0.676560991225535,1.2034834184329017,dawn closure,1.48,PASS,0.0,1.0000107975046677,-0.0004955492330702754,1.1153205485433606,0.0003760386844523893,1.0001248279314414,-0.8245456170588916,0.999989016293552,0.0004954819401173174,-1.1148997507278045,-0.0003759876203969644,0.9998750013515044,0.824861896690163
CH02,2026-09-05,2026-09-05 21:00:00,,,night_ref,,09-18 (calibration),ok,3/6,ok,2.45185226058725,5.8355139715802,dawn closure,1.06,PASS,0.0,1.000032290047651,-0.0015533248378699512,-2.486834931966934,-8.862702108054042e-05,1.000587252860148,1.7078538976653668,0.999967848571852,0.001552363266489801,2.4841037670170354,8.85721573425113e-05,0.9994132293039533,-1.7066315147102085
CH02,2026-09-05,2026-09-05 22:00:00,,,night,,09-18 (calibration),ok,3/6,ok,0.2958424314604513,0.46210714054537333,dawn closure,1.06,PASS,0.0,0.9998978860868719,-0.0010360146897379556,-0.9193976932844024,-0.00028521723813472666,1.0003878706411866,2.4728476648819036,1.0001024197765458,0.0010357190731100003,0.9169306822992915,0.00028513585419393195,0.9996125750345167,-2.4716274687140727
CH02,2026-09-05,2026-09-05 23:00:00,,,night,,09-18 (calibration),ok,3/6,ok,0.4228186653181504,0.8530545383766726,dawn closure,1.06,PASS,0.0,1.0000849267037566,-0.0010240873427107642,-0.3819054340112338,-0.00020947318461956728,1.0007223896599602,1.2873757998657733,0.9999152948357987,0.0010232614037667261,0.38055576268059055,0.00020930424193890584,0.9992783460012515,-1.2863668255445502
CH02,2026-09-05,2026-09-06 00:00:00,,,night,,09-18 (calibration),ok,3/6,ok,0.5297436088275035,0.7955082677535514,dawn closure,1.06,PASS,0.0,1.0001276210360326,-0.0009034030319072427,0.5129954089203164,-0.0002564946417107027,1.0008858375561973,1.2365838384510315,0.9998726267029451,0.0009024885042733775,-0.5140460697024805,0.00025623498856642716,0.9991151777360602,-1.2356211289122812
CH02,2026-09-05,2026-09-06 01:00:00,,,night,,09-18 (calibration),ok,3/6,ok,0.6578774213614496,1.0950943574969816,dawn closure,1.06,PASS,0.0,1.0001233059361527,-0.0006653771533321499,1.877859124213324,-0.0003931720482712363,1.0009284388412236,1.558662858505099,0.9998769705669878,0.0006646781793196421,-1.8786641014609597,0.00039275902380412047,0.9990726834483622,-1.5579550307544519
CH02,2026-09-05,2026-09-06 02:00:00,,,night,,09-18 (calibration),ok,3/6,ok,0.7571702635214581,1.2578732083778061,dawn closure,1.06,PASS,0.0,1.0001206185286968,-0.0005712011050619643,2.4828107761442326,-0.0003832897049771159,1.0009782692729283,1.2983929636424105,0.9998796146872062,0.0005705741656640673,-2.483252711674273,0.0003828690135345943,0.9990229052840127,-1.298074902051016
CH02,2026-09-05,2026-09-06 03:00:00,,,night,,09-18 (calibration),ok,3/6,ok,0.9571313672989801,1.696050548161431,dawn closure,1.06,PASS,0.0,1.000246741655312,-0.0007194447484772091,2.255725278546335,-0.00034942643617067636,1.0012478496154202,0.4385935682149136,0.999753570167024,0.0007183710368059991,-2.2554844734590382,0.00034890494616947765,0.9987539562775908,-0.43883409515943467
CH02,2026-09-05,2026-09-06 04:00:00,,,night,,09-18 (calibration),ok,3/6,ok,1.0021048293161758,1.7012099524210134,dawn closure,1.06,PASS,0.0,1.0003185974116173,-0.0005245046690677713,2.45010209775387,-0.0004723098770489404,1.0013966001076684,0.6550246248783671,0.99968175128611,0.0005236064772688817,-2.4496653310487178,0.00047150106659763597,0.9986055946235414,-0.6552664807720879
CH02,2026-09-05,2026-09-06 04:20:00,,,night,,09-18 (calibration),ok,3/6,ok,0.989043073427945,1.623508485466471,dawn closure,1.06,PASS,0.0,1.0002512068955023,-0.0004967091334125001,3.252982953768514,-0.00045915211684634363,1.0012312168080513,0.919588019453947,0.9997490838638042,0.0004959738497357826,-3.2526228194648237,0.00045847242921038655,0.998770524670083,-0.9199488116673352
CH02,2026-09-06,2026-09-06 21:00:00,,,night_ref,,09-18 (calibration),ok,3/6,ok,1.8935018132442802,4.387228634005817,dawn closure,1.33,PASS,0.0,0.999780400566914,0.0004592300061905073,-2.8349051297058305,-0.0003635928443096565,1.000028426467171,2.9803059199972077,1.000219480626263,-0.00045931774149916496,2.8368962438432446,0.0003636623082601632,0.9999714073409731,-2.979189756983074
CH02,2026-09-06,2026-09-06 22:00:00,,,night,,09-18 (calibration),ok,3/6,ok,0.30548763972164567,0.3897310919465662,dawn closure,1.33,PASS,0.0,0.9997741013674909,0.0006806809380274379,-1.6175299844760063,-0.0004457018505071744,1.0000094105984052,3.127801163178015,1.000225646159313,-0.0006808281240667629,1.6200244689029575,0.00044579822618986373,0.9999902860466541,-3.127049687865552
CH02,2026-09-06,2026-09-06 23:00:00,,,night,,09-18 (calibration),ok,3/6,ok,0.35752703173001266,0.4966282317470401,dawn closure,1.33,PASS,0.0,0.9996757603467283,0.001109804167048484,-0.1113296413864675,-0.0005969134005113391,0.9998472841097564,3.8097751320748374,1.0003236818311358,-0.0011103329559793158,0.11559579565266431,0.0005971978121293769,1.000152076342097,-3.8102880229228746
CH02,2026-09-06,2026-09-07 00:00:00,,,night,,09-18 (calibration),ok,3/6,ok,0.4294229479653763,0.6894858108222487,dawn closure,1.33,PASS,0.0,0.9996482125309264,0.001213490011517354,0.9136920230394923,-0.0005417189289200549,0.9998671945433014,3.374636285995985,1.000351253346842,-0.0012140774900607936,-0.9099158904685976,0.0005419811875660224,1.0001321653202166,-3.375577499769055
CH02,2026-09-06,2026-09-07 01:00:00,,,night,,09-18 (calibration),ok,3/6,ok,0.5345293225315805,0.7980293552385593,dawn closure,1.33,PASS,0.0,0.9995920311858165,0.0014257623868945966,1.888736309990707,-0.0007297495126329323,0.999737629839483,4.21473084317315,1.0004070937496048,-0.0014267171338541444,-1.8834919740286171,0.0007302381818072786,1.0002613975973134,-4.2172117910577995
CH02,2026-09-06,2026-09-07 02:00:00,,,night,,09-18 (calibration),ok,3/6,ok,0.46834757777533964,0.9276716418230825,dawn closure,1.33,PASS,0.0,0.9995168093771922,0.0015145884796820578,3.225835361704227,-0.000713185461051966,0.9996932159189452,4.112211265030127,1.0004823426511082,-0.00151578404872115,-3.221158095444126,0.0007137484274734083,1.0003057968595177,-4.115771201237352
CH02,2026-09-06,2026-09-07 03:00:00,,,night,,09-18 (calibration),ok,3/6,ok,0.7281939304827836,2.2019875280309544,dawn closure,1.33,PASS,0.0,0.999416987479127,0.0016978802358539047,4.667173388625702,-0.0008774425605206483,1.0001705095810638,4.333398369944535,1.0005818613482185,-0.001698578542821312,-4.662528418937293,0.0008778034365356772,0.9998280293364762,-4.336750013390986
CH02,2026-09-06,2026-09-07 04:00:00,,,night,,09-18 (calibration),ok,3/6,ok,0.7348494696212609,2.332156488138873,dawn closure,1.33,PASS,0.0,0.9992503572298082,0.0018710538714985275,5.9256493180256875,-0.0009456056148166216,0.9998954174226563,4.943083488701449,1.0007484330391816,-0.0018726500766055201,-5.920827604080118,0.000946412315539975,1.0001028225423632,-4.949199856605021
CH02,2026-09-06,2026-09-07 04:20:00,,,night,,09-18 (calibration),ok,3/6,ok,0.6970287744851613,1.273174469218204,dawn closure,1.33,PASS,0.0,0.9992652826560957,0.001997774217320858,5.895187653716231,-0.000925960939172594,0.9993138236532713,5.385009562081762,1.0007334036996032,-0.0020006121650694613,-5.888737890512406,0.0009272763174269712,1.0006847937472811,-5.3941636508570046
CH02,2026-09-07,2026-09-07 21:00:00,,,night_ref,,09-18 (calibration),ok,3/6,ok,1.7914700725566952,3.983712718864247,dawn closure,2.57,PASS,0.0,1.0001012686006792,0.00018381204013234666,-2.367489659927361,-0.0013158547491030092,0.9999135687685652,7.23263268174138,0.999898499811802,-0.00018380927003723864,2.368578784215,0.0013158349188307336,1.0000861968152308,-7.230140886079778
CH02,2026-09-07,2026-09-07 22:00:00,,,night,,09-18 (calibration),ok,3/6,ok,0.31146581158022785,0.497356898451978,dawn closure,2.57,PASS,0.0,1.00015977231902,0.000331258311972596,-1.248289649399706,-0.0013619886046527536,1.0001431718161475,6.91770373684973,0.9998398022429525,-0.00033115783266568044,1.2503805279742453,0.0013615754778991713,0.9998563977104585,-6.915010698178811
CH02,2026-09-07,2026-09-07 23:00:00,,,night,,09-18 (calibration),ok,3/6,ok,0.3134744061959346,0.6884710924914519,dawn closure,2.57,PASS,0.0,1.0000428033493718,0.0007406539819334549,0.5081144404296589,-0.0014771250977165537,0.9998552867337245,7.675442095424735,0.9999561043806079,-0.0007407286637325153,-0.5024067164646739,0.0014772740395469167,1.0001436399039754,-7.677295219462256
CH02,2026-09-07,2026-09-08 00:00:00,,,night,,09-18 (calibration),ok,3/6,ok,0.35477750502165306,0.683980552103614,dawn closure,2.57,PASS,0.0,0.9999109757101282,0.0009541703586503681,2.210564974671621,-0.001594416442943108,0.9997550412902402,8.194646928618418,1.0000875102295748,-0.0009544876683852362,-2.202936732279907,0.001594946666769695,1.0002434965055165,-8.200168029747509
CH02,2026-09-07,2026-09-08 01:00:00,,,night,,09-18 (calibration),ok,3/6,ok,0.4185103780764297,0.7666056599407566,dawn closure,2.57,PASS,0.0,0.9997968668689826,0.0012227914313759493,3.4892535981582773,-0.0017643439268702676,0.9994743490007941,9.009891954497142,1.0002010149706304,-0.0012236804596159202,-3.4789297616398644,0.001765626689846652,1.0005237673248362,-9.020771760783765
CH02,2026-09-07,2026-09-08 02:00:00,,,night,,09-18 (calibration),ok,3/6,ok,0.5290592140992834,0.825883608288626,dawn closure,2.57,PASS,0.0,0.9997908111208722,0.001273891196489451,4.5386921347775875,-0.0017700029002730234,0.9995914301666136,8.888116476113705,1.0002069759965975,-0.001274675655409554,-4.528302069410886,0.0017710928635034416,1.0004064797291348,-8.899767760540977
CH02,2026-09-07,2026-09-08 03:00:00,,,night,,09-18 (calibration),ok,3/6,ok,0.48761396189836825,1.2693347327695166,dawn closure,2.57,PASS,0.0,0.9994943542844575,0.0017671661033086992,6.070252085087549,-0.0019646889926122598,0.9991468637887533,10.16584240948303,1.0005024231214217,-0.001769563647243964,-6.055312814916523,0.001967354519169214,1.0008503850633184,-10.186429627896196
CH02,2026-09-07,2026-09-08 04:00:00,,,night,,09-18 (calibration),ok,3/6,ok,0.5508789470616211,1.2929921913938116,dawn closure,2.57,PASS,0.0,0.9993709696072866,0.0019061037336751889,7.230616084661594,-0.0020318700880682028,0.9990355404219148,10.454892331461451,1.0006255447602581,-0.0019091373727032816,-7.2151793329892095,0.0020351038891936505,1.0009615077943652,-10.479659846842562
CH02,2026-09-07,2026-09-08 04:20:00,,,night,,09-18 (calibration),ok,3/6,ok,0.5054545043360977,1.1627972901775687,dawn closure,2.57,PASS,0.0,0.9994719566320365,0.0017336946095321251,7.205560307421794,-0.0019318467836817411,0.9992078191710291,9.785211681271532,1.0005249669259806,-0.0017359799518992525,-7.192356056962571,0.0019343933286598896,1.0007894525708763,-9.806875029577816
CH02,2026-09-08,2026-09-08 21:00:00,,,night_ref,,09-18 (calibration),ok,3/6,ok,1.0838373666379448,3.4247504320733686,dawn closure,0.69,PASS,0.0,1.0000633038264424,0.0004917227420588768,-0.6657742462135019,-0.0016407583003447608,0.9998636414246854,8.75909154266209,0.9999358933752811,-0.000491758274831341,0.6700389214198617,0.0016408768644996558,1.0001355702050034,-8.759186560940579
CH02,2026-09-08,2026-09-08 22:00:00,,,night,,09-18 (calibration),ok,3/6,ok,0.31752325123415615,0.4479662841829639,dawn closure,0.69,PASS,0.0,1.0001577960283494,0.000666509966114126,0.2916418194115017,-0.0018269690639912306,1.000238539865336,8.828996934140076,0.9998410118502119,-0.0006662450729178237,-0.28571317611205527,0.001826242965808892,0.9997603001035079,-8.82741323331007
CH02,2026-09-08,2026-09-08 23:00:00,,,night,,09-18 (calibration),ok,3/6,ok,0.345993935084729,0.5130854936914582,dawn closure,0.69,PASS,0.0,0.9997967911909855,0.001368814929416998,3.1437599219670362,-0.0021924220072483125,0.9996250089404278,10.90973576235945,1.0002002467539959,-0.0013696026189006895,-3.129447447015111,0.0021936836443928304,1.0003721278572688,-10.920691993674783
CH02,2026-09-08,2026-09-09 00:00:00,,,night,,09-18 (calibration),ok,3/6,ok,0.4015326543777385,0.6814826631408448,dawn closure,0.69,PASS,0.0,0.9998724104960995,0.0014600085100221235,3.9597648310643265,-0.002255077391996667,0.9999060311238572,10.616139895834202,1.0001243122139079,-0.0014603272322211412,-3.944754040006075,0.0022555696790075978,1.0000906842467132,-10.626034137972606
CH02,2026-09-08,2026-09-09 01:00:00,,,night,,09-18 (calibration),ok,3/6,ok,0.4035006086305726,0.9055744588662566,dawn closure,0.69,PASS,0.0,1.0000327581311428,0.001403466726995086,4.190929073333531,-0.0023207598540085765,1.0003977648456999,10.023000310101798,0.9999639873516268,-0.0014028581767751194,-4.17671729893761,0.002319753560882789,0.9995991389058138,-10.028704401871735
CH02,2026-09-08,2026-09-09 02:00:00,,,night,,09-18 (calibration),ok,3/6,ok,0.6861064984556695,1.0849456453447588,dawn closure,0.69,PASS,0.0,1.0000053290496507,0.0015339678802213327,4.254991123321765,-0.002366981846087639,1.000301293356736,10.079592860605414,0.999991041250113,-0.0015334921068023725,-4.2394960278289995,0.0023662477061750305,0.9996951687389201,-10.086588648587899
CH02,2026-09-08,2026-09-09 03:00:00,,,night,,09-18 (calibration),ok,3/6,ok,0.6941542398812823,1.2711712887293394,dawn closure,0.69,PASS,0.0,0.9999796987026887,0.0015787089220803143,4.391227152129796,-0.0023769698408347135,1.000244174666457,9.99942386000497,1.0000165499437645,-0.0015783496566232366,-4.375517239476352,0.002376428915814032,0.999752134166568,-10.0073807836563
CH02,2026-09-08,2026-09-09 04:00:00,,,night,,09-18 (calibration),ok,3/6,ok,0.6644939950302924,1.1010928691561248,dawn closure,0.69,PASS,0.0,0.9999433215521023,0.0016063698245938713,4.868290924108079,-0.0023259022837690446,1.0001918266167913,9.760924285828418,1.0000529457083303,-0.0016061467732804858,-4.852871202173495,0.002325579322299489,0.9998044751496311,-9.770337379276013
CH02,2026-09-08,2026-09-09 04:20:00,,,night,,09-18 (calibration),ok,3/6,ok,0.7330840983910342,1.3538730267856043,dawn closure,0.69,PASS,0.0,1.000008985474525,0.0015532777309868184,4.659750260436502,-0.0022551130671155666,1.0002834677983439,9.274861378090336,0.999987512857152,-0.0015528181610405703,-4.645289900280331,0.002254445844396562,0.9997131117447123,-9.282705683902106
CH02,2026-09-09,2026-09-09 21:00:00,,,night_ref,,09-18 (calibration),ok,3/6,ok,0.6090209502230416,1.7980399530282678,dawn closure,1.35,PASS,7.199999999999999,1.000867077135841,0.003812493022520791,10.019366207927563,-0.002373514391727901,1.0014448394389315,5.491634680588916,0.9991246538148496,-0.0038036600931826946,-9.989707482258936,0.002368015343000141,0.9985482300935131,-5.507388103529727
CH02,2026-09-09,2026-09-09 22:00:00,,,night,,09-18 (calibration),ok,3/6,ok,0.3820632281176,0.6405385565591258,dawn closure,1.35,PASS,7.199999999999999,1.000938201829023,0.0037869083295022977,10.525196041271613,-0.002148945351780923,1.0014138797465257,4.768679198832795,0.9990545664920221,-0.0037779864409644174,-10.49722916290166,0.0021438824748284445,0.9985800092632159,-4.784472501880773
CH02,2026-09-09,2026-09-09 23:00:00,,,night,,09-18 (calibration),ok,3/6,ok,0.5782499233483009,0.9234962871143632,dawn closure,1.35,PASS,7.199999999999999,1.0010390049712694,0.0034975363860312724,10.63206400183272,-0.0019543354197849943,1.0018003605169459,3.17385395923335,0.9989552645671016,-0.003487603442304644,-10.609887163851567,0.0019487851405012072,0.9981960712581988,-3.1888481611936386
CH02,2026-09-09,2026-09-10 00:00:00,,,night,,09-18 (calibration),ok,3/6,ok,0.589114755412478,1.014625987608551,dawn closure,1.35,PASS,7.199999999999999,1.0010259545530569,0.003762232920993997,11.198988128408535,-0.0020070265664671075,1.0018527390324645,3.24448864444827,0.9989675755114232,-0.003751398337468483,-11.175254649510768,0.002001246675261815,0.9981431720290691,-3.260876124940165
CH02,2026-09-09,2026-09-10 01:00:00,,,night,,09-18 (calibration),ok,3/6,ok,0.8425718546247936,1.275677534781148,dawn closure,1.35,PASS,7.199999999999999,1.0011104109921496,0.0037717089051823834,11.60717043692653,-0.0019964499480625572,1.002056530242561,2.683893772196501,0.9988833227957473,-0.0037597650532898742,-11.584118164282293,0.0019901277999090495,0.9979401996164758,-2.7014652393400023
CH02,2026-09-09,2026-09-10 02:00:00,,,night,,09-18 (calibration),ok,3/6,ok,0.962320703480676,1.5214944451971,dawn closure,1.35,PASS,7.199999999999999,1.0012050694353911,0.0036359403171825596,11.554012981806343,-0.0019072143967655546,1.0023090953913827,1.8882573649435375,0.9987894791591696,-0.0036231726843050822,-11.53318512579104,0.0019005171984860707,0.9976893299989623,-1.9058528256795781
CH02,2026-09-09,2026-09-10 03:00:00,,,night,,09-18 (calibration),ok,3/6,ok,0.845703274148923,1.1614980803242652,dawn closure,1.35,PASS,7.199999999999999,1.001072289403551,0.003979288384723656,12.275086027741533,-0.0020443956280974456,1.0019152237748477,3.0448486041095695,0.998920756931717,-0.0039673953154853074,-12.249758108145208,0.0020382854555226503,0.9980803418743962,-3.0640236650610917
CH02,2026-09-09,2026-09-10 04:00:00,,,night,,09-18 (calibration),ok,3/6,ok,0.5676135811789782,1.600181225926463,dawn closure,1.35,PASS,7.199999999999999,1.0010306303566405,0.004268483304256262,12.898689639500684,-0.002145612634945984,1.0017330337138717,3.815019490495982,0.9989613069811812,-0.004256672703143721,-12.869052571293068,0.002139675871658634,0.9982608471259579,-3.835983603382212
CH02,2026-09-09,2026-09-10 04:20:00,,,night,,09-18 (calibration),ok,3/6,ok,0.621466023769129,1.043838211854699,dawn closure,1.35,PASS,7.199999999999999,1.0009456181265088,0.004418939444594485,13.108028993859152,-0.0021803388705527566,1.0015649430929061,4.0643061682519175,0.9990456737509469,-0.004407824340433228,-13.077604910061568,0.0021748545922645177,0.9984279065930685,-4.086424756373888
CH02,2026-09-10,2026-09-10 21:00:00,,,night_ref,,09-18 (calibration),ok,3/6,ok,0.310983500179484,0.43015269909801923,dawn closure,2.3,PASS,0.0,1.0004799815477712,-0.0020269550983114362,-4.701737089722547,0.0008434093488599268,1.0004146962319767,-2.7570709088536725,0.9995185415219235,0.002025139385922104,4.705056851426313,-0.0008426538369074029,0.9995837683562268,2.751961391898496
CH02,2026-09-10,2026-09-10 22:00:00,,,night,,09-18 (calibration),ok,3/6,ok,0.3334545944763153,0.4886342441964358,dawn closure,2.3,PASS,0.0,1.0005915499084972,-0.001977976944277978,-4.483191821549033,0.0008087417982204734,1.000761894224661,-3.38060150403173,0.9994072032531457,0.0019752994367472237,4.487211900268475,-0.0008076470371003119,0.9992370895252052,3.374401571141771
CH02,2026-09-10,2026-09-10 23:00:00,,,night,,09-18 (calibration),ok,3/6,ok,0.3803922343236009,0.7424835177921083,dawn closure,2.3,PASS,0.0,1.0003272450385865,-0.001363912298047483,-3.3878491953628975,0.0003994268809945046,1.0002025063494535,-1.2873581188920407,0.9996723176993648,0.0013631893136362757,3.388493969974853,-0.00039921515227207165,0.9997969902668506,1.285744291931455
CH02,2026-09-10,2026-09-11 00:00:00,,,night,,09-18 (calibration),ok,3/6,ok,0.40248179961835673,0.8549537768501299,dawn closure,2.3,PASS,0.0,1.0002864451005675,-0.0010953307994576523,-2.7959489634681236,0.00027552528545856,1.0001629151640825,-0.7810153276993879,0.9997133353574409,0.0010948384410612722,2.7960025493617207,-0.0002754014350311114,0.9998368097664072,0.7801178652688081
CH02,2026-09-10,2026-09-11 01:00:00,,,night,,09-18 (calibration),ok,3/6,ok,0.4159253948224515,0.961093545684871,dawn closure,2.3,PASS,0.0,1.0002089561757128,-0.0010751369658054183,-1.5720213896291755,0.0002142024299053131,1.0001167429084452,-0.48509364307883107,0.9997908573040363,0.0010747866350441263,1.5722139850019619,-0.000214132632565322,0.9998830405238354,0.48470028570183543
CH02,2026-09-10,2026-09-11 02:00:00,,,night,,09-18 (calibration),ok,3/6,ok,0.4449449164019179,0.7853860478097651,dawn closure,2.3,PASS,0.0,1.000300535558122,-0.0010100170411300286,-1.0870382291779808,0.0002239611936795693,1.0002669056773843,-0.9095430818464953,0.9996993287280186,0.001009443931705176,1.0876295207555158,-0.00022383411238720277,0.9997329395263045,0.9090568626030519
CH02,2026-09-10,2026-09-11 03:00:00,,,night,,09-18 (calibration),ok,3/6,ok,0.5147599255507278,1.034826754668504,dawn closure,2.3,PASS,0.0,1.0002308994520295,-0.0008222684463088468,-0.272032486028313,7.299367926023154e-05,1.0001289562630622,-0.1253484992693341,0.9997690938652676,0.000821972580967816,0.2720727050879074,-7.296741496673424e-05,0.9998710003734447,0.12531247985244665
CH02,2026-09-10,2026-09-11 04:00:00,,,night,,09-18 (calibration),ok,3/6,ok,0.5325828040154705,0.9857740526626886,dawn closure,2.3,PASS,0.0,1.000211690780161,-0.000848287185568404,0.9853472919166135,0.0002476549010594283,1.0001291525590263,-0.8426433697369138,0.9997881440569405,0.0008479979497814568,-0.9844239803869095,-0.0002475704595384223,0.9998706541354747,0.8427783201836334
CH02,2026-09-10,2026-09-11 04:20:00,,,night,,09-18 (calibration),ok,3/6,ok,0.5537384068605818,1.2042887362052779,dawn closure,2.3,PASS,0.0,1.0000749237666644,-0.0005787436450457079,1.4507179178757017,2.1111459261189498e-05,0.9998603757609466,0.354676385015694,0.9999250696284878,0.000578781091438845,-1.4508144950283828,-2.111282523386144e-05,1.0001396315160842,-0.3546952802631892
CH02,2026-09-11,2026-09-11 21:00:00,,,night_ref,,09-18 (calibration),ok,3/6,ok,0.45833469737802,0.9769727760571025,dawn closure,2.93,PASS,0.0,1.0000540315977737,-0.00028227336238649276,-2.4498763028491615,-0.0006626787037282412,0.9999147460209081,5.4059927124462135,0.9999461583737976,0.00028228223001296377,2.448218381846718,0.0006626995218003587,1.000085448326324,-5.404831113621243
CH02,2026-09-11,2026-09-11 22:00:00,,,night,,09-18 (calibration),ok,3/6,ok,0.30813019019519233,0.6057473104356178,dawn closure,2.93,PASS,0.0,0.9997691264958886,0.00020117455604473986,-0.5144394062999331,-0.0009403111444499688,0.9995184398357122,6.866430923448451,1.0002307374737955,-0.0002013179212448223,0.5159404423488434,0.0009409812485526658,1.0004816027835184,-6.869253737859176
CH02,2026-09-11,2026-09-11 23:00:00,,,night,,09-18 (calibration),ok,3/6,ok,0.3447241142322663,0.551731212552712,dawn closure,2.93,PASS,0.0,0.9997219393054647,0.0003275086246671257,0.7585384601567671,-0.0009435020323655868,0.9995707064184027,6.61353212311815,1.000277828724132,-0.0003277403127831678,-0.7565816828427253,0.0009441694902335523,1.0004291685972704,-6.617086632293679
CH02,2026-09-11,2026-09-12 00:00:00,,,night,,09-18 (calibration),ok,3/6,ok,0.4116021761169512,0.7446798854960944,dawn closure,2.93,PASS,0.0,0.999753004658192,0.0005048127845869755,1.5268085592918235,-0.0009170674080457343,0.999591318540369,6.235588448733479,1.0002465929982964,-0.0005051437107541396,-1.5240351913045551,0.0009176685845841296,1.0004083851082197,-6.239536074446464
CH02,2026-09-11,2026-09-12 01:00:00,,,night,,09-18 (calibration),ok,3/6,ok,0.4956553074349206,1.2411743787809644,dawn closure,2.93,PASS,0.0,0.999463346216227,0.00084148861439797,3.113031096383187,-0.001077684983020332,0.9991356806028645,7.31420973590864,1.000536033317416,-0.0008426680146419142,-3.108536334172168,0.0010791954276183,1.0008641581751434,-7.323889938971889
CH02,2026-09-11,2026-09-12 02:00:00,,,night,,09-18 (calibration),ok,3/6,ok,0.4844586127911437,0.9818096233882622,dawn closure,2.93,PASS,0.0,0.999537230524064,0.0007595146393430637,3.659698235149748,-0.0009751244487714797,0.999440482723579,6.300440823617809,1.000462242008974,-0.0007602911149297113,-3.6565997322358648,0.0009761213490143362,1.0005590887177633,-6.307535638577509
CH02,2026-09-11,2026-09-12 03:00:00,,,night,,09-18 (calibration),ok,3/6,ok,0.5030357699592838,1.114555425242937,dawn closure,2.93,PASS,0.0,0.9996272773932363,0.0007791908607683734,4.016118474559466,-0.0009227487970931902,0.999565583571273,5.7486650762789555,1.0003721417348064,-0.0007798195966512735,-4.013130118174709,0.0009234933711235675,1.0004338853380512,-5.754868196557823
CH02,2026-09-11,2026-09-12 04:00:00,,,night,,09-18 (calibration),ok,3/6,ok,0.6719905130271427,1.3729778516655335,dawn closure,2.93,PASS,0.0,0.9993993071292381,0.0011129247277675807,5.121900268560571,-0.0010408817321928077,0.9991872705773314,6.608263866348578,1.0005998931615432,-0.0011144981491383957,-5.117607963657724,0.0010423533012226451,1.0008122294847048,-6.618970122757003
CH02,2026-09-11,2026-09-12 04:20:00,,,night,,09-18 (calibration),ok,3/6,ok,0.7813688902598507,1.5954391656027758,dawn closure,2.93,PASS,0.0,0.9992941784102548,0.0012242024793978354,5.461533335530406,-0.0011216438707555142,0.9989157792574381,7.164870333848017,1.0007049435755304,-0.001226395156137697,-5.456596446096047,0.0011236528541281208,1.0010840204814433,-7.178774067557177
CH02,2026-09-16,2026-09-16 21:00:00,,,night_ref,,09-18 (calibration),ok,3/6,ok,0.2975628547427366,0.4181111092251918,dawn closure,1.34,PASS,0.0,1.0010428453327374,0.0004874352427104052,0.34687547444079425,-0.00021180385064345345,1.002250270163809,-1.7299028220064434,0.9989581382663663,-0.000485834144503465,-0.347354524015242,0.0002111081299901774,0.9977546795123501,1.7259454075258003
CH02,2026-09-16,2026-09-16 22:00:00,,,night,,09-18 (calibration),ok,3/6,ok,0.27770935140549524,0.4275914865311593,dawn closure,1.34,PASS,0.0,1.0009771439769009,0.0008251097053782862,1.1906853165527016,-0.0003279593284244244,1.0020177435185258,-0.9040079783768813,0.9990235403709267,-0.0008226441341916093,-1.1902663372708315,0.00032697932895854186,0.9979860503215666,0.9017980223137207
CH02,2026-09-16,2026-09-16 23:00:00,,,night,,09-18 (calibration),ok,3/6,ok,0.3229895624560541,0.7693381607544028,dawn closure,1.34,PASS,0.0,1.0008158526666442,0.0010298746269273773,2.265138659054829,-0.0004640433009651368,1.0017047908734666,-0.018000195310778677,0.9991843360910012,-0.0010272832921824214,-2.2633095585016587,0.00046287569133818393,0.9982976345996013,0.016921074778294336
CH02,2026-09-16,2026-09-17 00:00:00,,,night,,09-18 (calibration),ok,3/6,ok,0.3627130686001044,0.4961788407820877,dawn closure,1.34,PASS,0.0,1.0008811693415605,0.0010711505708441626,2.619070384962669,-0.0005153241371742086,1.0018826789859405,-0.20692902501838528,0.9991190564517669,-0.0010681958777277248,-2.6169841725361747,0.0005139026519766207,0.9981203094009313,0.20519411525883804
CH02,2026-09-16,2026-09-17 01:00:00,,,night,,09-18 (calibration),ok,3/6,ok,0.3752787271995173,0.5623685851728956,dawn closure,1.34,PASS,0.0,1.000809360315961,0.0012498328240888896,3.4851956544141176,-0.0005152909238212301,1.0016886344020304,0.029561870022034364,0.9991906523164826,-0.0012467160272148115,-3.4823380641274615,0.000514005906249558,0.9983135709386458,-0.03130342717612539
CH02,2026-09-16,2026-09-17 02:00:00,,,night,,09-18 (calibration),ok,3/6,ok,0.5594992640485212,1.3265735700358414,dawn closure,1.34,PASS,0.0,1.0005234236758247,0.0014841153478885975,4.206235606467779,-0.0006600590968397328,1.0011795401706045,1.2310668764665536,0.9994758727279154,-0.0014815898877708629,-4.202207067438273,0.0006589359005013968,0.9988208727205048,-1.2323869315766978
CH02,2026-09-16,2026-09-17 03:00:00,,,night,,09-18 (calibration),ok,3/6,ok,0.3985496110755171,0.7696046457071468,dawn closure,1.34,PASS,0.0,1.0006037705256379,0.0013140916565098767,4.269294066759298,-0.00051345406008394,1.001433779014056,0.2818991429058282,0.9993959208468802,-0.001311417558161334,-4.266345387729394,0.0005124092116159346,0.9985676013763606,-0.28368297656842945
CH02,2026-09-16,2026-09-17 04:00:00,,,night,,09-18 (calibration),ok,3/6,ok,0.36712537978370996,0.6559981164010918,dawn closure,1.34,PASS,0.0,1.000704606436622,0.0012081189591933875,4.056168013451172,-0.0003859167724714608,1.0016228390986757,-0.6369575221500756,0.9992954248615462,-0.0012053117216225039,-4.054077870679126,0.0003850200395341354,0.9983793258447002,0.6343635155870072
CH02,2026-09-16,2026-09-17 04:20:00,,,night,,09-18 (calibration),ok,3/6,ok,0.36046261959301085,0.6574691889654009,dawn closure,1.34,PASS,0.0,1.0007340169144598,0.0011688803680154484,4.062663531072672,-0.0003728445689129043,1.001827364922,-0.8984749289520446,0.9992660870935266,-0.0011658920014808918,-4.060729414605754,0.00037189135225975593,0.9981755343460367,0.8953248228688774
CH03,2026-08-30,2026-08-30 21:00:00,,,ch0304_ref0904night_hourly,,09-18 (calibration),sample,5/10,unreliable,8.541003892449716,14.517884662700217,tie (labels),2.1563098820121063,unreliable,0.0,1.0063670274410454,0.06146425663628204,-88.23210326025328,-0.0118111243986829,1.0067221345368536,28.57973281290562,0.9929617461494639,-0.06062413202369812,89.34372481499251,0.011649683963986962,0.9926114928374257,-27.34069513385319
CH03,2026-08-30,2026-08-30 22:00:00,,,ch0304_ref0904night_hourly,,09-18 (calibration),ok,5/10,unreliable,3.3936521642073645,9.453139310532752,tie (labels),2.1563098820121063,unreliable,0.0,1.0032491937406007,0.059566073162923824,-86.4983638248275,-0.015939239436693956,0.9857793800453368,41.033708526058454,0.9958053412690118,-0.06017189547151238,88.60460872803199,0.016101350959578334,1.0134528333355615,-40.192987654626684
CH03,2026-08-30,2026-08-30 23:00:00,,,ch0304_ref0904night_hourly,,09-18 (calibration),sample,5/10,unreliable,4.588567173735117,10.244666796312245,tie (labels),2.1563098820121063,unreliable,0.0,1.0030837995483082,0.0552472978930371,-84.82611376208423,-0.016056877297825033,0.9876144835747735,40.82854445916561,0.9960337700210175,-0.0557182740017094,86.76456991394724,0.016193760111565526,1.0116349599235748,-39.92992920022634
CH03,2026-08-30,2026-08-31 00:00:00,,,ch0304_ref0904night_hourly,,09-18 (calibration),sample,5/10,unreliable,4.743527211104391,10.992544827277326,tie (labels),2.1563098820121063,unreliable,0.0,1.0023185216767805,0.05497754639120665,-83.49480174907407,-0.016359280736678375,0.986762091628705,42.10289975511594,0.9967804185833765,-0.05553571845677885,85.5641982239922,0.01652537206158202,1.0124947888318219,-41.249183932651995
CH03,2026-08-30,2026-08-31 01:00:00,,,ch0304_ref0904night_hourly,,09-18 (calibration),ok,5/10,unreliable,4.426891117988511,9.693932847438136,tie (labels),2.1563098820121063,unreliable,0.0,1.003042616623867,0.06526144555879694,-90.03998650178772,-0.01671962398530793,0.9862615921713129,43.320646407335,0.9958681798777982,-0.0658971184934312,92.52266324327303,0.016882479900522777,1.012812658311008,-42.355600785204395
CH03,2026-08-30,2026-08-31 02:00:00,,,ch0304_ref0904night_hourly,,09-18 (calibration),sample,5/10,unreliable,4.541819659111612,10.115090227661035,tie (labels),2.1563098820121063,unreliable,0.0,1.0028402294146006,0.06732818660175442,-90.83531443191788,-0.016996309048216675,0.9862736380186294,44.146016296701376,0.9960154539353119,-0.06799321380576244,93.47500646199776,0.017164188334074303,1.012745680125447,-43.14957285493761
CH03,2026-08-30,2026-08-31 03:00:00,,,ch0304_ref0904night_hourly,,09-18 (calibration),ok,5/10,unreliable,4.630458616147971,9.591442930264718,tie (labels),2.1563098820121063,unreliable,0.0,1.002579106141834,0.06662829538381801,-90.35087356665996,-0.01711922297947834,0.9863783329125121,44.571739468101775,0.9962784193377925,-0.06729703055434959,93.01417121562606,0.017291045272583707,1.012641796559695,-43.57294528551065
CH03,2026-08-30,2026-08-31 04:00:00,,,ch0304_ref0904night_hourly,,09-18 (calibration),sample,5/10,unreliable,4.278393974139707,11.054312139684896,tie (labels),2.1563098820121063,unreliable,0.0,1.0022910445278281,0.06572893746622337,-89.90006807668928,-0.017413137672549796,0.9857632402330068,45.261193293585386,0.9965597546057429,-0.06644882981876332,92.59834311210464,0.017603854046911328,1.0132685787127624,-44.27915732220544
CH03,2026-08-30,2026-08-31 04:20:00,,,ch0304_ref0904night_hourly,,09-18 (calibration),sample,5/10,unreliable,4.420179339534553,10.405693641501104,tie (labels),2.1563098820121063,unreliable,0.0,1.0020543579791215,0.06369028971851415,-89.1000433830019,-0.017496952847395345,0.9853842488911769,45.63886897078325,0.9968248406001593,-0.06442975211738672,91.7576375574336,0.01770009745205451,1.0136884944012794,-44.68651692230912
CH03,2026-08-31,2026-08-31 21:00:00,,,ch0304_ref0904night_hourly,,09-18 (calibration),ok,5/10,unreliable,4.295489389443286,9.428408722471971,tie (labels),2.1563098820121063,unreliable,2.5,1.0022167363094951,0.05819623901356469,-86.8837448263291,-0.02116996136733766,0.9877406888110669,50.430220318843396,0.9965479186269671,-0.0587151481333565,89.54483292561349,0.021358724184408907,1.0111530423886177,-49.13694476187266
CH03,2026-08-31,2026-08-31 22:00:00,,,ch0304_ref0904night_hourly,,09-18 (calibration),ok,5/10,unreliable,4.7139731843328905,8.464073652537547,tie (labels),2.1563098820121063,unreliable,2.5,1.0021975716128155,0.05568816241735346,-85.44136859688615,-0.021287319186262796,0.9881767207642822,50.20299887274636,0.9966142950160557,-0.056163657331843884,87.97167335511251,0.021469081549695502,1.0107548632872136,-48.90857755210675
CH03,2026-08-31,2026-08-31 23:00:00,,,ch0304_ref0904night_hourly,,09-18 (calibration),sample,5/10,unreliable,5.166868397688365,8.973559827270995,tie (labels),2.1563098820121063,unreliable,2.5,1.002337791708391,0.05408379577716622,-84.64122025449907,-0.021316107040150238,0.988816254488825,49.97137800856165,0.9965085461985779,-0.05450452948982524,87.06936579059935,0.021481931289827363,1.0101352714226748,-48.65959461024921
CH03,2026-08-31,2026-09-01 00:00:00,,,ch0304_ref0904night_hourly,,09-18 (calibration),sample,5/10,unreliable,5.008773673505601,9.763410409519734,tie (labels),2.1563098820121063,unreliable,2.5,1.002598559471451,0.053206735650398726,-84.82308666277353,-0.021409419358205284,0.989482500610992,49.99598916668432,0.9962642155336208,-0.05357140396229092,87.18456122537117,0.021556155231408403,1.0094701692351156,-48.641000021859874
CH03,2026-08-31,2026-09-01 01:00:00,,,ch0304_ref0904night_hourly,,09-18 (calibration),ok,5/10,unreliable,3.692732534796967,7.776008579090886,tie (labels),2.1563098820121063,unreliable,2.5,1.0027643863356994,0.058518196120877976,-89.5547618412705,-0.022097956197976894,0.9864404253094393,52.571672299236525,0.995941246391353,-0.0590818093884571,92.29731065049164,0.022310790873773037,1.012422430326447,-51.22670267232746
CH03,2026-08-31,2026-09-01 02:00:00,,,ch0304_ref0904night_hourly,,09-18 (calibration),sample,5/10,unreliable,6.169983393014424,10.795151041354355,tie (labels),2.1563098820121063,unreliable,2.5,1.00265754416142,0.052954632427234076,-84.7337230913028,-0.021704358757895864,0.9892666972694111,50.80576519731383,0.9961951713832391,-0.0533255079464364,87.12056903263446,0.021856368411335522,1.0096798030314817,-49.445583528539935
CH03,2026-08-31,2026-09-01 03:00:00,,,ch0304_ref0904night_hourly,,09-18 (calibration),sample,5/10,unreliable,7.940205389390508,12.46157654965135,tie (labels),2.1563098820121063,unreliable,2.5,1.0022785816144413,0.03828849698824115,-75.40925998528736,-0.021399599210010573,0.9908849987738259,49.751338245960405,0.9969041368733783,-0.038521080740424006,77.09227855540988,0.021529591230355537,1.0083669301154543,-48.54407367374784
CH03,2026-08-31,2026-09-01 04:00:00,,,ch0304_ref0904night_hourly,,09-18 (calibration),sample,5/10,unreliable,2.0828750562013743,10.973260741722745,tie (labels),2.1563098820121063,unreliable,2.5,1.0033129801373006,0.060229053425598415,-91.16733937675383,-0.02229777189054029,0.9875178140122062,53.206232130254655,0.9953488057344287,-0.060706668322383785,93.97327545725241,0.022474592667463173,1.011269227134336,-51.75687642802379
CH03,2026-09-01,2026-09-01 21:00:00,,,ch0304_ref0904night_hourly,,09-18 (calibration),ok,5/10,unreliable,2.585261805951851,8.672397116275198,tie (labels),2.1563098820121063,unreliable,0.0,1.0031729657148487,0.039149518875674645,-62.795829180549795,-0.017464915601609787,0.989090714086784,41.77653261975378,0.9961506247712032,-0.03942895947972019,64.20130968309792,0.017589576305124865,1.010333392395742,-41.10367389523235
CH03,2026-09-01,2026-09-01 22:00:00,,,ch0304_ref0904night_hourly,,09-18 (calibration),sample,5/10,unreliable,3.8032218692399122,10.024385577048118,tie (labels),2.1563098820121063,unreliable,0.0,1.003202392386527,0.04569364853927405,-66.05808661642929,-0.017527944745638555,0.9893081097116029,41.91893979787854,0.9960040675530086,-0.04600291795820987,67.72251651314949,0.017646579555068653,1.0099923912350919,-41.17211096376676
CH03,2026-09-01,2026-09-01 23:00:00,,,ch0304_ref0904night_hourly,,09-18 (calibration),sample,5/10,unreliable,4.371100947324417,10.557732827610426,tie (labels),2.1563098820121063,unreliable,0.0,1.0028888347892493,0.04404739168211001,-64.73051381407431,-0.017620068678865994,0.9885549765769621,42.680312977997836,0.9963395100297548,-0.044394249876324926,66.38832889663406,0.01775882071322031,1.0107862424892058,-41.991135593794944
CH03,2026-09-01,2026-09-02 00:00:00,,,ch0304_ref0904night_hourly,,09-18 (calibration),sample,5/10,unreliable,2.8834863033856806,13.400384834061668,tie (labels),2.1563098820121063,unreliable,0.0,1.0037269029658815,0.04695381751899027,-69.86648883507512,-0.018146315460925697,0.9897589765638654,44.038843298288725,0.9954331936164846,-0.047223000379020275,71.627068421636,0.018250346982810004,1.0094811971363211,-43.181296589544615
CH03,2026-09-01,2026-09-02 01:00:00,,,ch0304_ref0904night_hourly,,09-18 (calibration),sample,5/10,unreliable,2.2915298401728577,11.060838181017168,tie (labels),2.1563098820121063,unreliable,0.0,1.0028433217019617,0.04310461732577717,-66.2169392516003,-0.018308769144142815,0.9873976063918061,44.96371145845089,0.9963706334393468,-0.043496332775191195,67.9323702629362,0.018475151034957716,1.0119567124898534,-44.277961675090374
CH03,2026-09-01,2026-09-02 02:00:00,,,ch0304_ref0904night_hourly,,09-18 (calibration),ok,5/10,ok,1.6703085982434938,5.721720683390816,tie (labels),2.1563098820121063,unreliable,0.0,1.003247522298648,0.04402984404565427,-68.0527320327863,-0.018597555953986177,0.9872957809997823,45.85012877440881,0.9959396472135081,-0.04441532941758247,69.81286250600253,0.018760379282782083,1.0120310474882521,-45.1250587868716
CH03,2026-09-01,2026-09-02 03:00:00,,,ch0304_ref0904night_hourly,,09-18 (calibration),ok,5/10,unreliable,1.9323153120982381,9.635086394960373,tie (labels),2.1563098820121063,unreliable,0.0,1.002808340806374,0.04403887507221212,-67.23229759438209,-0.018490183009896258,0.9891175016352023,45.534435635918406,0.9963815540624956,-0.04436229539066237,69.00903324441032,0.01862597441845195,1.010172938389676,-44.745387589164565
CH03,2026-09-01,2026-09-02 04:00:00,,,ch0304_ref0904night_hourly,,09-18 (calibration),sample,5/10,unreliable,5.040360301331551,7.9811486652789965,tie (labels),2.1563098820121063,unreliable,0.0,1.0023382656232993,0.04335369322324911,-64.21841972337765,-0.018196769675694065,0.9884417823289887,44.69693791138053,0.9968734185098873,-0.043723510216917096,65.97194262237942,0.01835199231431174,1.0108884420090196,-44.00508198260867
CH03,2026-09-01,2026-09-02 04:20:00,,,ch0304_ref0904night_hourly,,09-18 (calibration),ok,5/10,unreliable,3.9331355882171453,8.125707239384834,tie (labels),2.1563098820121063,unreliable,0.0,1.002187970085509,0.041933046098613695,-63.47261086633323,-0.018329868589933934,0.9871142128931948,45.25990606575709,0.9970421438990711,-0.04235478897607981,65.2018417875327,0.018514221796817946,1.0122675058595572,-44.639986233019364
CH03,2026-09-02,2026-09-02 21:00:00,,,ch0304_ref0904night_hourly,,09-18 (calibration),sample,5/10,unreliable,6.742445215090831,9.439169218499972,tie (labels),2.1563098820121063,unreliable,0.25,1.001935601687034,0.0138797421881582,-34.758024377184725,-0.01330238726204095,0.9924779000282636,31.972254776483602,0.9978828570520223,-0.01395533017860686,35.1306200429493,0.0133748310227158,1.0073920646143575,-31.743713046929788
CH03,2026-09-02,2026-09-02 22:00:00,,,ch0304_ref0904night_hourly,,09-18 (calibration),ok,5/10,unreliable,1.518347076050035,8.217397678956804,tie (labels),2.1563098820121063,unreliable,0.25,1.000102230507396,0.013838275780422026,-28.756760107385183,-0.013184562497564306,0.9892199213133914,33.09784381443226,0.9997134117605725,-0.013985070048894216,29.211394422346565,0.013324422277616816,1.010711158791109,-33.06919286016504
CH03,2026-09-02,2026-09-02 23:00:00,,,ch0304_ref0904night_hourly,,09-18 (calibration),ok,5/10,unreliable,1.8635468916247266,6.562698885777608,tie (labels),2.1563098820121063,unreliable,0.25,1.0006631690099215,0.014793623078966438,-29.977802338483468,-0.013175290004620612,0.9903068056640645,31.99829592766546,0.9991407518622889,-0.014925588313991524,30.42963735941706,0.013292819039442074,1.0095894982515454,-31.906654028830616
CH03,2026-09-02,2026-09-03 00:00:00,,,ch0304_ref0904night_hourly,,09-18 (calibration),ok,5/10,ok,2.738569242674084,5.795369856801612,tie (labels),2.1563098820121063,unreliable,0.25,1.0008452658326776,0.016654145375868755,-30.288905189975146,-0.012856534678057266,0.9897672270153178,30.928527456134127,0.9989395317188788,-0.016808481558958505,30.776646350143462,0.012975677897069117,1.0101202321972607,-30.848512257909572
CH03,2026-09-02,2026-09-03 01:00:00,,,ch0304_ref0904night_hourly,,09-18 (calibration),ok,5/10,unreliable,1.8321914044350387,6.6542725389724415,tie (labels),2.1563098820121063,unreliable,0.25,1.00051616845518,0.008651976596793174,-24.776925167515238,-0.012675900359273387,0.9900487387573245,30.067819175532648,0.9993734504217054,-0.008733464693220965,25.023997432671763,0.012795287528116213,1.009939466946632,-30.049649388804184
CH03,2026-09-02,2026-09-03 02:00:00,,,ch0304_ref0904night_hourly,,09-18 (calibration),ok,5/10,unreliable,2.1803347596108034,6.052416288465869,tie (labels),2.1563098820121063,unreliable,0.25,1.0003700180550226,0.009570144865763255,-23.44613908348155,-0.012306275000239045,0.9892155456536267,29.356570693603786,0.9995111642251585,-0.009669749609790097,23.71854845992489,0.012434357008245826,1.010781730832429,-29.381547673156405
CH03,2026-09-02,2026-09-03 03:00:00,,,ch0304_ref0904night_hourly,,09-18 (calibration),ok,5/10,ok,1.5208655466389611,5.4354192246414055,tie (labels),2.1563098820121063,unreliable,0.25,1.0006862027001842,0.011118631735303603,-23.786835706861687,-0.011925749417882776,0.9899745261593044,28.079060029205458,0.9991805285477353,-0.01122202646679068,24.08244702887055,0.012036649723621746,1.0099918154495018,-28.07330700557593
CH03,2026-09-02,2026-09-03 04:00:00,,,ch0304_ref0904night_hourly,,09-18 (calibration),ok,5/10,ok,1.92938980688247,5.390263886637604,tie (labels),2.1563098820121063,unreliable,0.25,1.0002949785354946,0.009889254325449808,-21.244578592540275,-0.011556186284837773,0.9897269324863078,27.362740125295357,0.9995897215833494,-0.009987802345653619,21.509156040479855,0.01167134555185616,1.0102630799221484,-27.395613296233137
CH03,2026-09-02,2026-09-03 04:20:00,,,ch0304_ref0904night_hourly,,09-18 (calibration),ok,5/10,ok,2.0412829306291753,5.555820863710798,tie (labels),2.1563098820121063,unreliable,0.25,1.000636504225853,0.011640534014352867,-22.317197806891294,-0.011380519698994073,0.9896306810217798,26.75540862386244,0.9992302253846489,-0.011753448685271208,22.61448691684781,0.011490912197749469,1.0103428064834836,-26.775689677146786
CH03,2026-09-03,2026-09-03 21:00:00,,,ch0304_ref0904night_hourly,,09-18 (calibration),ok,5/10,ok,1.389675825031529,5.585856840818011,tie (labels),2.1563098820121063,unreliable,18.4,1.0020125076401443,-0.006526245941414892,0.38872075421849783,-0.0052570292556302365,0.9929133783161875,11.062694328968167,0.9980259504728887,0.0065598499838384556,-0.46052301541254603,0.005284098023144355,1.0071719317743166,-11.14408925650457
CH03,2026-09-03,2026-09-03 22:00:00,,,ch0304_ref0904night_hourly,,09-18 (calibration),ok,5/10,ok,1.0213972822867698,5.188774278658381,tie (labels),2.1563098820121063,unreliable,18.4,1.001634798526065,-0.0061479223506993195,0.9947143165535334,-0.005356329553080371,0.9925155977570782,11.25414556989469,0.9984009411786912,0.006184377832552745,-1.0627235982377448,0.005388091108234216,1.0075742162900634,-11.344746513965188
CH03,2026-09-03,2026-09-03 23:00:00,,,ch0304_ref0904night_hourly,,09-18 (calibration),ok,5/10,ok,0.9929393542160669,4.413750034111708,tie (labels),2.1563098820121063,unreliable,18.4,1.0017691898567878,-0.005176975547326785,0.4982562772531162,-0.0052676388895671064,0.9921496042753616,11.063608696451961,0.9982613246158514,0.005208866127757872,-0.5550188279185747,0.005300087963385198,1.0079401676082684,-11.154096405951837
CH03,2026-09-03,2026-09-04 00:00:00,,,ch0304_ref0904night_hourly,,09-18 (calibration),ok,5/10,ok,0.5084049560388892,0.9873806335453973,tie (labels),2.1563098820121063,unreliable,18.4,1.0011205181674812,-0.0037992534956465627,1.5611694221655381,-0.005292931687975753,0.9911733552620018,11.493724527279102,0.9989009792745216,0.003828874149174772,-1.60346168933483,0.005334197714540617,1.008925694642965,-11.604641589083679
CH03,2026-09-03,2026-09-04 01:00:00,,,ch0304_ref0904night_hourly,,09-18 (calibration),ok,5/10,ok,0.458719869039371,0.9594931360032203,tie (labels),2.1563098820121063,unreliable,18.4,1.001603776916961,-0.0037772226025626267,0.7126241590017421,-0.005152842267360221,0.9920777419841035,10.405627065709723,0.9984183475284826,0.0038013637334061274,-0.7510526085903322,0.005185775311684341,1.0080052656233698,-10.492622383118716
CH03,2026-09-03,2026-09-04 02:00:00,,,ch0304_ref0904night_hourly,,09-18 (calibration),ok,5/10,ok,0.4131801287876191,0.5893181745089676,tie (labels),2.1563098820121063,unreliable,18.4,1.0016029997059788,-0.003523396873432215,0.9505388546930418,-0.005002536904133075,0.9920506611287631,10.003822632698885,0.9984172764389848,0.003546008735262796,-0.9845080568936285,0.0050346413412266046,1.0080309184026273,-10.088948138190727
CH03,2026-09-03,2026-09-04 03:00:00,,,ch0304_ref0904night_hourly,,09-18 (calibration),ok,5/10,ok,0.34731520174865654,0.5636856308119399,tie (labels),2.1563098820121063,unreliable,18.4,1.0016292216804765,-0.002645898780131289,0.8985586792815158,-0.004906699563904582,0.9919614802150127,9.857461319640116,0.9983864738310012,0.002663036424193043,-0.9233596098823897,0.0049384805493586014,1.0081168338340147,-9.941910209756951
CH03,2026-09-03,2026-09-04 04:00:00,,,ch0304_ref0904night_hourly,,09-18 (calibration),ok,5/10,ok,0.2978496913601181,0.612564862782675,tie (labels),2.1563098820121063,unreliable,18.4,1.0013702669203732,-0.002632994095837423,1.799533875150946,-0.004844091022643353,0.991816562408203,9.957757206470426,0.9986444328358951,0.002651120171973524,-1.8234936971167854,0.004877438747511193,1.008263907026639,-10.048824302468661
CH03,2026-09-03,2026-09-04 04:20:00,,,ch0304_ref0904night_hourly,,09-18 (calibration),ok,5/10,ok,0.6304903667984223,3.8280307991937303,tie (labels),2.1563098820121063,unreliable,18.4,1.00156043094516,-0.0029645622898970296,1.2834237094311693,-0.004930928655169691,0.9920659287798005,10.329254793957526,0.9984566894970129,0.002983659617681793,-1.312261968550099,0.004962693061379664,1.0080123540203445,-10.418385678070658
CH03,2026-09-04,2026-09-04 21:00:00,,,ch0304_ref0904night_hourly,,09-18 (calibration),ok,5/10,unreliable,3.8581358558368724,6.4556808792494795,tie (labels),2.1563098820121063,unreliable,0.0,1.002868633748286,-0.001475746321184019,6.543456582625326,-1.688500969404365e-05,1.0002548877686737,-3.587140029753252,0.9971395965419914,0.00147115011313404,-6.519462435328455,1.6832421375600497e-05,0.9997452020165998,3.586115891489045
CH03,2026-09-04,2026-09-04 22:00:00,,,ch0304_ref0904night_hourly,,09-18 (calibration),ok,5/10,unreliable,2.318142783992642,6.491063156559758,tie (labels),2.1563098820121063,unreliable,0.0,1.0020711683407357,-0.009007030847977774,11.220322745917768,-0.0005220464174487995,0.9981408571353597,-1.7619012669328207,0.9979378039460773,0.009005198535106727,-11.18131796991941,0.0005219402168166354,1.0018673156027529,1.7593349549723172
CH03,2026-09-04,2026-09-04 23:00:00,,,ch0304_ref0904night_hourly,,09-18 (calibration),ok,5/10,unreliable,2.1134086676336903,6.149105699018775,tie (labels),2.1563098820121063,unreliable,0.0,1.0014609762145368,-0.008795838379892205,12.08062677653985,-0.0008046260383398566,0.9971369079384093,-0.4882327153143571,0.9985482321614642,0.008808287803505743,-12.058788016844739,0.0008057648871873611,1.002878420622545,0.4799039095589678
CH03,2026-09-04,2026-09-05 00:00:00,,,ch0304_ref0904night_hourly,,09-18 (calibration),ok,5/10,unreliable,4.076883320734017,6.503703900325992,tie (labels),2.1563098820121063,unreliable,0.0,1.0019707424143347,-0.004234256158652221,8.70205291503628,-0.0007433402373750609,0.9987520154550901,-0.9312376728004637,0.9980362728234704,0.004231221734091321,-8.681024184154667,0.0007428075322696348,1.0012526931239363,0.9259402773784333
CH03,2026-09-04,2026-09-05 01:00:00,,,ch0304_ref0904night_hourly,,09-18 (calibration),ok,5/10,unreliable,3.4289801436495457,6.37444277918138,tie (labels),2.1563098820121063,unreliable,0.0,1.0015778045729,-0.003284056046565422,8.624625210680154,-0.0010041048520135522,0.9969862482636725,0.2859000109700123,0.9984279780756197,0.0032888050804810703,-8.612007380167988,0.0010055568759526888,1.003026174179153,-0.2954377453841436
CH03,2026-09-04,2026-09-05 02:00:00,,,ch0304_ref0904night_hourly,,09-18 (calibration),ok,5/10,unreliable,3.849977231783879,6.249815400854106,tie (labels),2.1563098820121063,unreliable,0.0,1.0018668278701457,-0.0030064062841453033,7.896910300741771,-0.0009268021526660135,0.9983216904578993,-0.22466770453513618,0.9981394313264341,0.0030058574179798003,-7.881542237731994,0.0009266329505370809,1.0016839215187794,0.21772849002527467
CH03,2026-09-04,2026-09-05 03:00:00,,,ch0304_ref0904night_hourly,,09-18 (calibration),ok,5/10,unreliable,4.790277660710554,7.8951933948502795,tie (labels),2.1563098820121063,unreliable,0.0,1.002629802467133,0.0031882916613643476,3.6604822631792886,-0.000583227052437644,1.0019847171258152,-1.5598940325324033,0.9973752491654576,-0.003173624443381732,-3.6558249271349115,0.0005805440111039033,0.9980173668964301,1.5546762639298026
CH03,2026-09-04,2026-09-05 04:00:00,,,ch0304_ref0904night_hourly,,09-18 (calibration),ok,5/10,unreliable,2.704387117473561,6.333761056494869,tie (labels),2.1563098820121063,unreliable,0.0,1.0014968753398017,-0.004751995358505219,9.465821025589266,-0.0010393912848133476,0.9979252910895499,0.4388322489062002,0.9985102966384414,0.004754781081723033,-9.453806311462683,0.0010400005986312402,1.0020839746292,-0.44959122371254456
CH03,2026-09-04,2026-09-05 04:20:00,,,ch0304_ref0904night_hourly,,09-18 (calibration),ok,5/10,unreliable,3.1252420596466894,6.4690979189898865,tie (labels),2.1563098820121063,unreliable,0.0,1.0014725570523313,-0.0041222319112396285,9.356004067843193,-0.0009942875567333174,0.9976619285376473,0.3544378575317175,0.9985337044169732,0.0041258339955192935,-9.343747752165637,0.0009951563840226822,1.00234766273099,-0.36458064525735306
CH03,2026-09-05,2026-09-05 21:00:00,,,ch0304_ref0904night_hourly,,09-18 (calibration),ok,5/10,ok,2.553775865790611,5.932487746406463,tie (labels),2.1563098820121063,unreliable,0.0,1.0011333333435786,-0.010357017042760618,16.599127590460725,0.0016864351545931152,0.9995943235906269,-7.968597356284457,0.9988505159643114,0.010349310288049753,-16.49757767168841,-0.0016851802621835952,1.0003883805254945,7.9996647264980565
CH03,2026-09-05,2026-09-05 22:00:00,,,ch0304_ref0904night_hourly,,09-18 (calibration),ok,5/10,ok,2.8369035239501863,5.836420190885245,tie (labels),2.1563098820121063,unreliable,0.0,1.0007288751824062,-0.00927514968606348,16.252509615473077,0.0012964392177189062,0.9991704624435588,-6.694259270976209,0.9992596387075575,0.009275977495959912,-16.178381088099034,-0.0012965549253086352,1.00081819053521,6.7208087219425305
CH03,2026-09-05,2026-09-05 23:00:00,,,ch0304_ref0904night_hourly,,09-18 (calibration),ok,5/10,unreliable,2.9160497503554144,6.03351980332341,tie (labels),2.1563098820121063,unreliable,0.0,1.0012077459103004,-0.009471508632804769,14.718699277166431,0.0010652781639931613,1.0000963380897179,-6.658662119656714,0.9987836465877397,0.00945907666158393,-14.637811341623198,-0.0010638799171044787,0.9998935956132583,6.67361253736423
CH03,2026-09-05,2026-09-06 00:00:00,,,ch0304_ref0904night_hourly,,09-18 (calibration),ok,5/10,unreliable,3.031515252667689,5.987218047575216,tie (labels),2.1563098820121063,unreliable,0.0,1.0014538959659605,-0.009434350325228612,13.844516785042723,0.0008674362752214993,0.9995673033627055,-6.068633362419035,0.9985400513601312,0.00942465467468865,-13.767109727804666,-0.0008665448138383298,1.0004247051184247,6.0832076362900755
CH03,2026-09-05,2026-09-06 01:00:00,,,ch0304_ref0904night_hourly,,09-18 (calibration),ok,5/10,ok,2.709151211722265,5.7052295180328825,tie (labels),2.1563098820121063,unreliable,0.0,1.0012762635639372,-0.008872853808564866,13.416686544364856,0.0006299647759954244,0.999495589384593,-5.4148505785291725,0.9987197850809689,0.008865966736482486,-13.351502416974533,-0.0006294757999663757,1.0004990771084492,5.425998485994001
CH03,2026-09-05,2026-09-06 02:00:00,,,ch0304_ref0904night_hourly,,09-18 (calibration),ok,5/10,ok,2.6686835189849933,5.648426888655688,tie (labels),2.1563098820121063,unreliable,0.0,1.001360301892676,-0.009104062813850447,13.331522228256091,0.0005809014950666977,0.9996905612677438,-5.3791648296257595,0.9986362702052565,0.00909446151077843,-13.264421026680967,-0.0005802888662411762,1.0003042498926689,5.388537573866925
CH03,2026-09-05,2026-09-06 03:00:00,,,ch0304_ref0904night_hourly,,09-18 (calibration),ok,5/10,ok,2.574982739682871,5.817570081392716,tie (labels),2.1563098820121063,unreliable,0.0,1.0012883359768292,-0.009947017943808756,14.02255674682829,0.0004505770799854312,0.9981357460642242,-4.808190044971441,0.9987088429955322,0.009952729196493312,-13.956596811021198,-0.0004508357866221543,1.001863243022254,4.823470741923816
CH03,2026-09-05,2026-09-06 04:00:00,,,ch0304_ref0904night_hourly,,09-18 (calibration),ok,5/10,unreliable,3.0565146067297,5.7271970713468825,tie (labels),2.1563098820121063,unreliable,0.0,1.0016385633953129,-0.01004618091888116,13.70126892229371,0.0006358869078839932,0.9989963677206879,-5.474250472392553,0.9983577433951059,0.010039758737858987,-13.62380776889721,-0.0006354804070589498,1.0009982500040993,5.488422030901023
CH03,2026-09-05,2026-09-06 04:20:00,,,ch0304_ref0904night_hourly,,09-18 (calibration),ok,5/10,ok,2.774813767547517,5.590519901728427,tie (labels),2.1563098820121063,unreliable,0.0,1.0013461182270926,-0.00986495301036514,14.444856288373549,0.0006215897583232051,0.9982604862173892,-5.100435778454845,0.9986495652739769,0.009868797945292994,-14.3750142826988,-0.0006218320273101999,1.0017363999304922,5.118274449056038
CH03,2026-09-06,2026-09-06 21:00:00,,,ch0304_ref0904night_hourly,,09-18 (calibration),ok,5/10,unreliable,2.153911492916491,6.04902477885081,tie (labels),2.1563098820121063,unreliable,0.0,1.0012983140782517,-0.013381891605521909,17.696226977778856,0.0034966635081696952,1.000519738331543,-12.26731964097466,0.9986567250712323,0.013356973914691839,-17.50860181129814,-0.0034901525616755987,0.9994338510744879,12.322137043059497
CH03,2026-09-06,2026-09-06 22:00:00,,,ch0304_ref0904night_hourly,,09-18 (calibration),ok,5/10,ok,2.3022502744879345,5.611793670039033,tie (labels),2.1563098820121063,unreliable,0.0,1.0009690152480564,-0.014782829420181814,17.20533322968172,0.0026508143841019183,0.9986415065087624,-9.877125094479524,0.9989927604623989,0.01478802901107197,-17.041940125352035,-0.002651746759760955,1.0013210878604824,9.935797831180722
CH03,2026-09-06,2026-09-06 23:00:00,,,ch0304_ref0904night_hourly,,09-18 (calibration),ok,5/10,unreliable,4.06331626732487,5.938123746086939,tie (labels),2.1563098820121063,unreliable,0.0,1.0033055576385825,-0.0038582177330441034,10.150982817944232,0.0024556204659330677,0.9989011124404975,-9.130323466474639,0.9966959108159974,0.003849700225248165,-10.082294057102992,-0.0024501993705181263,1.0010906326394813,9.165153226966865
CH03,2026-09-06,2026-09-07 00:00:00,,,ch0304_ref0904night_hourly,,09-18 (calibration),ok,5/10,unreliable,2.681701492609922,6.358278307855438,tie (labels),2.1563098820121063,unreliable,0.0,1.0007849888547353,-0.013477028526383753,14.961065153937582,0.0018260442209542755,0.9992633667095706,-7.782263666710495,0.9991910383024138,0.013476053035798392,-14.8440880273618,-0.0018259120487219096,1.0007125503099414,7.815126510224545
CH03,2026-09-06,2026-09-07 01:00:00,,,ch0304_ref0904night_hourly,,09-18 (calibration),ok,5/10,unreliable,3.4513975096661857,6.243552147264357,tie (labels),2.1563098820121063,unreliable,0.0,1.0004685016232198,-0.014431723035243796,15.22986676841054,0.0014227623853043199,0.9980417307626298,-6.3985087948589925,0.9995111642534813,0.014452971101837643,-15.129944402412473,-0.001424857142100604,1.001941508089296,6.432631935881854
CH03,2026-09-06,2026-09-07 02:00:00,,,ch0304_ref0904night_hourly,,09-18 (calibration),ok,5/10,unreliable,2.8243584534742934,6.159883631599453,tie (labels),2.1563098820121063,unreliable,0.0,1.0035542965028084,0.006919810806226433,2.725972892743992,0.0012806944252104092,0.9947895035092645,-4.940073291044879,0.996467137446671,-0.006931480520681608,-2.7505844269774444,-0.0012828542152198545,1.0052467115714276,4.969489456560736
CH03,2026-09-06,2026-09-07 03:00:00,,,ch0304_ref0904night_hourly,,09-18 (calibration),ok,5/10,unreliable,3.70655883471962,8.22047672573521,tie (labels),2.1563098820121063,unreliable,0.0,1.0004332585860156,-0.022509020327896936,18.85364202658941,0.0013214263959104898,1.002421182536733,-6.8533969920744955,0.9995372834478455,0.022444263373089676,-18.69109868726485,-0.0013176247400341103,0.9975550786221528,6.861483000431679
CH03,2026-09-06,2026-09-07 04:00:00,,,ch0304_ref0904night_hourly,,09-18 (calibration),ok,5/10,unreliable,3.723465896190595,7.428012442743209,tie (labels),2.1563098820121063,unreliable,0.0,1.0002115470464255,-0.010421988225756972,12.74659074484843,0.0008821747720935127,0.9985704847697862,-4.517151128076717,0.9997792944983587,0.010434604461616648,-12.696642816829046,-0.0008832426801311248,1.001422343346878,4.534834400902595
CH03,2026-09-06,2026-09-07 04:20:00,,,ch0304_ref0904night_hourly,,09-18 (calibration),ok,5/10,unreliable,3.0707773563866585,6.119369393965007,tie (labels),2.1563098820121063,unreliable,0.0,0.9998568476964627,-0.012948857489280957,15.05295436313257,0.0009171466725303801,0.9988594621455317,-4.7695512127365,1.0001312799736517,0.012965344881584653,-14.993091638181234,-0.0009183144479115329,1.0011299354657237,4.788763843282775
CH03,2026-09-07,2026-09-07 21:00:00,,,ch0304_ref0904night_hourly,,09-18 (calibration),ok,5/10,ok,2.3109263864139518,5.759502679615852,tie (labels),2.1563098820121063,unreliable,0.0,1.0013810957913356,-0.014150388434093643,16.659442326659523,0.004556261373466994,1.001117436724172,-14.6305044072369,0.9985565897491062,0.014114191902010426,-16.428898170004096,-0.004544606508884841,0.9988195743793857,14.688944795024216
CH03,2026-09-07,2026-09-07 22:00:00,,,ch0304_ref0904night_hourly,,09-18 (calibration),ok,5/10,unreliable,2.5998829159569516,6.336246481750189,tie (labels),2.1563098820121063,unreliable,0.0,1.0012934287003428,-0.0149563908102744,15.380592651687497,0.003787127675506233,1.0002638216792021,-12.768655129299123,0.9986517646700301,0.014932286614846097,-15.169190775201798,-0.0037810242200161806,0.9996797123437275,12.822719880008242
CH03,2026-09-07,2026-09-07 23:00:00,,,ch0304_ref0904night_hourly,,09-18 (calibration),ok,5/10,unreliable,3.6914187734895725,6.551323998867547,tie (labels),2.1563098820121063,unreliable,0.0,1.000976127023665,-0.016495689487309402,15.465019381221826,0.0032263267914498205,0.9997566367944697,-11.23890092050043,0.998971698029731,0.016482738229320056,-15.263868809463993,-0.0032237937060237074,1.000190230800762,11.290894937766941
CH03,2026-09-07,2026-09-08 00:00:00,,,ch0304_ref0904night_hourly,,09-18 (calibration),ok,5/10,unreliable,3.2162721294179697,7.0405341442384275,tie (labels),2.1563098820121063,unreliable,0.0,1.0009768133313968,-0.012269455904913722,12.59616893557829,0.002880832343729674,1.000434974896416,-10.217614097269113,0.998988879191308,0.012251720811745926,-12.458249331775827,-0.002876668195750106,0.9995299344167314,10.24904614710414
CH03,2026-09-07,2026-09-08 01:00:00,,,ch0304_ref0904night_hourly,,09-18 (calibration),ok,5/10,unreliable,3.140361279589844,7.569788967852344,tie (labels),2.1563098820121063,unreliable,0.0,1.003411710308777,0.003525372751375586,3.188241276315872,0.0026178167516859334,0.9974762430069812,-8.586380105397154,0.9966090792871085,-0.003522307941190428,-3.207674077765637,-0.0026155409323586542,1.0025393865443009,8.616523219061493
CH03,2026-09-07,2026-09-08 02:00:00,,,ch0304_ref0904night_hourly,,09-18 (calibration),ok,5/10,unreliable,2.8831856904792112,8.72905605044921,tie (labels),2.1563098820121063,unreliable,0.0,1.0004291189742431,-0.011349117022715167,11.879551399285702,0.002111617711938715,0.9969169857247933,-7.347559644979068,0.9995470471755531,0.011379058206995326,-11.790562214046648,-0.0021171885713206265,1.0030684461175348,7.395256486300043
CH03,2026-09-07,2026-09-08 03:00:00,,,ch0304_ref0904night_hourly,,09-18 (calibration),ok,5/10,unreliable,3.8051844281015876,8.895695073947406,tie (labels),2.1563098820121063,unreliable,0.0,0.9995942082913605,-0.016373799180237084,15.753840200953888,0.0017205589798617521,0.9964357158066728,-5.916511967186539,1.0003776614232243,0.016438574684447683,-15.662530794821404,-0.0017273655904850912,1.0035486490497534,5.964720233237879
CH03,2026-09-07,2026-09-08 04:00:00,,,ch0304_ref0904night_hourly,,09-18 (calibration),ok,5/10,unreliable,2.456021277428889,7.290669778959548,tie (labels),2.1563098820121063,unreliable,0.0,1.0002219929037957,-0.0059182791878999155,9.25398878356726,0.0019904896287884786,0.9985091763579509,-6.49141321958359,0.9997662638796757,0.005925730090799304,-9.213359429484367,-0.001992995584400824,1.001481236800602,6.519471698516097
CH03,2026-09-07,2026-09-08 04:20:00,,,ch0304_ref0904night_hourly,,09-18 (calibration),ok,5/10,unreliable,2.3046438133206464,6.771955338426941,tie (labels),2.1563098820121063,unreliable,0.0,1.000271696436633,-0.005086644019994695,8.807700756287925,0.0019153594063173593,0.9967687839205464,-6.134406825617598,0.9997186084324116,0.005101697367827575,-8.773926456409827,-0.0019210276959116257,1.003231887422017,6.171152374968978
CH03,2026-09-08,2026-09-08 21:00:00,,,ch0304_ref0904night_hourly,,09-18 (calibration),ok,5/10,unreliable,2.830488650228787,8.293754711154614,tie (labels),2.1563098820121063,unreliable,0.0,1.002023996027466,-0.013413608182187241,12.276557961305413,0.0055781637027769535,1.001662551196878,-16.92666402518095,0.9979057001582424,0.013363298896119907,-12.024651097227029,-0.005557242155819432,0.998265789348265,16.96553342956107
CH03,2026-09-08,2026-09-08 22:00:00,,,ch0304_ref0904night_hourly,,09-18 (calibration),ok,5/10,unreliable,1.8486636002551537,8.381507348790544,tie (labels),2.1563098820121063,unreliable,0.0,1.0021522521580692,-0.010340403727582458,8.570712807412349,0.004790170533752814,1.0005983202177022,-14.939419742929845,0.9978030822374512,0.010311517121792254,-8.397835573739178,-0.004776788873662768,0.9993526731655552,14.970689541217018
CH03,2026-09-08,2026-09-08 23:00:00,,,ch0304_ref0904night_hourly,,09-18 (calibration),ok,5/10,unreliable,1.9926456191512951,7.793916087506917,tie (labels),2.1563098820121063,unreliable,0.0,1.0016557497396477,-0.007876960291496959,7.463220300403215,0.0043330533782479945,1.0009461560348023,-13.473239169068766,0.99831300200543,0.007856238647674551,-7.3447808804540005,-0.004321654566340252,0.9990207290069448,13.492298676858844
CH03,2026-09-08,2026-09-09 00:00:00,,,ch0304_ref0904night_hourly,,09-18 (calibration),ok,5/10,unreliable,2.2460779677916802,8.980931234478755,tie (labels),2.1563098820121063,unreliable,0.0,1.00178692040109,-0.008778963108651734,6.333786211052266,0.003733520189363058,0.9999539480708408,-11.769762807520266,0.998183606940861,0.008763420633420945,-6.2191381835025465,-0.003726910280613169,1.0000133341353592,11.793525200075862
CH03,2026-09-08,2026-09-09 01:00:00,,,ch0304_ref0904night_hourly,,09-18 (calibration),ok,5/10,unreliable,1.6157737162956527,7.420202658220205,tie (labels),2.1563098820121063,unreliable,0.0,1.0017454205257548,-0.007664623655365112,5.247770493515321,0.0033579122697281827,0.9987144934458012,-10.6925282830712,0.9982319407827869,0.007660920310134646,-5.1565775174339725,-0.0033562898145434827,1.001261403398228,10.72362891323956
CH03,2026-09-08,2026-09-09 02:00:00,,,ch0304_ref0904night_hourly,,09-18 (calibration),ok,5/10,unreliable,2.1390150111948647,6.803313662718242,tie (labels),2.1563098820121063,unreliable,0.0,1.001843347392684,-0.006137511891727675,4.073965266853109,0.003274127832068304,1.0002950004949556,-10.587052306153344,0.9981400294720034,0.006124289632021136,-4.00154963685244,-0.003267074262271337,0.9996850407110547,10.597027762755694
CH03,2026-09-08,2026-09-09 03:00:00,,,ch0304_ref0904night_hourly,,09-18 (calibration),ok,5/10,unreliable,1.5554958893694517,8.285063926185781,tie (labels),2.1563098820121063,unreliable,0.0,1.0015723590845804,-0.006442716087409664,4.559756855929781,0.0029638062988566454,0.9986826693335781,-9.460777806500928,0.9984110495469889,0.006440963809912063,-4.491575100742639,-0.002963000208534757,1.001299953365745,9.486586936968044
CH03,2026-09-08,2026-09-09 04:00:00,,,ch0304_ref0904night_hourly,,09-18 (calibration),ok,5/10,unreliable,1.8164580763030977,8.790939793030914,tie (labels),2.1563098820121063,unreliable,0.0,1.001799504105372,-0.005380547075494209,3.357451394013996,0.0028756372584321493,0.9994399541684256,-9.309236343194279,0.9981883029263366,0.005373808733283582,-3.3013426535872354,-0.002872035946586148,1.0005448978747447,9.323951647385707
CH03,2026-09-08,2026-09-09 04:20:00,,,ch0304_ref0904night_hourly,,09-18 (calibration),ok,5/10,unreliable,1.6958188561451415,8.364646281689227,tie (labels),2.1563098820121063,unreliable,0.0,1.0017382164712607,-0.006380401282235857,4.0393718579556515,0.002786959306622337,0.998268316645537,-8.983394326452823,0.9982470489971479,0.006380265350714453,-3.9749745974534836,-0.0027868999317332216,1.0017168748982481,9.010075015828155
CH03,2026-09-09,2026-09-09 21:00:00,,,ch0304_ref0904night_hourly,,09-18 (calibration),ok,5/10,ok,2.4854220057629126,5.2475794784545835,tie (labels),2.1563098820121063,unreliable,7.199999999999999,1.00219237858886,-0.012183235875934706,12.0608714315456,0.0024904897307050236,1.0000086015363252,-9.810397524058743,0.9977822089779758,0.012156111443555698,-11.914866653558889,-0.0024849449705953916,0.9999611241273515,9.839986738098784
CH03,2026-09-09,2026-09-09 22:00:00,,,ch0304_ref0904night_hourly,,09-18 (calibration),ok,5/10,ok,2.1183816145723418,3.9165197043398408,tie (labels),2.1563098820121063,unreliable,7.199999999999999,1.0012851671086138,-0.012814987021386667,16.299997802804082,0.0022991059939879563,0.9937882780773653,-8.125197555366976,0.9986869121845284,0.012878155337909043,-16.17395691802779,-0.002310438869698587,1.0062207552804567,8.213402569463879
CH03,2026-09-09,2026-09-09 23:00:00,,,ch0304_ref0904night_hourly,,09-18 (calibration),ok,5/10,ok,1.9700174000869939,4.150755601893974,tie (labels),2.1563098820121063,unreliable,7.199999999999999,1.001784413810682,-0.013719025593094255,16.282390698302162,0.002409992438976774,0.9955014990465998,-9.07031347473542,0.9981856718064982,0.013756016230300325,-16.128077718428248,-0.0024164905065964183,1.0044855272067106,9.15034485514688
CH03,2026-09-09,2026-09-10 00:00:00,,,ch0304_ref0904night_hourly,,09-18 (calibration),ok,5/10,ok,1.5130334919539816,4.3364071216412725,tie (labels),2.1563098820121063,unreliable,7.199999999999999,1.0007742215286652,-0.016416060634508733,20.5145645543354,0.002239416450127922,0.9923101091313495,-7.851361617234293,0.9991893888090986,0.016529866461207937,-20.368153259659646,-0.0022549414074307023,1.0077121794319701,7.958171867880668
CH03,2026-09-09,2026-09-10 01:00:00,,,ch0304_ref0904night_hourly,,09-18 (calibration),ok,5/10,ok,1.837569944893191,5.218583290685624,tie (labels),2.1563098820121063,unreliable,7.199999999999999,1.0020202216536611,-0.01245455575783964,15.99713540759965,0.002325725817516634,0.9953972596183274,-8.723556548043444,0.9979548696550808,0.012486556947818575,-15.855491994921127,-0.002331701622288186,1.0045948489707124,8.800940519451036
CH03,2026-09-09,2026-09-10 02:00:00,,,ch0304_ref0904night_hourly,,09-18 (calibration),ok,5/10,ok,1.8564879551326923,5.468372223729657,tie (labels),2.1563098820121063,unreliable,7.199999999999999,1.001987189346573,-0.01223803676508011,16.299515967092866,0.002138858199816263,0.994047413179689,-7.749398262501552,0.9979905246055587,0.012286581675472506,-16.171548876127698,-0.002147342459313537,1.0059617956706814,7.830599234215717
CH03,2026-09-09,2026-09-10 03:00:00,,,ch0304_ref0904night_hourly,,09-18 (calibration),ok,5/10,ok,1.7036163425586563,5.626108338136975,tie (labels),2.1563098820121063,unreliable,7.199999999999999,1.0015128047066277,-0.012331551323407087,17.80036770847996,0.0020901262212792973,0.9932307286934491,-6.997105084626181,0.9984636092596446,0.012396520653701755,-17.686279630660042,-0.0021011381448618627,1.00678931976113,7.082011700032791
CH03,2026-09-09,2026-09-10 04:00:00,,,ch0304_ref0904night_hourly,,09-18 (calibration),ok,5/10,unreliable,2.3875869153741065,7.3448613520276025,tie (labels),2.1563098820121063,unreliable,7.199999999999999,1.0018256806536177,-0.012832221174992255,17.392682586154997,0.0022350153150043706,0.9976333690367242,-7.669968821644867,0.9981490036401836,0.012838853608792519,-17.26201518711548,-0.002236170500136952,1.0023434820861,7.726836259896742
CH03,2026-09-09,2026-09-10 04:20:00,,,ch0304_ref0904night_hourly,,09-18 (calibration),ok,5/10,unreliable,1.8386691987953006,6.322476200611153,tie (labels),2.1563098820121063,unreliable,7.199999999999999,1.000761524632309,-0.01473609922134591,19.720215133744002,0.0015463148528060714,0.991746925012973,-4.749974396771707,0.9992161140529163,0.01484708188034851,-19.634233475428765,-0.0015579606846806995,1.0082986057392482,4.820115881433858
CH03,2026-09-10,2026-09-10 21:00:00,,,ch0304_ref0904night_hourly,,09-18 (calibration),ok,5/10,unreliable,3.4777294393264393,6.779387969926805,tie (labels),2.1563098820121063,unreliable,0.0,1.0016942690318305,-0.008880391420674719,18.813913888916602,0.005049423747095257,0.9983060712499755,-14.556308467780884,0.9982638335391042,0.008880015696820029,-18.651989554942833,-0.005049210109107431,1.0016518879684118,14.675349262803097
CH03,2026-09-10,2026-09-10 22:00:00,,,ch0304_ref0904night_hourly,,09-18 (calibration),ok,5/10,unreliable,2.2972255692503807,7.051236879218797,tie (labels),2.1563098820121063,unreliable,0.0,1.0020040088004996,-0.010211303798395452,17.659953844661327,0.004514590667452561,0.9984886001659877,-13.719707068351838,0.9979540161937713,0.010205836736132401,-17.48380077466924,-0.00451217358646482,1.0014675427025268,13.819526101616871
CH03,2026-09-10,2026-09-10 23:00:00,,,ch0304_ref0904night_hourly,,09-18 (calibration),ok,5/10,unreliable,2.4541782153218095,6.479878302215768,tie (labels),2.1563098820121063,unreliable,0.0,1.00116159075222,-0.011514875345515907,19.463536888319364,0.004110368535035225,0.997848051829717,-12.160968066860677,0.9987924367662654,0.011525773272111642,-19.299868876066565,-0.004114258676546282,1.0021091116935332,12.266694932334223
CH03,2026-09-10,2026-09-11 01:00:00,,,ch0304_ref0904night_hourly,,09-18 (calibration),ok,5/10,ok,1.1962616963595338,5.844475604684181,tie (labels),2.1563098820121063,unreliable,0.0,1.0002688649954756,-0.014916682184843615,21.60662601428263,0.0033381309983652654,0.9945286106962726,-9.507721916674962,0.9996811689107012,0.014993964097597968,-21.457178709105854,-0.003355425537819916,1.0054511629218885,9.632049482573215
CH03,2026-09-10,2026-09-11 02:00:00,,,ch0304_ref0904night_hourly,,09-18 (calibration),ok,5/10,ok,1.6418264480569957,5.981654113960261,tie (labels),2.1563098820121063,unreliable,0.0,1.004231877698336,0.0002179222075475904,11.448276963488446,0.0037052004691391343,0.9957768454037197,-10.575113930567678,0.9957867596729464,-0.0002179243772500153,-11.402347196428266,-0.003705237359286922,1.0042418761485388,10.662390837622414
CH03,2026-09-10,2026-09-11 03:00:00,,,ch0304_ref0904night_hourly,,09-18 (calibration),ok,5/10,ok,1.1857588016694047,5.933945245131081,tie (labels),2.1563098820121063,unreliable,0.0,1.000560974431136,-0.013839772054170033,19.864309832863682,0.003101286658302483,0.9961009436092849,-9.204629654445082,0.9993963011340525,0.013885557571463616,-19.724506356553956,-0.0031115465103701534,1.003871086882323,9.302070299498405
CH03,2026-09-10,2026-09-11 04:00:00,,,ch0304_ref0904night_hourly,,09-18 (calibration),ok,5/10,ok,1.6449118737043642,5.812060197062723,tie (labels),2.1563098820121063,unreliable,0.0,1.0004977255584828,-0.014451179826274104,19.4844207940364,0.0027125209647290184,0.9958862187734905,-8.126521609874116,0.9994632016977008,0.014503084976178617,-19.35610195656412,-0.002722263685322489,1.0040912719020014,8.21281115055475
CH03,2026-09-10,2026-09-11 04:20:00,,,ch0304_ref0904night_hourly,,09-18 (calibration),ok,5/10,ok,1.4961792233204736,5.716509570829879,tie (labels),2.1563098820121063,unreliable,0.0,0.9999885221278362,-0.014655596513426053,20.788291917629074,0.0028112064166478145,0.9964934733784454,-8.09054427271342,0.9999701338802812,0.014706728342073485,-20.668685615255598,-0.0028210144189803645,1.0034773764856917,8.177322212369406
CH03,2026-09-11,2026-09-11 21:00:00,,,ch0304_ref0904night_hourly,,09-18 (calibration),ok,5/10,unreliable,1.7419907772187027,6.104259470005804,tie (labels),2.1563098820121063,unreliable,0.0,1.0009633781919187,-0.014335686246350872,18.277130169481314,0.005715258497713871,0.9992142881186729,-15.868419820236007,0.9989557168969644,0.014331976535680375,-18.030617850751394,-0.005713779534302613,1.0007043543502243,15.984028303075743
CH03,2026-09-11,2026-09-11 22:00:00,,,ch0304_ref0904night_hourly,,09-18 (calibration),ok,5/10,ok,2.673350033013329,5.7270535711289465,tie (labels),2.1563098820121063,unreliable,0.0,0.9996813669004969,-0.016912547705089438,20.058615165033384,0.004515282920835806,0.9957754612700996,-12.076724437650492,1.0002420027375745,0.016988408778778757,-19.8583050733598,-0.004535536179916492,1.0041654282709465,12.218005741843543
CH03,2026-09-11,2026-09-11 23:00:00,,,ch0304_ref0904night_hourly,,09-18 (calibration),ok,5/10,unreliable,3.3230903176667854,5.24574349939354,tie (labels),2.1563098820121063,unreliable,0.0,0.9999893478339117,-0.01742257414958974,18.49525903488572,0.004086016751942402,0.9972975094061711,-11.412745127125081,0.999939274015373,0.017468725212191897,-18.29476978352736,-0.00409684029691878,1.0026382429166432,11.518626843632244
CH03,2026-09-11,2026-09-12 00:00:00,,,ch0304_ref0904night_hourly,,09-18 (calibration),ok,5/10,unreliable,3.1991269750466707,6.812848294812869,tie (labels),2.1563098820121063,unreliable,0.0,1.0041939707023035,0.005504765992346901,3.786516536430669,0.0034569189592624132,0.9932628702445523,-8.937952148286499,0.9958425444971539,-0.005519062814993215,-3.820103381763465,-0.0034658971714756058,1.006802034900053,9.011872087687507
CH03,2026-09-11,2026-09-12 01:00:00,,,ch0304_ref0904night_hourly,,09-18 (calibration),ok,5/10,unreliable,4.467260160622965,9.319658980200721,tie (labels),2.1563098820121063,unreliable,0.0,0.99966468204613,-0.018448153338929643,19.31479411292892,0.0005768434730375567,0.9891531850349415,-3.6978737785308553,1.0003246649358586,0.01865650648114554,-19.252075543205095,-0.0005833583337916942,1.0109548786224476,3.74965098304704
CH03,2026-09-11,2026-09-12 02:00:00,,,ch0304_ref0904night_hourly,,09-18 (calibration),ok,5/10,unreliable,3.966269574838943,7.352802295843351,tie (labels),2.1563098820121063,unreliable,0.0,0.9989322643708083,-0.016783859765277104,17.887495409026474,0.002637220194675498,0.9926171035907256,-6.5354845955208525,1.0010241915726463,0.016926012651029797,-17.79519593613575,-0.0026595564430880346,1.0073928393540168,6.631373186901974
CH03,2026-09-11,2026-09-12 03:00:00,,,ch0304_ref0904night_hourly,,09-18 (calibration),sample,5/10,unreliable,5.0036372286942585,8.116357866580351,tie (labels),2.1563098820121063,unreliable,0.0,0.9997933935400465,-0.016278551007607712,15.416700293895165,0.0027052373475931167,0.9978577553965859,-7.902938243741389,1.0001625009767867,0.016316149471200296,-15.290260001105201,-0.002711485616734224,1.0021026098511023,7.961357200649731
CH03,2026-09-11,2026-09-12 04:00:00,,,ch0304_ref0904night_hourly,,09-18 (calibration),ok,5/10,unreliable,2.8211074455773386,7.07669243292959,tie (labels),2.1563098820121063,unreliable,0.0,0.998808917925529,-0.01118072648983397,14.128383612244471,0.002485645625678247,0.9960821608182869,-6.571871638571491,1.0011645360070522,0.011237774642224956,-14.070983411230483,-0.002498328298004827,1.0039052060255107,6.632833491876861
CH03,2026-09-11,2026-09-12 04:20:00,,,ch0304_ref0904night_hourly,,09-18 (calibration),ok,5/10,unreliable,2.429306333270552,6.831042592529008,tie (labels),2.1563098820121063,unreliable,0.0,0.9994653287431896,-0.00482967089772491,10.722240752994304,0.0003061149466300154,0.9863818612491335,-0.5396087965278991,1.0005334568353363,0.004898962063797756,-10.72531708259063,-0.0003105067700178807,1.0138046325062304,0.5503872260046623
CH03,2026-09-16,2026-09-16 21:00:00,,,ch0304_ref0904night_hourly,,09-18 (calibration),ok,5/10,unreliable,4.421325781697412,8.31795501204518,tie (labels),2.1563098820121063,unreliable,0.0,1.0028885645917736,-0.003096889147249917,-10.741804942949203,-0.0007245820538065613,0.9985759224542834,-2.8518537700539355,0.9971219894108015,0.0030923800564918304,10.719708930298838,0.0007235270576194372,1.0014283523132659,2.8636992085073816
CH03,2026-09-16,2026-09-16 22:00:00,,,ch0304_ref0904night_hourly,,09-18 (calibration),ok,5/10,unreliable,4.493650443726212,8.403814818991243,tie (labels),2.1563098820121063,unreliable,0.0,1.0025703339916934,-0.005646346613319825,-9.84024320174956,-0.0012287082980879153,0.9980564335051176,-1.503213607005435,0.9974431713618818,0.00564287717961919,9.823565835884343,0.0012279533104349119,1.0019542982535046,1.518234693947323
CH03,2026-09-16,2026-09-16 23:00:00,,,ch0304_ref0904night_hourly,,09-18 (calibration),ok,5/10,unreliable,4.199500554769852,7.372203141393796,tie (labels),2.1563098820121063,unreliable,0.0,1.0020720774451435,-0.005045092103084918,-9.712009276304796,-0.001693557357699155,0.9955083515312401,0.5107736129710148,0.9979407545004547,0.005057419168942909,9.689426668649794,0.0016976953580876664,1.0045205180763,-0.49659454125526026
CH03,2026-09-16,2026-09-17 00:00:00,,,ch0304_ref0904night_hourly,,09-18 (calibration),sample,5/10,unreliable,5.602572242481503,9.097287580154628,tie (labels),2.1563098820121063,unreliable,0.0,1.002459498036307,-0.004605445969470299,-11.177039559134885,-0.0017944631232152067,0.9981169891847238,-0.007390494242907053,0.997554775636104,0.004602851840576061,11.149743207038684,0.0017934523484349934,1.0018948384644875,0.027449985881551366
CH03,2026-09-16,2026-09-17 01:00:00,,,ch0304_ref0904night_hourly,,09-18 (calibration),sample,5/10,unreliable,5.030222932953628,7.461728670971977,tie (labels),2.1563098820121063,unreliable,0.0,1.0022120648192634,-0.006087787432549521,-10.27013801861881,-0.0020399367110055517,0.998120896870536,0.6253076211878366,0.997805204982788,0.006085861949261059,10.243791635011098,0.002039291507129746,1.0018950789514607,-0.605548823260518
CH03,2026-09-16,2026-09-17 02:00:00,,,ch0304_ref0904night_hourly,,09-18 (calibration),ok,5/10,unreliable,4.65608054954323,6.595098140093489,tie (labels),2.1563098820121063,unreliable,0.0,1.0017159802196476,-0.0032434210247313387,-10.675615500062618,-0.002218571839358479,0.9972898015424088,1.7895870595607501,0.9982941499944611,0.0032466874021479185,10.651594271541384,0.0022208061138784636,1.00272478617813,-1.7707548294732467
CH03,2026-09-16,2026-09-17 03:00:00,,,ch0304_ref0904night_hourly,,09-18 (calibration),sample,5/10,unreliable,5.027724536146782,6.9533297421614835,tie (labels),2.1563098820121063,unreliable,0.0,1.0019229142485915,-0.003118535641933351,-11.519016377513902,-0.0024307232182137727,0.9970641812801854,2.1410230350410577,0.9980883497742183,0.003121738952223654,11.49031233224895,0.002433220018504615,1.002952073555975,-2.1193151912822863
CH03,2026-09-16,2026-09-17 04:00:00,,,ch0304_ref0904night_hourly,,09-18 (calibration),ok,5/10,unreliable,4.7689003696188355,6.811086913876301,tie (labels),2.1563098820121063,unreliable,0.0,1.0021364598868372,-0.002818445591115352,-12.420706193556445,-0.002527135107422489,0.9970741807761504,2.2064239561047874,0.997875207961056,0.0028207098675164352,12.388091094093403,0.0025291653514705288,1.0029415539940074,-2.1815002515598025
CH03,2026-09-16,2026-09-17 04:20:00,,,ch0304_ref0904night_hourly,,09-18 (calibration),sample,5/10,unreliable,5.063981104627465,6.802833376696724,tie (labels),2.1563098820121063,unreliable,0.0,1.002250584326003,-0.0027154229281962927,-12.590430400348014,-0.002457584105947592,0.9976226766084128,1.883381922603136,0.9977611287489173,0.00271579978021219,12.557127159474456,0.0024579251745579164,1.0023896787371223,-1.8569362644979264
CH04,2026-08-30,2026-08-30 21:00:00,,,ch0304_ref0904night_hourly,,09-18 (calibration),ok,5/10,ok,2.9399115486157834,5.628010214905923,tie (labels),3.053628081600296,unreliable,0.0,0.9964502444538841,-0.0119450821685303,-5.1005938015697865,-0.004562477191792447,0.975046706949042,20.349207140506568,1.003618697201544,0.012295111319802968,4.868855539023482,0.004696172380876316,1.025649426881488,-20.84719937341624
CH04,2026-08-30,2026-08-30 22:00:00,,,ch0304_ref0904night_hourly,,09-18 (calibration),ok,5/10,ok,2.41105678661061,5.108286546686361,tie (labels),3.053628081600296,unreliable,0.0,0.9964249069127707,-0.012082081866700263,-5.204699500877624,-0.00465740266610081,0.9749586922825384,20.594249215920122,1.003646054925007,0.012437587250394596,4.967533349646604,0.004794442932844456,1.0257438953754237,-21.09947177833061
CH04,2026-08-30,2026-08-30 23:00:00,,,ch0304_ref0904night_hourly,,09-18 (calibration),ok,5/10,unreliable,3.3724770952833403,5.774558886508995,tie (labels),3.053628081600296,unreliable,0.0,0.9966664890385587,-0.008939166523940464,-7.552449498937889,-0.004689094137789549,0.9773920787071882,20.005539312759332,1.0033878358007682,0.009176922084516308,7.3944466822019645,0.004813810262311595,1.0231748888064673,-20.432809402942365
CH04,2026-08-30,2026-08-31 00:00:00,,,ch0304_ref0904night_hourly,,09-18 (calibration),ok,5/10,unreliable,3.705628677190663,6.334396732741807,tie (labels),3.053628081600296,unreliable,0.0,0.9963393691426293,-0.009150747350531358,-6.925869518934576,-0.004718199329163879,0.9776247248740643,19.603154417227472,1.0037185706097962,0.009394990549026755,6.767452403294005,0.004844133097319645,1.0229327286775913,-20.01915840493829
CH04,2026-08-30,2026-08-31 01:00:00,,,ch0304_ref0904night_hourly,,09-18 (calibration),ok,5/10,unreliable,3.4513276304717806,5.624651056388027,tie (labels),3.053628081600296,unreliable,0.0,0.9960155267755172,-0.010565878703437111,-5.873538455759288,-0.004860963628642337,0.9770307299819241,19.785458110293874,1.004053404781842,0.010858109331826498,5.6825136172803505,0.00499540795605204,1.023563282285952,-20.222327724171528
CH04,2026-08-30,2026-08-31 02:00:00,,,ch0304_ref0904night_hourly,,09-18 (calibration),ok,5/10,ok,2.8264715263107787,5.134703886450916,tie (labels),3.053628081600296,unreliable,0.0,0.9955083463461626,-0.01205957588068307,-4.395393030390139,-0.0050214810590881506,0.9748348731371131,20.490755828653164,1.0045746055674762,0.012427482866571877,4.160851702834512,0.005174673673772558,1.0258787738599553,-20.998286740362193
CH04,2026-08-30,2026-08-31 03:00:00,,,ch0304_ref0904night_hourly,,09-18 (calibration),ok,5/10,unreliable,3.268076012460794,6.524108726157796,tie (labels),3.053628081600296,unreliable,0.0,0.9956996653029679,-0.00664748897600638,-7.424745551044076,-0.0049370409521341885,0.980147036846195,18.410125396710466,1.0043526821061926,0.006811654916394979,7.331659686977187,0.0050589657832350084,1.0202893972286728,-18.746094210222047
CH04,2026-08-30,2026-08-31 04:00:00,,,ch0304_ref0904night_hourly,,09-18 (calibration),sample,5/10,unreliable,5.416261616131281,6.675024858459919,tie (labels),3.053628081600296,unreliable,0.0,1.0089053466068119,-0.008626134171725018,-4.402713211757096,8.339913161082776e-05,1.0182844572308485,-1.0148235209809613,0.9911725645081888,0.00839646276447299,4.372369472797794,-8.117862407647468e-05,0.9820431733405056,0.9962431047239946
CH04,2026-08-30,2026-08-31 04:20:00,,,ch0304_ref0904night_hourly,,09-18 (calibration),sample,5/10,unreliable,12.250850263490644,16.457812586316148,tie (labels),3.053628081600296,unreliable,0.0,1.0174694192973268,-0.00843674326544183,-6.5308552761839636,0.0015943562834491516,1.0288244569552933,-6.200390176113292,0.9828178924731332,0.008059472322437948,6.468613291598866,-0.0015230604907936045,0.9719706248906902,6.016650226400686
CH04,2026-08-31,2026-08-31 21:00:00,,,ch0304_ref0904night_hourly,,09-18 (calibration),ok,5/10,ok,2.7335166210339894,5.29306878785545,tie (labels),3.053628081600296,unreliable,2.5,0.9967657289473687,-0.011023330512215573,-0.839452482497407,-0.0032548928006303646,0.9774145445200058,23.56975547059666,1.00328171431931,0.01131506175737866,0.5755140869734844,0.0033410331852036118,1.0231450257415153,-24.11247342908342
CH04,2026-08-31,2026-08-31 22:00:00,,,ch0304_ref0904night_hourly,,09-18 (calibration),ok,5/10,ok,2.7536360053157596,4.938293401696708,tie (labels),3.053628081600296,unreliable,2.5,0.9970028237228024,-0.010619251495238305,-0.9173955530178617,-0.00302642054726101,0.9774310545081577,23.93612900907999,1.0030392658216898,0.010897470644330559,0.6593404987517608,0.003105711272208227,1.023123805732044,-24.486774240553014
CH04,2026-08-31,2026-08-31 23:00:00,,,ch0304_ref0904night_hourly,,09-18 (calibration),ok,5/10,ok,2.370010301266956,4.925016692734938,tie (labels),3.053628081600296,unreliable,2.5,0.9969689749075691,-0.011350231582475718,0.16066704940664778,-0.0027780125225400514,0.9767024180874757,23.86398572046543,1.0030727209902481,0.011656680137638086,-0.439335582774429,0.0028530169766403327,1.0238864610999954,-24.434470272887715
CH04,2026-08-31,2026-09-01 00:00:00,,,ch0304_ref0904night_hourly,,09-18 (calibration),ok,5/10,ok,2.491035517740868,5.330056922596055,tie (labels),3.053628081600296,unreliable,2.5,0.9966774593691438,-0.015034647356752029,2.684624471646341,-0.0027287867439477784,0.9723095755726163,25.462247992772177,1.0033760950337913,0.015515023336208337,-3.0887353907928454,0.002815974928262764,1.0285225635066517,-26.196056413372094
CH04,2026-08-31,2026-09-01 01:00:00,,,ch0304_ref0904night_hourly,,09-18 (calibration),ok,5/10,unreliable,2.6915192187100776,7.238740106556021,tie (labels),3.053628081600296,unreliable,2.5,0.9955788231646701,-0.017535352257090707,4.819683788825362,-0.0034255391359131666,0.9631538043275144,29.298728391670885,1.0045037355110378,0.018288176578452137,-5.377210688208054,0.0035726037136577095,1.0383208189296929,-30.43869847744097
CH04,2026-08-31,2026-09-01 02:00:00,,,ch0304_ref0904night_hourly,,09-18 (calibration),ok,5/10,ok,2.9152111504714893,5.118468206664382,tie (labels),3.053628081600296,unreliable,2.5,0.9967977842582002,-0.014737855618082924,3.2269432726002165,-0.002304307753953996,0.9728065450871255,24.74596500854387,1.0032476386310984,0.01519903306777561,-3.6135379586915533,0.0023764142259411203,1.027989612426165,-25.446263532143764
CH04,2026-08-31,2026-09-01 03:00:00,,,ch0304_ref0904night_hourly,,09-18 (calibration),ok,5/10,ok,2.799477085083323,5.050859979382259,tie (labels),3.053628081600296,unreliable,2.5,0.9965808316876636,-0.013822136573188424,3.993621180038325,-0.00204252876860141,0.9742306959208988,23.70966800398661,1.003460078047822,0.014236835589961189,-4.344990066280013,0.0021038097918053143,1.0264807743518913,-24.345920191701765
CH04,2026-08-31,2026-09-01 04:00:00,,,ch0304_ref0904night_hourly,,09-18 (calibration),ok,5/10,unreliable,3.471771097185023,7.204301417699574,tie (labels),3.053628081600296,unreliable,2.5,0.9951933154332993,-0.016584743552175596,6.980588031191257,-0.0026874598163644536,0.964844508097545,27.251363711557516,1.0048765446839167,0.017272855527819615,-7.485338048971173,0.002798964301066592,1.036484544102355,-28.265155709440908
CH04,2026-08-31,2026-09-01 04:20:00,,,ch0304_ref0904night_hourly,,09-18 (calibration),ok,5/10,ok,1.5910625646710723,4.925376459593828,tie (labels),3.053628081600296,unreliable,2.5,0.996404227373093,-0.01708245681123794,6.77498047188195,-0.0017114360316853334,0.9721238896586659,23.622548173790406,1.0036390411061182,0.017636250642690594,-7.216248084724278,0.001766918842369194,1.0287065197687368,-24.312640160581708
CH04,2026-09-01,2026-09-01 21:00:00,,,ch0304_ref0904night_hourly,,09-18 (calibration),ok,5/10,unreliable,2.4653510566056873,8.05429162922834,tie (labels),3.053628081600296,unreliable,0.0,0.9963998611420203,-0.020232934081704262,17.669964892473725,0.0015710984563131669,0.970554437159919,17.49785942134312,1.0035801583238402,0.02092141399970423,-18.099306125428022,-0.0016245593004994025,1.0303050422652344,-17.999426884852486
CH04,2026-09-01,2026-09-01 22:00:00,,,ch0304_ref0904night_hourly,,09-18 (calibration),ok,5/10,ok,1.8966947210427727,5.0867027103824,tie (labels),3.053628081600296,unreliable,0.0,0.9961393174600219,-0.01988597229813007,17.77776143368143,0.0015386080255459524,0.9720849927227909,16.724223897984462,1.0038439263792702,0.020535665771065928,-18.189540912070214,-0.0015888758010722177,1.0286841285955284,-17.175697031995448
CH04,2026-09-01,2026-09-01 23:00:00,,,ch0304_ref0904night_hourly,,09-18 (calibration),ok,5/10,unreliable,2.7238762538079553,8.683303613157806,tie (labels),3.053628081600296,unreliable,0.0,0.9951267904123143,-0.02156974873534417,18.765869977501538,0.0005664759306331416,0.9634734542688235,20.8092011284757,1.0048842677337644,0.022496832753494775,-19.32566862824982,-0.0005908234920442967,1.0378980880636888,-21.586742748546325
CH04,2026-09-01,2026-09-02 00:00:00,,,ch0304_ref0904night_hourly,,09-18 (calibration),ok,5/10,ok,2.1100589208946556,4.742502837537954,tie (labels),3.053628081600296,unreliable,0.0,0.9958917408139014,-0.019609874848713658,16.84575002947528,0.0011115557342636492,0.9703161353352596,18.23200184663945,1.0041025570969646,0.020292690972454577,-17.28483706009547,-0.0011502601208875996,1.0305687055255222,-18.7699535477648
CH04,2026-09-01,2026-09-02 01:00:00,,,ch0304_ref0904night_hourly,,09-18 (calibration),ok,5/10,unreliable,3.6298002772035622,5.529182678969426,tie (labels),3.053628081600296,unreliable,0.0,0.9948850827063386,-0.021589313523935495,18.668566469226946,0.00029684061688520485,0.9626891246571233,21.041851844323123,1.0051344886360505,0.022541195338228348,-19.238728504315493,-0.0003099284431675567,1.0387499798689777,-21.851437259954675
CH04,2026-09-01,2026-09-02 02:00:00,,,ch0304_ref0904night_hourly,,09-18 (calibration),ok,5/10,unreliable,3.532615949295134,9.156457199921643,tie (labels),3.053628081600296,unreliable,0.0,0.9950085537281669,-0.021904625398315985,18.955393698357035,0.0004819630519010557,0.9645778703717821,20.222897077440752,1.0050054309151046,0.02282269598304534,-19.511814643877617,-0.0005021631736940888,1.0367115305251204,-20.955791880147398
CH04,2026-09-01,2026-09-02 03:00:00,,,ch0304_ref0904night_hourly,,09-18 (calibration),ok,5/10,ok,2.151557734703737,4.678214503874459,tie (labels),3.053628081600296,unreliable,0.0,0.995698321858606,-0.019299177513697214,17.19521835605384,0.0011758251864959434,0.9723559305288989,16.308091599010492,1.0042967233818267,0.0199331336730036,-17.594172822614578,-0.0012144497143400776,1.0284058858729423,-16.75045465975695
CH04,2026-09-01,2026-09-02 04:00:00,,,ch0304_ref0904night_hourly,,09-18 (calibration),ok,5/10,unreliable,2.3773645231686618,8.502267227536851,tie (labels),3.053628081600296,unreliable,0.0,0.9956286878066534,-0.020518041374102867,17.95240782412634,0.001145818792428021,0.9715682533390214,16.61441803674689,1.004366094156155,0.02121068180626442,-18.383192861389865,-0.0011844989183277513,1.0292387518484016,-17.078938275179887
CH04,2026-09-01,2026-09-02 04:20:00,,,ch0304_ref0904night_hourly,,09-18 (calibration),ok,5/10,ok,1.7432040045996648,4.4115559082031535,tie (labels),3.053628081600296,unreliable,0.0,0.9955111548491037,-0.01912907509227408,17.52963026670588,0.001226524594856684,0.9722292310689921,16.24935844543678,1.0044847357495295,0.019763717573137125,-17.92939375729929,-0.0012672168190214462,1.0285390804541132,-16.69088635113363
CH04,2026-09-02,2026-09-02 21:00:00,,,ch0304_ref0904night_hourly,,09-18 (calibration),ok,5/10,unreliable,2.0972965686436322,7.142641344199896,tie (labels),3.053628081600296,unreliable,0.25,0.9951928153365842,-0.02284804795449756,25.362194836656016,0.003217274029209963,0.9722556611038603,11.244578796578388,1.0047540728610078,0.02361176196509975,-25.74827287676717,-0.003324813949335636,1.0284579195519128,-11.480251536187877
CH04,2026-09-02,2026-09-02 22:00:00,,,ch0304_ref0904night_hourly,,09-18 (calibration),ok,5/10,ok,1.5324545774519085,4.117775472553539,tie (labels),3.053628081600296,unreliable,0.25,0.9941410527926426,-0.02245430071412158,28.862458931981728,0.0011743781849090622,0.973173948100426,13.88200813433853,1.0058660604553136,0.023208614496595274,-29.353950036194195,-0.001213829409063918,1.0275375191262741,-14.229250097379431
CH04,2026-09-02,2026-09-02 23:00:00,,,ch0304_ref0904night_hourly,,09-18 (calibration),ok,5/10,ok,1.4934496796563863,5.803810764253163,tie (labels),3.053628081600296,unreliable,0.25,0.9944055305055551,-0.022819025756928943,28.693235318410753,0.0012474302632571595,0.9726541533784369,14.723058039818069,1.0055963488867048,0.023591868606755842,-29.201157124705933,-0.00128967867341653,1.0280844093615547,-15.09954137520077
CH04,2026-09-02,2026-09-03 00:00:00,,,ch0304_ref0904night_hourly,,09-18 (calibration),ok,5/10,unreliable,1.3418513784004482,7.292340545038623,tie (labels),3.053628081600296,unreliable,0.25,0.9942476061670358,-0.02325856837896997,29.809389838594214,0.0014423845318690069,0.9724836442578348,14.448442664041863,1.0057507791628795,0.024054207397199316,-30.32836289294356,-0.0014917262365752649,1.0282592519552987,-14.812277396728177
CH04,2026-09-02,2026-09-03 01:00:00,,,ch0304_ref0904night_hourly,,09-18 (calibration),ok,5/10,unreliable,3.405056249163966,6.27767736307608,tie (labels),3.053628081600296,unreliable,0.25,0.9955832618085616,-0.01956183821755868,24.886845549802807,-0.0009089147133430086,0.9537865326537623,27.371902783163563,1.0044551399613157,0.020601034164372475,-25.561609434302664,0.0009571995665148163,1.048472263285859,-28.7225025392762
CH04,2026-09-02,2026-09-03 02:00:00,,,ch0304_ref0904night_hourly,,09-18 (calibration),ok,5/10,ok,0.8118243094847754,2.9851380240703933,tie (labels),3.053628081600296,unreliable,0.25,0.9946799505133899,-0.022342091649471138,29.236353601389283,0.0017726416075331266,0.9716540846066969,14.742058941384306,1.0053073084067523,0.023115909639178193,-29.732296049025198,-0.0018340370214779457,1.0291306748136997,-15.117884511612196
CH04,2026-09-02,2026-09-03 03:00:00,,,ch0304_ref0904night_hourly,,09-18 (calibration),ok,5/10,ok,0.7196403674136569,5.158740067074123,tie (labels),3.053628081600296,unreliable,0.25,0.9946281475377627,-0.023880003594208173,30.783236612080778,0.0017993395656124196,0.9725703306935358,14.636556223740827,1.0053562085060808,0.02468501157696716,-31.30942160569708,-0.00185999628655041,1.0281576064210471,-14.991429907461976
CH04,2026-09-02,2026-09-03 04:00:00,,,ch0304_ref0904night_hourly,,09-18 (calibration),ok,5/10,ok,1.2247269565083947,2.5275592163659346,tie (labels),3.053628081600296,unreliable,0.25,0.9944299262399103,-0.022284274132513132,30.79042441301739,0.002090927851080672,0.9726620694449282,13.46320881243192,1.0055528330273489,0.023037821346003854,-31.271561497988834,-0.0021616329970693907,1.0280567742796476,-13.774385425757137
CH04,2026-09-02,2026-09-03 04:20:00,,,ch0304_ref0904night_hourly,,09-18 (calibration),ok,5/10,ok,0.8109640777942096,2.556243828115766,tie (labels),3.053628081600296,unreliable,0.25,0.994648177047539,-0.022483225400116946,30.526753103495288,0.002084384640642879,0.9718028534752498,14.239786754475746,1.005331877642575,0.02325893891557344,-31.02072034616136,-0.0021562998266707787,1.0289654077975332,-14.586423152343158
CH04,2026-09-03,2026-09-03 21:00:00,,,ch0304_ref0904night_hourly,,09-18 (calibration),ok,5/10,unreliable,0.8372781224762805,6.401810763103304,tie (labels),3.053628081600296,unreliable,18.4,0.9959022385578783,-0.02372670252304798,31.326442135517297,0.003130046352889171,0.9727745842783593,12.78359841364765,1.00403765435428,0.02448923227622697,-31.76598799188769,-0.0032306399128492584,1.0279085861495953,-13.039166116986202
CH04,2026-09-03,2026-09-03 22:00:00,,,ch0304_ref0904night_hourly,,09-18 (calibration),ok,5/10,ok,0.8329612225537352,4.609848877960721,tie (labels),3.053628081600296,unreliable,18.4,0.9957235047752494,-0.023088091712243346,31.51601085884598,0.0030815571474257925,0.9728324338368237,13.74752130575277,1.0042211038976423,0.023833034487466532,-31.976688364517578,-0.0031809843223531546,1.0278507606891232,-14.03014829526281
CH04,2026-09-03,2026-09-03 23:00:00,,,ch0304_ref0904night_hourly,,09-18 (calibration),ok,5/10,ok,0.9341590359361379,4.402861959440088,tie (labels),3.053628081600296,unreliable,18.4,0.9956850100128629,-0.02324673473876988,32.09428589431894,0.003146410579581911,0.973003230391943,14.372318017345288,1.0042578693672914,0.023993462271548235,-32.57578084119733,-0.0032474790279296483,1.0276682291318608,-14.66574908504699
CH04,2026-09-03,2026-09-04 00:00:00,,,ch0304_ref0904night_hourly,,09-18 (calibration),ok,5/10,ok,0.49164062272818354,0.9224728527448472,tie (labels),3.053628081600296,unreliable,18.4,0.9950199283804125,-0.022844226389382875,34.110970609715466,0.003282474325980532,0.9722701155978914,13.512751276252562,1.004927104722133,0.023611527205052843,-34.59809562845749,-0.003392727358182627,1.0284410471191499,-13.781338848808067
CH04,2026-09-03,2026-09-04 01:00:00,,,ch0304_ref0904night_hourly,,09-18 (calibration),ok,5/10,ok,0.28858044358889545,0.6009006055217845,tie (labels),3.053628081600296,unreliable,18.4,0.9958291545782026,-0.022754643208367623,32.776524081256426,0.003388593056918619,0.9729944960803467,14.443324189693444,1.004108409072103,0.023482279378762926,-33.2503456239243,-0.003496951726944158,1.027673262427752,-14.728400167834751
CH04,2026-09-03,2026-09-04 02:00:00,,,ch0304_ref0904night_hourly,,09-18 (calibration),ok,5/10,ok,0.33584312018249873,0.5107371740307424,tie (labels),3.053628081600296,unreliable,18.4,0.9956275774543547,-0.022745300698995972,33.63379154566964,0.0035500720112934827,0.9727306437477109,14.299499406443656,1.004307889742077,0.023483669496159414,-34.11448692927784,-0.0036653161417409684,1.0279481146288831,-14.575864975930296
CH04,2026-09-03,2026-09-04 03:00:00,,,ch0304_ref0904night_hourly,,09-18 (calibration),ok,5/10,ok,0.20168024240361382,0.3953749326749822,tie (labels),3.053628081600296,unreliable,18.4,0.9957540000981062,-0.022512789626227336,33.766632253730265,0.003712821724116465,0.9729226927138281,14.098906899675933,1.0041774662811016,0.02323600447916978,-34.23529348526885,-0.0038320947179030806,1.0277422207808438,-14.360644954554408
CH04,2026-09-03,2026-09-04 04:00:00,,,ch0304_ref0904night_hourly,,09-18 (calibration),ok,5/10,ok,0.32674415327462847,0.6972670883723293,tie (labels),3.053628081600296,unreliable,18.4,0.9953815958613281,-0.022589394855547045,34.93997610368528,0.003895679451449929,0.9724407922676424,13.351883855828063,1.004548504340789,0.023335243643150053,-35.41047019953075,-0.004024305641497705,1.0282467594136493,-13.58842216387477
CH04,2026-09-03,2026-09-04 04:20:00,,,ch0304_ref0904night_hourly,,09-18 (calibration),ok,5/10,ok,0.24568446643804406,0.5403267833912245,tie (labels),3.053628081600296,unreliable,18.4,0.9954510951660098,-0.022560071834432757,34.92790171503432,0.003929546348665475,0.9724218903136174,13.251031639861953,1.0044777002502816,0.02330376280034554,-35.39309728748075,-0.0040590835301551964,1.0282660610010492,-13.48381083792675
CH04,2026-09-04,2026-09-04 21:00:00,,,ch0304_ref0904night_hourly,,09-18 (calibration),ok,5/10,ok,0.5736523750254663,4.560434486858694,tie (labels),3.053628081600296,unreliable,0.0,0.9953537804085737,-0.0232895187268687,35.44070447190619,0.004525055276126436,0.9727073373529727,8.79325756361218,1.0045585624459397,0.02405213218190341,-35.813759729598985,-0.004673227854478972,1.0279465614944068,-8.873376389529355
CH04,2026-09-04,2026-09-04 22:00:00,,,ch0304_ref0904night_hourly,,09-18 (calibration),ok,5/10,ok,0.5942530571502898,4.310069449604408,tie (labels),3.053628081600296,unreliable,0.0,0.9950188576509558,-0.02300299749457534,35.17616210278286,0.004247247315457753,0.97281262476324,9.387631999416385,1.0049046506958443,0.023761841256808795,-35.57175631206488,-0.004387359365322471,1.0278434429516823,-9.494685531205777
CH04,2026-09-04,2026-09-04 23:00:00,,,ch0304_ref0904night_hourly,,09-18 (calibration),ok,5/10,ok,0.7223803039653222,4.375063798432208,tie (labels),3.053628081600296,unreliable,0.0,0.9947259932140162,-0.023259327757955157,35.1612445927789,0.00401356987007896,0.9724849310470811,9.52166420682642,1.0052049639297906,0.024041906433236622,-35.57317656256008,-0.004148609636694818,1.028194344412224,-9.644251008695443
CH04,2026-09-04,2026-09-05 00:00:00,,,ch0304_ref0904night_hourly,,09-18 (calibration),ok,5/10,ok,0.6290529994838224,4.918167922212786,tie (labels),3.053628081600296,unreliable,0.0,0.9947173710159559,-0.023251893701738652,34.56758769448001,0.003783957686020652,0.9721828925171677,10.122691902035747,1.0052192261941326,0.024042030336382622,-34.99137381943762,-0.00391254263613351,1.0285194624085239,-10.276138472525988
CH04,2026-09-04,2026-09-05 01:00:00,,,ch0304_ref0904night_hourly,,09-18 (calibration),ok,5/10,ok,0.8298299516504697,5.148990319837092,tie (labels),3.053628081600296,unreliable,0.0,0.9945636392052131,-0.023545845595784386,34.52137061155163,0.00353283050607188,0.9720873302619357,10.53329644378375,1.005379573732205,0.02435224847738248,-34.963590322378195,-0.003653823599681738,1.028625655849515,-10.708683964110577
CH04,2026-09-04,2026-09-05 02:00:00,,,ch0304_ref0904night_hourly,,09-18 (calibration),ok,5/10,unreliable,1.0287700775859145,6.082958246733047,tie (labels),3.053628081600296,unreliable,0.0,0.9944667442308125,-0.02328496012065905,34.03711059560799,0.003381500040130873,0.9719279904310306,10.642803857678494,1.005482133424685,0.024088833338821686,-34.480079305669264,-0.003498240515759403,1.0287989989522313,-10.83023595549964
CH04,2026-09-04,2026-09-05 03:00:00,,,ch0304_ref0904night_hourly,,09-18 (calibration),ok,5/10,unreliable,2.3809131616328467,9.763675186822175,tie (labels),3.053628081600296,unreliable,0.0,0.9936513549734065,-0.026648286118005692,36.335800117223826,0.002901082651945342,0.9664888080118187,13.16651875619814,1.0063081995355514,0.02774619695729639,-36.930334417298596,-0.0030206074151944446,1.0345898449111914,-13.512190410724218
CH04,2026-09-04,2026-09-05 04:00:00,,,ch0304_ref0904night_hourly,,09-18 (calibration),ok,5/10,ok,1.0896736263749318,5.698140786935085,tie (labels),3.053628081600296,unreliable,0.0,0.9942862513121775,-0.023163309520621945,33.93803378776936,0.0032565017979519738,0.9719376495864579,10.89552427981362,1.005668085551019,0.023967176444436532,-34.39153241958075,-0.0033695164809525073,1.028792280319901,-11.094876504931289
CH04,2026-09-04,2026-09-05 04:20:00,,,ch0304_ref0904night_hourly,,09-18 (calibration),ok,5/10,ok,1.2967922315938059,5.467206709793617,tie (labels),3.053628081600296,unreliable,0.0,0.9943185144581802,-0.023497092955557904,33.986144102068785,0.003246111315768442,0.9717074190329354,10.94972497869119,1.0056345609277404,0.024317493408620224,-34.44391096670638,-0.00335944921672428,1.0290351222229204,-11.153476856571679
CH04,2026-09-05,2026-09-05 21:00:00,,,ch0304_ref0904night_hourly,,09-18 (calibration),ok,5/10,ok,1.153771851292896,5.879683960535762,tie (labels),3.053628081600296,unreliable,0.0,0.9939619481399029,-0.02341895420768451,34.95126926440438,0.003189351278287708,0.9710547708474075,10.111830828301581,1.0059968824097005,0.024261654058572467,-35.406197657707864,-0.003304115832793752,1.0297283439429636,-10.296955770905637
CH04,2026-09-05,2026-09-05 22:00:00,,,ch0304_ref0904night_hourly,,09-18 (calibration),ok,5/10,ok,1.5600538870992335,5.832719706900296,tie (labels),3.053628081600296,unreliable,0.0,0.9936841226426761,-0.02252423292211466,34.29244577470988,0.002906483258435065,0.9725900474174669,9.982607821726543,1.0062878561361224,0.02330464116766405,-34.74071283349989,-0.003007185622341406,1.0281127882253551,-10.160123011466887
CH04,2026-09-05,2026-09-05 23:00:00,,,ch0304_ref0904night_hourly,,09-18 (calibration),ok,5/10,ok,1.0189479455041075,5.880080881181344,tie (labels),3.053628081600296,unreliable,0.0,0.9939268920999078,-0.02460480532017507,34.23480907594172,0.002616079031304009,0.9712326483853089,11.94470490990125,1.0060431333324917,0.02548667971623278,-34.7461254601436,-0.0027098433625291282,1.0295507739510439,-12.204909214463774
CH04,2026-09-05,2026-09-06 00:00:00,,,ch0304_ref0904night_hourly,,09-18 (calibration),ok,5/10,unreliable,1.3604137175475288,6.483421182613349,tie (labels),3.053628081600296,unreliable,0.0,0.9941323519338022,-0.022978314512112557,32.418501561273125,0.002487985751882111,0.9715690575224596,12.308727389779945,1.005842744761765,0.023788912131269786,-32.900725825777755,-0.0025757535176992976,1.0292019962795584,-12.58466473178741
CH04,2026-09-05,2026-09-06 01:00:00,,,ch0304_ref0904night_hourly,,09-18 (calibration),ok,5/10,unreliable,0.6986758109378988,6.713341678362087,tie (labels),3.053628081600296,unreliable,0.0,0.9940139121830701,-0.023581779185381152,32.304162707268425,0.002272349730018104,0.9709164334504702,12.736522342882505,1.0059662820119923,0.024433075713879995,-32.80809086687645,-0.002354381006008463,1.0298975741438088,-13.041257156870113
CH04,2026-09-05,2026-09-06 02:00:00,,,ch0304_ref0904night_hourly,,09-18 (calibration),ok,5/10,unreliable,1.9548066799821744,6.734341719765035,tie (labels),3.053628081600296,unreliable,0.0,0.9940392116472598,-0.022160161861111596,31.488376290793315,0.002389040982922428,0.9719232195999676,11.916255760100416,1.005941409299726,0.02293578752244617,-31.9487703326975,-0.0024726595730729987,1.0288314810250128,-12.181959026860994
CH04,2026-09-05,2026-09-06 03:00:00,,,ch0304_ref0904night_hourly,,09-18 (calibration),ok,5/10,unreliable,0.9585505133906802,6.164564790709182,tie (labels),3.053628081600296,unreliable,0.0,0.9943464189162012,-0.024270981799335307,32.102570887830275,0.002258512311305563,0.9719007227662639,12.952849122741894,1.0056286847023685,0.0251132599570775,-32.60855440469753,-0.002336889675869225,1.0288533159509647,-13.25156160446891
CH04,2026-09-05,2026-09-06 04:00:00,,,ch0304_ref0904night_hourly,,09-18 (calibration),ok,5/10,unreliable,0.7656747923548592,6.016292745311061,tie (labels),3.053628081600296,unreliable,0.0,0.9946297973040963,-0.02342204603067506,30.98177779749696,0.002322501654865308,0.9717763799120502,12.619589900485332,1.0053426169326254,0.024231069551748516,-31.453087728753907,-0.0024027234452271423,1.0289854167801094,-12.910933329456094
CH04,2026-09-05,2026-09-06 04:20:00,,,ch0304_ref0904night_hourly,,09-18 (calibration),ok,5/10,unreliable,1.1619703390018064,6.684520016432766,tie (labels),3.053628081600296,unreliable,0.0,0.99434466626879,-0.02367462869887233,31.6722582464365,0.0023204401979716608,0.9709102240953912,12.701916877892291,1.0056302747411021,0.024521240761495422,-32.16204852393037,-0.002403419858906825,1.029902739832503,-13.005617259220072
CH04,2026-09-06,2026-09-06 21:00:00,,,ch0304_ref0904night_hourly,,09-18 (calibration),ok,5/10,ok,0.9803177609670378,5.1568470852370005,tie (labels),3.053628081600296,unreliable,0.0,0.9940586869965802,-0.020427966043817792,30.509816403740615,0.0020332000666899797,0.9726866824251104,12.482135135719988,1.0059336126532146,0.02112620441186822,-30.954549974774885,-0.002102695888909405,1.0280361233143234,-12.767932950087555
CH04,2026-09-06,2026-09-06 22:00:00,,,ch0304_ref0904night_hourly,,09-18 (calibration),ok,5/10,ok,1.2579540430076248,4.963618290760695,tie (labels),3.053628081600296,unreliable,0.0,0.9940216871134012,-0.01997059007206052,29.04816870613022,0.0016356676153208506,0.9727086874001049,13.320005411452295,1.0059802823200643,0.020653686040871224,-29.496992165704576,-0.0016916157846192156,1.0280222952540459,-13.644124195179925
CH04,2026-09-06,2026-09-06 23:00:00,,,ch0304_ref0904night_hourly,,09-18 (calibration),ok,5/10,ok,0.7345600328249902,5.134896792193686,tie (labels),3.053628081600296,unreliable,0.0,0.9937608205053623,-0.0193312641369167,28.311870494198946,0.0013327224618986532,0.9728131854650081,13.540551771483141,1.0062515351801786,0.019995734541208735,-28.759616427374162,-0.0013785319147515446,1.0279191998795165,-13.879564325827555
CH04,2026-09-06,2026-09-07 00:00:00,,,ch0304_ref0904night_hourly,,09-18 (calibration),ok,5/10,ok,1.350611161867135,5.506612882688367,tie (labels),3.053628081600296,unreliable,0.0,0.9936973664151297,-0.01904431040992528,27.314467623732057,0.001000703428677171,0.9724767234659162,14.31811934592102,1.0063227626507507,0.019707127792417702,-27.769339527145686,-0.0010355318689288754,1.0282819679690736,-14.694778936932527
CH04,2026-09-06,2026-09-07 01:00:00,,,ch0304_ref0904night_hourly,,09-18 (calibration),ok,5/10,ok,1.0934362545873397,5.173758502137186,tie (labels),3.053628081600296,unreliable,0.0,0.993658488873363,-0.01908279286157859,26.87513766773214,0.0008672702140434538,0.9726288858856309,14.437942309093973,1.0063647492786398,0.019744684054075007,-27.33126379010021,-0.0008973516869365342,1.028123769029434,-14.819875213732436
CH04,2026-09-06,2026-09-07 02:00:00,,,ch0304_ref0904night_hourly,,09-18 (calibration),ok,5/10,ok,1.1211202189312168,5.310111167788845,tie (labels),3.053628081600296,unreliable,0.0,0.9934688592691945,-0.018421217512732718,26.304876609517454,0.0006471227351528899,0.9725450938507725,14.735421649999887,1.0065616581030004,0.01906553368181134,-26.758418894054483,-0.0006697570502490116,1.0282172709342103,-15.133597158462607
CH04,2026-09-06,2026-09-07 03:00:00,,,ch0304_ref0904night_hourly,,09-18 (calibration),ok,5/10,ok,2.925911882211121,5.505771538995968,tie (labels),3.053628081600296,unreliable,0.0,0.9927857229626779,-0.018145388809840478,26.642178762082395,0.0007743830575761882,0.9753398970354913,13.095694038328379,1.0072520843502326,0.018739088553241183,-27.080791459989385,-0.000799720129567035,1.0252687209932947,-13.405299190544891
CH04,2026-09-06,2026-09-07 04:00:00,,,ch0304_ref0904night_hourly,,09-18 (calibration),ok,5/10,ok,1.397757419763108,3.886720984246416,tie (labels),3.053628081600296,unreliable,0.0,0.9920628288980539,-0.019279551939831163,28.351487412433293,0.0002138720297252786,0.9693956732130535,15.14788072817883,1.0079963519695365,0.02004725063249367,-28.88186924615192,-0.00022238826900975914,1.031566098432583,-15.619735184080048
CH04,2026-09-06,2026-09-07 04:20:00,,,ch0304_ref0904night_hourly,,09-18 (calibration),ok,5/10,ok,1.6084855326794152,5.9782782998987205,tie (labels),3.053628081600296,unreliable,0.0,0.9928414789436545,-0.018469256084158198,27.324687450270414,0.0006379368762255617,0.9736111030400548,13.228354094015147,1.0071978584054144,0.01910639177821702,-27.774112797410897,-0.0006599438456750957,1.0270916264262993,-13.56869896204721
CH04,2026-09-07,2026-09-07 21:00:00,,,ch0304_ref0904night_hourly,,09-18 (calibration),ok,5/10,ok,1.4451113263913349,4.821075273248132,tie (labels),3.053628081600296,unreliable,0.0,0.9939073956260994,-0.01959031056073673,28.317394356295654,0.0011249821584933496,0.9727878720722868,13.787503820509833,1.0061070184176615,0.02026130209266654,-28.769681985180878,-0.0011635141409027583,1.02794991087464,-14.139915634709771
CH04,2026-09-07,2026-09-07 22:00:00,,,ch0304_ref0904night_hourly,,09-18 (calibration),ok,5/10,ok,1.6900055989070824,5.140066848366543,tie (labels),3.053628081600296,unreliable,0.0,0.9941376788550726,-0.01927613558068535,26.39535506958643,0.0007197791700071072,0.9720844293331045,15.128905923345066,1.0058824489900284,0.01994633992673427,-26.852390699623584,-0.0007448048877353855,1.028702459236015,-15.543483339426047
CH04,2026-09-07,2026-09-07 23:00:00,,,ch0304_ref0904night_hourly,,09-18 (calibration),ok,5/10,ok,1.473849109576642,4.781743541095581,tie (labels),3.053628081600296,unreliable,0.0,0.9939025413356145,-0.018862594108498738,25.71458670078287,0.00043590912672021023,0.9726592248321088,15.359589545194954,1.006126308284928,0.019511614849832628,-26.171812581788735,-0.00045090780945445253,1.0281005609972176,-15.779607720141653
CH04,2026-09-07,2026-09-08 00:00:00,,,ch0304_ref0904night_hourly,,09-18 (calibration),ok,5/10,ok,1.8594411107956104,4.281404690413742,tie (labels),3.053628081600296,unreliable,0.0,0.9934179988299773,-0.01842351523369641,25.555064179866214,0.0001480209368844446,0.9722896994590965,15.465511700335899,1.0066227688795877,0.019074078360961737,-26.019299845697077,-0.00015324778759012112,1.02849714153443,-15.902318319115466
CH04,2026-09-07,2026-09-08 01:00:00,,,ch0304_ref0904night_hourly,,09-18 (calibration),ok,5/10,ok,1.3040669490670562,4.583234005958397,tie (labels),3.053628081600296,unreliable,0.0,0.9934065952569381,-0.01852665200168296,25.203605497305954,4.2180408745603505e-05,0.9727823686076295,15.42033620745098,1.006636352241857,0.01917140153035682,-25.666494958317028,-4.3648337147104654e-05,1.027978326512819,-15.85067131333042
CH04,2026-09-07,2026-09-08 02:00:00,,,ch0304_ref0904night_hourly,,09-18 (calibration),ok,5/10,ok,1.5705014346095016,4.886980680975548,tie (labels),3.053628081600296,unreliable,0.0,0.993395514221212,-0.01785698966052165,24.36356472932175,-0.00017764638753184955,0.972849188803911,15.718543999087714,1.0066516992837609,0.018477446651271136,-24.81606239356044,0.00018381886929506674,1.0279119250550257,-16.161757304084915
CH04,2026-09-07,2026-09-08 03:00:00,,,ch0304_ref0904night_hourly,,09-18 (calibration),ok,5/10,ok,1.543385808744931,5.646462527704333,tie (labels),3.053628081600296,unreliable,0.0,0.9926498381860275,-0.017954590437688114,25.69934298424568,-0.00017913484184826,0.9730366835521688,14.702632644746569,1.0074079412852108,0.01858881303777769,-26.163026697537788,0.00018546254759893859,1.027713905146382,-15.114866276886652
CH04,2026-09-07,2026-09-08 04:00:00,,,ch0304_ref0904night_hourly,,09-18 (calibration),ok,5/10,ok,2.1008485386770728,5.508569303516715,tie (labels),3.053628081600296,unreliable,0.0,0.9925213255315767,-0.0177020726425206,25.673663078725276,-0.00022490106114827395,0.9733863067322097,14.665120439891231,1.0075391784321215,0.018323179197647897,-26.135933035457175,0.00023279208759219145,1.027345581077255,-15.072123305512221
CH04,2026-09-07,2026-09-08 04:20:00,,,ch0304_ref0904night_hourly,,09-18 (calibration),ok,5/10,ok,1.9680221969921663,5.5115243495669795,tie (labels),3.053628081600296,unreliable,0.0,0.9929671945118594,-0.017281223404845048,24.356202484257263,-0.0003302574994248934,0.9734880719328981,15.315529561752557,1.0070885622100636,0.01787769458485561,-24.802659300678165,0.0003416565234276775,1.0272400176996097,-15.741046313558263
CH04,2026-09-08,2026-09-08 21:00:00,,,ch0304_ref0904night_hourly,,09-18 (calibration),ok,5/10,ok,0.8818857919306813,5.394762701644415,tie (labels),3.053628081600296,unreliable,0.0,0.9941112195896249,-0.017664752118950883,24.112551260044086,-0.00016257839566570812,0.9735485287201987,16.380416738214052,1.0059266485628118,0.018252243593925757,-24.554437233791052,0.00016798540170946845,1.0271732100864643,-16.829575800155038
CH04,2026-09-08,2026-09-08 22:00:00,,,ch0304_ref0904night_hourly,,09-18 (calibration),ok,5/10,ok,1.9083887987930634,5.013722083438756,tie (labels),3.053628081600296,unreliable,0.0,0.9944768405810703,-0.01809332880540547,21.817632760134174,-0.0007459559190249642,0.9727046852015908,18.16202088613481,1.0055678644427206,0.018704618456464882,-22.27882405287716,0.0007711583092733658,1.0280755999582754,-18.688755367759423
CH04,2026-09-08,2026-09-08 23:00:00,,,ch0304_ref0904night_hourly,,09-18 (calibration),ok,5/10,ok,1.2232180963105672,5.139977596632442,tie (labels),3.053628081600296,unreliable,0.0,0.9937565470764765,-0.01695123214630455,21.971154711929607,-0.0009093140437634747,0.9734816225601655,17.240565967004773,1.0062987122523357,0.017522676016272106,-22.411645545088593,0.0009399679768639854,1.0272571258052492,-17.731146424365058
CH04,2026-09-08,2026-09-09 00:00:00,,,ch0304_ref0904night_hourly,,09-18 (calibration),ok,5/10,unreliable,2.3535405548596353,6.2435921844504545,tie (labels),3.053628081600296,unreliable,0.0,0.9940546112758969,-0.016364826033745374,20.360299450638493,-0.0011547141434172042,0.9740525910726405,17.985335505833877,1.0060005810002872,0.01690157661793924,-20.786453602733346,0.0011925876588324029,1.0266586482649065,-18.489081680865198
CH04,2026-09-08,2026-09-09 01:00:00,,,ch0304_ref0904night_hourly,,09-18 (calibration),ok,5/10,ok,2.2475160756513777,4.512977431806151,tie (labels),3.053628081600296,unreliable,0.0,0.9944242323400658,-0.01708556180342143,19.002110841291916,-0.0014664088986702756,0.9718528617234642,19.558193657234664,1.0056331018030948,0.01767943192753819,-19.454929419523296,0.0015173792117731699,1.0289890215509334,-20.153999962631953
CH04,2026-09-08,2026-09-09 02:00:00,,,ch0304_ref0904night_hourly,,09-18 (calibration),ok,5/10,ok,2.280775317230011,5.153059308496481,tie (labels),3.053628081600296,unreliable,0.0,0.9943760995686859,-0.017146514340421637,18.85042478845563,-0.001423428495493925,0.9720921774538225,18.95773412936507,1.0056811005472615,0.017738981767748845,-19.293806847116073,0.0014726125454976873,1.0287350041139836,-19.530244069595618
CH04,2026-09-08,2026-09-09 03:00:00,,,ch0304_ref0904night_hourly,,09-18 (calibration),ok,5/10,ok,1.8977040862077086,5.098050506432467,tie (labels),3.053628081600296,unreliable,0.0,0.9944816886535836,-0.017015932814087184,18.58021831556034,-0.0013930409412342293,0.973314863893318,18.477159620123288,1.0055735574839442,0.01757989395674624,-19.008602737149992,0.0014392106675473768,1.0274419169063813,-19.010949147489768
CH04,2026-09-08,2026-09-09 04:00:00,,,ch0304_ref0904night_hourly,,09-18 (calibration),ok,5/10,ok,2.48657264015776,4.419157287488304,tie (labels),3.053628081600296,unreliable,0.0,0.9940368657310965,-0.017372406633018568,19.39360147015518,-0.0014277648940026737,0.9718709165960085,18.600852514797857,1.0060247359511512,0.017982913674412866,-19.844940323198816,0.0014779398950636963,1.0289696484338064,-19.168375250042345
CH04,2026-09-08,2026-09-09 04:20:00,,,ch0304_ref0904night_hourly,,09-18 (calibration),ok,5/10,ok,2.3008081856525857,4.600626160905731,tie (labels),3.053628081600296,unreliable,0.0,0.9942961680785491,-0.017396901762834188,18.83215377759272,-0.0014483434963487823,0.971763612931164,19.05933695009482,1.0057627800985438,0.01800556848317473,-19.283853535293783,0.001499016800013259,1.0290836834604227,-19.641882387809964
CH04,2026-09-09,2026-09-09 21:00:00,,,ch0304_ref0904night_hourly,,09-18 (calibration),ok,5/10,ok,1.3792017316609986,3.1043615366603188,tie (labels),3.053628081600296,unreliable,7.199999999999999,0.9955421086186507,-0.01775613663593239,18.013196235691648,-0.0005963717871143586,0.9737932659333924,17.523321331377716,1.0044888251259194,0.01831583915412185,-18.415008658504046,0.0006151704029320346,1.0269232269656399,-18.006186873960644
CH04,2026-09-09,2026-09-09 22:00:00,,,ch0304_ref0904night_hourly,,09-18 (calibration),ok,5/10,ok,1.1068737854913668,2.7149073342351326,tie (labels),3.053628081600296,unreliable,7.199999999999999,0.9957827814207898,-0.017880528905916702,18.757386034947885,-0.0004789081331443047,0.9741523295878785,18.140945577977167,1.004243943864379,0.018432859339827683,-19.171380826453014,0.0004937016293755915,1.026542561438328,-18.63171329257827
CH04,2026-09-09,2026-09-09 23:00:00,,,ch0304_ref0904night_hourly,,09-18 (calibration),ok,5/10,ok,1.169861313519141,2.250068059756729,tie (labels),3.053628081600296,unreliable,7.199999999999999,0.9960149328601677,-0.01873904676081699,19.564834125537654,-0.00039038218004526113,0.9730735163706146,19.541244622003106,1.0040085895926825,0.01933478158856133,-20.02108721273092,0.00040279285726658114,1.0276793388479337,-20.090013928845263
CH04,2026-09-09,2026-09-10 00:00:00,,,ch0304_ref0904night_hourly,,09-18 (calibration),ok,5/10,ok,1.6318981122727458,2.589854831194288,tie (labels),3.053628081600296,unreliable,7.199999999999999,0.9957849649049075,-0.01842217819340295,20.96076991201875,2.919210366655791e-05,0.9733332537107587,18.614434049480337,1.0042323196164473,0.019007001629727724,-21.403287168008163,-3.011882504557155e-05,1.0273967742633023,-19.12377818341128
CH04,2026-09-09,2026-09-10 01:00:00,,,ch0304_ref0904night_hourly,,09-18 (calibration),ok,5/10,ok,1.2221623674889939,1.8335662974822278,tie (labels),3.053628081600296,unreliable,7.199999999999999,0.9958090625384185,-0.019353291225202726,22.2135039381127,0.0003219625851169751,0.9729756156793511,18.47225369413217,1.004202117258826,0.01997441221659558,-22.675820096246174,-0.00033229559347882113,1.0277683765881336,-18.97781674166802
CH04,2026-09-09,2026-09-10 02:00:00,,,ch0304_ref0904night_hourly,,09-18 (calibration),ok,5/10,ok,1.0179326516208722,2.0214065253072127,tie (labels),3.053628081600296,unreliable,7.199999999999999,0.9962087982659696,-0.019352896628810002,22.33046788442475,0.0007532030251117994,0.9732272499172542,18.22015647178167,1.0037905380016585,0.01996065617827217,-22.778798650383028,-0.0007768566589825053,1.0274938003003966,-18.703750242584604
CH04,2026-09-09,2026-09-10 03:00:00,,,ch0304_ref0904night_hourly,,09-18 (calibration),ok,5/10,ok,0.8206796147084108,2.1884852087059774,tie (labels),3.053628081600296,unreliable,7.199999999999999,0.9957196572747709,-0.01939286708825995,23.932437239332618,0.0009946939077774683,0.973107477578801,17.364246465477514,1.0042787493622345,0.020014073218719675,-24.382367440055088,-0.0010265566514672023,1.0276152585029565,-17.819196617696868
CH04,2026-09-09,2026-09-10 04:00:00,,,ch0304_ref0904night_hourly,,09-18 (calibration),ok,5/10,unreliable,1.5307103248111233,7.479961004268359,tie (labels),3.053628081600296,unreliable,7.199999999999999,0.9946944823123203,-0.02068673766831841,25.650149761251065,0.000533206149804046,0.9676216530778111,19.168959410745487,1.0053222951587502,0.021492737916633274,-26.198660849896324,-0.0005539810199665488,1.0334499406448823,-19.795950269132046
CH04,2026-09-09,2026-09-10 04:20:00,,,ch0304_ref0904night_hourly,,09-18 (calibration),ok,5/10,ok,1.2297993435761512,2.54759450236482,tie (labels),3.053628081600296,unreliable,7.199999999999999,0.9953118896361719,-0.020061922469020874,25.147400519170574,0.0011639125707644609,0.9723277351568804,16.540525626046605,1.0046859512182045,0.020729565690936546,-25.60811792379581,-0.0012026465624830154,1.0284349982432257,-16.980612008375505
CH04,2026-09-10,2026-09-10 21:00:00,,,ch0304_ref0904night_hourly,,09-18 (calibration),ok,5/10,ok,1.3946387108169107,5.83828117515477,tie (labels),3.053628081600296,unreliable,0.0,0.994661828046377,-0.019485886244112304,28.03970791270728,0.0016837991471225803,0.9749723456170842,10.734379927691263,1.0053328073703598,0.020092673202432243,-28.40492066164475,-0.0017362323467268804,1.0256354167061987,-10.96087678234947
CH04,2026-09-10,2026-09-10 22:00:00,,,ch0304_ref0904night_hourly,,09-18 (calibration),ok,5/10,ok,1.2417410455564157,5.373359134755983,tie (labels),3.053628081600296,unreliable,0.0,0.9949298175516623,-0.019595954657170195,26.475915818138844,0.0013457324874272224,0.973793795959323,12.37758412272812,1.0050686636430308,0.020225308522004774,-26.86045378770143,-0.0013889527314425289,1.0268835006903496,-12.673563118443298
CH04,2026-09-10,2026-09-10 23:00:00,,,ch0304_ref0904night_hourly,,09-18 (calibration),ok,5/10,unreliable,1.3067370228147872,6.28336773177013,tie (labels),3.053628081600296,unreliable,0.0,0.994301281230632,-0.018706503872011997,27.098800988355926,0.0013892479725976861,0.9764957014414483,10.152980601998891,1.0057044615715522,0.019266049381187204,-27.448992882873487,-0.0014308029028784234,1.0240426385941614,-10.358312002147619
CH04,2026-09-10,2026-09-11 00:00:00,,,ch0304_ref0904night_hourly,,09-18 (calibration),ok,5/10,unreliable,1.5247119954648372,6.134936312299908,tie (labels),3.053628081600296,unreliable,0.0,0.994199254627963,-0.018451445294246846,26.636847531434864,0.0013049107155925772,0.9763703229523556,10.024485757254,1.0058096421586826,0.019007789516378555,-26.982141399111704,-0.0013442561178329123,1.024176148152525,-10.231032464820336
CH04,2026-09-10,2026-09-11 01:00:00,,,ch0304_ref0904night_hourly,,09-18 (calibration),ok,5/10,ok,1.1551884437900948,4.774756010353672,tie (labels),3.053628081600296,unreliable,0.0,0.9933841714837381,-0.020181741870272905,27.891731773909015,0.0006257812780731523,0.9712133280382973,12.314317578106081,1.0066467119014681,0.02091804499346131,-28.33471152860581,-0.0006486120482038907,1.029626428108117,-12.661055909260536
CH04,2026-09-10,2026-09-11 02:00:00,,,ch0304_ref0904night_hourly,,09-18 (calibration),ok,5/10,ok,1.4644954916914377,2.7657887185425194,tie (labels),3.053628081600296,unreliable,0.0,0.9939811171470112,-0.018512704180492827,25.66175618051914,0.0007499016570272597,0.9728752964497838,12.586823939588024,1.0060408862668495,0.019143807422085515,-26.057735664568447,-0.0007754660133747412,1.027866210269949,-12.91767120235791
CH04,2026-09-10,2026-09-11 03:00:00,,,ch0304_ref0904night_hourly,,09-18 (calibration),ok,5/10,ok,1.3968582921228683,3.179152901597655,tie (labels),3.053628081600296,unreliable,0.0,0.9936430119450893,-0.018458825766529522,25.82055800149834,0.0005543075568853642,0.973136755324452,12.317086771664421,1.0063870087228086,0.019089529139734853,-26.220601517526028,-0.000573247203986575,1.0275939255796946,-12.642161984720639
CH04,2026-09-10,2026-09-11 04:00:00,,,ch0304_ref0904night_hourly,,09-18 (calibration),ok,5/10,ok,1.7796768968060999,2.7320119612873586,tie (labels),3.053628081600296,unreliable,0.0,0.9939154162332512,-0.018229782413311246,24.72141228344026,0.000418693359426848,0.9736256153427042,13.27150905955375,1.006113896905529,0.018838080196914873,-25.12256620149825,-0.00043266446652919817,1.0270807349999027,-13.620215202786872
CH04,2026-09-10,2026-09-11 04:20:00,,,ch0304_ref0904night_hourly,,09-18 (calibration),ok,5/10,unreliable,1.4552256825889789,6.691879765564433,tie (labels),3.053628081600296,unreliable,0.0,0.9936456446741032,-0.01767401641837419,25.050027718596823,0.0005668462751766508,0.9747916530128283,11.881189807964907,1.0063845820814015,0.018246830050227425,-25.426755727928022,-0.0005852177231769398,1.025849630289348,-12.173654451711371
CH04,2026-09-11,2026-09-11 21:00:00,,,ch0304_ref0904night_hourly,,09-18 (calibration),ok,5/10,unreliable,1.7829972682380193,6.094667983813797,tie (labels),3.053628081600296,unreliable,0.0,0.9936087217986239,-0.01635462111543453,25.13112768292482,-8.288769165720397e-05,0.9766553744778653,13.61158505460963,1.0064337953062832,0.016853276836573734,-25.52221602536273,8.541495421896883e-05,1.0239040536318451,-13.939103687889947
CH04,2026-09-11,2026-09-11 22:00:00,,,ch0304_ref0904night_hourly,,09-18 (calibration),ok,5/10,unreliable,1.8428279528993328,6.369278705772314,tie (labels),3.053628081600296,unreliable,0.0,0.9931511952906419,-0.01568371908895574,24.378269791962964,-0.00041398152615865127,0.9771482631891144,13.386661099062403,1.0069027709164076,0.016161293842352924,-24.762893167265204,0.00042658740899452984,1.0233929979196525,-13.710214697250189
CH04,2026-09-11,2026-09-11 23:00:00,,,ch0304_ref0904night_hourly,,09-18 (calibration),ok,5/10,ok,1.4055378274472174,5.232252674466953,tie (labels),3.053628081600296,unreliable,0.0,0.9931295373987522,-0.016236920129005204,23.37826776231804,-0.0008833609916598217,0.9749647413829472,15.198256801084963,1.0069329082452927,0.01676931330178635,-23.795211477586474,0.0009123255586666365,1.0256933106511608,-15.610078925628269
CH04,2026-09-11,2026-09-12 00:00:00,,,ch0304_ref0904night_hourly,,09-18 (calibration),ok,5/10,ok,2.033909954758699,5.609762740350382,tie (labels),3.053628081600296,unreliable,0.0,0.9933910171615834,-0.014819742189714808,21.433632821736158,-0.0011027860683876854,0.9766200303404022,15.493491726041325,1.006669910026786,0.015275734751764693,-21.813267694189975,0.0011367179842253319,1.0239569277715013,-15.8890321841462
CH04,2026-09-11,2026-09-12 01:00:00,,,ch0304_ref0904night_hourly,,09-18 (calibration),ok,5/10,unreliable,2.249593534717341,6.279095664928056,tie (labels),3.053628081600296,unreliable,0.0,0.9927655374539852,-0.014774911396821206,22.185431880046792,-0.001159938381298243,0.9770508068767999,14.743326255720365,1.0073049788025132,0.015232413408426399,-22.572072430197576,0.0011958556283482788,1.0235063126937762,-15.116418066414779
CH04,2026-09-11,2026-09-12 02:00:00,,,ch0304_ref0904night_hourly,,09-18 (calibration),ok,5/10,ok,2.1699757991997752,5.981590506942936,tie (labels),3.053628081600296,unreliable,0.0,0.9928544241352675,-0.016118318311858754,21.838627285728855,-0.0015007711914608837,0.9738251950344932,16.680339501787778,1.0072222021506285,0.01667109061032266,-22.274429717923866,0.0015522396340689377,1.0269040322550875,-17.163006676596257
CH04,2026-09-11,2026-09-12 03:00:00,,,ch0304_ref0904night_hourly,,09-18 (calibration),ok,5/10,ok,2.063211798241547,5.757976547769624,tie (labels),3.053628081600296,unreliable,0.0,0.9928388432994315,-0.016015897232546743,21.283986736035914,-0.0016697268421706612,0.9736927124734257,17.009944006437827,1.00724067184425,0.0165677147235906,-21.719912999291832,0.0017272562121083508,1.0270464703568174,-17.506765851087323
CH04,2026-09-11,2026-09-12 04:00:00,,,ch0304_ref0904night_hourly,,09-18 (calibration),ok,5/10,ok,2.2379046224220627,5.578864518497954,tie (labels),3.053628081600296,unreliable,0.0,0.9925439811432025,-0.014424888149047225,21.021801766852498,-0.001592864995517264,0.9761071849341723,15.66189588188426,1.0075359235554635,0.01488934128111626,-21.413415770860286,0.0016441521270698224,1.024501952393654,-16.080205949266364
CH04,2026-09-11,2026-09-12 04:20:00,,,ch0304_ref0904night_hourly,,09-18 (calibration),ok,5/10,ok,2.372987039431267,5.907193440922761,tie (labels),3.053628081600296,unreliable,0.0,0.992570892795674,-0.014200112962154256,20.94645892265074,-0.001478144995989549,0.9773678229027308,15.010549264108917,1.0075065109594885,0.014637995983170879,-21.323418105949305,0.0015237259429911364,1.0231783916422605,-15.39038631659212
CH04,2026-09-16,2026-09-16 21:00:00,,,ch0304_ref0904night_hourly,,09-18 (calibration),ok,5/10,ok,2.4400966690808397,4.775886800058528,tie (labels),3.053628081600296,unreliable,0.0,0.9966998634313815,-0.012601289622062972,1.5846908516767186,-0.0039803041363752996,0.9744088394959475,23.6071295264003,1.0033628818909757,0.012975730266647004,-1.8963397249489855,0.004098576764904955,1.026316271792208,-24.234876140355148
CH04,2026-09-16,2026-09-16 22:00:00,,,ch0304_ref0904night_hourly,,09-18 (calibration),ok,5/10,ok,2.876874071524931,5.137901149012507,tie (labels),3.053628081600296,unreliable,0.0,0.996466894246084,-0.012016162715071443,1.2725470169950057,-0.00409910362609397,0.9744125155976316,23.565561456036356,1.0035965434393577,0.012376051388106674,-1.568772387189745,0.004221873348809071,1.026311459170622,-24.190978296455793
CH04,2026-09-16,2026-09-16 23:00:00,,,ch0304_ref0904night_hourly,,09-18 (calibration),ok,5/10,ok,2.802343792988557,5.555018261149275,tie (labels),3.053628081600296,unreliable,0.0,0.9963885820032302,-0.010362393998192812,0.3694710273837529,-0.004136056305063564,0.9764046514968371,22.669796018231295,1.003668723496851,0.0106517423289552,-0.6122993402594957,0.004251547087214687,1.0242106637580464,-23.220217650562475
CH04,2026-09-16,2026-09-17 00:00:00,,,ch0304_ref0904night_hourly,,09-18 (calibration),ok,5/10,ok,2.5635817029230923,5.443966438044182,tie (labels),3.053628081600296,unreliable,0.0,0.996584158355217,-0.009423445690154707,-1.0197682446033696,-0.004300837155058166,0.9768558481173408,22.99455536711844,1.0034693251802926,0.009680178202134076,0.8007147586198896,0.004418009234437356,1.0237351138322237,-23.535828410756725
CH04,2026-09-16,2026-09-17 01:00:00,,,ch0304_ref0904night_hourly,,09-18 (calibration),ok,5/10,ok,2.9361961525671307,5.533536465608992,tie (labels),3.053628081600296,unreliable,0.0,0.9963105478003473,-0.010911809510749082,0.21065624856721143,-0.004308759377449973,0.9760886335067747,22.82222753216486,1.0037516425423783,0.011221057538775156,-0.4675360838125943,0.00443087251912484,1.0245466595016488,-23.383370371448823
CH04,2026-09-16,2026-09-17 02:00:00,,,ch0304_ref0904night_hourly,,09-18 (calibration),ok,5/10,unreliable,2.759745755085097,6.0239554218724045,tie (labels),3.053628081600296,unreliable,0.0,0.9957043061296497,-0.010567130276821735,1.3174603598183907,-0.004244912464640293,0.9770117082091784,21.565427803368735,1.0043605375868974,0.01086292882306705,-1.557468902503612,0.004363737434436811,1.0235763847856094,-22.079611678417763
CH04,2026-09-16,2026-09-17 03:00:00,,,ch0304_ref0904night_hourly,,09-18 (calibration),ok,5/10,ok,2.7437634558725152,5.365221931170726,tie (labels),3.053628081600296,unreliable,0.0,0.9958500854024669,-0.010300044156289047,0.5298512648969549,-0.0043971694281475186,0.9762347990084828,22.493032411168763,1.0042139913964607,0.010595246619206964,-0.770403279178783,0.004523193668952733,1.0243914579875861,-23.044066886126064
CH04,2026-09-16,2026-09-17 04:00:00,,,ch0304_ref0904night_hourly,,09-18 (calibration),ok,5/10,ok,2.6144018000430203,4.905629258449763,tie (labels),3.053628081600296,unreliable,0.0,0.9958939888841045,-0.012246699621694102,1.1260449250372417,-0.004533897059092662,0.9744612505663202,23.55059193677986,1.0041803945490413,0.012620199777968905,-1.4279654122354284,0.004672171966815983,1.0262667890646886,-24.17445144306395
CH04,2026-09-16,2026-09-17 04:20:00,,,ch0304_ref0904night_hourly,,09-18 (calibration),ok,5/10,ok,2.5815871068133722,5.013234452515691,tie (labels),3.053628081600296,unreliable,0.0,0.9960747670529514,-0.0124402966049335,0.8366718776365119,-0.004552178431664828,0.9745159264213789,23.75119585673695,1.00399927479974,0.012816669723924274,-1.1444291912364308,0.004689901642689295,1.0262103641957923,-24.377647259040938
CH05,2026-08-30,2026-08-30 21:00:00,,,ch0506_ref0904night_hourly,,09-04 03:01 (user-labelled frame),ok,3/6,ok,0.39080757996368404,0.44280860479102796,untied (reference frame),nan,,0.0,0.9988297823917418,-0.0032190953738455083,17.936066383477325,0.0018951266890721962,0.9990666977632163,5.253358265538594,1.0011654680502293,0.0032258578269798326,-17.973916882672878,-0.0018991078402746688,1.0009280549833124,-5.224171146563504
CH05,2026-08-30,2026-08-30 22:00:00,,,ch0506_ref0904night_hourly,,09-04 03:01 (user-labelled frame),ok,3/6,ok,0.4479508667601704,0.5892042939554897,untied (reference frame),nan,,0.0,0.9987125178907448,-0.003380904185483126,17.518684963611836,0.0015905429134944519,0.9992021560725401,5.351112348106224,1.0012837462337374,0.0033879474618068216,-17.559303796951514,-0.0015938564156317025,1.0007930880120874,-5.327433982738158
CH05,2026-08-30,2026-08-30 23:00:00,,,ch0506_ref0904night_hourly,,09-04 03:01 (user-labelled frame),ok,3/6,ok,0.4432382455754913,0.5311084816239007,untied (reference frame),nan,,0.0,0.9987104185044915,-0.0031783175887602558,16.372964919960644,0.0019386583590065814,0.9985941218708897,5.376954737436129,1.0012850604096486,0.0031868822869701614,-16.411140890778427,-0.0019438825140236009,1.0014016704309285,-5.352664335689401
CH05,2026-08-30,2026-08-31 00:00:00,,,ch0506_ref0904night_hourly,,09-04 03:01 (user-labelled frame),ok,3/6,ok,0.5530076578908574,0.5808601779977335,untied (reference frame),nan,,0.0,0.9980843015270308,-0.002705854958136765,15.753648371807278,0.0019310741154742322,0.9978295705746592,6.018775556438768,1.0019141187518383,0.0027169311932603683,-15.800155324620144,-0.0019389788373736004,1.002169892428216,-6.001289661141457
CH05,2026-08-30,2026-08-31 01:00:00,,,ch0506_ref0904night_hourly,,09-04 03:01 (user-labelled frame),ok,3/6,ok,0.5386656280480316,0.5990764026961243,untied (reference frame),nan,,0.0,0.9977445945773116,-0.0024915273780383024,14.957388066363967,0.0025312109296695756,0.9977227101536046,5.1118845561692785,1.0022541542298817,0.0025028433647981472,-15.003898572284767,-0.002542707150669991,1.002276138047981,-5.0854876535127715
CH05,2026-08-30,2026-08-31 02:00:00,,,ch0506_ref0904night_hourly,,09-04 03:01 (user-labelled frame),ok,3/6,ok,0.6414410288362876,0.8312745139857932,untied (reference frame),nan,,0.0,0.9976511585369858,-0.0022118536077844544,13.651674760516228,0.002359121927176036,0.9978502710387415,4.8975033559252665,1.002349117609811,0.002221825835390035,-13.694625549584673,-0.0023697581196999527,1.002149107401634,-4.875677449525777
CH05,2026-08-30,2026-08-31 03:00:00,,,ch0506_ref0904night_hourly,,09-04 03:01 (user-labelled frame),ok,3/6,ok,0.6725377664348733,0.7757751437175449,untied (reference frame),nan,,0.0,0.9974019993642698,-0.0020916876693757337,12.942606914279457,0.002086761280690882,0.9974914876608656,5.50939083710757,1.002600369188099,0.0021024007277095696,-12.987845417818196,-0.002097449107394714,1.0025104225566592,-5.49607527681878
CH05,2026-08-30,2026-08-31 04:00:00,,,ch0506_ref0904night_hourly,,09-04 03:01 (user-labelled frame),ok,3/6,ok,0.6838424448097108,0.7392265665017885,untied (reference frame),nan,,0.0,0.997283420195976,-0.0021421192728780895,12.341527469296166,0.0018972638027506318,0.9975429996167513,5.6290567643490075,1.002719883327249,0.0021532360892699306,-12.387215672266237,-0.0019071099087117284,1.0024589567841187,-5.61936172234256
CH05,2026-08-30,2026-08-31 04:20:00,,,ch0506_ref0904night_hourly,,09-04 03:01 (user-labelled frame),ok,3/6,ok,0.6960477027012897,0.7277562571097579,untied (reference frame),nan,,0.0,0.9971624027967967,-0.002179596410563322,12.30437517764775,0.001981563284705107,0.9974269570265756,5.626351580789651,1.0028413172639108,0.002191427973822824,-12.35166555550634,-0.001992319859290232,1.002575326947116,-5.616327024607021
CH05,2026-08-31,2026-08-31 21:00:00,,,ch0506_ref0904night_hourly,,09-04 03:01 (user-labelled frame),ok,3/6,ok,0.43161996569869754,0.5131621269574478,untied (reference frame),nan,,2.5,0.9994047755014172,-0.0013426531369565356,-3.8262729345018345,0.00108436055078562,0.9992572483636335,2.9474880509527006,1.0005941202655995,0.0013444494264063475,3.8245834521744944,-0.001085811279468669,1.0007418447748664,-2.953829239872889
CH05,2026-08-31,2026-08-31 22:00:00,,,ch0506_ref0904night_hourly,,09-04 03:01 (user-labelled frame),ok,3/6,ok,0.4415710598866088,0.5066341184235752,untied (reference frame),nan,,2.5,0.9994255213223873,-0.0008084462388888575,-4.646121813795832,0.0006968583119110925,0.9995409410773342,2.947439359635008,1.0005742446140158,0.0008092819929070575,4.6464045146245265,-0.000697578708773964,1.0004587055406537,-2.9520324020556874
CH05,2026-08-31,2026-08-31 23:00:00,,,ch0506_ref0904night_hourly,,09-04 03:01 (user-labelled frame),ok,3/6,ok,0.40170954760467836,0.530508798703079,untied (reference frame),nan,,2.5,0.9995419990448832,-0.0007631397724988109,-4.95617670564794,0.0005261324691176951,0.9997378700837034,2.66204802244929,1.0004578088302452,0.0007636893304456385,4.956412709436163,-0.0005265113515844559,1.0002617967393008,-2.665354421237412
CH05,2026-08-31,2026-09-01 00:00:00,,,ch0506_ref0904night_hourly,,09-04 03:01 (user-labelled frame),ok,3/6,ok,0.44843181185533176,0.5383239560962206,untied (reference frame),nan,,2.5,0.9994863854814598,-0.0006873241003449264,-4.974026369290338,0.000379231730421693,0.9994095328377579,2.941475045282489,1.0005136173768185,0.0006880834126063973,4.974557135479106,-0.00037965068168893874,1.000590554922468,-2.9451005403516373
CH05,2026-08-31,2026-09-01 01:00:00,,,ch0506_ref0904night_hourly,,09-04 03:01 (user-labelled frame),ok,3/6,ok,0.4757907133300179,0.6236325666879844,untied (reference frame),nan,,2.5,0.9993479031629783,-0.0002435743614192902,-5.398901910676699,0.00047758012744339803,0.9991869723521195,2.9723153866654806,1.0006524057718804,0.00024393159386856892,5.40169914381529,-0.0004782805587928198,1.0008135726080227,-2.9773157708691818
CH05,2026-08-31,2026-09-01 02:00:00,,,ch0506_ref0904night_hourly,,09-04 03:01 (user-labelled frame),ok,3/6,ok,0.5050559446770684,0.5471915675170627,untied (reference frame),nan,,2.5,0.9995468392572866,-0.0001775274644740671,-5.9186070837879186,0.0005566141703136449,0.9991997180837642,2.7728070018969,1.0004532672073476,0.00017775018210846577,5.920796927342637,-0.0005573124723575135,1.0008008238628212,-2.778326045457795
CH05,2026-08-31,2026-09-01 03:00:00,,,ch0506_ref0904night_hourly,,09-04 03:01 (user-labelled frame),ok,3/6,ok,0.449151407360461,0.5555994630217319,untied (reference frame),nan,,2.5,0.9994449980589237,-0.00015447826449275365,-5.724069803911797,8.493542826173384e-05,0.999491302462772,2.900588393435358,1.0005552969973426,0.0001546427121760154,5.726799807830422,-8.502584508801261e-05,1.0005089433007868,-2.9025513223389567
CH05,2026-08-31,2026-09-01 04:00:00,,,ch0506_ref0904night_hourly,,09-04 03:01 (user-labelled frame),ok,3/6,ok,0.38100250417991977,0.44551310534074234,untied (reference frame),nan,,2.5,0.9994440439641649,-0.0005571487751539518,-5.357815168457181,0.0004716297656077959,0.9993168879004617,2.759906546714481,1.000556002054765,0.0005578396180104121,5.359254539486131,-0.0004722145682116859,1.000683315787052,-2.7643224728049702
CH05,2026-09-01,2026-09-01 21:00:00,,,ch0506_ref0904night_hourly,,09-04 03:01 (user-labelled frame),ok,3/6,ok,0.9487802529143603,1.2026462991748859,untied (reference frame),nan,,0.0,1.0002340368615235,-0.001032714032980185,2.6476634214296193,0.0008778284848620444,1.0006004940023767,2.769563837748683,0.9997651123219139,0.0010318518403373874,-2.649899297459119,-0.0008770956031182937,0.9993989611289229,-2.7655769682807936
CH05,2026-09-01,2026-09-01 22:00:00,,,ch0506_ref0904night_hourly,,09-04 03:01 (user-labelled frame),ok,3/6,ok,0.8427388601009268,1.102399134219066,untied (reference frame),nan,,0.0,1.0001194080377163,-0.000992254741903207,1.8028551734064207,0.0008396645213682342,1.0005303223301005,3.0067466144452712,0.999879773698892,0.0009916095740859518,-1.805619941527223,-0.00083911856829429,0.9994691265845477,-3.00363760334871
CH05,2026-09-01,2026-09-01 23:00:00,,,ch0506_ref0904night_hourly,,09-04 03:01 (user-labelled frame),ok,3/6,ok,1.0717476437510478,1.1535345824551848,untied (reference frame),nan,,0.0,0.9998721539876965,-0.0007230973436282151,1.0797048891686194,0.0007848102176639717,1.001499349091819,1.6652581813133396,1.0001272955698175,0.0007221067006907289,-1.0810448249088274,-0.0007837350281251818,0.9985023297220353,-1.6619179710883696
CH05,2026-09-01,2026-09-02 00:00:00,,,ch0506_ref0904night_hourly,,09-04 03:01 (user-labelled frame),ok,3/6,ok,1.1056929354967093,1.1688154636760968,untied (reference frame),nan,,0.0,0.9996156406183883,-0.0007921391275926733,0.8061924931419125,0.0007088151710793297,1.0013805129576712,2.0219676931691164,1.0003839460334216,0.0007913507962403573,-0.8081021132957903,-0.0007081097631492137,0.9986208300828202,-2.018608183377817
CH05,2026-09-01,2026-09-02 01:00:00,,,ch0506_ref0904night_hourly,,09-04 03:01 (user-labelled frame),ok,3/6,ok,1.1034248495874197,1.230074112663988,untied (reference frame),nan,,0.0,0.9993986713302194,-0.0005011756469482341,0.22266752580149368,0.0005330044981274653,1.0014183786242647,2.044103303675639,1.00060142341197,0.0005007667888068327,-0.2238250623119672,-0.0005325696740696923,0.9985833637913011,-2.041088966949689
CH05,2026-09-01,2026-09-02 02:00:00,,,ch0506_ref0904night_hourly,,09-04 03:01 (user-labelled frame),ok,3/6,ok,1.0940853024920516,1.220311729976608,untied (reference frame),nan,,0.0,0.999065326206012,-0.000551925017575474,0.4611331199241161,0.000586216760957897,1.0006542338863789,2.8156194514841495,1.0009352242850684,0.000552080001810271,-0.4631188300083909,-0.0005863813745434912,0.9993458704288023,-2.8135072716669853
CH05,2026-09-01,2026-09-02 03:00:00,,,ch0506_ref0904night_hourly,,09-04 03:01 (user-labelled frame),ok,3/6,ok,1.0416221325513608,1.2102634053765562,untied (reference frame),nan,,0.0,0.9990717709932182,-0.0006968184448873753,0.01473819963619311,0.0005478593267844802,1.0005549536719225,2.8981337145849273,1.0009287091604742,0.000697078740153862,-0.01677211453576443,-0.00054806397864252,0.9994449724415697,-2.896517093028986
CH05,2026-09-01,2026-09-02 04:00:00,,,ch0506_ref0904night_hourly,,09-04 03:01 (user-labelled frame),ok,3/6,ok,1.1323580327501466,1.2425517466478828,untied (reference frame),nan,,0.0,0.9992104416121095,-0.0006248109551160418,-0.7623787956209589,0.0006849161499506019,1.000227210552768,2.9372050266009557,1.000789753760801,0.0006251623584326051,0.7611446571203255,-0.0006853013573556412,0.9997724129736103,-2.937059016066513
CH05,2026-09-01,2026-09-02 04:20:00,,,ch0506_ref0904night_hourly,,09-04 03:01 (user-labelled frame),ok,3/6,ok,1.0868413908041372,1.1405192070761083,untied (reference frame),nan,,0.0,0.9991404830303154,-0.0006802581195529921,-0.6816629265575754,0.0007044620612955271,1.0002979481562737,2.7999258367386197,1.0008597764769624,0.0006806401939915609,0.6803432622423674,-0.0007048577301436101,0.9997016612480133,-2.799570985741968
CH05,2026-09-02,2026-09-02 21:00:00,,,ch0506_ref0904night_hourly,,09-04 03:01 (user-labelled frame),ok,3/6,ok,0.39116019406376873,0.4337600551019835,untied (reference frame),nan,,0.25,0.9992416871105029,0.00010727548289554342,5.19202360452982,-0.0008009084562076987,0.9997017440821141,3.919414263198156,1.000758802290366,-0.00010738891315652893,-5.195542422294635,0.0008017553156462304,1.0002982588666693,-3.9247459957781974
CH05,2026-09-02,2026-09-02 22:00:00,,,ch0506_ref0904night_hourly,,09-04 03:01 (user-labelled frame),ok,3/6,ok,0.3842792209417313,0.4257722693172652,untied (reference frame),nan,,0.25,0.998080311487291,0.0005242509366673899,3.1447335565630734,-0.00033758595035533214,0.9981873311239917,4.006642557282445,1.0019232028209468,-0.0005262130275248169,-3.1486731694999044,0.00033884941840175796,1.0018157826465723,-4.014983340445647
CH05,2026-09-02,2026-09-02 23:00:00,,,ch0506_ref0904night_hourly,,09-04 03:01 (user-labelled frame),ok,3/6,ok,0.42229811162198216,0.5334696840850333,untied (reference frame),nan,,0.25,0.9981942542452799,0.0006337162428394667,1.2812381568005524,-0.00025433285854014237,0.9980856371202662,3.8257965162844956,1.0018088503023717,-0.0006360802290359437,-1.281122211303568,0.00025528161024675086,1.001917872607759,-3.833460983165716
CH05,2026-09-02,2026-09-03 00:00:00,,,ch0506_ref0904night_hourly,,09-04 03:01 (user-labelled frame),ok,3/6,ok,0.43631602033358785,0.48720607456111537,untied (reference frame),nan,,0.25,0.9985380414443487,0.000681110810991474,-0.04059325376179161,-0.00014893537234776725,0.9981303195362199,3.4445183653583107,1.0014639970784065,-0.000683385668061639,0.04300661665096287,0.00014943280489371344,1.001873080745959,-3.450964160423796
CH05,2026-09-02,2026-09-03 01:00:00,,,ch0506_ref0904night_hourly,,09-04 03:01 (user-labelled frame),ok,3/6,ok,0.37126442129906223,0.41399439992057896,untied (reference frame),nan,,0.25,0.9986624716398539,0.00047674427319701826,-0.8214798175529535,-0.0002205728915865986,0.9987289638180806,2.8229010219924917,1.0013392141653747,-0.00047799027881993087,0.8239292742077731,0.00022114937478446891,1.0012725482050333,-2.826311629872965
CH05,2026-09-02,2026-09-03 02:00:00,,,ch0506_ref0904night_hourly,,09-04 03:01 (user-labelled frame),ok,3/6,ok,0.40258255986563807,0.49855150094617184,untied (reference frame),nan,,0.25,0.9987303027232354,0.00035861613032440315,-1.3073405555045152,-0.0004125774256020041,0.9989221216309921,2.786129989926733,1.0012711629640667,-0.0003594594434261932,1.3100038991355871,0.0004135476327931815,1.0010788929795613,-2.788595278421026
CH05,2026-09-02,2026-09-03 03:00:00,,,ch0506_ref0904night_hourly,,09-04 03:01 (user-labelled frame),ok,3/6,ok,0.3732863423140427,0.39012267196249273,untied (reference frame),nan,,0.25,0.9988945315580474,0.0006067839048362542,-2.2307727127419517,-0.00024936109087558963,0.9986243593079015,2.8662313455388846,1.001106540002617,-0.0006082921269023495,2.234984657946719,0.0002499809027998787,1.0013773837929043,-2.869621595564272
CH05,2026-09-02,2026-09-03 04:00:00,,,ch0506_ref0904night_hourly,,09-04 03:01 (user-labelled frame),ok,3/6,ok,0.37322935885991726,0.4493426992621675,untied (reference frame),nan,,0.25,0.9985924333595767,0.0004422587627389077,-2.130876777206124,-0.0002769202816096844,0.9983406713738754,3.2230414369535896,1.0014094276568977,-0.00044361820285368226,2.1353098937193438,0.0002777714949063605,1.001661963522896,-3.227806117426723
CH05,2026-09-02,2026-09-03 04:20:00,,,ch0506_ref0904night_hourly,,09-04 03:01 (user-labelled frame),ok,3/6,ok,0.3467446514276376,0.4077257208272038,untied (reference frame),nan,,0.25,0.99881267737595,0.000393242573308087,-2.4892454180731227,-0.0003705638880284847,0.9991256776389807,2.499844353873091,1.0011885878389115,-0.00039405450731566974,2.493189179840342,0.0003713289970047112,1.0008749413194091,-2.5011072419859945
CH05,2026-09-03,2026-09-03 21:00:00,,,ch0506_ref0904night_hourly,,09-04 03:01 (user-labelled frame),ok,3/6,ok,0.34987440318865193,0.4071836912768872,untied (reference frame),nan,,18.4,1.0002742744901096,-0.0001976163417275953,14.162405302529274,-0.00092003261282482,1.0007941063477568,2.164378707693556,0.9997259822853932,0.00019740543044386902,-14.158951812705377,0.0009190506836091258,0.9992067052320881,-2.175677685663802
CH05,2026-09-03,2026-09-03 22:00:00,,,ch0506_ref0904night_hourly,,09-04 03:01 (user-labelled frame),ok,3/6,ok,0.2960030776721325,0.3597434588712752,untied (reference frame),nan,,18.4,1.0002346368765576,-0.00010854368877179568,7.1797523862381185,-0.00023321949312987017,1.0004265306849103,0.6894323466447376,0.9997654434568332,0.00010847196251890804,-7.178143112417273,0.0002330653804354165,0.9995736764529403,-0.6908117771225891
CH05,2026-09-03,2026-09-03 23:00:00,,,ch0506_ref0904night_hourly,,09-04 03:01 (user-labelled frame),ok,3/6,ok,0.30216966368288845,0.375816145264107,untied (reference frame),nan,,18.4,1.000061161032593,-0.00024067162249980303,4.805137419832706,-0.00025892765903096266,1.000215657586998,0.7005267046494116,0.9999389050033375,0.00024060503036756097,-4.805012400227123,0.00025885601558279787,0.999784451197034,-0.7016195456836044
CH05,2026-09-03,2026-09-04 00:00:00,,,ch0506_ref0904night_hourly,,09-04 03:01 (user-labelled frame),ok,3/6,ok,0.26810423256497534,0.3570160750762731,untied (reference frame),nan,,18.4,0.9997789275344771,-0.00014443355013858683,3.4489338523778668,-0.00031452843100138775,0.9998671531108518,0.5704022878181902,1.000221166803956,0.0001444846883866367,-3.449779056451863,0.00031463979316695,1.0001329099903693,-0.5715632718147293
CH05,2026-09-03,2026-09-04 01:00:00,,,ch0506_ref0904night_hourly,,09-04 03:01 (user-labelled frame),ok,3/6,ok,0.2215397015854019,0.3144272075983929,untied (reference frame),nan,,18.4,1.0000057130291105,5.3839932411002545e-05,1.606413999451626,-0.00020555501988313304,1.0002158659309262,0.08188235085641485,0.9999942759389747,-5.38280045956219e-05,-1.606400396676303,0.00020550948077827287,0.9997841695948887,-0.08219481146240029
CH05,2026-09-03,2026-09-04 02:00:00,,,ch0506_ref0904night_hourly,,09-04 03:01 (user-labelled frame),ok,3/6,ok,0.26950164022450607,0.33462638770006603,untied (reference frame),nan,,18.4,0.9998914828351251,0.00010467751139798046,0.7680821891847265,-0.00023828450305424627,0.9998681309451901,0.4718895776642475,1.0001085039903952,-0.00010470267636864058,-0.7681161210654726,0.00023834178777995324,1.0001318614942354,-0.47213486781120456
CH05,2026-09-03,2026-09-04 03:00:00,,,ch0506_ref0904night_hourly,,09-04 03:01 (user-labelled frame),ok,3/6,ok,0.23662026141005427,0.2997158293384035,untied (reference frame),nan,,18.4,1.0000005241579348,9.050476782472561e-05,-0.07825623458177938,-0.0002569416663549561,0.9998224711832281,0.5436447424465176,0.9999994525837899,-9.052078832939399e-05,0.07830540289370543,0.0002569871483252906,1.0001775370761568,-0.5437211486979957
CH05,2026-09-03,2026-09-04 04:00:00,,,ch0506_ref0904night_hourly,,09-04 03:01 (user-labelled frame),ok,3/6,ok,0.2967815109008166,0.34510146118892693,untied (reference frame),nan,,18.4,0.9996986959637025,0.0005191465946175686,-0.6897104134258313,-0.00018714574099404677,0.9994886001856329,0.8182754803874196,1.0003012975834025,-0.0005195687195787019,0.6903433718502515,0.00018729791167081215,1.0005115641931275,-0.8185648995032078
CH05,2026-09-03,2026-09-04 04:20:00,,,ch0506_ref0904night_hourly,,09-04 03:01 (user-labelled frame),ok,3/6,ok,0.3031544649937343,0.32235492827799106,untied (reference frame),nan,,18.4,0.9996302804818707,0.000510116189774687,-0.7042610948900835,-0.0003117544877326272,0.9995870072277266,0.8403757826505454,1.0003696970468083,-0.0005105156174837293,0.7049504830986446,0.00031199859561101804,1.0004130041844816,-0.8405031328927679
CH05,2026-09-04,2026-09-04 21:00:00,,,ch0506_ref0904night_hourly,,09-04 03:01 (user-labelled frame),ok,3/6,ok,0.39455841837433947,0.44855753003510834,untied (reference frame),nan,,0.0,0.9994904136696722,0.008242549212724597,9.958949358857224,-0.009806081501255795,0.9997683054150728,12.595173854058682,1.0004289243866777,-0.008247995659021023,-9.859336055830035,0.00981256108601733,1.0001508490181734,-12.694796622604633
CH05,2026-09-04,2026-09-04 22:00:00,,,ch0506_ref0904night_hourly,,09-04 03:01 (user-labelled frame),ok,3/6,ok,0.3962000480253619,0.40766095247289763,untied (reference frame),nan,,0.0,0.9991623627886086,0.00833148775619108,9.167981135611745,-0.009566314708174824,0.9989907867697098,13.186623664879885,1.0007584298402183,-0.008346229730585939,-9.064875815601683,0.009583241620943348,1.0009303094506667,-13.286750283896525
CH05,2026-09-04,2026-09-04 23:00:00,,,ch0506_ref0904night_hourly,,09-04 03:01 (user-labelled frame),ok,3/6,ok,0.4073172014469563,0.5112435871276371,untied (reference frame),nan,,0.0,0.9987205066114284,0.008738658919490154,8.204417542286002,-0.0093593336493536,0.9985805046068342,13.172241480839181,1.0011990250406588,-0.00876157380400807,-8.098845278464633,0.009383876093648026,1.0013393941644868,-13.266873541849192
CH05,2026-09-04,2026-09-05 00:00:00,,,ch0506_ref0904night_hourly,,09-04 03:01 (user-labelled frame),ok,3/6,ok,0.4588982587749043,0.659322569335379,untied (reference frame),nan,,0.0,0.998640145735341,0.009115596549289742,6.650148219326913,-0.009369044543095527,0.9988431518167649,12.895043827700883,1.0012759769625794,-0.009137798886527453,-6.540801338122025,0.009391864189118271,1.001072476430852,-12.97133074719432
CH05,2026-09-04,2026-09-05 01:00:00,,,ch0506_ref0904night_hourly,,09-04 03:01 (user-labelled frame),ok,3/6,ok,0.479774111848858,0.9099927834249316,untied (reference frame),nan,,0.0,0.9984359072142064,0.00928497828980019,5.791042538908986,-0.009365223526615977,0.9985303723750898,13.075973265776405,1.0014791936900536,-0.009312398328937122,-5.677839940901929,0.009392880542885795,1.001384449558307,-13.148470861975387
CH05,2026-09-04,2026-09-05 02:00:00,,,ch0506_ref0904night_hourly,,09-04 03:01 (user-labelled frame),ok,3/6,ok,0.4556964536060034,0.7979907752147589,untied (reference frame),nan,,0.0,0.9983898387757668,0.009342126270213351,4.988181377227466,-0.00923792958905655,0.9982740027933055,13.28703185993402,1.0015260353406161,-0.009372559696914647,-4.87126001899248,0.009268023578892321,1.001642248676774,-13.355083053044186
CH05,2026-09-04,2026-09-05 03:00:00,,,ch0506_ref0904night_hourly,,09-04 03:01 (user-labelled frame),ok,3/6,ok,0.4634993779050479,0.7806457008777047,untied (reference frame),nan,,0.0,0.998217171200893,0.009226598868886528,4.557581972693312,-0.009034012508691725,0.9982461167080874,12.973765843988655,1.0017022217759253,-0.00925854299025694,-4.4452218191606985,0.009065289861933192,1.0016731760542523,-13.03678903998428
CH05,2026-09-04,2026-09-05 04:00:00,,,ch0506_ref0904night_hourly,,09-04 03:01 (user-labelled frame),ok,3/6,ok,0.4337143881314586,0.7818627068805581,untied (reference frame),nan,,0.0,0.9979607884203099,0.009173423888099906,4.1787274232107015,-0.009106560152456953,0.9984045612663411,12.875042283507197,1.0019593713785868,-0.009206085778145736,-4.068386358463436,0.009138983974796734,1.0015140184834836,-12.932724658455825
CH05,2026-09-04,2026-09-05 04:20:00,,,ch0506_ref0904night_hourly,,09-04 03:01 (user-labelled frame),ok,3/6,ok,0.4172893795331497,0.7019138860047516,untied (reference frame),nan,,0.0,0.9978705791200598,0.009124589810321937,4.0805544296437395,-0.009078388045175469,0.9981632453321537,13.052608868100895,1.0020506283537027,-0.00916012585682848,-3.969358590264234,0.009113744157229167,1.0017568223424134,-13.112729112078577
CH05,2026-09-05,2026-09-05 21:00:00,,,ch0506_ref0904night_hourly,,09-04 03:01 (user-labelled frame),ok,3/6,ok,0.5779796471554748,0.6634411676222137,untied (reference frame),nan,,0.0,0.9977046625275992,0.0006540801051995587,23.73803817963931,-0.0011658928250914418,0.9981744713239762,5.692558537589372,1.0022998506668002,-0.0006567833686390287,-23.78889334480279,0.0011707113716629637,1.0018281001863194,-5.730755496150446
CH05,2026-09-05,2026-09-05 22:00:00,,,ch0506_ref0904night_hourly,,09-04 03:01 (user-labelled frame),ok,3/6,ok,0.5592603233115941,0.6655311152591853,untied (reference frame),nan,,0.0,0.9974660677291916,0.0008788363622540193,21.479024261110435,-0.001000345045345667,0.9980745621825969,5.525650366921,1.0025394840790047,-0.0008827678678407426,-21.52869203466124,0.001004820124328904,1.0019282675041148,-5.557887854791146
CH05,2026-09-05,2026-09-05 23:00:00,,,ch0506_ref0904night_hourly,,09-04 03:01 (user-labelled frame),ok,3/6,ok,0.5306062547656146,0.6281839615764594,untied (reference frame),nan,,0.0,0.9976312087223361,0.0009585985142058565,19.454117965705542,-0.0007509716571171127,0.998175363846534,5.106551544396634,1.0023736911484196,-0.0009626303812098954,-19.495380311661197,0.0007541302452021435,1.0018272473068308,-5.130553415704994
CH05,2026-09-05,2026-09-06 00:00:00,,,ch0506_ref0904night_hourly,,09-04 03:01 (user-labelled frame),ok,3/6,ok,0.569453931760169,0.783841388597971,untied (reference frame),nan,,0.0,0.9976903085226089,0.0010156939967555373,18.187281691275036,-0.001026383871877409,0.9982746391728385,5.348800379152507,1.0023139893687099,-0.0010198038314480616,-18.223912140634063,0.0010305369613492024,1.001727294322918,-5.376781997691168
CH05,2026-09-05,2026-09-06 01:00:00,,,ch0506_ref0904night_hourly,,09-04 03:01 (user-labelled frame),ok,3/6,ok,0.5960544345631067,0.708771201098217,untied (reference frame),nan,,0.0,0.9974413821817466,0.0010647387258823568,17.447220017661287,-0.00101915451644088,0.9980440922702161,5.593327346814922,1.0025640882925548,-0.0010695607721657742,-17.485973826730163,0.0010237701184930728,1.0019586486180645,-5.622144652197999
CH05,2026-09-05,2026-09-06 02:00:00,,,ch0506_ref0904night_hourly,,09-04 03:01 (user-labelled frame),ok,3/6,ok,0.507324864787865,0.6022609586150875,untied (reference frame),nan,,0.0,0.997665855888892,0.001040449984710326,16.05876540348124,-0.0010037455991785856,0.9982110904755288,5.493300965251854,1.0023385539677576,-0.0010447521001329626,-16.09058055531273,0.001007895947091592,1.0017910649122288,-5.519325388428493
CH05,2026-09-05,2026-09-06 03:00:00,,,ch0506_ref0904night_hourly,,09-04 03:01 (user-labelled frame),ok,3/6,ok,0.4320217830656796,0.5460826823462449,untied (reference frame),nan,,0.0,0.9979637580653165,0.001026452251668003,14.779405683013293,-0.0008536920554214653,0.9982894234340768,5.24408793312379,1.0020395153154233,-0.0010303081377118807,-14.804145480784282,0.0008568989647315865,1.0017126265789436,-5.265733554929497
CH05,2026-09-05,2026-09-06 04:00:00,,,ch0506_ref0904night_hourly,,09-04 03:01 (user-labelled frame),ok,3/6,ok,0.4763690218610705,0.5604837292015364,untied (reference frame),nan,,0.0,0.9981512594156592,0.0007451157458918806,14.301684568834814,-0.0007022191959233015,0.9983248128576329,5.136027052945695,1.001851638700921,-0.0007477480489609892,-14.324325667262581,0.0007046999564693069,1.0016774721390926,-5.154720991725733
CH05,2026-09-05,2026-09-06 04:20:00,,,ch0506_ref0904night_hourly,,09-04 03:01 (user-labelled frame),ok,3/6,ok,0.4961545683397314,0.540061534233903,untied (reference frame),nan,,0.0,0.9979781833810508,0.0008052005339377541,14.325381096485222,-0.000817580427706786,0.9983354174169619,5.120492992811933,1.0020252505548546,-0.0008081765433639843,-14.35025532017213,0.0008206021930397742,1.0016666961871585,-5.140782738103331
CH05,2026-09-06,2026-09-06 21:00:00,,,ch0506_ref0904night_hourly,,09-04 03:01 (user-labelled frame),ok,3/6,ok,0.40665798222161514,0.7874336869460246,untied (reference frame),nan,,0.0,0.9962268294025786,0.00831258361316018,20.44025556499216,-0.00785511645434091,0.9970983460019267,14.366930746294562,1.003721482347979,-0.008367799204359056,-20.39610402359753,0.007907293360961831,1.002844176777775,-14.569419934216501
CH05,2026-09-06,2026-09-06 22:00:00,,,ch0506_ref0904night_hourly,,09-04 03:01 (user-labelled frame),ok,3/6,ok,0.4981040392210827,0.9593729630699199,untied (reference frame),nan,,0.0,0.9959254108916817,0.008172956272079576,19.915563838950984,-0.007947778305744821,0.9971580986804793,14.353731648713529,1.004025587517054,-0.008229243921986438,-19.877615325208154,0.008002515141220056,1.0027844101320331,-14.553072925715831
CH05,2026-09-06,2026-09-06 23:00:00,,,ch0506_ref0904night_hourly,,09-04 03:01 (user-labelled frame),ok,3/6,ok,0.46821018635017997,0.9112946526054858,untied (reference frame),nan,,0.0,0.9955447390588779,0.008039711647371571,19.33350728580815,-0.007697094966265984,0.99701800151417,13.857861356284289,1.0044125787438072,-0.008099339726894923,-19.30657838208799,0.007754181962775039,1.002928389551998,-14.048358106165862
CH05,2026-09-06,2026-09-07 00:00:00,,,ch0506_ref0904night_hourly,,09-04 03:01 (user-labelled frame),ok,3/6,ok,0.4744989482322497,0.8639695710296885,untied (reference frame),nan,,0.0,0.9954560952368876,0.00810452568260963,18.3696758161283,-0.007622544105322339,0.9967277215462136,14.02199768874613,1.0045021029300556,-0.008167740211743027,-18.33784995307292,0.007681999224016139,1.003220558056519,-14.208272181736039
CH05,2026-09-06,2026-09-07 01:00:00,,,ch0506_ref0904night_hourly,,09-04 03:01 (user-labelled frame),ok,3/6,ok,0.4425732192518166,0.86024310569749,untied (reference frame),nan,,0.0,0.9952965925811559,0.007822666195215065,17.852619050828185,-0.00756749555186235,0.9967687951282654,13.845796698275773,1.0046656850494398,-0.007884641182931003,-17.82674460976926,0.00762744895293601,1.003181818993688,-14.026021457679496
CH05,2026-09-06,2026-09-07 02:00:00,,,ch0506_ref0904night_hourly,,09-04 03:01 (user-labelled frame),ok,3/6,ok,0.4286869123265015,0.8331843423140124,untied (reference frame),nan,,0.0,0.9949979257707594,0.007781297861808867,17.365792524090537,-0.007366586582572139,0.9964304711433525,13.913592236025309,1.0049691173162274,-0.007847977626360322,-17.342891623861384,0.007429712589004134,1.0035242961266884,-14.091650702585325
CH05,2026-09-06,2026-09-07 03:00:00,,,ch0506_ref0904night_hourly,,09-04 03:01 (user-labelled frame),ok,3/6,ok,0.46174169780906293,0.9166925721544479,untied (reference frame),nan,,0.0,0.994873361412203,0.00771590570434845,16.06894195303712,-0.007364405988557209,0.9963641662909409,13.967541606751745,1.0050954400570704,-0.007783521228207658,-16.042103626937337,0.007428941272930574,1.00359157105382,-14.137082250966822
CH05,2026-09-06,2026-09-07 04:00:00,,,ch0506_ref0904night_hourly,,09-04 03:01 (user-labelled frame),ok,3/6,ok,0.4659521463484675,0.8718240535383844,untied (reference frame),nan,,0.0,0.9945424618000565,0.007656631671327019,15.066366533326317,-0.007228851245362749,0.9961787120130609,13.937744317361847,1.005431317085346,-0.0077277472133321055,-15.040489382484227,0.007295993521033823,1.0037798692207174,-14.100351280725942
CH05,2026-09-06,2026-09-07 04:20:00,,,ch0506_ref0904night_hourly,,09-04 03:01 (user-labelled frame),ok,3/6,ok,0.35620319991025884,0.7134778007898389,untied (reference frame),nan,,0.0,0.9946718340699581,0.007477869171928615,14.855630296555551,-0.007165984188194063,0.9961478114210577,13.820115555032704,1.0053023389251925,-0.007546590257516392,-14.830105133929887,0.0072318390729740984,1.0038127974472624,-13.980242383974092
CH05,2026-09-07,2026-09-07 21:00:00,,,ch0506_ref0904night_hourly,,09-04 03:01 (user-labelled frame),ok,3/6,ok,0.6218551142151485,0.8567678480247789,untied (reference frame),nan,,0.0,0.9964405644944337,0.0004285546262373166,28.313812491655526,-0.0016950631925713466,0.9977171490454173,7.896376038776511,1.003571417044597,-0.00043106924036085054,-28.411529039365114,0.0017050092521478032,1.0022873419256784,-7.962713063012777
CH05,2026-09-07,2026-09-07 22:00:00,,,ch0506_ref0904night_hourly,,09-04 03:01 (user-labelled frame),ok,3/6,ok,0.6722056904444188,1.0351578017729042,untied (reference frame),nan,,0.0,0.9964554497175921,0.0004079474048471754,26.974399217315504,-0.0014193696690762674,0.9975262648556977,7.631022428238057,1.0035565742099772,-0.0004104135544997461,-27.067203794862195,0.0014279501330642002,1.0024792857119498,-7.688460010063649
CH05,2026-09-07,2026-09-07 23:00:00,,,ch0506_ref0904night_hourly,,09-04 03:01 (user-labelled frame),ok,3/6,ok,0.592220032873608,1.0189830226256644,untied (reference frame),nan,,0.0,0.9960359994200549,0.00047097419114793676,26.33174467162521,-0.001574577327803139,0.9971536599542835,8.029640587792104,1.0039790267830977,-0.0004741979386510409,-26.432711749904456,0.0015853550727928964,1.0028537160306104,-8.094300066848174
CH05,2026-09-07,2026-09-08 00:00:00,,,ch0506_ref0904night_hourly,,09-04 03:01 (user-labelled frame),ok,3/6,ok,0.5800066369706272,0.98128076415707,untied (reference frame),nan,,0.0,0.9958190384291608,0.0005500795541917985,25.183129005232143,-0.0015802734407559076,0.9969423999891024,7.949813978634194,1.0041976361239056,-0.0005540827514262951,-25.28443376245487,0.0015917738614124744,1.0030660993139373,-8.01427474431912
CH05,2026-09-07,2026-09-08 01:00:00,,,ch0506_ref0904night_hourly,,09-04 03:01 (user-labelled frame),ok,3/6,ok,0.6243155407569976,1.0141813150026497,untied (reference frame),nan,,0.0,0.9956181106590709,0.00036014359253029593,24.21560132176295,-0.0015696275448829162,0.996539295764829,8.219001593131217,1.004400602543645,-0.00036298462376442564,-24.31918118733439,0.0015820097195861566,1.0034721505706923,-8.28584852085998
CH05,2026-09-07,2026-09-08 02:00:00,,,ch0506_ref0904night_hourly,,09-04 03:01 (user-labelled frame),ok,3/6,ok,0.529897067210785,0.9168441840472417,untied (reference frame),nan,,0.0,0.9956626505353264,0.0003916614492570983,23.016555205457312,-0.0013723902093537262,0.9962444142632215,8.137391371931324,1.0043556997680405,-0.0003948503031072903,-23.113595358177104,0.0013835640223786346,1.0037691993995925,-8.199907700306019
CH05,2026-09-07,2026-09-08 03:00:00,,,ch0506_ref0904night_hourly,,09-04 03:01 (user-labelled frame),ok,3/6,ok,0.4852230929364816,0.8410184731859176,untied (reference frame),nan,,0.0,0.9952385411656077,0.0003068134880464188,22.00796020368998,-0.0014176449703632709,0.9961510895064023,8.117097324513473,1.0047837979695715,-0.0003094723531751868,-22.110729821816832,0.0014299303715060716,1.0038633414270317,-8.179926293584668
CH05,2026-09-07,2026-09-08 04:00:00,,,ch0506_ref0904night_hourly,,09-04 03:01 (user-labelled frame),ok,3/6,ok,0.45774818560363123,0.7143510945245588,untied (reference frame),nan,,0.0,0.9949399142712457,0.00035197423529878535,20.91397096671458,-0.0013219605158649968,0.9960671710103491,7.883966207077341,1.0050853485194917,-0.00035516093417306863,-21.017525721203757,0.0013339292614868968,1.0039478858408017,-7.942988963482009
CH05,2026-09-07,2026-09-08 04:20:00,,,ch0506_ref0904night_hourly,,09-04 03:01 (user-labelled frame),ok,3/6,ok,0.4664867506440693,0.7102408984270839,untied (reference frame),nan,,0.0,0.9951206963490421,0.0003464201190581731,20.463424587040546,-0.0014348498403321062,0.9960685669174866,8.049722787002006,1.004902724061071,-0.0003494925277969911,-20.560937793170446,0.001447575559612826,1.0039464468047423,-8.111112943072012
CH05,2026-09-08,2026-09-08 21:00:00,,,ch0506_ref0904night_hourly,,09-04 03:01 (user-labelled frame),ok,3/6,ok,0.5555264833417117,0.9111508970895223,untied (reference frame),nan,,0.0,0.9964113146898991,0.0015266078340882908,21.602654395856163,-0.0010903039789637527,0.9971785058661702,7.134651235816752,1.0035999291378328,-0.00153643856651468,-21.669460467552998,0.0010973250923376541,1.002827797562983,-7.178531719923799
CH05,2026-09-08,2026-09-08 22:00:00,,,ch0506_ref0904night_hourly,,09-04 03:01 (user-labelled frame),ok,3/6,ok,0.6135750504796247,0.8545572343407617,untied (reference frame),nan,,0.0,0.9965067693972217,0.0014291841778960868,20.196678628396537,-0.0010311989151597404,0.9970413451446813,7.1879035735221395,1.0035039875132854,-0.0014384478922501486,-20.257108113375246,0.001037882960743229,1.002965946742142,-7.230184301320877
CH05,2026-09-08,2026-09-08 23:00:00,,,ch0506_ref0904night_hourly,,09-04 03:01 (user-labelled frame),ok,3/6,ok,0.5254941611647035,0.7003903278442303,untied (reference frame),nan,,0.0,0.9960024476816955,0.0019356172431090196,18.289669217320053,-0.0012407573966252937,0.9968299452395786,7.470168382566586,1.0040111682402937,-0.0019495615463807822,-18.348468604586404,0.001249695887686386,1.0031777093401335,-7.516762930816267
CH05,2026-09-08,2026-09-09 00:00:00,,,ch0506_ref0904night_hourly,,09-04 03:01 (user-labelled frame),ok,3/6,ok,0.5594782421292808,0.7674194325253371,untied (reference frame),nan,,0.0,0.9960377039604102,0.0017514806236541905,16.949631554817483,-0.0010291048165326027,0.9966663580553303,7.240783245905288,1.003976235384349,-0.0017643265558957948,-17.00425217339119,0.0010366526081348332,1.0033429705345067,-7.2825598507013245
CH05,2026-09-08,2026-09-09 01:00:00,,,ch0506_ref0904night_hourly,,09-04 03:01 (user-labelled frame),ok,3/6,ok,0.60074732911558,0.7769657824598175,untied (reference frame),nan,,0.0,0.9962737224665887,0.0016039083745508428,15.940289547379958,-0.0010501401654219185,0.9966464103948247,7.293982828066224,1.0037385119522773,-0.0016153217313467168,-15.988100381405353,0.0010576129266991923,1.0033631719895697,-7.335372403086617
CH05,2026-09-08,2026-09-09 02:00:00,,,ch0506_ref0904night_hourly,,09-04 03:01 (user-labelled frame),ok,3/6,ok,0.49852044439252613,0.5878195469046831,untied (reference frame),nan,,0.0,0.9963670520989163,0.0016356493246100293,15.72230813575988,-0.0012196080371659917,0.9970387382562574,7.272951088660513,1.003644178946269,-0.0016464855982559906,-15.76762823083067,0.001227688012642823,1.0029680428283552,-7.313839608209539
CH05,2026-09-08,2026-09-09 03:00:00,,,ch0506_ref0904night_hourly,,09-04 03:01 (user-labelled frame),ok,3/6,ok,0.4001004772369616,0.4748915428725085,untied (reference frame),nan,,0.0,0.9965069391511254,0.0014851119929762749,15.745639717878928,-0.0013098472553826788,0.9969655022108646,7.64571604566306,1.0035033402029407,-0.0014948509674830525,-15.789372844495634,0.0013184368897592616,1.00304177000706,-7.689732187670166
CH05,2026-09-08,2026-09-09 04:00:00,,,ch0506_ref0904night_hourly,,09-04 03:01 (user-labelled frame),ok,3/6,ok,0.35943961079684067,0.46300129387359784,untied (reference frame),nan,,0.0,0.9966112529346556,0.0011634472961023073,16.003035286969805,-0.0012332762991156042,0.996941448443751,7.643730061848536,1.0033988206631177,-0.0011709831571704535,-16.048476054815378,0.0012412644554162017,1.0030664864172785,-7.687033455141023
CH05,2026-09-08,2026-09-09 04:20:00,,,ch0506_ref0904night_hourly,,09-04 03:01 (user-labelled frame),ok,3/6,ok,0.3667255541639755,0.40397660119247614,untied (reference frame),nan,,0.0,0.9966302173294815,0.0010121232164776173,16.14550027824282,-0.0013867013643949033,0.9968562743558043,7.977306913612824,1.0033797590266043,-0.0010187466088938603,-16.191941324180906,0.0013957760177088464,1.0031522226701275,-8.024988663394762
CH05,2026-09-09,2026-09-09 21:00:00,,,ch0506_ref0904night_hourly,,09-04 03:01 (user-labelled frame),ok,3/6,ok,0.3682210966940189,0.38982084554573887,untied (reference frame),nan,,7.199999999999999,0.9987812489897506,0.003104524659515471,1.0243654616993387,-0.002473494254695559,0.9990090761511993,6.197484254284653,1.0012125328247656,-0.0031113721304169522,-1.0063248586587263,0.0024789498982454,1.0009842031580933,-6.206123188517
CH05,2026-09-09,2026-09-09 22:00:00,,,ch0506_ref0904night_hourly,,09-04 03:01 (user-labelled frame),ok,3/6,ok,0.3518330797646621,0.3665678229227018,untied (reference frame),nan,,7.199999999999999,0.9988650740841271,0.00320077764161171,-1.2322117816420857,-0.0025281667825649817,0.9990893555272207,6.972248601280825,1.0011280976106336,-0.003207309149570933,1.2559639935407216,0.002533325760573292,1.00090335849875,-6.975425447461273
CH05,2026-09-09,2026-09-09 23:00:00,,,ch0506_ref0904night_hourly,,09-04 03:01 (user-labelled frame),ok,3/6,ok,0.32468076971907545,0.3777408404451572,untied (reference frame),nan,,7.199999999999999,0.9991486771137603,0.0033143016528345906,-2.1873949990639465,-0.0028347213352382856,0.9992018087850131,7.520617493911713,1.0008426296865434,-0.0033197441724318673,2.214204689124857,0.002839376320823758,1.0007894107660922,-7.5203435127644385
CH05,2026-09-09,2026-09-10 00:00:00,,,ch0506_ref0904night_hourly,,09-04 03:01 (user-labelled frame),ok,3/6,ok,0.32236666452686014,0.3531348883741063,untied (reference frame),nan,,7.199999999999999,0.998884824327068,0.0036781191132373298,-2.7829546344615936,-0.0027739037643021757,0.9991726354195939,7.409349964269649,1.0011061867731839,-0.0036852368343777597,2.8133383114757278,0.0027792716909127184,1.000817818722323,-7.407674882358017
CH05,2026-09-09,2026-09-10 01:00:00,,,ch0506_ref0904night_hourly,,09-04 03:01 (user-labelled frame),ok,3/6,ok,0.3623676799672213,0.43717309058852427,untied (reference frame),nan,,7.199999999999999,0.9991439905102931,0.0038802950081501565,-3.920760804045831,-0.003031265825648172,0.9990283625704383,7.71775890574556,1.0008449491807256,-0.0038873507557343734,3.954075283589857,0.003036777738139752,1.000960787373037,-7.713267551924048
CH05,2026-09-09,2026-09-10 02:00:00,,,ch0506_ref0904night_hourly,,09-04 03:01 (user-labelled frame),ok,3/6,ok,0.41336728534037237,0.42784239901528376,untied (reference frame),nan,,7.199999999999999,0.9991920778288313,0.004224788565036219,-5.07570704924397,-0.0031886486174104558,0.9989892678922087,7.7302608234163515,1.000795068807451,-0.004232425410898983,5.112460337936487,0.003194412507751195,1.0009982453489823,-7.721763618245961
CH05,2026-09-09,2026-09-10 03:00:00,,,ch0506_ref0904night_hourly,,09-04 03:01 (user-labelled frame),ok,3/6,ok,0.41804150500100856,0.5198173904044501,untied (reference frame),nan,,7.199999999999999,0.9986641341385305,0.004708533540496728,-5.414308672771832,-0.0035334009472036887,0.9987786072363367,8.09352847195276,1.0013209509888825,-0.004720518890146394,5.459666363207036,0.0035423950523620074,1.0012061865052146,-8.084111156520812
CH05,2026-09-09,2026-09-10 04:00:00,,,ch0506_ref0904night_hourly,,09-04 03:01 (user-labelled frame),ok,3/6,ok,0.4345106349349492,0.7878677513417911,untied (reference frame),nan,,7.199999999999999,0.9979491648619035,0.005386488533231409,-5.4953601169569435,-0.003622606667516077,0.99818402080509,8.559265482539535,1.0020354210322002,-0.005407271798368715,5.552827763376999,0.0036365841584908866,1.0017996589191953,-8.55468490146042
CH05,2026-09-09,2026-09-10 04:20:00,,,ch0506_ref0904night_hourly,,09-04 03:01 (user-labelled frame),ok,3/6,ok,0.4359864688983868,0.7802767628762871,untied (reference frame),nan,,7.199999999999999,0.9979777620367,0.0053209880254974605,-5.5343825365491295,-0.0036219795934427784,0.9978584390554333,8.885116072270879,1.0020069438476036,-0.005343109544401237,5.5929638800200046,0.0036370376408695897,1.0021267629032033,-8.88388384991964
CH05,2026-09-10,2026-09-10 21:00:00,,,ch0506_ref0904night_hourly,,09-04 03:01 (user-labelled frame),ok,3/6,ok,0.34863804720179953,0.47062824526445984,untied (reference frame),nan,,0.0,0.9976709668305066,0.0021344431997684585,18.966585875390752,-0.003122719678330083,0.9982138319780961,9.78850092255057,1.0023277618668,-0.0021432398617600755,-18.989756465370792,0.0031355893154831455,1.001782659413851,-9.865421909889715
CH05,2026-09-10,2026-09-10 22:00:00,,,ch0506_ref0904night_hourly,,09-04 03:01 (user-labelled frame),ok,3/6,ok,0.3521088237211404,0.4414365198431779,untied (reference frame),nan,,0.0,0.9979344885139859,0.0021168126133146864,17.43768391427152,-0.0030606346107339712,0.9984718341900737,9.448794662461482,1.0020632711024489,-0.0021244266477778682,-17.453589312415158,0.0030716435102741356,1.0015239926296313,-9.516756904515457
CH05,2026-09-10,2026-09-10 23:00:00,,,ch0506_ref0904night_hourly,,09-04 03:01 (user-labelled frame),ok,3/6,ok,0.37859458898606646,0.3878679473223618,untied (reference frame),nan,,0.0,0.9975429958745001,0.0020293191483210862,17.313148269629703,-0.0028974408519893205,0.9979386878844017,9.799981613237758,1.0024571348612012,-0.002038507459268457,-17.335711674180878,0.0029105598271498903,1.0020596512448738,-9.870557111402277
CH05,2026-09-10,2026-09-11 00:00:00,,,ch0506_ref0904night_hourly,,09-04 03:01 (user-labelled frame),ok,3/6,ok,0.43806789921558986,0.5019184569823396,untied (reference frame),nan,,0.0,0.9973418752465497,0.0020825544537747334,17.044057403037883,-0.0031080441531203063,0.9979277128034204,10.117772943053502,1.00265868852239,-0.0020924274279669843,-17.06820153721431,0.003122778768897826,1.002070073626819,-10.191942298579145
CH05,2026-09-10,2026-09-11 01:00:00,,,ch0506_ref0904night_hourly,,09-04 03:01 (user-labelled frame),ok,3/6,ok,0.42555760192257297,0.47085709540726883,untied (reference frame),nan,,0.0,0.997285726096554,0.0019883752369379004,16.78545620926591,-0.00288602292226519,0.997707525132365,10.080080549345498,1.0027158782379053,-0.0019983566042645388,-16.810899868960664,0.0029005103562087893,1.00229196182956,-10.151870098772154
CH05,2026-09-10,2026-09-11 02:00:00,,,ch0506_ref0904night_hourly,,09-04 03:01 (user-labelled frame),ok,3/6,ok,0.3840825010420471,0.43523594715570807,untied (reference frame),nan,,0.0,0.9973269295669771,0.001977246540780256,15.850737650921527,-0.002837494816656345,0.9976178057796063,10.038830487072028,1.0026745809109534,-0.0019872689071394308,-15.87318187557621,0.0028518776525891707,1.0023822302903997,-10.107949657622237
CH05,2026-09-10,2026-09-11 03:00:00,,,ch0506_ref0904night_hourly,,09-04 03:01 (user-labelled frame),ok,3/6,ok,0.34827056133448275,0.43989060483069087,untied (reference frame),nan,,0.0,0.9970769908983848,0.0021647771190437815,15.286496753403192,-0.00253939545914706,0.9968942062892586,10.452528727338258,1.0029260314313297,-0.0021778753565209886,-15.30846121864997,0.0025547603687628554,1.0031099220001394,-10.524088612467313
CH05,2026-09-10,2026-09-11 04:00:00,,,ch0506_ref0904night_hourly,,09-04 03:01 (user-labelled frame),ok,3/6,ok,0.5150874909655998,0.8676955229532936,untied (reference frame),nan,,0.0,0.996648120406036,0.0029456722548142147,13.927749270412518,-0.002553112488268344,0.9971512581721017,9.940938003860436,1.0033555595995172,-0.002964000305273424,-13.945019719898374,0.002568998021506655,1.0028492912970013,-10.005042992318597
CH05,2026-09-10,2026-09-11 04:20:00,,,ch0506_ref0904night_hourly,,09-04 03:01 (user-labelled frame),ok,3/6,ok,0.5248602122519723,0.8762119986599384,untied (reference frame),nan,,0.0,0.9963510294033008,0.0029186852656097953,13.91366842526692,-0.0027797623203951894,0.9970922438022681,10.242281112543358,1.0036541377931858,-0.0029378932209668156,-13.934420158653765,0.002798056019679042,1.0029080454400063,-10.310997355121089
CH05,2026-09-11,2026-09-11 21:00:00,,,ch0506_ref0904night_hourly,,09-04 03:01 (user-labelled frame),ok,3/6,ok,0.6391741750653323,1.032080792404965,untied (reference frame),nan,,0.0,0.995968365041073,0.00043806953967848866,27.412969772699658,-0.00021220682985100372,0.9964012696879325,6.902846895742317,1.0040478607812082,-0.00044143137666349173,-27.520886524730933,0.0002138353493084099,1.0036116339338281,-6.933639313797927
CH05,2026-09-11,2026-09-11 22:00:00,,,ch0506_ref0904night_hourly,,09-04 03:01 (user-labelled frame),ok,3/6,ok,0.5651263071844634,0.8353786941508645,untied (reference frame),nan,,0.0,0.9955561888844984,0.0003346819020221617,26.25051945902338,-0.000490555500274885,0.9963543176889454,7.235292451813319,1.0044634804633161,-0.0003374058225923348,-26.365246909979234,0.00049454805024528,1.0036588558207167,-7.274747486931609
CH05,2026-09-11,2026-09-11 23:00:00,,,ch0506_ref0904night_hourly,,09-04 03:01 (user-labelled frame),ok,3/6,ok,0.5823367927420504,0.9074238622150217,untied (reference frame),nan,,0.0,0.99544531814415,0.0001186185882750615,24.963337457722165,-0.0005175730176561106,0.9963797363942701,7.080190024204818,1.0045754597204455,-0.00011959428568773873,-25.076709452479385,0.0005218303154501764,1.0036333554113168,-7.118941497202666
CH05,2026-09-11,2026-09-12 00:00:00,,,ch0506_ref0904night_hourly,,09-04 03:01 (user-labelled frame),ok,3/6,ok,0.5346457475383555,0.8284383671788601,untied (reference frame),nan,,0.0,0.9953758056194327,7.091553983960136e-05,23.502195138077262,0.00014629058280184702,0.9961024167690683,6.368437914360832,1.004645687405414,-7.152376108168747e-05,-23.610923495397955,-0.00014754527310214638,1.0039128443306327,-6.389888982748878
CH05,2026-09-11,2026-09-12 01:00:00,,,ch0506_ref0904night_hourly,,09-04 03:01 (user-labelled frame),ok,3/6,ok,0.4799980898739631,0.7786539060429427,untied (reference frame),nan,,0.0,0.9948838628337836,0.0003305631376086457,21.8334515469534,-0.00038860555994614293,0.9958359176599965,7.169636308834999,1.005142316302613,-0.00033365235369393106,-21.943333894756034,0.0003922372006526702,1.0041813642257735,-7.208179061523931
CH05,2026-09-11,2026-09-12 02:00:00,,,ch0506_ref0904night_hourly,,09-04 03:01 (user-labelled frame),ok,3/6,ok,0.47470840641525225,0.6909709143741494,untied (reference frame),nan,,0.0,0.995048610112266,-1.0662383995156677e-05,20.572499948816805,-0.0003059469665906354,0.9957578063282211,7.057413490535808,1.004976031451869,1.0761090985347961e-05,-20.674945301074384,0.00030877926978324535,1.0042602698539165,-7.093832337987972
CH05,2026-09-11,2026-09-12 03:00:00,,,ch0506_ref0904night_hourly,,09-04 03:01 (user-labelled frame),ok,3/6,ok,0.463446357470208,0.6186895857794468,untied (reference frame),nan,,0.0,0.9950740338385914,7.166344853189177e-05,19.24761804737476,-0.000255470278798746,0.9958821551252592,6.855690793816022,1.0049503328589728,-7.231599249500385e-05,-19.342404387367644,0.00025779650774250795,1.0041348530837326,-6.889000036750925
CH05,2026-09-11,2026-09-12 04:00:00,,,ch0506_ref0904night_hourly,,09-04 03:01 (user-labelled frame),ok,3/6,ok,0.47151304902631375,0.5715649641494037,untied (reference frame),nan,,0.0,0.9946984142353725,0.00012045454671293088,18.28129768575869,-0.000167208230545038,0.9952303438869174,7.4207653894800565,1.0053298219273052,-0.00012167690499095615,-18.377830811258587,0.00016890503959324926,1.004792494317521,-7.4594171687502255
CH05,2026-09-11,2026-09-12 04:20:00,,,ch0506_ref0904night_hourly,,09-04 03:01 (user-labelled frame),ok,3/6,ok,0.4198538056845729,0.5825424613594624,untied (reference frame),nan,,0.0,0.9945354861846804,0.00016298487543410511,17.916198955683125,-0.00014556618136674922,0.9952091786626631,7.396355639563578,1.0054945146965062,-0.00016466929942075527,-18.01342182144922,0.00014707058579008084,1.0048138597088638,-7.434595603844845
CH05,2026-09-16,2026-09-16 21:00:00,,,ch0506_ref0904night_hourly,,09-04 03:01 (user-labelled frame),sample,3/6,unreliable,3.110323905994239,6.211944313196034,untied (reference frame),nan,,0.0,0.9983002912385186,0.008497805323785884,32.380544030234276,-0.0032557873637204015,1.0117760841376786,12.414265086250774,1.0016751652172147,-0.008412968724143778,-32.33034596740435,0.0032232836855856884,0.98833390593038,-12.373810781252415
CH05,2026-09-16,2026-09-16 22:00:00,,,ch0506_ref0904night_hourly,,09-04 03:01 (user-labelled frame),sample,3/6,unreliable,3.490186549279968,6.048241620768929,untied (reference frame),nan,,0.0,0.997987849728024,0.00868048769657738,31.264876564349052,-0.004747604849324161,1.0122179556241906,13.715706900163717,1.0019753304272383,-0.00859264991271988,-31.208780758631875,0.004699563874764612,0.9878892188560068,-13.696530260111466
CH05,2026-09-16,2026-09-16 23:00:00,,,ch0506_ref0904night_hourly,,09-04 03:01 (user-labelled frame),sample,3/6,unreliable,3.662895659365029,6.571213822501485,untied (reference frame),nan,,0.0,0.9980494596393651,0.009867850641023579,28.301407577568494,-0.0021521181063143793,1.0076072700270997,16.176932581533322,1.0019331939427674,-0.00981228242809823,-28.19738705595893,0.0021399990176168867,0.9924292058575834,-16.115025339515952
CH05,2026-09-16,2026-09-17 00:00:00,,,ch0506_ref0904night_hourly,,09-04 03:01 (user-labelled frame),sample,3/6,unreliable,3.4581553273871317,6.188415114130346,untied (reference frame),nan,,0.0,0.9976588305533594,0.00991725526788171,27.666371892634007,-0.00788627017800751,1.0145370994599663,15.330529166543426,1.0022692176400165,-0.009797334847357505,-27.578954584136223,0.007790908627803494,0.9855950424115825,-15.325239719569712
CH05,2026-09-16,2026-09-17 01:00:00,,,ch0506_ref0904night_hourly,,09-04 03:01 (user-labelled frame),sample,3/6,unreliable,3.1389342925474732,5.767224164752032,untied (reference frame),nan,,0.0,0.9980192572807862,0.009466256530915977,26.76055975880298,-0.0032284379958450096,1.0097303119389316,15.109507881720141,1.0019542877929954,-0.009393356036114867,-26.670928607009852,0.003203575503838464,0.9903334210223677,-15.049180104180643
CH05,2026-09-16,2026-09-17 02:00:00,,,ch0506_ref0904night_hourly,,09-04 03:01 (user-labelled frame),sample,3/6,unreliable,3.7268524313246587,7.649200510998333,untied (reference frame),nan,,0.0,0.9972344300421292,0.010216399977475851,25.693897942336964,-0.007700700624104095,1.015298193301536,14.509146166172117,1.0026953272071668,-0.010089584110243825,-25.6167601539077,0.007605112057672376,0.9848557889006071,-14.484821566809531
CH05,2026-09-16,2026-09-17 03:00:00,,,ch0506_ref0904night_hourly,,09-04 03:01 (user-labelled frame),sample,3/6,unreliable,3.3338604124137756,6.7396119220957225,untied (reference frame),nan,,0.0,0.9975065509428126,0.009439798621279742,25.324600761584847,-0.005207303532402928,1.0126386024206375,14.273091172145923,1.0024508988874672,-0.009344829034364389,-25.25328920062137,0.0051549151833230715,0.987471084203634,-14.224810983673741
CH05,2026-09-16,2026-09-17 04:00:00,,,ch0506_ref0904night_hourly,,09-04 03:01 (user-labelled frame),sample,3/6,unreliable,3.3223784442846775,6.26723657857941,untied (reference frame),nan,,0.0,0.9976445825635415,0.01009105920593277,23.60065022595061,-0.007827884552161674,1.013289608472748,16.74397295363429,1.0022826604619868,-0.009981444182622085,-23.487393465666532,0.007742853463734992,0.9868075800307263,-16.705815806824187
CH05,2026-09-16,2026-09-17 04:20:00,,,ch0506_ref0904night_hourly,,09-04 03:01 (user-labelled frame),sample,3/6,unreliable,3.654811538190308,7.592698355122722,untied (reference frame),nan,,0.0,0.997546731909416,0.009824160481646811,23.869876083460124,-0.007680229993156863,1.0155045497338941,14.327453053619532,1.0023846412498068,-0.009697236297519845,-23.787860476793945,0.007581004524720148,0.9846588311760498,-14.288610816099956
CH06,2026-08-30,2026-08-30 21:00:00,,,ch0506_ref0904night_hourly,,09-18 (calibration),ok,3/6,ok,2.863652209555095,3.3098762197910863,tie (labels),2.5390387466714537,ok,0.0,1.0011695444055548,-0.015996892091351883,10.664411635323297,0.011100340878674432,0.9934025912159256,-13.473664588771234,0.9986535208015028,0.016081448498494886,-10.433376183721803,-0.011159015084726664,1.0064615285692597,13.67972938775251
CH06,2026-08-30,2026-08-30 22:00:00,,,ch0506_ref0904night_hourly,,09-18 (calibration),ok,3/6,ok,2.6699846401262044,3.1811760425777575,tie (labels),2.5390387466714537,ok,0.0,1.0011716538393305,-0.01606165272671186,9.80707427885394,0.010909350010441209,0.9924956739248197,-12.438762854452845,0.998653614301044,0.016161307266709588,-9.592843505787744,-0.01097703708321403,1.0073834243413906,12.63825613692601
CH06,2026-08-30,2026-08-30 23:00:00,,,ch0506_ref0904night_hourly,,09-18 (calibration),sample,3/6,unreliable,3.017602404837625,3.317991625024512,tie (labels),2.5390387466714537,ok,0.0,1.0010262820421734,-0.016051942380308083,9.393868846982365,0.010764326195183591,0.9932164311067444,-13.140510804997975,0.9988011883611554,0.016142200856555725,-9.170490602902804,-0.01082485293127515,1.0066549533120008,13.32964753962535
CH06,2026-08-30,2026-08-31 00:00:00,,,ch0506_ref0904night_hourly,,09-18 (calibration),ok,3/6,ok,2.6891660206576615,3.071951369298721,tie (labels),2.5390387466714537,ok,0.0,1.0003170407194306,-0.016538057813942353,10.588940110866766,0.011119036037118689,0.9927324652429691,-13.347206220080466,0.9994979779818991,0.016650765360773718,-10.36138303079034,-0.011194812726798458,1.0071342426533874,13.560969629515759
CH06,2026-08-30,2026-08-31 01:00:00,,,ch0506_ref0904night_hourly,,09-18 (calibration),ok,3/6,ok,2.8857156324463498,3.105758051455121,tie (labels),2.5390387466714537,ok,0.0,1.0000860266058857,-0.016790181064816695,9.786056175991785,0.010748347891452835,0.9921796677469641,-12.286466045088412,0.9997321560129769,0.016917988204590294,-9.57557275206147,-0.010830164495811959,1.0076986982080927,12.487040437364772
CH06,2026-08-30,2026-08-31 02:00:00,,,ch0506_ref0904night_hourly,,09-18 (calibration),ok,3/6,ok,2.736517192450513,3.079236015436636,tie (labels),2.5390387466714537,ok,0.0,0.9999782157715232,-0.016528706379317436,9.38769460899029,0.0110003498248815,0.9916140927132844,-12.21272394858656,0.9998384511452714,0.016665793988982824,-9.182643296306205,-0.01109158574064942,1.0082719454906932,12.4178713550448
CH06,2026-08-30,2026-08-31 03:00:00,,,ch0506_ref0904night_hourly,,09-18 (calibration),ok,3/6,ok,2.7686709592368732,3.0994257172314175,tie (labels),2.5390387466714537,ok,0.0,1.0000017804603978,-0.01635067764047711,8.354798812654373,0.010812504900826468,0.9916460172360988,-12.154627327879272,0.9998199708162575,0.01648545323349558,-8.152920164659477,-0.010901630366575757,1.0082446090418524,12.345918406689716
CH06,2026-08-30,2026-08-31 04:00:00,,,ch0506_ref0904night_hourly,,09-18 (calibration),ok,3/6,ok,2.7274405315573427,3.0402836322882285,tie (labels),2.5390387466714537,ok,0.0,0.9996324385367191,-0.017129347101072376,8.37073366200579,0.01106985576931678,0.9915106389703369,-12.176216595002805,1.000176349624861,0.01727905599964048,-8.161816309338093,-0.011166605277908874,1.0083691329631466,12.371593649364577
CH06,2026-08-30,2026-08-31 04:20:00,,,ch0506_ref0904night_hourly,,09-18 (calibration),ok,3/6,ok,2.9009334701972738,3.1196833821644514,tie (labels),2.5390387466714537,ok,0.0,0.9996055993885082,-0.016734485892057217,8.062346264347422,0.010967702618075587,0.9913184451886353,-12.023158126050774,1.000209298186253,0.016884572733252504,-7.861027810934792,-0.01106606882135988,1.008570777513553,12.215424417982325
CH06,2026-08-31,2026-08-31 21:00:00,,,ch0506_ref0904night_hourly,,09-18 (calibration),ok,3/6,ok,2.7808574811111817,3.6192845042107273,tie (labels),2.5390387466714537,ok,2.5,1.001591602054646,-0.02073558894745022,4.663020494066863,0.01082434733354506,0.9884231789920512,-12.242094673172263,0.9981846214791921,0.0209403689073394,-4.398201368165045,-0.010931246125684864,1.0114830928926388,12.433644408214537
CH06,2026-08-31,2026-08-31 22:00:00,,,ch0506_ref0904night_hourly,,09-18 (calibration),ok,3/6,ok,2.6889414143456682,3.472992558116185,tie (labels),2.5390387466714537,ok,2.5,1.0017276217625055,-0.020838121406669248,4.208515396628869,0.010638960734329453,0.9879690013687421,-11.579057505428064,0.9980517855267951,0.021050786257602486,-3.956568041411196,-0.010747537364367066,1.01195082044728,11.76266791909795
CH06,2026-08-31,2026-08-31 23:00:00,,,ch0506_ref0904night_hourly,,09-18 (calibration),ok,3/6,ok,2.829390332831805,3.2337003464765353,tie (labels),2.5390387466714537,ok,2.5,1.0016274914602896,-0.02145258369909047,4.725048418593897,0.010547830461300565,0.9892450468131007,-12.876777704413044,0.9981472094592585,0.021645634338954528,-4.437567871925653,-0.010642749816856699,1.0106410830557877,13.064088073648247
CH06,2026-08-31,2026-09-01 00:00:00,,,ch0506_ref0904night_hourly,,09-18 (calibration),ok,3/6,ok,2.8918024340541435,3.4823087152860253,tie (labels),2.5390387466714537,ok,2.5,1.0017079165884366,-0.020693019328567812,3.9431717954165215,0.01059744229191249,0.9882176987170465,-11.869475116690056,0.9980738927988474,0.02089940544663229,-3.687511850923569,-0.01070313807952627,1.0116986581547835,12.05053636075456
CH06,2026-08-31,2026-09-01 01:00:00,,,ch0506_ref0904night_hourly,,09-18 (calibration),ok,3/6,ok,2.887253070624144,3.1962447540245567,tie (labels),2.5390387466714537,ok,2.5,1.0013452644287248,-0.022006250019125397,5.681165229319152,0.010038219383408854,0.9852828637905825,-8.678625238688362,0.9984329917455463,0.022299957556519385,-5.478729822038206,-0.010172194989991496,1.0147097700324006,8.864075740629849
CH06,2026-08-31,2026-09-01 02:00:00,,,ch0506_ref0904night_hourly,,09-18 (calibration),sample,3/6,unreliable,3.048673554640169,3.5341487073245026,tie (labels),2.5390387466714537,ok,2.5,1.001656823564705,-0.021282283041044694,4.38507466271092,0.010158483166443773,0.9873365933425523,-10.851902531407157,0.9981277198412772,0.021514888426103992,-4.1433871022512285,-0.010269510629239564,1.0126044634721905,11.033717511326769
CH06,2026-08-31,2026-09-01 03:00:00,,,ch0506_ref0904night_hourly,,09-18 (calibration),ok,3/6,ok,2.7841960938708836,3.6679601882173016,tie (labels),2.5390387466714537,ok,2.5,1.0018841922244262,-0.02056738283496369,3.5058543664148196,0.01084435034968699,0.9880290494041429,-12.34233971980398,0.9978945079711848,0.020772747913362134,-3.2420885063315823,-0.010952631061803546,1.0118879942313865,12.527463712626579
CH06,2026-08-31,2026-09-01 04:00:00,,,ch0506_ref0904night_hourly,,09-18 (calibration),ok,3/6,ok,2.955302896503735,3.4508752499258417,tie (labels),2.5390387466714537,ok,2.5,1.0013636668646353,-0.020512916971693884,3.891990080325151,0.009874141404234774,0.9879788358292853,-10.777737817727006,0.998433778109627,0.020729987778438937,-3.662471987023531,-0.009978631070111628,1.0119602494623925,10.945478983807382
CH06,2026-08-31,2026-09-01 04:20:00,,,ch0506_ref0904night_hourly,,09-18 (calibration),ok,3/6,ok,2.8568945564936676,3.7172631651095944,tie (labels),2.5390387466714537,ok,2.5,1.0018672060175764,-0.019744743891338665,2.7787606134941996,0.009547680992743272,0.9877021306020333,-10.413581851479865,0.9979461572009394,0.019949527980938807,-2.565307433489967,-0.009646705481014768,1.0122581467567242,10.568038951319087
CH06,2026-09-01,2026-09-01 21:00:00,,,ch0506_ref0904night_hourly,,09-18 (calibration),ok,3/6,ok,1.0201755937205699,2.2135741319724045,tie (labels),2.5390387466714537,ok,0.0,1.0008825122632738,-0.01406100852622948,10.846992260368594,0.00254581190028049,0.9912473556250703,-5.561356260298181,0.9990822180691526,0.014172147352479977,-10.758220726467405,-0.002565934108863461,1.0087935314067504,5.638092888656699
CH06,2026-09-01,2026-09-01 22:00:00,,,ch0506_ref0904night_hourly,,09-18 (calibration),ok,3/6,ok,1.1705679999672678,2.4019869650348062,tie (labels),2.5390387466714537,ok,0.0,1.00100501769262,-0.013984363566463475,9.662570563961811,0.0031216328533103014,0.9924718822626666,-7.474616333575283,0.9989520963869618,0.01407567262208737,-9.547234868869486,-0.003142015142892921,1.0075409477981192,7.561341968188982
CH06,2026-09-01,2026-09-01 23:00:00,,,ch0506_ref0904night_hourly,,09-18 (calibration),ok,3/6,ok,1.2327224843096674,2.18904204592119,tie (labels),2.5390387466714537,ok,0.0,1.0008273533771035,-0.014029413350078422,9.301214356877146,0.002356576852319274,0.9904149965720608,-4.670177042324601,0.9991400054989124,0.014153004730602332,-9.227118325904025,-0.002377336992406472,1.0096440894146996,4.737328768268163
CH06,2026-09-01,2026-09-02 00:00:00,,,ch0506_ref0904night_hourly,,09-18 (calibration),ok,3/6,ok,1.493958598198943,2.1381403796691028,tie (labels),2.5390387466714537,ok,0.0,1.0004729323409334,-0.014307523996250212,9.59656618072524,0.002800269907349959,0.9903801144129015,-5.1023071941627585,0.9994868769968172,0.014439084820525007,-9.517969315509452,-0.002826019003930151,1.0096725006015137,5.1787793419666075
CH06,2026-09-01,2026-09-02 01:00:00,,,ch0506_ref0904night_hourly,,09-18 (calibration),ok,3/6,ok,1.404951255740316,2.3950913476440476,tie (labels),2.5390387466714537,ok,0.0,1.000304790440629,-0.01388140415204436,9.121332776567549,0.002470376767329596,0.9909722756504517,-5.13708576880545,0.9996607200093431,0.014003110692743652,-9.046302910209636,-0.002492036032291729,1.0090750585169699,5.206435812705783
CH06,2026-09-01,2026-09-02 02:00:00,,,ch0506_ref0904night_hourly,,09-18 (calibration),ok,3/6,ok,1.4765014893319381,2.3036647128206313,tie (labels),2.5390387466714537,ok,0.0,1.0000567776229377,-0.014283398978227963,9.159504074323532,0.0026774042887648493,0.989943929673628,-4.616396993126412,0.9999046005701636,0.01442711644771429,-9.092028965868545,-0.002704343938757099,1.0101192025150587,4.687881698515183
CH06,2026-09-01,2026-09-02 03:00:00,,,ch0506_ref0904night_hourly,,09-18 (calibration),ok,3/6,ok,1.405778350935556,2.313446584622811,tie (labels),2.5390387466714537,ok,0.0,0.9998933344830893,-0.014299653969285914,8.431417587298554,0.002876141462735414,0.9902136031035302,-5.364749234864687,1.0000651354604457,0.014441919742377286,-8.354489493677416,-0.0029047558956157528,1.0098411694827811,5.442035851262714
CH06,2026-09-01,2026-09-02 04:00:00,,,ch0506_ref0904night_hourly,,09-18 (calibration),ok,3/6,ok,1.5371564041461736,2.298938602222081,tie (labels),2.5390387466714537,ok,0.0,1.0000984307219136,-0.014329020971138919,8.245532209136247,0.003165291775390278,0.9904556318225362,-5.893483971820804,0.9998557974818492,0.01446501411059598,-8.159093853815236,-0.003195332764701408,1.009590113763895,5.976350372806512
CH06,2026-09-01,2026-09-02 04:20:00,,,ch0506_ref0904night_hourly,,09-18 (calibration),ok,3/6,ok,1.5714088797406291,2.382615083611115,tie (labels),2.5390387466714537,ok,0.0,0.9999169736835664,-0.014613650219776035,8.607134071458098,0.0032486783377082815,0.9906220820786508,-6.157622691216379,1.000035103067865,0.014752511041411611,-8.516595811528514,-0.0032795477054856355,1.0094183159522598,6.243844634031917
CH06,2026-09-02,2026-09-02 21:00:00,,,ch0506_ref0904night_hourly,,09-18 (calibration),ok,3/6,ok,2.066258663918351,4.009254993584357,tie (labels),2.5390387466714537,ok,0.25,1.0009768278803155,-0.013185693571009962,-6.565102465882521,0.004405267557695852,0.9961604780750387,-9.068278264146958,0.9989659321307691,0.013222828006997513,6.678221988170753,-0.004417673968116989,1.0037958460639071,9.073697570240785
CH06,2026-09-02,2026-09-02 22:00:00,,,ch0506_ref0904night_hourly,,09-18 (calibration),ok,3/6,ok,1.6124441554989493,3.2522366253675523,tie (labels),2.5390387466714537,ok,0.25,0.9988829558307896,-0.013765232344260076,-4.63570707998538,0.004033920560210161,0.99321501101608,-6.934018184059395,1.001062264193642,0.013873989523778404,4.73683392127199,-0.004065792003536172,1.0067749906492491,6.962148271641581
CH06,2026-09-02,2026-09-02 23:00:00,,,ch0506_ref0904night_hourly,,09-18 (calibration),ok,3/6,ok,1.0825118551941297,3.4242417451111526,tie (labels),2.5390387466714537,ok,0.25,0.9990837187785336,-0.01383157055425915,-6.865472340159926,0.004120418056168652,0.9936656206043518,-7.708159336270465,1.000859664447246,0.013931709799212506,6.978762181603324,-0.004150249487922427,1.0063169891328438,7.72835827196782
CH06,2026-09-02,2026-09-03 00:00:00,,,ch0506_ref0904night_hourly,,09-18 (calibration),ok,3/6,ok,1.2176818880356375,3.4552429419681276,tie (labels),2.5390387466714537,ok,0.25,0.9993071975390679,-0.013955556790022205,-9.034451833067616,0.004012880350351028,0.9940996852941414,-8.16045647898811,1.0006368734404214,0.014047328371657376,9.154838247311828,-0.004039269005580299,1.0058786302262352,8.171936203833647
CH06,2026-09-02,2026-09-03 01:00:00,,,ch0506_ref0904night_hourly,,09-18 (calibration),ok,3/6,ok,1.1819610996086978,3.431865748131258,tie (labels),2.5390387466714537,ok,0.25,0.999483148584853,-0.01355541395285556,-11.35564071288279,0.004411071499944799,0.9949312959906313,-9.273516594077549,1.00045696161191,0.013630698231441765,11.487234311005356,-0.004435569780618518,1.0050340943591374,9.269831614867536
CH06,2026-09-02,2026-09-03 02:00:00,,,ch0506_ref0904night_hourly,,09-18 (calibration),ok,3/6,ok,1.3753787414092282,3.2784483904822075,tie (labels),2.5390387466714537,ok,0.25,0.999529006259826,-0.013649700272198015,-12.97619129754076,0.0047633353019860825,0.9954081853975424,-10.068175362289942,1.000405840352308,0.013718231446842888,13.119575119455863,-0.004787250622979422,1.0045473506574776,10.051838606270199
CH06,2026-09-02,2026-09-03 03:00:00,,,ch0506_ref0904night_hourly,,09-18 (calibration),ok,3/6,ok,1.2576527312892596,3.202131743993186,tie (labels),2.5390387466714537,ok,0.25,0.9999503470854333,-0.012978341451168836,-15.352067131874938,0.004639930146987626,0.995653060678022,-9.98886977003985,0.9999891715246247,0.013034862672626246,15.48210443810126,-0.004660137237421448,1.0043051727946104,9.960330840710087
CH06,2026-09-02,2026-09-03 04:00:00,,,ch0506_ref0904night_hourly,,09-18 (calibration),ok,3/6,ok,1.1542286956252028,3.1638674686513184,tie (labels),2.5390387466714537,ok,0.25,0.9994477803967787,-0.013810455397781602,-15.394246159943947,0.004600851276776643,0.9941930820376482,-8.110027711972563,1.0004885471878764,0.01389790645958875,15.514479382140532,-0.004629984952515932,1.0057765195367303,8.085600317418331
CH06,2026-09-02,2026-09-03 04:20:00,,,ch0506_ref0904night_hourly,,09-18 (calibration),ok,3/6,ok,1.2823808325976471,3.147535274549793,tie (labels),2.5390387466714537,ok,0.25,0.9998122733804767,-0.01370378426861154,-16.389659625763414,0.004758506261797326,0.9944054552008283,-8.570272719719798,1.0001221651285837,0.013782565573728542,16.509782216383314,-0.004785862306402501,1.0055600664152318,8.539485351020382
CH06,2026-09-03,2026-09-03 21:00:00,,,ch0506_ref0904night_hourly,,09-18 (calibration),ok,3/6,ok,0.4261722370791298,0.7671943560011689,tie (labels),2.5390387466714537,ok,18.4,1.003551173470963,-0.007568358014318493,-19.685102815993872,0.0012381071840948793,1.0057507038645723,-4.628550064057935,0.9964521417839836,0.0074983855583472,19.649969515191437,-0.001226660394677291,0.9942729469166977,4.577895176152823
CH06,2026-09-03,2026-09-03 22:00:00,,,ch0506_ref0904night_hourly,,09-18 (calibration),ok,3/6,ok,0.30114027536141963,0.31956094799419354,tie (labels),2.5390387466714537,ok,18.4,1.003398585389592,-0.00797520334684889,-18.038446489175044,0.0014502026716969726,1.0065421629367908,-6.38515869411595,0.9966015132196473,0.00789643992708046,18.027563089296443,-0.001435880413465739,0.9934889817670941,6.317683757435407
CH06,2026-09-03,2026-09-03 23:00:00,,,ch0506_ref0904night_hourly,,09-18 (calibration),ok,3/6,ok,0.26981150846038504,0.3153840071300651,tie (labels),2.5390387466714537,ok,18.4,1.0032084995310466,-0.007752300842117985,-18.19720511521614,0.0014453796184562288,1.006535585907541,-6.626333257536451,0.9967907009683682,0.007677246089183266,18.189676833548518,-0.0014313860167669433,0.9934958261444264,6.557187209058304
CH06,2026-09-03,2026-09-04 00:00:00,,,ch0506_ref0904night_hourly,,09-18 (calibration),ok,3/6,ok,0.2520851885156462,0.27730493014624236,tie (labels),2.5390387466714537,ok,18.4,1.002962471044456,-0.008123031691794666,-19.200609896970544,0.00192028986974094,1.0063150704357584,-6.685606559882325,0.9970308702524651,0.008048089107173327,19.19740715228407,-0.0019025733949663893,0.9937092017344026,6.607018188173847
CH06,2026-09-03,2026-09-04 01:00:00,,,ch0506_ref0904night_hourly,,09-18 (calibration),ok,3/6,ok,0.21016951002787165,0.2571638903633359,tie (labels),2.5390387466714537,ok,18.4,1.0033054496284952,-0.008166481600046209,-21.42238564577053,0.0019429754757518034,1.006421257311463,-6.92002916992519,0.9966897782959802,0.008087516709605124,21.40743865139674,-0.0019241880893243867,0.9936040985707265,6.834548646162146
CH06,2026-09-03,2026-09-04 02:00:00,,,ch0506_ref0904night_hourly,,09-18 (calibration),ok,3/6,ok,0.21753245125068416,0.2512553541257843,tie (labels),2.5390387466714537,ok,18.4,1.0033048317065298,-0.00811117544669332,-22.279135370038663,0.0018990112685332008,1.0062941624716941,-6.830448680301567,0.9966908482661463,0.008033768492250105,22.26028457399588,-0.0018808885340767013,0.9937300454242006,6.7457175070770985
CH06,2026-09-03,2026-09-04 03:00:00,,,ch0506_ref0904night_hourly,,09-18 (calibration),ok,3/6,ok,0.19925381362222688,0.2523107208722835,tie (labels),2.5390387466714537,ok,18.4,1.003321021121414,-0.008080023814486043,-23.024587991010538,0.002005078032001814,1.0064865717755114,-7.0360785923354845,0.996673981527922,0.008001248831187009,23.004305201653512,-0.0019855298237154693,0.9935392929363177,6.944904543538446
CH06,2026-09-03,2026-09-04 04:00:00,,,ch0506_ref0904night_hourly,,09-18 (calibration),ok,3/6,ok,0.2316332102468195,0.3062622480628684,tie (labels),2.5390387466714537,ok,18.4,1.0028220298172539,-0.008064924664950549,-23.331261822258757,0.0019236249385440071,1.0060887100986586,-6.466416006070835,0.9971705785219193,0.007993435880118178,23.31693673066683,-0.0019065736187806133,0.9939328546180946,6.3827005517789415
CH06,2026-09-03,2026-09-04 04:20:00,,,ch0506_ref0904night_hourly,,09-18 (calibration),ok,3/6,ok,0.2475669757558105,0.33703494002013806,tie (labels),2.5390387466714537,ok,18.4,1.0028500259008768,-0.008050156479453995,-23.481461757776117,0.001990613504919761,1.0060354096477977,-6.407301923300904,0.9971422357071111,0.007978994529153863,23.46548110181256,-0.001973016835877934,0.9939850101854948,6.322432748114673
CH06,2026-09-04,2026-09-04 21:00:00,,,ch0506_ref0904night_hourly,,09-18 (calibration),ok,3/6,ok,0.6251442054013938,2.2709164255572745,tie (labels),2.5390387466714537,ok,0.0,1.0035088846862898,0.0067470458381102185,-23.726293495726363,-0.011705426833856667,1.0056265248445153,13.619024558022183,0.9964254037200775,-0.0066853127946245325,23.73252901438824,0.011598326387069813,0.9943271392078921,-13.266580431661376
CH06,2026-09-04,2026-09-04 22:00:00,,,ch0506_ref0904night_hourly,,09-18 (calibration),ok,3/6,ok,0.5927302348430785,2.354453631786294,tie (labels),2.5390387466714537,ok,0.0,1.0032362064315061,0.0061472993132952874,-22.660874506099695,-0.011223220030120239,1.0054899905474888,12.472272565478345,0.9967060636498185,-0.006093596712281146,22.662232026936827,0.011125174355645282,0.9944719685164254,-12.151219270132902
CH06,2026-09-04,2026-09-04 23:00:00,,,ch0506_ref0904night_hourly,,09-18 (calibration),ok,3/6,ok,0.5567863061327376,1.9211288807455837,tie (labels),2.5390387466714537,ok,0.0,1.0022893335141143,0.004637287117458776,-19.78154466195322,-0.010484193323457958,1.0044313406926204,12.19806408389633,0.997667715034038,-0.004606060618580087,19.79159348533439,0.010413595009666612,0.9955401316733943,-11.93766532946744
CH06,2026-09-04,2026-09-05 00:00:00,,,ch0506_ref0904night_hourly,,09-18 (calibration),ok,3/6,ok,0.5971250928308808,2.101404540327609,tie (labels),2.5390387466714537,ok,0.0,1.0022580045284037,0.0042904763603945385,-19.651290505291033,-0.01011882159201556,1.0044296671953472,11.41458315051316,0.9977040558608011,-0.004261747543054201,19.654818311724405,0.010051066463494178,0.9955469345395832,-11.166236837578442
CH06,2026-09-04,2026-09-05 01:00:00,,,ch0506_ref0904night_hourly,,09-18 (calibration),ok,3/6,ok,0.670915041752862,2.2258995782337254,tie (labels),2.5390387466714537,ok,0.0,1.0021422729569764,0.004477638667642199,-20.18928748944336,-0.010077765511099873,1.0039873437569413,11.415746901879508,0.99781755514657,-0.004450122300802752,20.196026952735977,0.010015834767395766,0.995983822832969,-11.16768667226186
CH06,2026-09-04,2026-09-05 02:00:00,,,ch0506_ref0904night_hourly,,09-18 (calibration),ok,3/6,ok,0.5941088988038272,2.028027594839184,tie (labels),2.5390387466714537,ok,0.0,1.0019532391725399,0.0037073397970955567,-20.229517854960825,-0.009802669729909426,1.0040742660234074,10.694620960458888,0.9980145164528639,-0.0036849654055754123,20.228761788358337,0.009743509042601645,0.9959062903399333,-10.453733797175023
CH06,2026-09-04,2026-09-05 03:00:00,,,ch0506_ref0904night_hourly,,09-18 (calibration),ok,3/6,ok,0.7361431414602999,2.324339291960609,tie (labels),2.5390387466714537,ok,0.0,1.0017286635295994,0.003285107981085684,-19.5735211452675,-0.009553251113223929,1.0038948600749302,10.451057464606187,0.9982431666641909,-0.0032666135910169036,19.573273297174712,0.009499468542443842,0.9960891652990812,-10.22424705802798
CH06,2026-09-04,2026-09-05 04:00:00,,,ch0506_ref0904night_hourly,,09-18 (calibration),ok,3/6,ok,0.90092547610349,2.2468219246332897,tie (labels),2.5390387466714537,ok,0.0,1.0016410788029924,0.0030473369975596645,-19.70479723488281,-0.009506724652974065,1.0035065156573457,10.443949984075964,0.9983328363090057,-0.003031626143423975,19.703608264206746,0.009457711772399765,0.996477016903048,-10.22079383203555
CH06,2026-09-04,2026-09-05 04:20:00,,,ch0506_ref0904night_hourly,,09-18 (calibration),ok,3/6,ok,1.1667238375834263,2.156376922507307,tie (labels),2.5390387466714537,ok,0.0,1.0017312799220646,0.0030120642105424793,-19.916975551766356,-0.009492247758643681,1.0032779804954297,10.645028200485086,0.9982433136112117,-0.00299694901791514,19.91389027871986,0.00944461359704907,0.996704374717369,-10.421838038304939
CH06,2026-09-05,2026-09-05 21:00:00,,,ch0506_ref0904night_hourly,,09-18 (calibration),ok,3/6,ok,2.2617980911629023,2.9644578960422887,tie (labels),2.5390387466714537,ok,0.0,1.0002642258603502,-0.0012042391309299919,-9.192758650218474,-0.004346397683627129,0.9974516797876105,4.062547770605537,0.9997410886665034,0.0012070031703461652,9.18547503277903,0.004356373787382063,1.002560090257923,-4.03290116675787
CH06,2026-09-05,2026-09-05 22:00:00,,,ch0506_ref0904night_hourly,,09-18 (calibration),ok,3/6,ok,2.355902094995932,2.9211559255000332,tie (labels),2.5390387466714537,ok,0.0,0.9999565491917558,-0.0015063123763112106,-9.791267576032583,-0.0045841620843195385,0.9967511037922945,4.85805655201995,1.0000503810337849,0.0015112983172575819,9.784418897522917,0.004599335803795298,1.003266436557494,-4.828891758012855
CH06,2026-09-05,2026-09-05 23:00:00,,,ch0506_ref0904night_hourly,,09-18 (calibration),ok,3/6,ok,2.465926285563619,2.909300162511436,tie (labels),2.5390387466714537,ok,0.0,1.000334274322507,-0.001556909356739116,-11.307533733389887,-0.0041186504660930285,0.9977323310998366,3.4042191910290747,0.9996722600657916,0.0015599365148900154,11.29851743720727,0.004126658515036386,1.0022792623457544,-3.365315969282927
CH06,2026-09-05,2026-09-06 00:00:00,,,ch0506_ref0904night_hourly,,09-18 (calibration),ok,3/6,ok,2.3088015520494807,2.9081079204150244,tie (labels),2.5390387466714537,ok,0.0,1.0002357572961404,-0.0017872342952571394,-11.852012013942012,-0.0043424042392057206,0.9970722429078283,4.110545353282837,0.9997720783464944,0.0017920737023531211,11.84194428353648,0.004354162441219078,1.0029441587823693,-4.071041865921048
CH06,2026-09-05,2026-09-06 01:00:00,,,ch0506_ref0904night_hourly,,09-18 (calibration),ok,3/6,ok,2.254351849018547,2.9174654459186815,tie (labels),2.5390387466714537,ok,0.0,1.0001136552163106,-0.0022518811637867115,-12.14464408751343,-0.004230117654083,0.9965496114402354,4.418457452512111,0.9998959143221526,0.0022594427305583083,12.133396752430007,0.004244321919213613,1.0034719257612745,-4.3822522296649025
CH06,2026-09-05,2026-09-06 02:00:00,,,ch0506_ref0904night_hourly,,09-18 (calibration),ok,3/6,ok,2.2961858050226143,2.967464421319441,tie (labels),2.5390387466714537,ok,0.0,1.0003405908050407,-0.001933279553308371,-13.396975595965133,-0.003820434157720661,0.9975898239327864,2.888589758261939,0.9996669239832876,0.0019373048700883466,13.386917305691268,0.003828388753679403,1.0024234182776468,-2.8443011887738243
CH06,2026-09-05,2026-09-06 03:00:00,,,ch0506_ref0904night_hourly,,09-18 (calibration),ok,3/6,ok,2.2729512819163054,3.0194386099311257,tie (labels),2.5390387466714537,ok,0.0,1.000452710780979,-0.0018993420930407765,-14.344950999290687,-0.003513612163530227,0.9978853806807274,2.2552667710818968,0.9995541757603313,0.0019025184225077828,14.33426498583869,0.0035194880875628405,1.0021257992873853,-2.20957413141805
CH06,2026-09-05,2026-09-06 04:00:00,,,ch0506_ref0904night_hourly,,09-18 (calibration),ok,3/6,ok,1.9261506691688872,3.1406413928883796,tie (labels),2.5390387466714537,ok,0.0,1.0007892719804912,-0.0018904301793289287,-15.627805574643656,-0.0029708436478233444,0.99785846632396,1.6354846457459074,0.9992169698617112,0.0018930038470114314,15.612472553157264,0.0029748882109972593,1.0021517655729315,-1.592512850733917
CH06,2026-09-05,2026-09-06 04:20:00,,,ch0506_ref0904night_hourly,,09-18 (calibration),ok,3/6,ok,2.317015723542759,3.024417845779462,tie (labels),2.5390387466714537,ok,0.0,1.0005495840359655,-0.0020135315130896236,-15.06596468026186,-0.00349333324702322,0.9972820906469729,2.728507162212991,0.9994577632505245,0.002017924237465707,15.052289439811192,0.003500954309821704,1.0027323850096295,-2.6832172403027044
CH06,2026-09-06,2026-09-06 21:00:00,,,ch0506_ref0904night_hourly,,09-18 (calibration),ok,3/6,ok,1.464153944880314,2.171796514102335,tie (labels),2.5390387466714537,ok,0.0,0.9982431588870934,-0.0037645513336219396,-2.8699361388821956,-0.0053092294805636275,0.991684443767711,10.506439950689604,1.0017801589099007,0.0038028758612892307,2.835090394394111,0.00536327940420329,1.0084056441797682,-10.579361077126155
CH06,2026-09-06,2026-09-06 22:00:00,,,ch0506_ref0904night_hourly,,09-18 (calibration),ok,3/6,ok,1.4124239568854176,2.201405988610049,tie (labels),2.5390387466714537,ok,0.0,0.9981035755193328,-0.004024754491162842,-3.2005128264696054,-0.005165752600076451,0.9911001991880423,10.734453223418846,1.0019210855563572,0.00406869698158401,3.1629860480043934,0.005222152570471018,1.0090009251347922,-10.814359666962195
CH06,2026-09-06,2026-09-06 23:00:00,,,ch0506_ref0904night_hourly,,09-18 (calibration),ok,3/6,ok,1.4756653703089362,2.1180537574527882,tie (labels),2.5390387466714537,ok,0.0,0.9980397597355151,-0.003966690237455667,-3.6829861065608362,-0.005042679919690084,0.9910911124885345,10.361508353633127,1.0019843526751062,0.004010288761302621,3.648741809393052,0.005098104817418468,1.0090093736101156,-10.436082804342998
CH06,2026-09-06,2026-09-07 00:00:00,,,ch0506_ref0904night_hourly,,09-18 (calibration),ok,3/6,ok,1.3850322242042599,2.2406855639925882,tie (labels),2.5390387466714537,ok,0.0,0.9977406423831763,-0.00444318347026083,-3.731066262307124,-0.004696263093517707,0.9912386025276546,9.623713924476924,1.0022856205580788,0.004492701243058712,3.6963575925484684,0.004748601352880702,1.0088601234425174,-9.691263871522382
CH06,2026-09-06,2026-09-07 01:00:00,,,ch0506_ref0904night_hourly,,09-18 (calibration),ok,3/6,ok,1.3594939521873004,2.247686544519929,tie (labels),2.5390387466714537,ok,0.0,0.9976599636083965,-0.004093295447940468,-4.548032899849488,-0.004506337513104712,0.9905439520580198,10.11407563587134,1.0023642346732549,0.004142141245163081,4.5168915870783755,0.004560112192011048,1.0095651624632835,-10.190078872218114
CH06,2026-09-06,2026-09-07 02:00:00,,,ch0506_ref0904night_hourly,,09-18 (calibration),ok,3/6,ok,1.310575444424845,1.9638149706885306,tie (labels),2.5390387466714537,ok,0.0,0.997356390530058,-0.00421620211834056,-4.772122173054807,-0.004584922220095053,0.9898046651128056,10.846664800313675,1.002670250794853,0.004271004759223404,4.738538779096703,0.004644517523842619,1.0103201343374684,-10.936439633107732
CH06,2026-09-06,2026-09-07 03:00:00,,,ch0506_ref0904night_hourly,,09-18 (calibration),ok,3/6,ok,1.382497577302615,2.085860860119666,tie (labels),2.5390387466714537,ok,0.0,0.9970910439028042,-0.00425577650581317,-5.285580814406533,-0.00459832581309523,0.989117549947955,11.517627186130333,1.0029373435688522,0.004315237540560857,5.251405084007605,0.004662572892466094,1.0110222419173445,-11.619932853463455
CH06,2026-09-06,2026-09-07 04:00:00,,,ch0506_ref0904night_hourly,,09-18 (calibration),ok,3/6,ok,1.2980418247311338,2.317685050315836,tie (labels),2.5390387466714537,ok,0.0,0.99688371533583,-0.005017802371574617,-4.829953655747357,-0.004559659566441314,0.9888101105606562,11.596389507129292,1.0031493100673632,0.005090567878847231,4.786132469484706,0.004625781329869477,1.011339993974691,-11.705550184823416
CH06,2026-09-06,2026-09-07 04:20:00,,,ch0506_ref0904night_hourly,,09-18 (calibration),ok,3/6,ok,1.4063695700507859,2.3320556286289733,tie (labels),2.5390387466714537,ok,0.0,0.9972180799480617,-0.00484665923797162,-5.57902483925006,-0.0039166764140840344,0.9899580748115986,9.672192664047339,1.0028089635803055,0.004909574911222584,5.547209762397216,0.0039675197520203315,1.0101632126255187,-9.748358323400296
CH06,2026-09-07,2026-09-07 21:00:00,,,ch0506_ref0904night_hourly,,09-18 (calibration),ok,3/6,ok,2.6400748612472085,3.8103934388289424,tie (labels),2.5390387466714537,ok,0.0,0.9999909028071724,-0.0015760316372062507,-6.858971446134431,-0.0037843710732004127,0.9929740452579515,7.462351580400448,1.0000151039108165,0.0015872070866042834,6.847230746116302,0.003811205589991522,1.0070817171468036,-7.489056893225747
CH06,2026-09-07,2026-09-07 22:00:00,,,ch0506_ref0904night_hourly,,09-18 (calibration),ok,3/6,ok,2.7995433831908145,3.791413137506452,tie (labels),2.5390387466714537,ok,0.0,0.999837906543032,-0.0021540183546526967,-6.947235011335016,-0.0035802554550042427,0.9924436221968695,7.669462794768017,1.0001698929696476,0.0021707875984518974,6.931766523000261,0.003608128094278045,1.007621742543448,-7.702850951814341
CH06,2026-09-07,2026-09-07 23:00:00,,,ch0506_ref0904night_hourly,,09-18 (calibration),sample,3/6,unreliable,3.0181500533671253,3.649332096500185,tie (labels),2.5390387466714537,ok,0.0,0.9997229458139805,-0.002862591377870527,-7.116699495846085,-0.003585474744756934,0.9902642915634408,9.966075158447968,1.000287501475723,0.0028915658188535358,7.089927995177125,0.0036217660321516826,1.009841893882075,-10.03838519208311
CH06,2026-09-07,2026-09-08 00:00:00,,,ch0506_ref0904night_hourly,,09-18 (calibration),ok,3/6,ok,2.63229899644389,3.2035482091911947,tie (labels),2.5390387466714537,ok,0.0,0.9990380870682918,-0.003537975682494883,-6.489426009551085,-0.00345854568630638,0.9895914108623309,10.3396208007545,1.0009752280270494,0.0035786749729905896,6.458752537485189,0.0034983312496374413,1.0105305745726703,-10.425800786848553
CH06,2026-09-07,2026-09-08 01:00:00,,,ch0506_ref0904night_hourly,,09-18 (calibration),ok,3/6,ok,2.8394803322971898,3.1500195078859123,tie (labels),2.5390387466714537,ok,0.0,0.999415424115548,-0.003080189296284102,-8.433492385901207,-0.0037682348960665583,0.9881405512300231,12.08634374746334,1.000596677876648,0.0031190169994102764,8.4008269526217,0.0038157358422034313,1.0120136775521442,-12.199365204857905
CH06,2026-09-07,2026-09-08 02:00:00,,,ch0506_ref0904night_hourly,,09-18 (calibration),ok,3/6,ok,2.5399599209244386,3.151707056979446,tie (labels),2.5390387466714537,ok,0.0,0.9988332464641274,-0.004978910268989135,-6.658029832602622,-0.0033252711914293796,0.9888971105939032,10.710449455542658,1.0011848979701723,0.005040776958754382,6.611929931803218,0.0033665901769244205,1.0112444977716863,-10.808468222747157
CH06,2026-09-07,2026-09-08 03:00:00,,,ch0506_ref0904night_hourly,,09-18 (calibration),ok,3/6,ok,2.452055448276159,3.273031915086966,tie (labels),2.5390387466714537,ok,0.0,0.9989498658369722,-0.003908829993099204,-8.860924863159958,-0.003883605803269006,0.9858802367501074,14.315334795302524,1.0010666685000535,0.0039690413430173484,8.813558376951141,0.0039434286014918985,1.0143376212596384,-14.48564021926144
CH06,2026-09-07,2026-09-08 04:00:00,,,ch0506_ref0904night_hourly,,09-18 (calibration),ok,3/6,ok,2.19448813325774,3.442204660736441,tie (labels),2.5390387466714537,ok,0.0,0.9987656262788723,-0.004144131708553631,-9.05937658886031,-0.0028487739142806366,0.9869969126323475,11.971139657515135,1.0012478902375332,0.004203967689209365,9.02035541214048,0.0028899065791705147,1.0131865291112518,-12.102816687096487
CH06,2026-09-07,2026-09-08 04:20:00,,,ch0506_ref0904night_hourly,,09-18 (calibration),ok,3/6,ok,2.234341893255167,3.52826683430583,tie (labels),2.5390387466714537,ok,0.0,0.9988101216878387,-0.004553303082788699,-8.956893943320178,-0.002992354222927055,0.9866655501747291,12.448920076888715,1.0012051381562008,0.004620400946666474,8.910169235864087,0.003036449810827405,1.0135286731144018,-12.59014028831646
CH06,2026-09-08,2026-09-08 21:00:00,,,ch0506_ref0904night_hourly,,09-18 (calibration),ok,3/6,ok,1.5302252819818853,2.680075721765737,tie (labels),2.5390387466714537,ok,0.0,1.0014311147984205,0.023172478240708227,-20.498809038452734,-0.023487428324720658,0.9984413804927301,29.14512288303952,0.9980276714259921,-0.023162876611074006,21.133463536807497,0.02347769619397954,1.001016166920658,-28.693474381868587
CH06,2026-09-08,2026-09-08 22:00:00,,,ch0506_ref0904night_hourly,,09-18 (calibration),ok,3/6,ok,1.3743100888352284,2.6719111448216997,tie (labels),2.5390387466714537,ok,0.0,1.0014055659245815,0.022512978145094252,-20.96894156179456,-0.023127626331421514,0.9987805924610401,28.250620113186805,0.9980768323435762,-0.02249711506539142,21.5641722229485,0.023111330158722007,1.0006999562000598,-27.785774178376982
CH06,2026-09-08,2026-09-08 23:00:00,,,ch0506_ref0904night_hourly,,09-18 (calibration),ok,3/6,ok,1.4143792603409802,2.8431275155314664,tie (labels),2.5390387466714537,ok,0.0,1.000838783778004,0.021959677056536023,-21.051834753151905,-0.022754186865583698,0.9984882106905371,27.95515812772564,0.9986625761782297,-0.02196351186375612,21.637672975052546,0.022758160417647093,1.0010135597450778,-27.504391318273154
CH06,2026-09-08,2026-09-09 00:00:00,,,ch0506_ref0904night_hourly,,09-18 (calibration),ok,3/6,ok,1.4098548842829595,2.6481319972091137,tie (labels),2.5390387466714537,ok,0.0,1.0008712105721147,0.022021686145922988,-22.419438454132774,-0.022843474782754596,0.9982083116777791,28.167628443392374,0.9986267231485954,-0.022030916810487064,23.009209037267308,0.022853049910281177,1.0012907382302338,-27.691632932326506
CH06,2026-09-08,2026-09-09 01:00:00,,,ch0506_ref0904night_hourly,,09-18 (calibration),ok,3/6,ok,1.605183074411286,2.6421377039007345,tie (labels),2.5390387466714537,ok,0.0,1.0009483501366148,0.022099170690949,-23.60663047127541,-0.022547705303613417,0.9986417524356732,27.469753277674247,0.9985547782483649,-0.022097246019357468,24.17951955170333,0.022545741568029895,1.0008611750619913,-26.96118055425868
CH06,2026-09-08,2026-09-09 02:00:00,,,ch0506_ref0904night_hourly,,09-18 (calibration),ok,3/6,ok,1.5919839020235538,2.7644718954699665,tie (labels),2.5390387466714537,ok,0.0,1.0009429150845335,0.021908204689610373,-24.617586478753623,-0.022004780259065913,0.9987146028953158,26.726144988359582,0.9985764087182116,-0.021905173206632017,25.167981932379373,0.022001735412728984,1.0008044125713256,-26.20601421116578
CH06,2026-09-08,2026-09-09 03:00:00,,,ch0506_ref0904night_hourly,,09-18 (calibration),ok,3/6,ok,1.4381765310241499,2.772045752606329,tie (labels),2.5390387466714537,ok,0.0,1.0007610556564295,0.020768104580273214,-24.167422566865287,-0.021929918939646704,0.9986977041429483,26.76153575289799,0.9987843871120403,-0.02076990716874414,24.693878949804958,0.021931822368960453,1.000847917716186,-26.254191714323124
CH06,2026-09-08,2026-09-09 04:00:00,,,ch0506_ref0904night_hourly,,09-18 (calibration),ok,3/6,ok,1.4117901449507824,2.871489588370469,tie (labels),2.5390387466714537,ok,0.0,1.001172928656778,0.021251867079599973,-26.336417741539613,-0.021092661211424328,0.9996355643060163,24.787810853754007,0.9983812740120787,-0.021225201351050688,26.819912574135316,0.021066195246051068,0.9999167093586591,-24.23093814286572
CH06,2026-09-08,2026-09-09 04:20:00,,,ch0506_ref0904night_hourly,,09-18 (calibration),ok,3/6,ok,1.6408239357710617,2.932190976931888,tie (labels),2.5390387466714537,ok,0.0,1.0012811039801683,0.021394754192175378,-26.852394386021103,-0.021104904030657665,0.9998771749136097,24.540819268028443,0.9982703033537509,-0.02136037134705788,27.33014890223396,0.02107098699473438,0.9996719762095011,-23.966962842584866
CH06,2026-09-09,2026-09-09 21:00:00,,,ch0506_ref0904night_hourly,,09-18 (calibration),ok,3/6,ok,1.8977244722015474,3.3499230179589246,tie (labels),2.5390387466714537,ok,7.199999999999999,1.001347226531404,-0.005052234112454596,-11.197282518675353,0.00010137879824880696,0.9999347122233619,-3.5049241202730914,0.9986540752007435,0.005045763611958659,11.199896837037938,-0.0001012489603296319,1.0000647804725598,3.504017457700356
CH06,2026-09-09,2026-09-09 22:00:00,,,ch0506_ref0904night_hourly,,09-18 (calibration),ok,3/6,ok,2.307971663445582,3.229376381139069,tie (labels),2.5390387466714537,ok,7.199999999999999,1.0013964798871358,-0.0049377952038395165,-11.633864863687798,-0.00032358453704921415,1.000134265384008,-3.6213697582828677,0.998607060678954,0.004930255192134188,11.635513872916842,0.00032309042356408674,0.9998673477809371,3.6246481658748806
CH06,2026-09-09,2026-09-09 23:00:00,,,ch0506_ref0904night_hourly,,09-18 (calibration),ok,3/6,ok,2.375358453976741,2.9821559966374007,tie (labels),2.5390387466714537,ok,7.199999999999999,1.0016598768809062,-0.004826225055933879,-12.245894906684306,-0.0003710448705023031,1.0002437263172994,-3.94264135054991,0.9983446581289263,0.004817061958748157,12.244615711763226,0.00037034040268961883,0.9997581199813573,3.946222854037574
CH06,2026-09-09,2026-09-10 00:00:00,,,ch0506_ref0904night_hourly,,09-18 (calibration),ok,3/6,ok,2.3482781332670792,2.8385514347027327,tie (labels),2.5390387466714537,ok,7.199999999999999,1.0014374454836033,-0.0048055959073734856,-12.048975811719401,-0.00042928357093932916,1.0001057339283463,-3.9548808724311217,0.9985666746321575,0.004798200592254235,12.050682020776339,0.00042862294791904103,0.9998963368210532,3.9596353644393543
CH06,2026-09-09,2026-09-10 01:00:00,,,ch0506_ref0904night_hourly,,09-18 (calibration),ok,3/6,ok,2.2783961205958256,2.6971593388629427,tie (labels),2.5390387466714537,ok,7.199999999999999,1.0015409858808435,-0.004975204728919874,-12.109541661982613,-0.0005828883779247234,0.999881192521921,-3.690914283200666,0.9984642765268309,0.0049681544441340635,12.109281786801986,0.000582062375923475,1.0001217178185513,3.6984120418267947
CH06,2026-09-09,2026-09-10 02:00:00,,,ch0506_ref0904night_hourly,,09-18 (calibration),ok,3/6,ok,2.405216152170955,3.152930982781823,tie (labels),2.5390387466714537,ok,7.199999999999999,1.001609525314751,-0.0047460107681345206,-12.29546723702738,-0.0004838290382685089,1.0004618477760845,-4.584792507584416,0.9983953489265749,0.0047362076698815375,12.297451831766459,0.000482829667674654,0.9995406558857751,4.588623126491072
CH06,2026-09-09,2026-09-10 03:00:00,,,ch0506_ref0904night_hourly,,09-18 (calibration),ok,3/6,ok,2.5110954552605604,2.887213709422949,tie (labels),2.5390387466714537,ok,7.199999999999999,1.001340801623177,-0.005054128632725629,-12.210221114291942,-0.0006007536125986067,0.9986072967671522,-2.814531567821559,0.9986640261113027,0.0050544157499973685,12.20813439039329,0.0006007877404870661,1.001397686253533,2.825801151058141
CH06,2026-09-09,2026-09-10 04:00:00,,,ch0506_ref0904night_hourly,,09-18 (calibration),ok,3/6,ok,2.4376562868054585,3.1410920192036156,tie (labels),2.5390387466714537,ok,7.199999999999999,1.0007504268429706,-0.0051184450255886286,-11.507183305025762,-0.0007229296242093329,0.9981639108274294,-2.088208388839548,0.9992538374134498,0.005124034016787326,11.509297126185531,0.0007237190138162905,1.0018431777272248,2.1003852953849775
CH06,2026-09-09,2026-09-10 04:20:00,,,ch0506_ref0904night_hourly,,09-18 (calibration),ok,3/6,ok,2.4219887287511406,3.154043711254473,tie (labels),2.5390387466714537,ok,7.199999999999999,1.0007273980835385,-0.005494902761874517,-11.296440594955264,-0.0006878175054782342,0.9974193749930329,-1.4634812022488095,0.9992769144165561,0.005505136168969381,11.29632896491593,0.000689098459272243,1.0025910981887756,1.4750575855505077
CH06,2026-09-10,2026-09-10 21:00:00,,,ch0506_ref0904night_hourly,,09-18 (calibration),ok,3/6,ok,1.8330662785673426,2.87065639236586,tie (labels),2.5390387466714537,ok,0.0,1.0000008512517609,-0.0008191491360659674,-3.462105745643001,-0.004927864052326146,0.997479004000643,4.76903606379268,1.0000031956161441,0.0008212220512579763,3.4582003716251837,0.004940334363052809,1.0025314245812242,-4.764004558929588
CH06,2026-09-10,2026-09-10 22:00:00,,,ch0506_ref0904night_hourly,,09-18 (calibration),ok,3/6,ok,1.960859099982395,3.090029734768779,tie (labels),2.5390387466714537,ok,0.0,1.0004194919183824,-0.0007658185882495339,-4.558888920881149,-0.004462366682926905,0.9980356382338111,3.606116404744175,0.999584105211563,0.0007670067670574086,4.5542269870526555,0.0044692901104944425,1.001971657480202,-3.592851433959131
CH06,2026-09-10,2026-09-10 23:00:00,,,ch0506_ref0904night_hourly,,09-18 (calibration),ok,3/6,ok,2.22501512193912,3.0762600965504054,tie (labels),2.5390387466714537,ok,0.0,0.9998066866607336,-0.0008959494782687693,-4.883624908140728,-0.004254437775627373,0.998366079125184,2.8823565003846587,1.000197170207308,0.0008975927283090042,4.882000631241142,0.004262240788202909,1.0016404199436157,-2.866269590194739
CH06,2026-09-10,2026-09-11 00:00:00,,,ch0506_ref0904night_hourly,,09-18 (calibration),ok,3/6,ok,2.072474948905916,2.859715252057711,tie (labels),2.5390387466714537,ok,0.0,0.9996741343032688,-0.0009476081629512488,-5.314523067871683,-0.003807982102258461,0.9989276766396796,1.6184730902539215,1.0003295866368223,0.000948938050377618,5.314738832957082,0.0038133262811243965,1.0010770918902274,-1.5999503240076283
CH06,2026-09-10,2026-09-11 01:00:00,,,ch0506_ref0904night_hourly,,09-18 (calibration),ok,3/6,ok,1.8431510896877343,3.0293827921263246,tie (labels),2.5390387466714537,ok,0.0,0.9994191023508875,-0.0011922344534082922,-5.092032264787676,-0.0036090706095362347,0.9976827674567194,2.696329263355821,1.0005855531731855,0.0011957032926575202,5.091789910660002,0.0036195713006945927,1.0023269399819443,-2.684172485875374
CH06,2026-09-10,2026-09-11 02:00:00,,,ch0506_ref0904night_hourly,,09-18 (calibration),ok,3/6,ok,1.9973835796516624,3.097926267688683,tie (labels),2.5390387466714537,ok,0.0,0.999620546647755,-0.0011770060876177624,-5.8325685961537985,-0.0034846080713799303,0.9979918792700094,2.1830388610945857,1.0003837101868807,0.00117982695180332,5.83223100405467,0.0034929594352451376,1.0020162808999824,-2.16706755514448
CH06,2026-09-10,2026-09-11 03:00:00,,,ch0506_ref0904night_hourly,,09-18 (calibration),ok,3/6,ok,1.900597742152804,3.04881836787518,tie (labels),2.5390387466714537,ok,0.0,0.9992545640271185,-0.0014998280090455333,-5.416360459125006,-0.003565453963898992,0.9971245245541838,3.1192788058589045,1.0007513630843679,0.001505283329697974,5.415734714038482,0.003578422580651898,1.0028891501445307,-3.1089088440998007
CH06,2026-09-10,2026-09-11 04:00:00,,,ch0506_ref0904night_hourly,,09-18 (calibration),ok,3/6,ok,2.064486310440117,2.589837968129218,tie (labels),2.5390387466714537,ok,0.0,0.9990673084191103,-0.002206467119328372,-4.979925235769873,-0.00436909563306218,0.9952110993702646,5.8294805205717495,1.0009432671496017,0.0022191758197594503,4.971685993439236,0.0043942605344871434,1.004821687001034,-5.835705362092332
CH06,2026-09-10,2026-09-11 04:20:00,,,ch0506_ref0904night_hourly,,09-18 (calibration),ok,3/6,ok,2.1292574543419476,2.906758149402448,tie (labels),2.5390387466714537,ok,0.0,0.9987872005232056,-0.0024305999576473836,-4.510647982498998,-0.004082251732371813,0.9952209752845553,5.529441672691,1.0012242664399986,0.002445261625347859,4.502649285914788,0.004106876359794113,1.0048120035729569,-5.537524692209767
CH06,2026-09-11,2026-09-11 21:00:00,,,ch0506_ref0904night_hourly,,09-18 (calibration),ok,3/6,ok,1.8094959420108667,2.1944848044221477,tie (labels),2.5390387466714537,ok,0.0,0.9990304939810974,0.005288594483970845,-1.671490465704835,-0.010377015898425495,0.9989883286746101,12.9811506265324,1.0009154078183773,-0.005298796345031049,1.7418050346396519,0.010397033480551732,1.000957654463035,-12.976203541030872
CH06,2026-09-11,2026-09-11 22:00:00,,,ch0506_ref0904night_hourly,,09-18 (calibration),ok,3/6,ok,1.9085730117589463,2.0370230796617568,tie (labels),2.5390387466714537,ok,0.0,0.9986629065698123,0.00488952377595773,-2.109703030858622,-0.010416724690525687,0.9982726709340805,13.60036662418345,1.0012877285894677,-0.004904291480735328,2.179119917936605,0.010448186060186186,1.0016791428440028,-13.601161012678114
CH06,2026-09-11,2026-09-11 23:00:00,,,ch0506_ref0904night_hourly,,09-18 (calibration),ok,3/6,ok,1.9326548801960046,2.0655640606340913,tie (labels),2.5390387466714537,ok,0.0,0.9986536401707287,0.0046102126479415275,-3.0358870168366643,-0.010255540672461046,0.9979867896659427,13.574956852378229,1.0013006737836352,-0.004625521177705045,3.1026269658966505,0.010289594904145008,1.0019697386116162,-13.570457921463381
CH06,2026-09-11,2026-09-12 00:00:00,,,ch0506_ref0904night_hourly,,09-18 (calibration),ok,3/6,ok,1.8924954548312536,2.193495967816701,tie (labels),2.5390387466714537,ok,0.0,0.9987385315207664,0.004815055354777276,-4.155729507332367,-0.010042856588905464,0.99813718929812,13.00072251735497,1.0012144945287105,-0.0048299004033214125,4.223568813011865,0.010073819201502677,1.001817690718514,-12.982489742301523
CH06,2026-09-11,2026-09-12 01:00:00,,,ch0506_ref0904night_hourly,,09-18 (calibration),ok,3/6,ok,1.84198246864144,2.2239232594487395,tie (labels),2.5390387466714537,ok,0.0,0.9981825011106457,0.004366906279226269,-4.256582400875189,-0.00964736760430094,0.9976058265368503,13.125785228719355,1.001778425816192,-0.004385171358989193,4.321711234354877,0.009687718811202962,1.0023575123966608,-13.115492856715575
CH06,2026-09-11,2026-09-12 02:00:00,,,ch0506_ref0904night_hourly,,09-18 (calibration),ok,3/6,ok,1.7363593439037057,2.210968274311466,tie (labels),2.5390387466714537,ok,0.0,0.9980840916896833,0.0038997721787447457,-4.4205439809506935,-0.009335500151867787,0.9980276080327992,12.21072501045731,1.0018829689454918,-0.003914836921548779,4.476670725098821,0.009371563004334255,1.0019396707976254,-12.192982390747018
CH06,2026-09-11,2026-09-12 03:00:00,,,ch0506_ref0904night_hourly,,09-18 (calibration),ok,3/6,ok,1.6438019042160072,2.113205706536893,tie (labels),2.5390387466714537,ok,0.0,0.9981839132337099,0.004166238232057423,-5.578144338593994,-0.009274376593815883,0.9977365939366524,12.391702607237118,1.0017805244819322,-0.004183124430426728,5.6399123950635275,0.009311966610082784,1.0022296568107858,-12.367388357525368
CH06,2026-09-11,2026-09-12 04:00:00,,,ch0506_ref0904night_hourly,,09-18 (calibration),ok,3/6,ok,1.6344189513486334,2.669579153925037,tie (labels),2.5390387466714537,ok,0.0,0.9977594491122608,0.003665476370153513,-5.629187969142343,-0.00869017846467156,0.9984043833589042,11.230408406010225,1.0022135352530188,-0.0036794610405845763,5.682970225357678,0.008723333577279875,1.001566140427728,-11.198891518210734
CH06,2026-09-11,2026-09-12 04:20:00,,,ch0506_ref0904night_hourly,,09-18 (calibration),ok,3/6,ok,1.624135316872507,2.323811201983808,tie (labels),2.5390387466714537,ok,0.0,0.9976152051624388,0.0034334522377364105,-5.6068230015823985,-0.008751370913397836,0.9975666769032755,12.12397226640535,1.002360231706643,-0.0034499508255976504,5.661883511134276,0.008793423416803616,1.0024089931561033,-12.103875663943919
CH06,2026-09-16,2026-09-16 21:00:00,,,ch0506_ref0904night_hourly,,09-18 (calibration),ok,3/6,ok,1.665346136337277,3.484762830647325,tie (labels),2.5390387466714537,ok,0.0,1.005925879349849,-0.002734768501981031,-1.358648092931066,0.00823375972116194,1.006194417730586,-15.721146578323358,0.994086914406657,0.0027018611252907563,1.393090645251302,-0.00813468316951773,0.9938216073391533,15.612962989908885
CH06,2026-09-16,2026-09-16 22:00:00,,,ch0506_ref0904night_hourly,,09-18 (calibration),ok,3/6,ok,1.7186798740405673,3.4932898859305195,tie (labels),2.5390387466714537,ok,0.0,1.005326023013725,-0.0034377284586847674,-0.5261444966668307,0.008291640059887338,1.0056549146367395,-15.266390501167074,0.9946741494221812,0.0034001918360055477,0.5752509860425825,-0.008201103483755618,0.9943488489730784,15.175802857344443
CH06,2026-09-16,2026-09-16 23:00:00,,,ch0506_ref0904night_hourly,,09-18 (calibration),ok,3/6,ok,1.5168672743003244,3.1243884096083527,tie (labels),2.5390387466714537,ok,0.0,1.0054953522751156,-0.002455091559810438,-2.2955803729622595,0.008567936840950259,1.0051686117527392,-15.159601064847296,0.9945139832186756,0.0024290679770194046,2.319810482004319,-0.008477118063606563,0.9948372603431181,15.0618760854012
CH06,2026-09-16,2026-09-17 00:00:00,,,ch0506_ref0904night_hourly,,09-18 (calibration),ok,3/6,ok,1.884800492124965,3.495662301935769,tie (labels),2.5390387466714537,ok,0.0,1.0052297112295965,-0.003426318345465005,-1.6614405215090287,0.008350035897097059,1.004824809288971,-14.71995090556531,0.9947693201394122,0.003392030470974587,1.7026805800365343,-0.008266475365365063,0.9951701701427913,14.635121790042893
CH06,2026-09-16,2026-09-17 01:00:00,,,ch0506_ref0904night_hourly,,09-18 (calibration),ok,3/6,ok,1.8422805548705672,3.425521033586489,tie (labels),2.5390387466714537,ok,0.0,1.0048288945812036,-0.0042933848004162315,-0.8586439122652081,0.008393888331015235,1.0049423205498975,-14.862715370029555,0.995158795737803,0.004251586942107551,0.9176771682889191,-0.00831217039250559,0.9950464740173395,14.781955328765989
CH06,2026-09-16,2026-09-17 02:00:00,,,ch0506_ref0904night_hourly,,09-18 (calibration),ok,3/6,ok,1.8877822282800536,3.3785136025907163,tie (labels),2.5390387466714537,ok,0.0,1.0049513214102337,-0.003527206549459809,-2.601470874647976,0.008596743336657863,1.0050609088166333,-15.303663388678153,0.9950432010374627,0.0034920499493181632,2.6420170634762656,-0.008511057323159868,0.9949347059177135,15.204004565339517
CH06,2026-09-16,2026-09-17 03:00:00,,,ch0506_ref0904night_hourly,,09-18 (calibration),ok,3/6,ok,1.8851449383788206,3.446812370824416,tie (labels),2.5390387466714537,ok,0.0,1.0050828029088072,-0.0033260224737309274,-3.5659650079383454,0.008606538004514594,1.0051866390912376,-15.447820387787383,0.9949147115933263,0.0032920340974653263,3.5986857988729883,-0.008518588432810857,0.9948119365051207,15.337299126489619
CH06,2026-09-16,2026-09-17 04:00:00,,,ch0506_ref0904night_hourly,,09-18 (calibration),ok,3/6,ok,1.842161084547582,3.5042260520176822,tie (labels),2.5390387466714537,ok,0.0,1.0050330907607876,-0.0036489725432141138,-3.7882495626863104,0.008634866331497794,1.0054479629355677,-15.704865566848035,0.9949610907706148,0.0036109135784494085,3.8258698293247297,-0.008544804247016077,0.9945505457332123,15.586912769223451
CH06,2026-09-16,2026-09-17 04:20:00,,,ch0506_ref0904night_hourly,,09-18 (calibration),ok,3/6,ok,1.7519998196878321,3.5321885230377728,tie (labels),2.5390387466714537,ok,0.0,1.0050024187585205,-0.00403962464178697,-3.5182368597545093,0.00872928142618934,1.0055189485585958,-15.945195290861934,0.9949877608634146,0.003997316095158663,3.5643406010508807,-0.008637856295638553,0.9944766408791189,15.826734226609343
CH07,2026-08-30,2026-08-30 18:25:00,0,,ch0708_ref0904night_24h,to ch0708_ref0904day_24h (median of 110 shared frames),09-04 12:00 (user-labelled frame),sample,5/10,unreliable,inf,nan,tie (labels),3.893053954225015,unreliable,0.0,0.9953681001355402,0.016718185259264683,-1.606877977414256,-0.005707054046768974,0.9918056997613509,0.5733920559764005,1.0045563662974981,-0.01693311445898768,1.6239088153884607,0.005780424005291726,1.008164564935652,-0.568785116616787
CH07,2026-08-30,2026-08-30 19:00:00,0,,ch0708_ref0904night_24h,to ch0708_ref0904day_24h (median of 110 shared frames),09-04 12:00 (user-labelled frame),lid,5/10,unreliable,inf,nan,tie (labels),3.893053954225015,unreliable,0.0,0.9974181263057752,0.005300210693249419,8.797277359168802,-0.0060892682607849614,0.9992829935084808,15.492682706264404,1.0025560930858357,-0.005317571258267199,-8.737380574728467,0.006109213342909095,1.0006851176074036,-15.557041460196292
CH07,2026-08-30,2026-08-30 20:00:00,0,,ch0708_ref0904night_24h,to ch0708_ref0904day_24h (median of 110 shared frames),09-04 12:00 (user-labelled frame),lid,5/10,unreliable,3.2410167307257542,4.769923638317708,tie (labels),3.893053954225015,unreliable,0.0,0.9986579505168426,0.011465053319016278,-2.8860514765313923,0.026314674773834677,1.009762821839413,-82.9751643954037,1.001643528428707,-0.011372865203299257,1.9471294242892618,-0.026103083932030004,0.9906279490731276,82.1221820851003
CH07,2026-08-30,2026-08-30 20:10:00,1,4.070732150889517,ch0708_ref0904night_24h,to ch0708_ref0904day_24h (median of 110 shared frames),09-04 12:00 (user-labelled frame),ok,5/10,unreliable,2.7667548316543087,6.106414301910719,tie (labels),3.893053954225015,unreliable,0.0,1.0011050728028579,0.013206017398341137,-9.9147662667352,-0.006728324425174491,1.0062325656195603,-5.391122945237417,0.9988080456389467,-0.013108576365931353,9.83227837101897,0.006678679262776074,0.993718386196127,5.423475536787153
CH07,2026-08-30,2026-08-30 21:00:00,1,12.560646127814293,ch0708_ref0904night_24h,to ch0708_ref0904day_24h (median of 110 shared frames),09-04 12:00 (user-labelled frame),outlier,5/10,unreliable,3.529933117591334,4.941478804356157,tie (labels),3.893053954225015,unreliable,0.0,1.005039431183223,0.03303226715787546,-24.916407772639246,0.0052160671365092575,1.018177575441497,-33.99597054393213,0.9951533952623753,-0.032285304261508364,23.698077540007656,-0.005098115540958442,0.9823123455462694,33.26763483844131
CH07,2026-08-30,2026-08-30 22:00:00,1,3.877648768244048,ch0708_ref0904night_24h,to ch0708_ref0904day_24h (median of 110 shared frames),09-04 12:00 (user-labelled frame),ok,5/10,ok,2.8323187774020497,4.263098711847705,tie (labels),3.893053954225015,unreliable,0.0,1.0005919152999796,0.01277590496070391,-8.574653809545781,-0.006165668895125287,1.0054489358465972,-6.509613899751284,0.9993301885457287,-0.01269815607539763,8.486250314918117,0.0061281471786411666,0.9945027258217914,6.526375507900867
CH07,2026-08-30,2026-08-30 23:00:00,1,,ch0708_ref0904day_24h,,09-04 12:00 (user-labelled frame),sample,5/10,unreliable,4.566853535032071,10.661563015274924,tie (labels),0.0,same frame,0.0,1.0007162638742264,0.004014551497790453,-8.100015462920103,8.285055035307798e-05,1.0167064181919114,-22.542455828402417,0.9992845754668986,-0.003945759874609445,8.005273395456562,-8.143085905172964e-05,0.9835684215378083,22.171388105510058
CH07,2026-08-30,2026-08-31 00:00:00,1,4.572886394530932,ch0708_ref0904night_24h,to ch0708_ref0904day_24h (median of 110 shared frames),09-04 12:00 (user-labelled frame),ok,5/10,ok,1.2446604080992019,3.9806930870263644,tie (labels),3.893053954225015,unreliable,0.0,1.0060636938298646,0.010331068159662025,-19.93215359820352,-0.002385340333659977,1.0039512118676002,-14.357140123336247,0.9939486024041468,-0.010228137221465157,19.664689412549887,0.002361574609277176,0.9960400371961731,14.347357650324234
CH07,2026-08-30,2026-08-31 01:00:00,1,5.140373100547816,ch0708_ref0904day_24h,,09-04 12:00 (user-labelled frame),ok,5/10,ok,2.326872738177803,4.086181738770879,tie (labels),0.0,same frame,0.0,0.9987410748953109,0.010677638529623196,-3.059183561809258,-0.0027158989720291425,1.0006073206066195,-8.796039631518543,1.0012314579418864,-0.010684298797564051,2.968971302043777,0.0027175930371357506,0.9993640481439264,8.798759389735675
CH07,2026-08-30,2026-08-31 02:00:00,1,8.396316977631763,ch0708_ref0904night_24h,to ch0708_ref0904day_24h (median of 110 shared frames),09-04 12:00 (user-labelled frame),ok,5/10,ok,2.844083455451024,5.480033672212935,tie (labels),3.893053954225015,unreliable,0.0,1.0035084293208372,0.011500375378885597,-15.270156243230955,-0.00420130302866484,1.0179696050215883,-13.601983460778106,0.9964567065926044,-0.011257336287933656,15.062927497283525,0.004112516286035984,0.9823011410028815,13.424042639665258
CH07,2026-08-30,2026-08-31 03:00:00,1,5.398526553770116,ch0708_ref0904night_24h,to ch0708_ref0904day_24h (median of 110 shared frames),09-04 12:00 (user-labelled frame),ok,5/10,ok,1.6310471488466403,2.795721459695219,tie (labels),3.893053954225015,unreliable,0.0,1.0044081693821003,0.012104260110526715,-18.024086233201494,-0.0018046124481379544,1.002091707445747,-15.013096726839922,0.9955895707714646,-0.012025720838127866,17.76404896630815,0.001792903103878622,0.9978910021951423,15.013749578950984
CH07,2026-08-30,2026-08-31 03:20:00,1,1.5797537721962638,ch0708_ref0904night_24h,to ch0708_ref0904day_24h (median of 110 shared frames),09-04 12:00 (user-labelled frame),ok,5/10,ok,2.647547511410651,4.831224894805516,tie (labels),3.893053954225015,unreliable,0.0,1.0040813430868212,0.010446592957618222,-15.731618190655066,-0.005272046140318826,1.0060337244520503,-8.092157341373024,0.9958809490628544,-0.010341167155974424,15.583136502284447,0.005218841263580436,0.9939482709033861,8.125286615492142
CH07,2026-08-30,2026-08-31 04:00:00,1,,ch0708_ref0904night_24h,to ch0708_ref0904day_24h (median of 110 shared frames),09-04 12:00 (user-labelled frame),lid,5/10,ok,1.3944346400126792,1.8028543906864514,tie (labels),3.893053954225015,unreliable,0.0,1.0039147197478175,0.012725114944788573,-17.353881423670664,-0.004307589898488942,1.006201259370659,-11.394816868524563,0.9960464957353485,-0.012596690801712756,17.14173579461898,0.0042641169283951,0.993783032280616,11.39797463943669
CH07,2026-08-30,2026-08-31 05:00:00,1,,ch0708_ref0904night_24h,to ch0708_ref0904day_24h (median of 110 shared frames),09-04 12:00 (user-labelled frame),lid,5/10,unreliable,3.650547573490786,4.739184096654163,tie (labels),3.893053954225015,unreliable,0.0,1.0020011243856561,0.011670708816756853,-12.325897763034238,-0.004933879365179357,1.004513708736481,-7.867492956945205,0.9979457809868694,-0.011594400876279236,12.209358802261383,0.00490161961310832,0.9954496249558749,7.892109775558548
CH07,2026-08-30,2026-08-31 06:00:00,1,,ch0708_ref0904night_24h,to ch0708_ref0904day_24h (median of 110 shared frames),09-04 12:00 (user-labelled frame),lid,5/10,ok,2.2423602483390166,2.8755265184662635,tie (labels),3.893053954225015,unreliable,0.0,0.9997056100557075,0.009272183729212747,-4.44804678265,-0.006741148588476037,0.9990164510473541,1.300212508244579,1.000231876993092,-0.00928346447705861,4.4611486589960085,0.006749350021885784,1.0009218744478379,-1.271389716282861
CH07,2026-08-30,2026-08-31 07:00:00,1,,ch0708_ref0904night_24h,to ch0708_ref0904day_24h (median of 110 shared frames),09-04 12:00 (user-labelled frame),lid,5/10,ok,2.629076759727264,3.9579819003597847,tie (labels),3.893053954225015,unreliable,0.0,0.996856999902736,0.006523137684759016,10.067731701877046,0.002683339659097798,1.001254545626348,-22.343870249951728,1.0031705022747635,-0.00653562007404777,-10.245682515077059,-0.0026884743798161834,0.9987645416011243,22.343332166531397
CH07,2026-08-30,2026-08-31 07:40:00,2,6.491446709032978,ch0708_ref0904day_24h,,09-04 12:00 (user-labelled frame),ok,5/10,ok,2.8863714096906183,3.8948723494565476,tie (labels),0.0,same frame,0.0,0.9956050956565109,0.0039829934653210775,14.723532053776424,0.0029810245607658457,1.0020125657276078,-23.19320236445765,1.0044262593323912,-0.0039925878817824705,-14.881303123635274,-0.0029882053887954805,0.9980033546549206,23.19089070274437
CH07,2026-08-30,2026-08-31 08:00:00,2,2.6369161641984977,ch0708_ref0904day_24h,,09-04 12:00 (user-labelled frame),ok,5/10,unreliable,3.88422129909629,6.661499004167178,tie (labels),0.0,same frame,0.0,0.9958770380379107,0.005773616107433488,10.4518897748462,-0.004302387879845149,0.9975779050580713,-5.867310332108358,1.0041149245274104,-0.005811449985581166,-10.528996092983435,0.004330580959495966,1.0024029119107314,5.836146207139639
CH07,2026-08-30,2026-08-31 09:00:00,2,3.7931110531583005,ch0708_ref0904night_24h,to ch0708_ref0904day_24h (median of 110 shared frames),09-04 12:00 (user-labelled frame),ok,5/10,unreliable,3.4658148722707347,5.743438604225906,tie (labels),3.893053954225015,unreliable,0.0,0.9967796399590216,0.00580688436256082,10.667707523677507,-0.0014232972216005448,1.0009068639193381,-13.909341655115034,1.0032224534581216,-0.005820318540272638,-10.783040513795664,0.0014265900076486013,0.9990856812001849,13.881405637588916
CH07,2026-08-30,2026-08-31 10:00:00,2,0.5855868365436845,ch0708_ref0904night_24h,to ch0708_ref0904day_24h (median of 110 shared frames),09-04 12:00 (user-labelled frame),ok,5/10,ok,1.9125260620827018,5.714509323398927,tie (labels),3.893053954225015,unreliable,0.0,0.9968766912881262,0.003057970757352265,12.852248212099347,-0.003029635980545624,0.9987763476565567,-6.4934283713532555,1.0031237603153307,-0.0030712813056165147,-12.91233870019338,0.0030428231949247036,1.0012158352387326,6.4622161914206275
CH07,2026-08-30,2026-08-31 11:00:00,2,0.768854891436531,ch0708_ref0904night_24h,to ch0708_ref0904day_24h (median of 110 shared frames),09-04 12:00 (user-labelled frame),ok,5/10,ok,2.7748247192535733,5.440881528494927,tie (labels),3.893053954225015,unreliable,0.0,0.9995788699260718,0.004194132735900146,7.168161263192906,-0.004777334568005294,0.9996631830244408,-4.408582328602149,1.0004012474825938,-0.004197229319187107,-7.189541300860248,0.004780861736864993,1.0003168721347568,4.375709297588988
CH07,2026-08-31,2026-08-31 12:00:00,2,5.62016499136834,ch0708_ref0904day_24h,,09-04 12:00 (user-labelled frame),ok,5/10,unreliable,3.669280138544268,5.764026325658989,tie (labels),0.0,same frame,2.5,0.9980536988867795,0.011125721816147849,0.8747096538455347,-0.011400561049659957,0.994151367959543,14.191628357154888,1.0018220291934097,-0.011211565527462226,-0.7171930291029655,0.01148852536224492,1.0057544696789391,-14.283342776273713
CH07,2026-08-31,2026-08-31 13:00:00,2,7.638641714585192,ch0708_ref0904night_24h,to ch0708_ref0904day_24h (median of 110 shared frames),09-04 12:00 (user-labelled frame),ok,5/10,ok,2.5893441659299987,3.5162737203278622,tie (labels),3.893053954225015,unreliable,2.5,1.0046482096133302,0.012241279357596436,-12.721879366894289,-0.005311980021635347,1.0045519456184961,-4.521655762994857,0.9953091672215569,-0.012128648614217974,12.607361584252844,0.005263105043688124,0.9954045455013458,4.567833287138529
CH07,2026-08-31,2026-08-31 19:25:00,3,4.97098112454386,ch0708_ref0904day_24h,,09-04 12:00 (user-labelled frame),ok,5/10,unreliable,2.572990060375164,9.093959271753935,tie (labels),0.0,same frame,2.5,0.997821210982706,0.010438267722543245,1.3055682106147344,-0.0063134057282365225,1.0010362547655156,6.214740618340383,1.0021174302550369,-0.010449541639108153,-1.2433914693762995,0.006320224561716606,0.9988989140440118,-6.216149138997143
CH07,2026-08-31,2026-08-31 20:00:00,3,22.263809850373818,ch0708_ref0904night_24h,to ch0708_ref0904day_24h (median of 110 shared frames),09-04 12:00 (user-labelled frame),outlier,5/10,ok,2.6604972517075365,3.275124098122722,tie (labels),3.893053954225015,unreliable,2.5,0.9970245687781685,0.009983395504991489,4.003431297710613,0.007880799136976164,0.9905438890173538,-29.08290216881266,1.0030642202005453,-0.010109584177135311,-4.309714740355554,-0.007980411295788262,1.009626814814197,29.394826910601388
CH07,2026-08-31,2026-08-31 21:00:00,3,0.9055718170364847,ch0708_ref0904night_24h,to ch0708_ref0904day_24h (median of 110 shared frames),09-04 12:00 (user-labelled frame),ok,5/10,ok,1.7513369273147281,2.4237122293419344,tie (labels),3.893053954225015,unreliable,2.5,0.9979601938831074,0.009729082093962421,1.5047400831271798,-0.008331823081688745,0.9976985307236776,7.873328452078013,1.0019624016140558,-0.00977066133724391,-1.4307653615929017,0.008367430849774786,1.0022251830450817,-7.9034388576503884
CH07,2026-08-31,2026-08-31 22:00:00,3,1.5982552755220683,ch0708_ref0904night_24h,to ch0708_ref0904day_24h (median of 110 shared frames),09-04 12:00 (user-labelled frame),ok,5/10,ok,2.4242085767108374,3.6557097819708373,tie (labels),3.893053954225015,unreliable,2.5,0.998085587300234,0.0086536831549841,2.4302531655173203,-0.009083466684033632,0.9970711889377085,10.169447586551243,1.0018389518970208,-0.008695063058912439,-2.3462982961469208,0.009126901713025314,1.002858200877027,-10.22069459234145
CH07,2026-08-31,2026-08-31 23:00:00,3,0.7567464582129245,ch0708_ref0904night_24h,to ch0708_ref0904day_24h (median of 110 shared frames),09-04 12:00 (user-labelled frame),ok,5/10,unreliable,3.4177793526470444,4.773213033253313,tie (labels),3.893053954225015,unreliable,2.5,0.9985969478876612,0.010223770096925183,0.06917092342380382,-0.009076716139031316,1.000020994771138,6.340799533185926,1.0013119748241603,-0.010236968503089484,-0.004351108828270962,0.00908843375250514,0.9998860895631587,-6.340705905296314
CH07,2026-08-31,2026-09-01 00:00:00,3,1.361450705618261,ch0708_ref0904night_24h,to ch0708_ref0904day_24h (median of 110 shared frames),09-04 12:00 (user-labelled frame),ok,5/10,ok,2.057784024783536,2.989995285973979,tie (labels),3.893053954225015,unreliable,2.5,0.9977870173851234,0.00952198523808342,2.143434708587611,-0.009269653958100255,0.997059227001346,10.202306291793011,1.0021289796976547,-0.009570401730331498,-2.0503578677770946,0.009316787420060448,1.002860470681317,-10.25145961535119
CH07,2026-08-31,2026-09-01 01:00:00,3,,ch0708_ref0904day_24h,,09-04 12:00 (user-labelled frame),sample,5/10,unreliable,5.127210811248444,8.240095973067614,tie (labels),0.0,same frame,2.5,0.9994092073478771,0.013133924294326443,-4.174912149842684,-0.008254331615884134,0.9988672506904026,3.801081325947436,1.0004824906279004,-0.01315516279127547,4.226930349453006,0.008267679461730628,1.0010253236681346,-3.77046182915965
CH07,2026-08-31,2026-09-01 02:00:00,3,0.9571502429103196,ch0708_ref0904day_24h,,09-04 12:00 (user-labelled frame),ok,5/10,unreliable,4.623594166142512,7.0018260476249345,tie (labels),0.0,same frame,2.5,0.9962858849982265,0.007820275762766626,4.914944289517493,-0.010784165141050137,0.9994760159634787,8.791511023096708,1.0036429586198108,-0.007852879487257942,-4.863810551607602,0.010829125697403111,1.00043952759274,-8.848599684280156
CH07,2026-08-31,2026-09-01 03:00:00,3,2.0386700532962294,ch0708_ref0904night_24h,to ch0708_ref0904day_24h (median of 110 shared frames),09-04 12:00 (user-labelled frame),ok,5/10,ok,2.0585857552286417,3.251212903491364,tie (labels),3.893053954225015,unreliable,2.5,0.998076078269148,0.007982104645949822,3.38669594721763,-0.00933275406123125,0.9968276861594946,11.187424571989633,1.0018526154749856,-0.008022341802473113,-3.303220848732629,0.009379799734347763,1.0031073006302638,-11.253953793159233
CH07,2026-08-31,2026-09-01 04:00:00,3,,ch0708_ref0904night_24h,to ch0708_ref0904day_24h (median of 110 shared frames),09-04 12:00 (user-labelled frame),sample,5/10,unreliable,1.704688019418748,10.088076104836215,tie (labels),3.893053954225015,unreliable,2.5,0.9977014956705128,0.007239174496671458,5.637780909271993,0.003984416566437322,0.9972317443917214,-22.987504722637585,1.002332857844514,-0.0072762048565850525,-5.818194844195468,-0.004004797948260443,1.0028050120297327,23.074563123336315
CH07,2026-08-31,2026-09-01 05:00:00,3,1.9933993810461603,ch0708_ref0904day_24h,,09-04 12:00 (user-labelled frame),ok,5/10,unreliable,3.5588557924450672,5.090339102905018,tie (labels),0.0,same frame,2.5,0.9982286048494298,0.011756983541871519,-0.0025118809221331456,-0.0066842812187923595,1.0034011628697386,-2.4939133528719815,1.0016959459102734,-0.011737003290233765,-0.026754928291906236,0.006672921704653947,0.9965321783259203,2.4852816676783402
CH07,2026-08-31,2026-09-01 05:32:00,3,4.510762550444872,ch0708_ref0904night_24h,to ch0708_ref0904day_24h (median of 110 shared frames),09-04 12:00 (user-labelled frame),ok,5/10,unreliable,2.83593757385713,6.75722270005079,tie (labels),3.893053954225015,unreliable,2.5,0.9984981176705656,0.010454819590267238,0.9113945018151677,-0.005982635688495983,0.9993873044366729,-2.084011975011263,1.001441371167272,-0.010476307653002725,-0.9345409101748542,0.005994931955293131,1.000550356832468,2.079695177217846
CH07,2026-08-31,2026-09-01 06:00:00,3,,ch0708_ref0904night_24h,to ch0708_ref0904day_24h (median of 110 shared frames),09-04 12:00 (user-labelled frame),lid,5/10,unreliable,1.6519225625100438,8.683779622633159,tie (labels),3.893053954225015,unreliable,2.5,0.9979869215141173,0.008171374959507871,4.562355843063644,0.0025647807120758896,0.9935174045940969,-18.974007706918044,1.0020383193122349,-0.008241456861282245,-4.72802884709005,-0.002586777586632156,1.0065461691012423,19.110016569732885
CH07,2026-08-31,2026-09-01 08:00:00,3,,ch0708_ref0904night_24h,to ch0708_ref0904day_24h (median of 110 shared frames),09-04 12:00 (user-labelled frame),lid,5/10,unreliable,4.698576269833314,7.978299753793113,tie (labels),3.893053954225015,unreliable,2.5,1.0057080928341617,0.009449224191187051,-15.578139169338218,-0.0035465376304965046,1.002061362307784,-9.854605881910889,0.9942912411191935,-0.009375953611295026,15.396811001402428,0.003519037291469971,0.9979096943970933,9.888826796690104
CH07,2026-08-31,2026-09-01 08:27:00,4,11.101672813066042,ch0708_ref0904night_24h,to ch0708_ref0904day_24h (median of 110 shared frames),09-04 12:00 (user-labelled frame),outlier,5/10,unreliable,3.1974678440494047,8.090330820514083,tie (labels),3.893053954225015,unreliable,2.5,1.0081714537161948,0.026726330474238925,-26.261357477713084,-0.001769103294819151,1.029547125173797,-20.282290642326426,0.9918495965367362,-0.025747728733938702,25.5250939012152,0.0017043264424656413,0.9712566090060823,19.744066758106072
CH07,2026-08-31,2026-09-01 09:00:00,4,2.0250756320512506,ch0708_ref0904day_24h,,09-04 12:00 (user-labelled frame),ok,5/10,unreliable,3.7024856273362143,8.141027310189417,tie (labels),0.0,same frame,2.5,0.9997295487641574,0.009502238021698445,-2.0939616052708554,-0.0057555291422886935,0.9996004809578078,4.734301882751357,1.0002157855227458,-0.009508087128960051,2.139427606666458,0.005759071961067142,1.0003449327768466,-4.7238756230777375
CH07,2026-08-31,2026-09-01 10:00:00,4,1.1967263693380539,ch0708_ref0904day_24h,,09-04 12:00 (user-labelled frame),ok,5/10,unreliable,4.351686695985809,9.418561693870004,tie (labels),0.0,same frame,2.5,0.9995167746067676,0.008640755526779953,-1.8328449462670213,-0.003590529830437065,0.9994319924795391,1.8351760112177014,1.0004523874322173,-0.008649577521065904,1.8495475994597432,0.0035941956711785937,1.0005372561198673,-1.8295743673889475
CH07,2026-08-31,2026-09-01 11:00:00,4,2.1984006809287733,ch0708_ref0904night_24h,to ch0708_ref0904day_24h (median of 110 shared frames),09-04 12:00 (user-labelled frame),ok,5/10,ok,2.0221114870133725,5.3464457897762045,tie (labels),3.893053954225015,unreliable,2.5,0.9996287674726587,0.01263521518147013,-4.5480412850322445,-0.0028864420932641424,1.0020569802857928,-1.7587214194134901,1.000334948729224,-0.012613501606599043,4.5273810102317915,0.002881481752217077,0.9979109087916571,1.7681523879294194
CH07,2026-09-01,2026-09-01 12:00:00,4,1.2313837069333933,ch0708_ref0904day_24h,,09-04 12:00 (user-labelled frame),ok,5/10,ok,2.7133479190102467,3.4618501294205757,tie (labels),0.0,same frame,0.0,0.9995064932017224,0.009803848177694668,-2.5631913705337994,-0.004858744063948603,0.998451812348916,3.2337304616170326,1.0004459973727973,-0.009823429179972957,2.5961008693278504,0.004868448322609223,1.001502784715607,-3.2261112976007422
CH07,2026-09-01,2026-09-01 13:00:00,4,4.815566444411089,ch0708_ref0904day_24h,,09-04 12:00 (user-labelled frame),ok,5/10,ok,1.3298652325279359,2.6276735240937916,tie (labels),0.0,same frame,0.0,1.0019876819092588,0.01729964104225802,-10.847227284824184,-0.008792088228618222,1.0115080329655604,-0.44648501845695787,0.9978665100888265,-0.01706633251543856,10.81646497305966,0.008673515297117794,0.988474553550904,0.5354226710726446
CH07,2026-09-01,2026-09-01 14:00:00,4,1.097893217971347,ch0708_ref0904day_24h,,09-04 12:00 (user-labelled frame),ok,5/10,ok,2.3804458275589804,3.28105051628077,tie (labels),0.0,same frame,0.0,1.000857235486674,0.009560156938967584,-4.253766297756077,-0.003959908058936777,1.0009285710290245,0.4555793813563578,0.9991057427033249,-0.009542746580855249,4.254309814789704,0.003952696522783328,0.9990345370727893,-0.43832568909938335
CH07,2026-09-01,2026-09-01 15:00:00,4,1.0298225197007616,ch0708_ref0904day_24h,,09-04 12:00 (user-labelled frame),ok,5/10,ok,2.587428575109257,4.265092002972976,tie (labels),0.0,same frame,0.0,1.0006801421305183,0.009964277882836048,-4.387587703825585,-0.0035637892115562807,1.000435057119493,0.04286949163877622,0.9992848744963431,-0.009952822127470902,4.384876700384024,0.0035596919856598756,0.9995296777374333,-0.027230868376785837
CH07,2026-09-01,2026-09-01 15:05:00,4,1.0032123649753868,ch0708_ref0904day_24h,,09-04 12:00 (user-labelled frame),ok,5/10,ok,2.5849055749061582,3.641627422308279,tie (labels),0.0,same frame,0.0,1.0008365078523984,0.009917582394692481,-4.567343577465466,-0.0037085077669765016,1.0004751156203981,0.1474941686016241,0.9991274921172447,-0.009904223574547054,4.564819349412648,0.0037035124680926254,0.9994883975598605,-0.13050349633985503
CH07,2026-09-01,2026-09-01 15:55:00,5,,ch0708_ref0904day_24h,,09-04 12:00 (user-labelled frame),sample,5/10,unreliable,6.369579216614584,7.343660805963015,tie (labels),0.0,same frame,0.0,1.0019937835474628,0.007574962892435852,-5.397381410571755,-0.004792147697321717,1.0013269054422584,2.086000288043918,0.9979740769112146,-0.007549598996220421,5.402195196633828,0.004776101739266231,0.9986387220514146,-2.057382219108546
CH07,2026-09-01,2026-09-01 16:00:00,5,2.0784573219351703,ch0708_ref0904day_24h,,09-04 12:00 (user-labelled frame),ok,5/10,ok,2.271165368691943,4.201508718952132,tie (labels),0.0,same frame,0.0,1.0011743510107183,0.009456729694074045,-5.409594331783412,-0.0035504526843522207,1.000737642627269,0.11457095844938042,0.9987935553333904,-0.009438358537382441,5.404149317337127,0.0035435553821451765,0.9992294153434168,-0.09531347471709616
CH07,2026-09-01,2026-09-01 17:00:00,5,6.789296131990889,ch0708_ref0904night_24h,to ch0708_ref0904day_24h (median of 110 shared frames),09-04 12:00 (user-labelled frame),ok,5/10,unreliable,3.393452960917341,4.343794572851945,tie (labels),3.893053954225015,unreliable,0.0,1.0086561188278993,0.011381553372726678,-21.335456206690992,-0.0018358774479318822,1.004840708426249,-13.388701096121528,0.9913977278644884,-0.011229288442107146,21.001577219792242,0.0018113166746278472,0.9951620948644986,13.36257309791888
CH07,2026-09-01,2026-09-01 18:00:00,5,2.2613630813466967,ch0708_ref0904night_24h,to ch0708_ref0904day_24h (median of 110 shared frames),09-04 12:00 (user-labelled frame),ok,5/10,ok,2.074654370960199,2.548086589730762,tie (labels),3.893053954225015,unreliable,0.0,1.0013923674220766,0.009414249440709739,-3.6790920514610157,-0.0077395831674506215,1.001327133702624,3.1748663172333913,0.9985370102562311,-0.009388017336125109,3.703515277549413,0.007718017395652385,0.998602062206785,-3.1420327551667433
CH07,2026-09-01,2026-09-01 20:00:00,5,,ch0708_ref0904night_24h,to ch0708_ref0904day_24h (median of 110 shared frames),09-04 12:00 (user-labelled frame),lid,5/10,ok,1.3962142350419955,5.060521943448082,tie (labels),3.893053954225015,unreliable,0.0,1.0020851362923389,0.008087522493446027,-5.882183361967472,-0.01090511864611833,1.033867006574139,-3.80707954438094,0.9978342580038252,-0.007805652907986729,5.839727328914725,0.010525049066756196,0.9671600622427095,3.7439655576107804
CH07,2026-09-01,2026-09-01 20:06:00,6,24.254791384619228,ch0708_ref0904night_24h,to ch0708_ref0904day_24h (median of 110 shared frames),09-04 12:00 (user-labelled frame),outlier,5/10,unreliable,3.207069624496135,3.811924668206041,tie (labels),3.893053954225015,unreliable,0.0,0.9995571588273972,0.01145885490708553,-4.200496555356164,0.019196997575414636,1.013218177323004,-63.68905565908248,1.0006603828563465,-0.011316834217004131,3.482512006938079,-0.018959070586613558,0.9871686785976064,62.79220340541403
CH07,2026-09-01,2026-09-01 21:00:00,6,,ch0708_ref0904day_24h,,09-04 12:00 (user-labelled frame),sample,5/10,unreliable,6.53023114871765,12.467775022007608,tie (labels),0.0,same frame,0.0,0.9967411709788028,0.005472379855417431,2.6457183670063698,-0.00827172898997549,0.9981596307587,8.878094162739373,1.003223839259704,-0.005500144224693178,-2.6054169394125717,0.00831369598501134,1.0017981828592921,-8.916054297651243
CH07,2026-09-01,2026-09-01 22:00:00,6,,ch0708_ref0904day_24h,,09-04 12:00 (user-labelled frame),sample,5/10,unreliable,1.0589630553738818,12.682618560208018,tie (labels),0.0,same frame,0.0,0.999810130332528,0.008877270882468147,-3.0467704828534163,0.003559786734019306,0.9986687220659644,-6.128364008402002,1.0002215620635178,-0.008891074239868681,2.9929577922410204,-0.0035653218820631033,1.001364745117226,6.125864945786911
CH07,2026-09-01,2026-09-01 23:00:00,6,,ch0708_ref0904night_24h,to ch0708_ref0904day_24h (median of 110 shared frames),09-04 12:00 (user-labelled frame),sample,5/10,unreliable,13.32760246313891,20.222050774505952,tie (labels),3.893053954225015,unreliable,0.0,1.018052691853415,-0.0026965545770862164,-6.151809265811803,0.003929766618547884,1.0159950425913888,-27.346605943143537,0.9822573655135092,0.002607011337472988,6.113952874313078,-0.003799272677524473,0.9842466873689718,26.89243390946272
CH07,2026-09-01,2026-09-02 00:00:00,6,2.9216508167701276,ch0708_ref0904day_24h,,09-04 12:00 (user-labelled frame),ok,5/10,unreliable,2.4699052462744,9.809535650001076,tie (labels),0.0,same frame,0.0,0.9988044293600609,0.008435162667312063,-1.9619453383551224,-0.004803475704372884,0.999030980642971,1.9272438289430684,1.001156348838317,-0.008453107883029134,1.980505231570929,0.0048136947613260745,1.0009293155834755,-1.919590640669214
CH07,2026-09-01,2026-09-02 01:00:00,6,3.1215232699399746,ch0708_ref0904day_24h,,09-04 12:00 (user-labelled frame),ok,5/10,ok,1.3313371324287453,4.132724501835343,tie (labels),0.0,same frame,0.0,1.0005162489675539,0.00901657426790664,-3.53756131634731,0.00879905500001461,1.0014457070632523,-12.005064956096364,0.9995631647408189,-0.008999624689369354,3.4279749058564466,-0.00878251431955823,0.9986354538633568,11.957614808173238
CH07,2026-09-01,2026-09-02 02:00:00,6,,ch0708_ref0904day_24h,,09-04 12:00 (user-labelled frame),sample,5/10,unreliable,1.6859047466661412,10.84929374655516,tie (labels),0.0,same frame,0.0,0.9983912566215686,0.008985276737556419,-1.3518370803867237,-0.004914733853377429,0.997885682996953,2.801028437884752,1.0015669410309804,-0.009018423943435503,1.379216191305646,0.004932864590987088,1.0020743797459557,-2.800170405277523
CH07,2026-09-01,2026-09-02 03:00:00,6,4.650650744443745,ch0708_ref0904night_24h,to ch0708_ref0904day_24h (median of 110 shared frames),09-04 12:00 (user-labelled frame),ok,5/10,ok,2.5018167352837724,3.418126969375366,tie (labels),3.893053954225015,unreliable,0.0,1.000783254410979,0.009297815284143151,-4.916593037414172,-0.008050756550810183,0.9999047031020594,3.537232781416872,0.9991426197393507,-0.009290728898494997,4.945241118417261,0.008044620618450274,1.0000205014551244,-3.497753174114693
CH07,2026-09-01,2026-09-02 04:00:00,6,3.185073054944769,ch0708_ref0904day_24h,,09-04 12:00 (user-labelled frame),ok,5/10,unreliable,3.120283040778772,8.178263720540386,tie (labels),0.0,same frame,0.0,0.9982775858766451,0.008421150266919919,-1.1516657535302266,-0.004332200412885859,0.9977878648099007,2.257872627714099,1.0016886980238806,-0.008454072598228664,1.1726987883246325,0.0043491370703219795,1.0021803336460833,-2.257786791151576
CH07,2026-09-01,2026-09-02 05:00:00,6,,ch0708_ref0904day_24h,,09-04 12:00 (user-labelled frame),sample,5/10,unreliable,5.09924370116688,8.890286315287927,tie (labels),0.0,same frame,0.0,0.9984241226190723,0.009256081909399194,-2.1134450575205057,-0.00446244950544061,0.998373051525143,1.0741061035333526,1.001536863597794,-0.00928541413510948,2.1266666542917028,0.0044765908643217825,1.0015880965343764,-1.0663508588771844
CH07,2026-09-01,2026-09-02 06:00:00,6,18.741359181866372,ch0708_ref0904night_24h,to ch0708_ref0904day_24h (median of 110 shared frames),09-04 12:00 (user-labelled frame),outlier,5/10,unreliable,3.660271547068078,5.930690012217846,tie (labels),3.893053954225015,unreliable,0.0,1.0132591191246503,0.006391960367012672,-32.20029753425733,-0.0017452196750682306,1.0050838700118303,-17.71093104026268,0.9869035743503323,-0.006276340434392024,31.66742889908402,0.001713651553607252,0.9949309468028933,17.676333478545494
CH07,2026-09-01,2026-09-02 07:00:00,6,6.19130251030543,ch0708_ref0904night_24h,to ch0708_ref0904day_24h (median of 110 shared frames),09-04 12:00 (user-labelled frame),ok,5/10,unreliable,3.265956461408278,6.3970080098192375,tie (labels),3.893053954225015,unreliable,0.0,1.0024695729640012,0.009030575429065386,-7.943830712118248,-0.01113174443914694,1.0035313553541074,2.4744124497941904,0.9974368413869626,-0.008975732132151784,7.945679077341786,0.011064140600361925,0.9963815072733073,-2.377567146437423
CH07,2026-09-01,2026-09-02 08:00:00,6,,ch0708_ref0904day_24h,,09-04 12:00 (user-labelled frame),lid,5/10,unreliable,inf,nan,tie (labels),0.0,same frame,0.0,0.9991579864875257,0.013680658460437665,0.20576225389962122,0.0014251720345257596,0.9987338924716902,-1.2509071123893454,1.0008622784047632,-0.013709813094361534,-0.2230893809569397,-0.0014282091960092721,1.001287276200619,1.2528112468875203
CH07,2026-09-01,2026-09-02 08:45:00,7,4.878910641488211,ch0708_ref0904night_24h,to ch0708_ref0904day_24h (median of 110 shared frames),09-04 12:00 (user-labelled frame),ok,5/10,ok,1.8857924819486778,4.446830792122181,tie (labels),3.893053954225015,unreliable,0.0,0.999072085193162,0.006780786633507299,1.0406307564389055,-0.014166167002721188,1.0028977400287025,17.11211225307867,1.000832827621803,-0.006766825359202637,-0.9257027473333107,0.01413699962818778,0.9970150496034287,-17.075744843439526
CH07,2026-09-01,2026-09-02 09:00:00,7,,ch0708_ref0904day_24h,,09-04 12:00 (user-labelled frame),sample,5/10,unreliable,12.582604454885704,17.51515861740267,tie (labels),0.0,same frame,0.0,0.9990861584520496,0.010679773056791408,-2.2213005719635577,-0.003744315632292425,0.9973650606674204,2.0745552797519156,1.000874511563517,-0.010717352214716976,2.245476864621789,0.003757490840016489,1.002601665413674,-2.0716060619199244
CH07,2026-09-01,2026-09-02 10:00:00,7,29.61420387712811,ch0708_ref0904night_24h,to ch0708_ref0904day_24h (median of 110 shared frames),09-04 12:00 (user-labelled frame),outlier,5/10,unreliable,3.763461817159875,8.674384089211182,tie (labels),3.893053954225015,unreliable,0.0,1.009045458586622,0.010462542280241623,-24.917822251681486,0.01833533849481473,0.9949011208733494,-49.819101566013515,0.9912250403890561,-0.01042388401894755,24.17986083117801,-0.018267590877891222,1.0053171158998444,49.6288069206044
CH07,2026-09-01,2026-09-02 11:00:00,7,3.213209450860448,ch0708_ref0904night_24h,to ch0708_ref0904day_24h (median of 110 shared frames),09-04 12:00 (user-labelled frame),ok,5/10,ok,1.5275315998124896,1.9108604332850985,tie (labels),3.893053954225015,unreliable,0.0,0.9996515095491292,0.00951320335040722,-2.5228977820675595,-0.00882261997636858,0.9992798204642754,6.921124485115131,1.0002645685617382,-0.009522578210889981,2.589472210721988,0.008831314296076077,1.0006366239305013,-6.9032501353380225
CH07,2026-09-02,2026-09-02 12:00:00,7,22.47326093916241,ch0708_ref0904day_24h,,09-04 12:00 (user-labelled frame),outlier,5/10,ok,2.114948508804164,3.255079694880466,tie (labels),0.0,same frame,0.25,1.0012478320843103,0.013862285713227337,-8.820001245753925,-0.03101675223058432,1.0096814084386083,50.2188783777045,0.9983291240676858,-0.013706426044888101,9.49358546049065,0.030668017482532905,0.989990370056592,-49.44571403656992
CH07,2026-09-02,2026-09-02 13:00:00,7,22.837764167785277,ch0708_ref0904day_24h,,09-04 12:00 (user-labelled frame),outlier,5/10,unreliable,3.762574326921457,4.329321377253773,tie (labels),0.0,same frame,0.25,1.0034774077297284,0.013316512198960788,-13.414414042022281,-0.03237816910779453,1.0052836681402246,56.6310374049435,0.9961088939919391,-0.013194978351609642,14.109462447536178,0.0320826680484283,0.9943191185118605,-55.87895300012124
CH07,2026-09-02,2026-09-02 15:00:00,7,2.2461720973366077,ch0708_ref0904night_24h,to ch0708_ref0904day_24h (median of 110 shared frames),09-04 12:00 (user-labelled frame),ok,5/10,ok,1.9333196151580998,4.549494845060901,tie (labels),3.893053954225015,unreliable,0.25,1.0026286858554778,0.00924537684099923,-8.214430951702173,-0.008611900544359504,1.0027917999943585,3.5229183750348767,0.9972992294584095,-0.00919473733194969,8.224637967672232,0.0085647307617698,0.9971370087411874,-3.442477901059164
CH07,2026-09-02,2026-09-02 16:00:00,7,,ch0708_ref0904day_24h,,09-04 12:00 (user-labelled frame),sample,5/10,unreliable,inf,nan,tie (labels),0.0,same frame,0.25,1.0064904613866374,0.006752601336217145,-16.9492706914791,-0.0067847844116815685,1.0040924628815089,3.4434123534795145,0.9935063534564781,-0.006681408911922213,16.86221496442412,0.006713252682421113,0.9958790699527134,-3.315437555112209
CH07,2026-09-02,2026-09-02 17:00:00,7,4.175132457143996,ch0708_ref0904day_24h,,09-04 12:00 (user-labelled frame),ok,5/10,ok,1.7629665301474478,4.140881779617096,tie (labels),0.0,same frame,0.25,1.00682796626829,0.011431633998871402,-19.113753630507038,-0.007295036030304286,1.007704155686065,-2.8666438075659193,0.9931367074326068,-0.011266377424517337,18.9502736562021,0.007189578432179942,0.9922731842759873,2.9819136099783696
CH07,2026-09-02,2026-09-02 18:00:00,7,4.450018147883253,ch0708_ref0904day_24h,,09-04 12:00 (user-labelled frame),ok,5/10,unreliable,3.312786197328819,4.981167589716261,tie (labels),0.0,same frame,0.25,1.000467851214179,0.0126912720426188,-5.79093410009978,-0.006919712234994121,0.9980140172748859,4.780344146946833,0.9994444628724695,-0.01270946234246115,5.848472625123717,0.006929630203811953,1.00190181387254,-4.749306439912676
CH07,2026-09-02,2026-09-02 18:51:00,7,4.044848508626374,ch0708_ref0904night_24h,to ch0708_ref0904day_24h (median of 110 shared frames),09-04 12:00 (user-labelled frame),ok,5/10,ok,2.624676791235424,4.095332064735851,tie (labels),3.893053954225015,unreliable,0.25,1.0019441180230912,0.009400212633246972,-5.865898577386361,-0.006543886954655444,1.0000628750640521,1.990187230189152,0.9979983864079706,-0.009380807221017416,5.872826877804533,0.00653037802364578,0.9998757458064406,-1.9516334059211333
CH07,2026-09-02,2026-09-02 19:00:00,7,,ch0708_ref0904night_24h,to ch0708_ref0904day_24h (median of 110 shared frames),09-04 12:00 (user-labelled frame),lid,5/10,ok,1.8068799678493057,3.343571291596374,tie (labels),3.893053954225015,unreliable,0.25,1.0016269203786798,0.009550852243971814,-5.4716487073069775,-0.00645782717046068,0.9997891079418763,2.0433218469601133,0.9983142354588926,-0.009536762983494996,5.48191147208826,0.0064483006898079925,1.0001493367849525,-2.0083441539416476
CH07,2026-09-02,2026-09-02 19:21:00,8,1.3439185778981393,ch0708_ref0904night_24h,to ch0708_ref0904day_24h (median of 110 shared frames),09-04 12:00 (user-labelled frame),ok,5/10,ok,2.944130987886834,4.819624003287087,tie (labels),3.893053954225015,unreliable,0.25,1.0006033382168915,0.009590823534251247,-4.399373638517215,-0.007561495761526509,1.000044185060344,2.559545826089108,0.9993246004886082,-0.009583922430531442,4.420932792365958,0.007556054866243555,0.9998833513049483,-2.526005349818828
CH07,2026-09-02,2026-09-02 20:00:00,8,0.848058154190673,ch0708_ref0904night_24h,to ch0708_ref0904day_24h (median of 110 shared frames),09-04 12:00 (user-labelled frame),ok,5/10,unreliable,3.607552678038814,4.581281229187492,tie (labels),3.893053954225015,unreliable,0.25,1.0011092976774787,0.009655304594617645,-5.122943663978377,-0.007488574524129762,1.0008009898541412,1.2438676733355916,0.9988198501226375,-0.009636191396543215,5.128883969613833,0.0074737504855122115,0.9991275476339503,-1.204494855345027
CH07,2026-09-02,2026-09-02 21:00:00,8,,ch0708_ref0904day_24h,,09-04 12:00 (user-labelled frame),sample,5/10,unreliable,4.718762973175258,15.341702867416029,tie (labels),0.0,same frame,0.25,1.000780036937788,0.01378100209436478,-7.359728478088469,0.005913608520834938,1.012544759805379,-38.59799540869995,0.9993009378686125,-0.013600750173567664,6.829621877857903,-0.0058362600604382475,0.9876900945142824,38.079904443908354
CH07,2026-09-02,2026-09-02 22:00:00,8,0.8441732334969438,ch0708_ref0904night_24h,to ch0708_ref0904day_24h (median of 110 shared frames),09-04 12:00 (user-labelled frame),ok,5/10,ok,2.223836502958082,2.926126484934013,tie (labels),3.893053954225015,unreliable,0.25,1.000315963861086,0.00979716965771958,-4.025940821202537,-0.0074890666915512,0.9994460172765312,2.5133006375229012,0.999610775367602,-0.009798784715404338,4.0490011177385234,0.00749030125981269,1.000480865362342,-2.4843536871396537
CH07,2026-09-02,2026-09-02 23:00:00,8,1.2150050421903549,ch0708_ref0904night_24h,to ch0708_ref0904day_24h (median of 110 shared frames),09-04 12:00 (user-labelled frame),ok,5/10,ok,1.7693651515681936,2.730339861972097,tie (labels),3.893053954225015,unreliable,0.25,1.0003280217852355,0.00963115191463351,-3.6688246609652637,-0.006770646246836422,0.9988046784734412,2.530025147331381,0.9996068456841611,-0.009638886954760863,3.6917688731035785,0.006776083937039172,1.001131412434413,-2.50802738538947
CH07,2026-09-02,2026-09-03 00:00:00,8,1.0523924059594807,ch0708_ref0904night_24h,to ch0708_ref0904day_24h (median of 110 shared frames),09-04 12:00 (user-labelled frame),ok,5/10,ok,1.9962907850337044,3.588385070933782,tie (labels),3.893053954225015,unreliable,0.25,0.9988317751572001,0.012399501301357231,-5.1411856034063455,-0.0057832082788720944,0.9994991971755715,-1.54581847419038,1.001097683602339,-0.012419331666989256,5.127630966211856,0.0057924572907403086,1.0004291941843737,1.5762620285211002
CH07,2026-09-02,2026-09-03 01:00:00,8,0.3792263900720869,ch0708_ref0904night_24h,to ch0708_ref0904day_24h (median of 110 shared frames),09-04 12:00 (user-labelled frame),ok,5/10,ok,2.1448503005456008,3.2184527862356616,tie (labels),3.893053954225015,unreliable,0.25,1.0000083183872954,0.010031529652912763,-4.050675174054613,-0.00765214255220694,0.9994906453774408,2.2416727532509153,0.9999148870432567,-0.010035787614575851,4.07282736076675,0.007655390564300322,1.000432779783492,-2.211633403393224
CH07,2026-09-02,2026-09-03 02:00:00,8,0.22320651496779248,ch0708_ref0904night_24h,to ch0708_ref0904day_24h (median of 110 shared frames),09-04 12:00 (user-labelled frame),ok,5/10,ok,2.585403940333504,3.989885918087562,tie (labels),3.893053954225015,unreliable,0.25,1.000619110132359,0.009877134372609737,-4.703567071947443,-0.008364742750560584,1.000419117012644,2.1070894469178842,0.9992987968232203,-0.00986607345537704,4.721057615034739,0.008355375486357584,0.9994985659804719,-2.0667328115756227
CH07,2026-09-02,2026-09-03 03:00:00,8,12.873096435319109,ch0708_ref0904night_24h,to ch0708_ref0904day_24h (median of 110 shared frames),09-04 12:00 (user-labelled frame),outlier,5/10,unreliable,3.531877017179904,7.13197697057392,tie (labels),3.893053954225015,unreliable,0.25,0.9940096854805311,0.015633291422460924,-4.176600568331269,0.009818659117017473,0.9879871652104992,-22.10279788447335,1.0061836817670138,-0.015921221727852108,3.8505237911891577,-0.009999496884426643,1.0123171234069426,22.333276869284592
CH07,2026-09-02,2026-09-03 04:00:00,8,1.1296172224694276,ch0708_ref0904night_24h,to ch0708_ref0904day_24h (median of 110 shared frames),09-04 12:00 (user-labelled frame),ok,5/10,unreliable,3.0258842390784624,5.276761946203662,tie (labels),3.893053954225015,unreliable,0.25,1.000636541053765,0.013044265466584482,-7.337848576295387,-0.00793763394663214,1.00491689802994,-1.9367458923839305,0.999260971516542,-0.012970849040763706,7.307304458589772,0.007892958934817314,0.9950047054722199,1.9849886137086117
CH07,2026-09-02,2026-09-03 05:00:00,8,,ch0708_ref0904day_24h,,09-04 12:00 (user-labelled frame),sample,5/10,unreliable,7.33131578213758,8.05483117845703,tie (labels),0.0,same frame,0.25,0.9999731708276822,0.01480961123983765,-7.099687470787629,0.0021869404915391116,1.008613334099666,-29.669603989554638,1.000058943800868,-0.014684005925654369,6.664437312557693,-0.002168392310692811,0.9914920606714077,29.40178189118817
CH07,2026-09-02,2026-09-03 06:00:00,8,,ch0708_ref0904day_24h,,09-04 12:00 (user-labelled frame),sample,5/10,unreliable,6.435281291600064,9.07805366144611,tie (labels),0.0,same frame,0.25,1.001054673841487,0.013550867574634966,-7.672892902836363,-0.002327338525219635,1.0364511858378926,-25.734468911452108,0.9989160740206852,-0.013060122485445932,7.328480738801012,0.0022430538883990475,0.9648014478032514,24.845863576477733
CH07,2026-09-02,2026-09-03 08:00:00,8,,ch0708_ref0904day_24h,,09-04 12:00 (user-labelled frame),lid,5/10,ok,2.9126493636946904,5.295338921772989,tie (labels),0.0,same frame,0.25,0.9963527487980087,0.009580819999105261,3.5527066863652337,0.00039016959968643386,1.0053524375954441,-31.898783952330167,1.0036643478671299,-0.00956473282089341,-3.870828385349395,-0.00038951446496063915,0.9946797704690893,31.73045893059094
CH07,2026-09-02,2026-09-03 08:40:00,9,,ch0708_ref0904day_24h,,09-04 12:00 (user-labelled frame),sample,5/10,unreliable,5.3731830316208695,7.643418945694773,tie (labels),0.0,same frame,0.25,1.003809126094356,0.008126018400176266,-10.330628844946286,-0.005820911392450359,1.0068754127321358,-18.644240955518434,0.9961587084839416,-0.00803952891517258,10.14105497374531,0.005758956372932536,0.9931250579465389,18.575556520141483
CH07,2026-09-02,2026-09-03 09:00:00,9,,ch0708_ref0904day_24h,,09-04 12:00 (user-labelled frame),sample,5/10,unreliable,6.197406697857392,10.65376859702369,tie (labels),0.0,same frame,0.25,0.9983841333529045,0.0057625288738939184,4.545773912642253,-0.0066167557125282024,0.9990716159965408,-8.565484260879892,1.0015801950466123,-0.005776998066068958,-4.602439908072077,0.006633369791533272,1.0008909861958357,8.542962189765722
CH07,2026-09-02,2026-09-03 10:00:00,9,4.048645350632264,ch0708_ref0904day_24h,,09-04 12:00 (user-labelled frame),ok,5/10,unreliable,4.467989179710097,6.925641086689497,tie (labels),0.0,same frame,0.25,0.9991068095573494,0.006726914501672097,2.0880412659771697,-0.0050727590347480304,0.9978874630795249,-8.358227125340111,1.000859732690863,-0.006746951033135961,-2.1462289724518997,0.005087868561706203,1.00208271106769,8.365011217967613
CH07,2026-09-02,2026-09-03 11:00:00,9,,ch0708_ref0904day_24h,,09-04 12:00 (user-labelled frame),sample,5/10,unreliable,5.518846721493328,6.018425627124853,tie (labels),0.0,same frame,0.25,1.0040219491486024,0.00704663234587166,-9.182190652313471,-0.007000923471332127,1.004824591267659,-11.965958764650031,0.9959454609976618,-0.006984364794791091,9.061386481055019,0.006939059826619952,0.9951499114239084,11.971638575019453
CH07,2026-09-03,2026-09-03 12:00:00,9,3.691035308079857,ch0708_ref0904day_24h,,09-04 12:00 (user-labelled frame),ok,5/10,unreliable,4.600572782019478,6.551227142235898,tie (labels),0.0,same frame,18.4,1.0003418378385647,0.005802089367743055,2.0393130631535907,-0.005805036315431708,0.9999363933500263,-9.193487724414059,0.9996246196427842,-0.00580028031376326,-2.0918723509502124,0.005803226342612663,1.0000299377163504,9.181928361152897
CH07,2026-09-03,2026-09-03 13:00:00,9,4.5306294518361225,ch0708_ref0904day_24h,,09-04 12:00 (user-labelled frame),ok,5/10,unreliable,4.568935906768873,7.113197888469156,tie (labels),0.0,same frame,18.4,1.0014654874533364,0.0030564887839176665,2.221122761984858,-0.007190227873037787,1.0037349386203391,-10.953529532893805,0.998514826493697,-0.0030405929397540614,-2.2511292338676165,0.007152833742108205,0.9962571780338652,10.896645100114094
CH07,2026-09-03,2026-09-03 14:00:00,9,2.8269782034125925,ch0708_ref0904day_24h,,09-04 12:00 (user-labelled frame),ok,5/10,unreliable,3.6857276832011996,5.618610473220803,tie (labels),0.0,same frame,18.4,0.9994646611018375,0.00821066418288996,1.3413943976889386,-0.005210386581407228,0.9972208645844007,-8.083233303199044,1.0004926815544652,-0.0082376028394736,-1.408641743576503,0.005227481521799143,1.0027438398227275,8.098400286205395
CH07,2026-09-03,2026-09-03 15:00:00,9,7.286818485560589,ch0708_ref0904night_24h,to ch0708_ref0904day_24h (median of 110 shared frames),09-04 12:00 (user-labelled frame),ok,5/10,unreliable,3.922888580801727,5.841801233606114,tie (labels),3.893053954225015,unreliable,18.4,1.0036177675804556,0.027527093236199014,-13.135703466704424,-0.007812086542214191,0.9889156647631652,1.521733165081903,0.9961794307787196,-0.027729284759177863,13.127714174601708,0.007869467743420561,1.010989523224051,-1.435085292322011
CH07,2026-09-03,2026-09-03 16:00:00,9,6.908751677706021,ch0708_ref0904day_24h,,09-04 12:00 (user-labelled frame),ok,5/10,unreliable,3.408532203372359,4.933006198047404,tie (labels),0.0,same frame,18.4,1.0040071044083045,0.010641388095590676,-10.741166442122816,-0.0014916877277685488,1.0086639118695326,-29.08894717292734,0.9959932767235243,-0.010507713097982806,10.392471249307166,0.0014729494436603152,0.9913949671500387,28.8544570220687
CH07,2026-09-03,2026-09-03 16:36:00,9,3.304296244055338,ch0708_ref0904night_24h,to ch0708_ref0904day_24h (median of 110 shared frames),09-04 12:00 (user-labelled frame),ok,5/10,unreliable,3.674767489457154,4.111435804780645,tie (labels),3.893053954225015,unreliable,18.4,0.9984195137744993,0.008712532067797955,2.0356033008269323,-0.001959952804944008,0.9979518845104547,-12.429515784589187,1.0015658229966993,-0.008744083243201467,-2.147475415980659,0.0019670504906971493,1.0020351457125234,12.45080752587518
CH07,2026-09-03,2026-09-03 17:00:00,9,,ch0708_ref0904day_24h,,09-04 12:00 (user-labelled frame),lid,5/10,unreliable,5.479369386889669,7.400217379439952,tie (labels),0.0,same frame,18.4,0.9998536263002865,0.006801120074954009,1.707323164031303,-0.004797591128594712,0.997198508949754,-7.63845783039531,1.000113665958223,-0.006821002107141183,-1.7596191655111744,0.004811616150971671,1.0027765451374016,7.65145136963056
CH07,2026-09-03,2026-09-03 18:00:00,9,,ch0708_ref0904night_24h,to ch0708_ref0904day_24h (median of 110 shared frames),09-04 12:00 (user-labelled frame),lid,5/10,unreliable,13.041378586782685,15.12033351088352,tie (labels),3.893053954225015,unreliable,18.4,0.9947644105592742,0.023655510251484397,0.597781216069782,-0.022293474966659742,1.0130216948445234,18.382897309509637,1.0047373413967908,-0.023462058710508434,-0.16931249382593067,0.02211116196473501,0.9866293626957997,-18.15032389427182
CH07,2026-09-03,2026-09-03 18:20:00,10,0.5333368478144228,ch0708_ref0904night_24h,to ch0708_ref0904day_24h (median of 110 shared frames),09-04 12:00 (user-labelled frame),ok,5/10,ok,1.3390534499503624,1.5978357514111219,tie (labels),3.893053954225015,unreliable,18.4,0.9972853971841389,0.009003672563374312,-2.670835082705162,-0.006871012775334251,0.9982934445940055,1.0218193777370956,1.0026596878863252,-0.009043051991486317,2.68717903617979,0.006901064573835188,1.0016472315721774,-1.0050709455053541
CH07,2026-09-03,2026-09-03 19:00:00,10,7.3509971705674815,ch0708_ref0904day_24h,,09-04 12:00 (user-labelled frame),ok,5/10,unreliable,4.357034973506529,6.473895197745585,tie (labels),0.0,same frame,18.4,0.9976852682084316,0.00920707046292435,-2.2568785763096026,0.004137902995287823,1.0083811341463607,-29.638060662639184,1.0023580604739215,-0.009152076510907907,1.9909506336554346,-0.004113187246702221,0.9917260810828081,29.38355478767626
CH07,2026-09-03,2026-09-03 20:00:00,10,0.9318307895224349,ch0708_ref0904night_24h,to ch0708_ref0904day_24h (median of 110 shared frames),09-04 12:00 (user-labelled frame),ok,5/10,ok,0.9107662364249935,1.6153002020771794,tie (labels),3.893053954225015,unreliable,18.4,0.9967257698614795,0.010352705709395395,-4.159752137031404,-0.00639224919649088,0.9986080484271344,-0.39999980593864315,1.0032182849521203,-0.010400500659645456,4.16897920649304,0.006421760054899133,1.0013273165412282,0.4272436624094232
CH07,2026-09-03,2026-09-03 21:00:00,10,0.11003169849051789,ch0708_ref0904day_24h,,09-04 12:00 (user-labelled frame),ok,5/10,ok,1.165107410786975,1.426684587132987,tie (labels),0.0,same frame,18.4,0.996023348403376,0.006725858362980952,0.6568746283466689,-0.007887273077809238,0.9974308494597391,3.5544745726781355,1.0039389204956524,-0.006769743474442544,-0.6353991242398778,0.00793873622785902,1.0025222357280947,-3.5686545498491657
CH07,2026-09-03,2026-09-03 22:00:00,10,0.6706512154246744,ch0708_ref0904night_24h,to ch0708_ref0904day_24h (median of 110 shared frames),09-04 12:00 (user-labelled frame),ok,5/10,ok,1.4019473125562376,2.252169821080763,tie (labels),3.893053954225015,unreliable,18.4,0.997699365272229,0.01088931355200994,-5.183317082296614,-0.003283690219299083,0.9989531977167183,-4.518799495890981,1.0022699812701588,-0.01092546889560373,5.145713111652895,0.0032945929219871154,1.00101198577695,4.540449376481461
CH07,2026-09-03,2026-09-03 23:00:00,10,,ch0708_ref0904day_24h,,09-04 12:00 (user-labelled frame),sample,5/10,unreliable,5.827613485481397,8.87030164747981,tie (labels),0.0,same frame,18.4,0.9976366924565574,0.016561642481597805,-10.700036829036703,-0.003097216020648455,0.9942694760274375,-2.1137336140788987,1.0023170733353317,-0.016695692085515777,10.689539353488865,0.0031222848253444654,1.0057115439470683,2.1592148591300346
CH07,2026-09-03,2026-09-04 00:00:00,10,0.5946513233717016,ch0708_ref0904day_24h,,09-04 12:00 (user-labelled frame),ok,5/10,ok,1.5149427536396272,2.0188571347760558,tie (labels),0.0,same frame,18.4,0.9966459166989391,0.0070349200721049054,-0.9677938680963899,-0.007734460855515678,0.9965645285870062,4.2750473967659754,1.003310407050695,-0.007082540386140638,1.001275855581216,0.007786816454593087,1.0033923460896335,-4.2820138038686455
CH07,2026-09-03,2026-09-04 01:00:00,10,8.823124070448493,ch0708_ref0904night_24h,to ch0708_ref0904day_24h (median of 110 shared frames),09-04 12:00 (user-labelled frame),ok,5/10,ok,0.5961480233235774,1.8980423411063132,tie (labels),3.893053954225015,unreliable,18.4,0.9967769782499257,0.009632337568459708,-2.64721496675216,0.0017721873525500722,0.9999587019005145,-20.154692355007775,1.0032506250887105,-0.009664047793429878,2.461044159957624,-0.0017780214981288841,1.0000584270156843,20.151163128413057
CH07,2026-09-03,2026-09-04 02:00:00,10,1.2037861000922268,ch0708_ref0904night_24h,to ch0708_ref0904day_24h (median of 110 shared frames),09-04 12:00 (user-labelled frame),ok,5/10,ok,1.031907171805225,3.5703152337271873,tie (labels),3.893053954225015,unreliable,18.4,0.9979132525178097,0.008760553611285572,-4.6804071704226935,-0.007194662719795933,0.9986612691718187,0.7076386294871675,1.0020277371588087,-0.008790085269507543,4.696118009853704,0.007218915789851878,1.0012771989550038,-0.6747549595797684
CH07,2026-09-03,2026-09-04 03:00:00,10,0.7541567279026569,ch0708_ref0904night_24h,to ch0708_ref0904day_24h (median of 110 shared frames),09-04 12:00 (user-labelled frame),ok,5/10,ok,0.2750592254926549,0.4168186967985905,tie (labels),3.893053954225015,unreliable,18.4,0.9971270888161223,0.009821329582369226,-3.6146309523588522,-0.005827443584716046,0.9981077170478058,-0.5868721068988201,1.0028235192474786,-0.009867732838107234,3.6190458352643544,0.005854976756542987,1.0018382577996672,0.6091145093362759
CH07,2026-09-03,2026-09-04 04:00:00,10,0.7780904926350795,ch0708_ref0904night_24h,to ch0708_ref0904day_24h (median of 110 shared frames),09-04 12:00 (user-labelled frame),ok,5/10,ok,0.3853516935629545,0.41873541146853926,tie (labels),3.893053954225015,unreliable,18.4,0.9969445428374983,0.009909124394277866,-3.500392781705263,-0.005840325508800283,0.9981302484489,-0.6189278572215908,1.0030064881173126,-0.009957534173989183,3.504753675719869,0.0058688576838012005,1.0018149898904218,0.6405945120985816
CH07,2026-09-03,2026-09-04 05:00:00,10,0.8041052824170483,ch0708_ref0904night_24h,to ch0708_ref0904day_24h (median of 110 shared frames),09-04 12:00 (user-labelled frame),ok,5/10,ok,0.3471205545765923,0.6837159202792583,tie (labels),3.893053954225015,unreliable,18.4,0.9969910680507498,0.009804716024952073,-3.4903758949569426,-0.006075063752881236,0.9980240291654936,-0.2436925285604854,1.0029579735467484,-0.009853187727163053,3.49829918629082,0.0061050971246171416,1.0019199057686987,0.26546947909199203
CH07,2026-09-03,2026-09-04 06:00:00,10,1.534964617001601,ch0708_ref0904night_24h,to ch0708_ref0904day_24h (median of 110 shared frames),09-04 12:00 (user-labelled frame),ok,5/10,ok,0.23929181030337843,0.6365984414570943,tie (labels),3.893053954225015,unreliable,18.4,0.9983703885685714,0.009712843212616985,-6.6877320207436215,-0.006830213347481427,0.9974716583362498,1.7574203418086434,1.001565549597192,-0.009752707326664454,6.715341603158411,0.006858246375287214,1.0024679684594744,-1.7158914858921086
CH07,2026-09-03,2026-09-04 07:00:00,10,0.2473433671560848,ch0708_ref0904night_24h,to ch0708_ref0904day_24h (median of 110 shared frames),09-04 12:00 (user-labelled frame),ok,5/10,ok,0.6249692049705243,1.1664695688175408,tie (labels),3.893053954225015,unreliable,18.4,0.9968419187746067,0.009719916481928402,-3.0549512683684545,-0.006617201017351148,0.998059792319205,1.3919205663365037,1.003103237843165,-0.009769033648706689,3.078029227602349,0.0066506393875860135,1.0018792100792258,-1.3742188982616779
CH07,2026-09-03,2026-09-04 08:36:00,11,3.2708929057440166,ch0708_ref0904day_24h,,09-04 12:00 (user-labelled frame),ok,5/10,ok,0.7139024725211418,1.1809053986377804,tie (labels),0.0,same frame,18.4,0.9979168646534812,-0.0004947590452498568,2.332558730762886,-0.0003934609119476762,0.9978385328615652,1.6172268380046038,1.0020876797633373,0.000496865903017935,-2.3382319112951455,0.00039513640668947217,1.0021663451195324,-1.621651988347558
CH07,2026-09-03,2026-09-04 09:00:00,11,3.11797597532544,ch0708_ref0904day_24h,,09-04 12:00 (user-labelled frame),ok,5/10,ok,0.41131089156876655,1.0476521843770785,tie (labels),0.0,same frame,18.4,0.9986465602543155,-7.849746303161681e-05,0.8483173018618565,0.0001402401586457747,0.9985621367523418,0.35154341166824904,1.0013552629731692,7.871703206412101e-05,-0.8494946673445768,-0.00014063243114430991,1.0014399226201842,-0.35193030605414427
CH07,2026-09-03,2026-09-04 10:00:00,11,3.518000052554037,ch0708_ref0904day_24h,,09-04 12:00 (user-labelled frame),ok,5/10,ok,0.45227994470471017,1.2877089178769712,tie (labels),0.0,same frame,18.4,0.9985465010195927,-0.0003060379184596923,1.5946009237164656,-0.00016655069030812805,0.9986079040524978,0.7551953895081316,1.0014556659054985,0.000306910656504549,-1.597153907426779,0.00016702564819753152,1.0013940877676157,-0.7565145374157047
CH07,2026-09-03,2026-09-04 11:00:00,11,5.105310759786323,ch0708_ref0904day_24h,,09-04 12:00 (user-labelled frame),ok,5/10,ok,0.923082706535022,1.2854388491909405,tie (labels),0.0,same frame,18.4,0.9989574094694161,-0.00021784794442938904,2.4774589776218288,-0.0004900238063052231,0.9988839587831587,1.8359880355202354,1.0010437857532255,0.00021831898399471094,-2.4804457450494124,0.00049108335543856,1.0011173952575037,-1.8392561987116511
CH07,2026-09-04,2026-09-04 12:00:00,11,4.180723910792048,ch0708_ref0904day_24h,,09-04 12:00 (user-labelled frame),ok,5/10,ok,0.29754196067795685,0.3489964055887838,tie (labels),0.0,same frame,0.0,1.0000028871693978,1.6468481257206347e-05,-0.013279303729809584,-5.058122219731226e-05,1.0000482799493304,0.07585396827787744,0.9999971120059871,-1.6467638639571965e-05,0.013280514514998893,5.057863418514973e-05,0.9999517215485976,-0.07584963451671066
CH07,2026-09-04,2026-09-04 13:00:00,11,3.0039485071298024,ch0708_ref0904day_24h,,09-04 12:00 (user-labelled frame),ok,5/10,ok,0.5838552240353411,0.9407988478055658,tie (labels),0.0,same frame,0.0,1.000850899679426,-6.313823810002311e-05,-2.2327308978090623,0.0003217406592068194,1.0009216482094077,-1.2583737388719614,0.999149803474347,6.302646995617423e-05,2.2309119486116735,-0.00032117110963808906,0.9990791801843486,1.2564979147377402
CH07,2026-09-04,2026-09-04 13:30:00,11,1.7978500946833957,ch0708_ref0904day_24h,,09-04 12:00 (user-labelled frame),ok,5/10,ok,1.9382110447457621,4.263985888032652,tie (labels),0.0,same frame,0.0,1.001230234227044,0.0003780935957837239,-4.2187234795831055,0.000993814392523551,1.0009454658844625,-2.9445431247279874,0.9987716518676786,-0.00037727246697482865,4.2124305234273995,-0.000991656065491578,0.9990558017615677,2.937579369569471
CH07,2026-09-04,2026-09-04 14:00:00,11,,ch0708_ref0904day_24h,,09-04 12:00 (user-labelled frame),lid,5/10,ok,1.6198938929292577,3.058609190487149,tie (labels),0.0,same frame,0.0,1.000884310696307,0.0035980203719693654,-5.633284202970717,-0.0012037632394189127,1.000523585903913,-8.337833043115417,0.9991121493847951,-0.0035929446521951636,5.598325315482328,0.0012020650931478755,0.9994723653034828,8.340205287408274
CH07,2026-09-04,2026-09-04 14:12:00,12,1.0224266959899166,ch0708_ref0904day_24h,,09-04 12:00 (user-labelled frame),ok,5/10,ok,1.3570382345590215,2.978659289703674,tie (labels),0.0,same frame,0.0,0.99921620319005,0.0031988593738980706,-1.8713152372865218,-0.003301109911578029,0.9987930835232279,-2.544872117736266,1.0007738226017957,-0.0032052031360578683,1.8646064712195844,0.0033076564501077566,1.0011977813710031,2.5541099860652716
CH07,2026-09-04,2026-09-04 15:00:00,12,2.1480787603171065,ch0708_ref0904day_24h,,09-04 12:00 (user-labelled frame),ok,5/10,ok,2.453020214221802,3.9702010094474613,tie (labels),0.0,same frame,0.0,0.999557086393658,0.0031355470794340035,-3.4041058396663355,-0.0029765875212713214,0.9995294585633371,-3.69120721341262,1.0004337640519687,-0.0031383839067125824,3.3939979930937643,0.00297928053287775,1.00046141687805,3.7030521849812414
CH07,2026-09-04,2026-09-04 16:00:00,12,1.6491085994926358,ch0708_ref0904day_24h,,09-04 12:00 (user-labelled frame),ok,5/10,ok,1.4624417079685261,3.0153697846063556,tie (labels),0.0,same frame,0.0,0.9994317975982313,0.004117172283470194,-3.6269505782271243,-0.002457576849725066,0.9985043413859142,-4.182141095798391,1.0005583805932237,-0.004125641784245481,3.6117217809901514,0.0024626323702622173,1.0014877446905086,4.197294899907907
CH07,2026-09-04,2026-09-04 17:00:00,12,1.0627274723714404,ch0708_ref0904day_24h,,09-04 12:00 (user-labelled frame),ok,5/10,ok,1.6557854247403747,2.2994040806664504,tie (labels),0.0,same frame,0.0,0.9994037002778087,0.003400954375531874,-2.231249867788425,-0.003511494867388023,0.9990024462090868,-2.228423137944739,1.0005846870223918,-0.003406340877674661,2.2249636818022975,0.0035170564458566,1.0009865766056376,2.238469079809919
CH07,2026-09-04,2026-09-04 18:00:00,12,0.5980195092064134,ch0708_ref0904day_24h,,09-04 12:00 (user-labelled frame),ok,5/10,ok,1.2611861305359962,1.90125364012215,tie (labels),0.0,same frame,0.0,0.9984136019449686,0.004296574878856652,-0.3307138885484901,-0.003370739728428407,0.9971904776260243,-1.2713572243656812,1.0015743492951557,-0.004315463579970767,0.32574805192694173,0.0033855582518008435,1.0028028507413087,1.2760403000388232
CH07,2026-09-04,2026-09-04 19:00:00,12,4.073762078498112,ch0708_ref0904night_24h,to ch0708_ref0904day_24h (median of 110 shared frames),09-04 12:00 (user-labelled frame),ok,5/10,ok,0.7054279308712922,2.598805328162812,tie (labels),3.893053954225015,unreliable,0.0,0.9905063275116877,0.010003536831717117,3.8370653621717237,-0.002586380203971765,0.9940312207019254,-3.2839583416681037,1.0095581372237339,-0.010159793575040762,-3.9071048983001786,0.002626779850063736,1.0059781846740181,3.2935113251196473
CH07,2026-09-04,2026-09-04 20:43:00,13,4.058366444471712,ch0708_ref0904night_24h,to ch0708_ref0904day_24h (median of 110 shared frames),09-04 12:00 (user-labelled frame),ok,5/10,unreliable,3.0720672149159123,4.055847806392361,tie (labels),3.893053954225015,unreliable,0.0,0.993435737104722,0.0020941891458359273,7.767250896225797,0.020223390420320606,1.0164562855180987,-54.19685252984608,1.0066498573176064,-0.002073985113661122,-7.931305471789937,-0.020028281954808668,0.9838514034088021,53.4772141127923
CH07,2026-09-04,2026-09-04 21:00:00,13,2.789309022938323,ch0708_ref0904day_24h,,09-04 12:00 (user-labelled frame),ok,5/10,unreliable,3.698222282353506,6.4070979935924814,tie (labels),0.0,same frame,0.0,0.9954232356850202,0.001196337091823707,5.496873116377135,-0.002216148641579721,0.9953755072215205,1.0911488954348878,1.0045951192749187,-0.001207418099736483,-5.520814431060127,0.0022366755990744502,1.0046432898207422,-1.108510137964584
CH07,2026-09-04,2026-09-04 22:00:00,13,2.600030211250292,ch0708_ref0904day_24h,,09-04 12:00 (user-labelled frame),ok,5/10,ok,1.6933522136799242,2.4961403549115624,tie (labels),0.0,same frame,0.0,0.9928794912750033,-0.00047152445378828567,9.960760993666904,-0.0020718493897864503,0.9964092239415423,-0.6450170742894549,1.0071725685424378,0.00047661792348118565,-10.03189780793026,0.002094229781705358,1.0036047072354504,0.6264820496827489
CH07,2026-09-04,2026-09-04 23:00:00,13,,ch0708_ref0904night_24h,to ch0708_ref0904day_24h (median of 110 shared frames),09-04 12:00 (user-labelled frame),sample,5/10,unreliable,6.166851907333903,9.848532660891202,tie (labels),3.893053954225015,unreliable,0.0,0.9959413897333688,-0.009961817470193415,5.918928201337367,-0.0002854587936498721,1.0110495963883697,-10.910204397560534,1.0040779852996087,0.00989312655988842,-5.835129470632543,0.00028349043552154413,0.9890739560671828,10.789321065463154
CH07,2026-09-04,2026-09-05 00:00:00,13,2.355791000318127,ch0708_ref0904day_24h,,09-04 12:00 (user-labelled frame),ok,5/10,unreliable,3.552669476847916,5.7615223994335585,tie (labels),0.0,same frame,0.0,0.9956936376644859,0.004505263790256703,3.596429688294117,-0.002598556084312968,0.997862313683268,-0.8230209794687908,1.0043131534736136,-0.004534388785284238,-3.615673538596146,0.002615354863820189,1.0021304577034462,0.8153684509769307
CH07,2026-09-04,2026-09-05 01:00:00,13,4.206733090228314,ch0708_ref0904day_24h,,09-04 12:00 (user-labelled frame),ok,5/10,ok,1.7877603312225356,5.714316156351275,tie (labels),0.0,same frame,0.0,0.9996149097530959,0.004140730637216636,-4.927539178906224,-0.00337818117063665,0.9979898188081859,-0.3106110931370487,1.000371211680281,-0.004150611205373643,4.928079113120789,0.0033862421512286236,1.002000180400214,0.32791821222707324
CH07,2026-09-04,2026-09-05 02:00:00,13,0.7875983617371013,ch0708_ref0904night_24h,to ch0708_ref0904day_24h (median of 110 shared frames),09-04 12:00 (user-labelled frame),ok,5/10,ok,2.0381874921498193,4.052192395216125,tie (labels),3.893053954225015,unreliable,0.0,0.9963578193232517,0.006921278400609425,0.19283736695520304,8.203453593518591e-05,0.997832835077982,-7.359867181878332,1.0036560678337454,-0.006961670151288822,-0.2447793611272047,-8.251327964852973e-05,1.0021724440639685,7.3758719932927885
CH07,2026-09-04,2026-09-05 03:00:00,13,8.780840889696869,ch0708_ref0904night_24h,to ch0708_ref0904day_24h (median of 110 shared frames),09-04 12:00 (user-labelled frame),ok,5/10,ok,1.2677958281441208,2.8419805032655576,tie (labels),3.893053954225015,unreliable,0.0,0.9955705320653403,0.007374639992735873,2.623305696948181,0.006762330538909933,0.9961257896839395,-22.089402542885317,1.0044996881406598,-0.007436634659567693,-2.799380571041628,-0.006819177846599435,1.0039397627672815,22.194318336668754
CH07,2026-09-04,2026-09-05 04:00:00,13,2.8292123643592575,ch0708_ref0904day_24h,,09-04 12:00 (user-labelled frame),ok,5/10,ok,2.524574759483503,3.500083008889888,tie (labels),0.0,same frame,0.0,0.9986215347386488,0.0047592036409352945,-3.3285137489202343,-0.0023930489662477815,0.9989497697094764,-3.989033608504576,1.0013689357034448,-0.004770729048874344,3.3140396717175093,0.0023988442352959253,1.0010399058429205,4.001166413880367
CH07,2026-09-04,2026-09-05 05:00:00,13,0.5447828914703146,ch0708_ref0904night_24h,to ch0708_ref0904day_24h (median of 110 shared frames),09-04 12:00 (user-labelled frame),ok,5/10,ok,2.611438817697226,4.254061315236478,tie (labels),3.893053954225015,unreliable,0.0,0.9963255237844959,0.00746420254287214,0.23416062422696005,-0.0009749063001408646,0.9980088257530335,-5.721745006331546,1.0036806825420064,-0.007506622897055997,-0.2779734772242217,0.0009804468612805864,1.0019878140772098,5.732889189552278
CH07,2026-09-04,2026-09-05 06:00:00,13,,ch0708_ref0904day_24h,,09-04 12:00 (user-labelled frame),sample,5/10,unreliable,inf,nan,tie (labels),0.0,same frame,0.0,1.0001282634480404,0.006360361474826576,-6.581746994122882,-0.0016602515902933435,0.9974840610745539,-4.922484616027999,0.9998611693934956,-0.0063755188781007685,6.549449852599182,0.0016642081426041352,1.0025116731764023,4.945801685539509
CH07,2026-09-04,2026-09-05 07:00:00,13,5.309766414977609,ch0708_ref0904day_24h,,09-04 12:00 (user-labelled frame),ok,5/10,ok,1.5746695562800976,3.599296126971343,tie (labels),0.0,same frame,0.0,0.9943289383264511,0.005188437695978446,4.6590407515860575,-0.0067365740008477806,1.000303120706047,5.087723020656991,1.0056680658698587,-0.005216264944687947,-4.658909590215469,0.006772704399082465,0.9996618420418241,-5.117556872422332
CH07,2026-09-04,2026-09-05 08:00:00,13,0.9245223464700676,ch0708_ref0904day_24h,,09-04 12:00 (user-labelled frame),ok,5/10,unreliable,3.4593026140791197,5.263490925632123,tie (labels),0.0,same frame,0.0,0.9957048678185704,0.00438336982987203,2.8653892419710973,-0.0030781580475417875,0.996306859553365,-0.44761452426731024,1.0043000002970994,-0.004418536597666557,-2.8796882177200005,0.003102853401457638,1.0036931789210988,0.4403767620371618
CH07,2026-09-04,2026-09-05 08:30:00,13,0.8792875243306427,ch0708_ref0904day_24h,,09-04 12:00 (user-labelled frame),ok,5/10,unreliable,3.498979517848219,5.560555378382747,tie (labels),0.0,same frame,0.0,0.996383011129145,0.004712280465843904,1.4968797062830692,-0.002590221750663967,0.9962330822369535,-1.5006351010984202,1.0036177780049589,-0.004747210803165803,-1.5094189159240736,0.00260942207631203,1.003768818262829,1.5023847311221237
CH07,2026-09-04,2026-09-05 10:00:00,14,11.96513399203519,ch0708_ref0904night_24h,to ch0708_ref0904day_24h (median of 110 shared frames),09-04 12:00 (user-labelled frame),outlier,5/10,unreliable,3.5273328648661124,5.1675700584099795,tie (labels),3.893053954225015,unreliable,0.0,0.9986478573808677,0.0103389789753888,3.211807139722344,-0.007581932764134767,0.9902089590593843,6.661377916802779,1.0012746006110016,-0.01045451765467932,-3.1462594180293477,0.007666661294884554,1.0098078041021785,-6.751335243946102
CH07,2026-09-04,2026-09-05 11:00:00,14,47.415225061902134,ch0708_ref0904day_24h,,09-04 12:00 (user-labelled frame),outlier,5/10,unreliable,2.8818214036782592,3.5808527060491717,tie (labels),0.0,same frame,0.0,1.001495374070211,0.006516760692813053,-2.4128184768691048,0.03815791305264856,1.006936845820818,-104.33326456035634,0.9987531354554803,-0.006463796813050836,1.7354209960975135,-0.03784779101285563,0.9933558883540685,103.54874285276833
CH07,2026-09-05,2026-09-05 12:00:00,14,4.5793221475660815,ch0708_ref0904night_24h,to ch0708_ref0904day_24h (median of 110 shared frames),09-04 12:00 (user-labelled frame),ok,5/10,ok,2.749480787295192,3.781917007142002,tie (labels),3.893053954225015,unreliable,0.0,1.0020793822421663,0.0077480833923946795,-6.882977995648373,-0.0051443570642256626,1.0055509786718824,-3.100050917695551,0.997885459640509,-0.007689018181419981,6.844587313013597,0.005105140587073916,0.9944403278943998,3.11795422140802
CH07,2026-09-05,2026-09-05 13:00:00,14,6.798908229491993,ch0708_ref0904night_24h,to ch0708_ref0904day_24h (median of 110 shared frames),09-04 12:00 (user-labelled frame),ok,5/10,ok,1.9205823243732878,3.2446949619917578,tie (labels),3.893053954225015,unreliable,0.0,1.000161412980665,0.006176864306403089,0.5523802351105962,-0.001677957415729514,1.0020727741714914,-8.067471082624767,0.9998282734380048,-0.006163029007387176,-0.6020054350503803,0.0016741990293653321,0.9979211934248587,8.049775576239982
CH07,2026-09-05,2026-09-05 13:05:00,14,4.602042862157351,ch0708_ref0904night_24h,to ch0708_ref0904day_24h (median of 110 shared frames),09-04 12:00 (user-labelled frame),ok,5/10,unreliable,3.245696608981836,4.402466382624666,tie (labels),3.893053954225015,unreliable,0.0,1.0000083000522835,0.006320904773448699,-1.4385111510610589,-0.0039776564661208,0.9974737794618602,1.9931635415685864,0.9999664950065188,-0.006336700895521785,1.451093034953099,0.003987596743558229,1.0025073494364916,-1.9924248966698308
CH07,2026-09-05,2026-09-05 13:42:00,15,9.015923966682715,ch0708_ref0904day_24h,,09-04 12:00 (user-labelled frame),ok,5/10,unreliable,4.109846181322871,4.89031498831636,tie (labels),0.0,same frame,0.0,1.0140552305273638,0.009541039675916185,-35.60725817794249,-0.004960491483017561,1.008779317579732,-10.245292545962142,0.9860939581646228,-0.009326481436596546,35.016549625334534,0.00484894029416307,0.9912512267473533,10.328316273514181
CH07,2026-09-05,2026-09-05 14:00:00,15,5.584245603234454,ch0708_ref0904night_24h,to ch0708_ref0904day_24h (median of 110 shared frames),09-04 12:00 (user-labelled frame),ok,5/10,ok,1.4612945979575973,2.1967862004004908,tie (labels),3.893053954225015,unreliable,0.0,1.0000667223395974,0.00859141651252858,-4.03467447177869,-0.004732591356020676,0.9993221946152818,-0.3700557749365707,0.9998926019544272,-0.00859632044347178,4.031060037602586,0.004735292691843293,1.0006375546508692,0.3893970702571429
CH07,2026-09-05,2026-09-05 14:52:00,15,,ch0708_ref0904day_24h,,09-04 12:00 (user-labelled frame),sample,5/10,unreliable,inf,nan,tie (labels),0.0,same frame,0.0,1.004852010816449,0.010884747202444308,-15.937336929389787,-0.007914648028510798,1.006252875589338,-1.0273978164680093,0.9950866359183413,-0.01076396076896503,15.847972120773049,0.00782682034727692,0.9937013163351159,1.1456652355844406
CH07,2026-09-05,2026-09-05 15:00:00,15,,ch0708_ref0904day_24h,,09-04 12:00 (user-labelled frame),lid,5/10,ok,2.5339496547499776,5.970525913615518,tie (labels),0.0,same frame,0.0,1.0033500441281562,0.012186628904404383,-17.515994887097612,-0.007062962738275412,1.0050736753601097,-2.9970437048862517,0.9965760801757458,-0.012083594627783226,17.419806463750547,0.007003247515776318,0.9948670217266791,3.1043287923442944
CH07,2026-09-05,2026-09-05 15:22:00,16,3.017561849684818,ch0708_ref0904night_24h,to ch0708_ref0904day_24h (median of 110 shared frames),09-04 12:00 (user-labelled frame),ok,5/10,ok,1.83419381608716,2.68966908670561,tie (labels),3.893053954225015,unreliable,0.0,1.0009691395427978,0.011196507453364622,-9.669761199591427,-0.007073113726523042,1.002586049955338,-1.594798416159355,0.9989529679835515,-0.011155934547550098,9.641845183276834,0.0070474828073960796,0.9973419167868561,1.6587067850667596
CH07,2026-09-05,2026-09-05 16:00:00,16,3.29261611028277,ch0708_ref0904night_24h,to ch0708_ref0904day_24h (median of 110 shared frames),09-04 12:00 (user-labelled frame),ok,5/10,ok,1.1875570339878598,1.9154854089582334,tie (labels),3.893053954225015,unreliable,0.0,1.000633766725936,0.010948720524758919,-8.767323007463325,-0.00724288223067516,1.0024719032589862,-1.4226788788813902,0.9992876363437599,-0.010913942843292028,8.74555044922182,0.007219875830013913,0.9974553384953938,1.482357626180394
CH07,2026-09-05,2026-09-05 17:00:00,16,2.9828951942100708,ch0708_ref0904night_24h,to ch0708_ref0904day_24h (median of 110 shared frames),09-04 12:00 (user-labelled frame),ok,5/10,ok,1.7566589249227622,4.066387760811905,tie (labels),3.893053954225015,unreliable,0.0,1.0006733753854178,0.01174775594653198,-9.71378049155655,-0.007814704438796598,1.0037576653469191,-1.2500889037594582,0.9992357475844522,-0.011694832429115664,9.691737131100814,0.007779499277202132,0.9961653523169025,1.3208636015539554
CH07,2026-09-05,2026-09-05 17:50:00,16,6.427683834023216,ch0708_ref0904night_24h,to ch0708_ref0904day_24h (median of 110 shared frames),09-04 12:00 (user-labelled frame),ok,5/10,ok,0.9243533643998187,2.710951955361391,tie (labels),3.893053954225015,unreliable,0.0,1.0064054726813103,0.01458190537482046,-26.005729526702886,0.002046299921294902,1.0040029605241845,-19.093929713225883,0.9936646399912531,-0.014431754013048515,25.565414971097407,-0.0020252289630162392,0.9960424132365018,18.96569627308781
CH07,2026-09-05,2026-09-05 18:00:00,16,,ch0708_ref0904night_24h,to ch0708_ref0904day_24h (median of 110 shared frames),09-04 12:00 (user-labelled frame),lid,5/10,ok,1.5459236344233958,3.552578605142976,tie (labels),3.893053954225015,unreliable,0.0,0.9970342857572255,0.011493600056075816,-2.243789277772415,-0.00884774338599071,0.999049649473357,6.872478491002516,1.002872150707972,-0.011537576149183583,2.329525522658677,0.00888159606792132,1.000849075933339,-6.85838531706491
CH07,2026-09-05,2026-09-05 19:13:00,17,5.045414043922921,ch0708_ref0904day_24h,,09-04 12:00 (user-labelled frame),ok,5/10,unreliable,3.0423777466984707,8.907287425717863,tie (labels),0.0,same frame,0.0,0.999472905423041,0.01221250407232366,-6.592472072804643,-0.0005931222398004449,1.0031473585450628,-14.791680091410669,1.00052014420492,-0.012180519872241238,6.415730755652148,0.0005915688695596846,0.996855314370895,14.749064808848605
CH07,2026-09-05,2026-09-05 20:00:00,17,22.81987400661653,ch0708_ref0904day_24h,,09-04 12:00 (user-labelled frame),outlier,5/10,unreliable,3.4979588089788085,5.829186944323514,tie (labels),0.0,same frame,0.0,1.000915337088083,0.005166246223017867,-2.0695033860059637,-0.01836802752143798,0.9704233963614469,66.95916014654188,0.9989879023628738,-0.0053183151774511125,2.4235187641956957,0.018908692178058722,1.0303773762973314,-68.95407214837921
CH07,2026-09-05,2026-09-05 21:00:00,17,6.546208134428607,ch0708_ref0904night_24h,to ch0708_ref0904day_24h (median of 110 shared frames),09-04 12:00 (user-labelled frame),ok,5/10,ok,1.4923891930584188,5.196139715981809,tie (labels),3.893053954225015,unreliable,0.0,0.998309161033901,0.007294801068926873,-0.22286291694899507,0.00783417576059505,1.0136846435975326,-37.213313089143114,1.001750274324908,-0.007208917505160985,-0.04501471596285528,-0.007741942000259318,0.9865558112606031,36.71128489257738
CH07,2026-09-05,2026-09-05 22:00:00,17,3.6181711810619746,ch0708_ref0904night_24h,to ch0708_ref0904day_24h (median of 110 shared frames),09-04 12:00 (user-labelled frame),ok,5/10,ok,2.618116318495624,3.619124890895863,tie (labels),3.893053954225015,unreliable,0.0,1.0014687891623355,0.010048242391747907,-9.261817085434862,-0.008207330382554914,1.0051047739068173,1.4343321321344717,0.9984515618204968,-0.00998172884066089,9.261792848658612,0.008153002603884246,0.9948396451913752,-1.3514188506049964
CH07,2026-09-05,2026-09-05 23:00:00,17,0.7119378312228224,ch0708_ref0904night_24h,to ch0708_ref0904day_24h (median of 110 shared frames),09-04 12:00 (user-labelled frame),ok,5/10,ok,2.5422431655830016,4.639049264326975,tie (labels),3.893053954225015,unreliable,0.0,1.0000461167456216,0.010169747558516072,-6.22579671668418,-0.006486484080571171,1.0020300806818723,-1.420307976955577,0.9998880635247148,-0.010148007917986042,6.210686526347748,0.006472618069502164,0.9979083406635302,1.4576343808403724
CH07,2026-09-05,2026-09-06 00:00:00,17,0.9009788894799229,ch0708_ref0904night_24h,to ch0708_ref0904day_24h (median of 110 shared frames),09-04 12:00 (user-labelled frame),ok,5/10,unreliable,3.410363198606303,4.341520682045848,tie (labels),3.893053954225015,unreliable,0.0,0.9988853985118982,0.008708459021151013,-3.175917157516675,-0.007516144198406825,0.9995507613589489,2.5429073993577127,1.001050219841234,-0.008721522862680327,3.201430593750792,0.007527419409839867,1.000383858861819,-2.519977056442207
CH07,2026-09-05,2026-09-06 01:00:00,17,,ch0708_ref0904night_24h,to ch0708_ref0904day_24h (median of 110 shared frames),09-04 12:00 (user-labelled frame),sample,5/10,unreliable,1.2371624869214155,11.542530605300195,tie (labels),3.893053954225015,unreliable,0.0,0.997793352437963,0.012173579825243195,-5.690508230528227,0.00342083805877038,1.0083838615649234,-26.5083142642736,1.002253009816298,-0.01209956593430012,5.382589905183605,-0.0034000397776854075,0.9917268897021675,26.269660102216616
CH07,2026-09-05,2026-09-06 02:00:00,17,0.42430072178634953,ch0708_ref0904night_24h,to ch0708_ref0904day_24h (median of 110 shared frames),09-04 12:00 (user-labelled frame),ok,5/10,ok,2.6507439784508664,4.921372673414521,tie (labels),3.893053954225015,unreliable,0.0,1.000033302744125,0.011032113103009021,-7.388175293810708,-0.005726843795295174,1.0025102314722425,-3.0390949182914913,0.9999036855420459,-0.011003429396242369,7.354023239350115,0.00571195389101402,0.9974331968763765,3.073495076579208
CH07,2026-09-05,2026-09-06 03:00:00,17,,ch0708_ref0904day_24h,,09-04 12:00 (user-labelled frame),sample,5/10,unreliable,6.3711198948548216,9.53044347038863,tie (labels),0.0,same frame,0.0,1.0160259069588577,0.010337448767056723,-44.44946677661178,-0.019897661475075837,1.0057256514313957,26.769996023143598,0.9840287925128444,-0.010114435495835728,44.01031851802895,0.019468402508458674,0.9941068371513962,-25.7468759666293
CH07,2026-09-05,2026-09-06 04:00:00,17,1.0642021091058793,ch0708_ref0904night_24h,to ch0708_ref0904day_24h (median of 110 shared frames),09-04 12:00 (user-labelled frame),ok,5/10,ok,2.2340187877211317,3.31414845226651,tie (labels),3.893053954225015,unreliable,0.0,0.9990452673861863,0.011654638039081714,-6.570740246296534,-0.004014601284900687,1.0014029617477598,-4.8769996610852555,1.0009088346702526,-0.011648887235006197,6.519900343744448,0.0040126203408890945,0.9985523036771422,4.896305132576312
CH07,2026-09-05,2026-09-06 05:00:00,17,,ch0708_ref0904day_24h,,09-04 12:00 (user-labelled frame),sample,5/10,unreliable,5.503586559403507,21.499125481896478,tie (labels),0.0,same frame,0.0,1.0001155898997263,0.011893147772930684,-6.692222430415796,-0.003919658516282002,0.9931593680767344,6.012590708117397,0.9998374983466918,-0.011973118815545214,6.763124396144079,0.003946014800103972,1.0068404946924983,-6.027312194188429
CH07,2026-09-05,2026-09-06 06:00:00,17,6.695048279615869,ch0708_ref0904day_24h,,09-04 12:00 (user-labelled frame),ok,5/10,ok,2.658777974426237,3.2744139350676726,tie (labels),0.0,same frame,0.0,0.9997602438024716,0.014113348357330767,-8.649800480778149,-0.003949012634186628,1.0161922652718276,-11.750991272010038,1.000184944681125,-0.013891031282614963,8.488166828008634,0.003886806776680665,0.9840117646186587,11.59673376071468
CH07,2026-09-05,2026-09-06 06:44:00,17,,ch0708_ref0904night_24h,to ch0708_ref0904day_24h (median of 110 shared frames),09-04 12:00 (user-labelled frame),sample,5/10,unreliable,3.2029919776174047,16.644400192666176,tie (labels),3.893053954225015,unreliable,0.0,1.021892713459822,0.027172162639240605,-63.17059332278022,-0.008726952028616874,1.0341478409012697,-5.602227286581967,0.9783567781290085,-0.025706256342764862,61.6593658650538,0.008256143204982188,0.9667628004355231,5.93757040506885
CH07,2026-09-05,2026-09-06 07:00:00,17,,ch0708_ref0904day_24h,,09-04 12:00 (user-labelled frame),lid,5/10,unreliable,4.166596584724312,11.417338133296372,tie (labels),0.0,same frame,0.0,0.9968897144549187,0.01729890933965536,-4.292706787888059,0.00518791656993668,1.028845157822851,-37.10757409241184,1.0032077716014778,-0.016867844648747198,3.680552015733037,-0.0050586409255149465,0.9720486133083884,36.04865067752876
CH07,2026-09-05,2026-09-06 08:20:00,18,,ch0708_ref0904night_24h,to ch0708_ref0904day_24h (median of 110 shared frames),09-04 12:00 (user-labelled frame),sample,5/10,unreliable,6.879548378853767,13.717711761172772,tie (labels),3.893053954225015,unreliable,0.0,0.997210590525036,0.015079483452172306,0.3297765581285983,-0.01133550857075755,1.0135685229838163,5.553098663854701,1.002627650581687,-0.014916709351952077,-0.2478091369219576,0.011213148463795267,0.9864462923236004,-5.481531421372785
CH07,2026-09-05,2026-09-06 09:00:00,18,0.43494729929465115,ch0708_ref0904night_24h,to ch0708_ref0904day_24h (median of 110 shared frames),09-04 12:00 (user-labelled frame),ok,5/10,unreliable,4.1133469194070065,4.807500329530202,tie (labels),3.893053954225015,unreliable,0.0,0.9996627784856642,0.008998562424306519,-3.74489598121645,-0.008801765333076514,0.9997474203605462,3.8009083705275177,1.000258064849648,-0.009003158651531744,3.7800825883145843,0.008806261041562645,1.0001733797419392,-3.7685888394558438
CH07,2026-09-05,2026-09-06 10:00:00,18,0.7262281364784062,ch0708_ref0904night_24h,to ch0708_ref0904day_24h (median of 110 shared frames),09-04 12:00 (user-labelled frame),ok,5/10,ok,2.8138411266928407,4.544938621408328,tie (labels),3.893053954225015,unreliable,0.0,1.0002108193029065,0.009233547624615684,-4.253820669336698,-0.008677175933196855,1.0004459394242518,3.3696914981050803,0.9997091798940438,-0.00922674775273657,4.283674866216479,0.008670785790749227,0.9994742329224744,-3.3310358574378784
CH07,2026-09-05,2026-09-06 11:00:00,18,,ch0708_ref0904day_24h,,09-04 12:00 (user-labelled frame),sample,5/10,unreliable,4.005459568795261,11.716492377537193,tie (labels),0.0,same frame,0.0,1.0216548767142943,0.008757706361812168,-52.05784901316163,0.0033539880438278324,1.0013512869206702,-24.6104430644759,0.9788322215944699,-0.008560757135056992,50.74521597492136,-0.0032785612911499415,0.9986792105219536,24.4072630015512
CH07,2026-09-06,2026-09-06 12:00:00,18,,ch0708_ref0904day_24h,,09-04 12:00 (user-labelled frame),sample,5/10,unreliable,2.2950600902557676,11.568686777746576,tie (labels),0.0,same frame,0.0,0.9955728212482485,0.01629928527685895,4.117882178165699,0.00236208782816963,1.0148011009388986,-26.892782657852447,1.0044851442553655,-0.016133594955146588,-4.570228736379953,-0.0023380760334489165,0.9854523295678614,26.511183240372212
CH07,2026-09-06,2026-09-06 12:20:00,18,7.596783430704963,ch0708_ref0904day_24h,,09-04 12:00 (user-labelled frame),ok,5/10,ok,2.468685410497744,4.001189013397144,tie (labels),0.0,same frame,0.0,1.0078731345622718,0.011745743273440246,-23.926449139267287,-0.00973180855514388,1.0065465170010994,2.2962827220162163,0.992076583498908,-0.01157688855959466,23.763453726518783,0.00959190580820622,0.9933841298422393,-2.051590567213159
CH07,2026-09-06,2026-09-06 13:00:00,18,,ch0708_ref0904day_24h,,09-04 12:00 (user-labelled frame),lid,5/10,ok,2.05999275358881,4.42694073981178,tie (labels),0.0,same frame,0.0,1.0265249346322387,0.015610675508691274,-67.09498891376703,-0.020684377112606324,1.0092988369961513,27.838935576869154,0.973856949617442,-0.015062501089971795,65.76024523564749,0.019958037858807558,0.9904781467126649,-26.2347729877534
CH07,2026-09-06,2026-09-06 13:44:00,19,1.326740403748709,ch0708_ref0904day_24h,,09-04 12:00 (user-labelled frame),ok,5/10,unreliable,2.428118185259024,7.398907154070323,tie (labels),0.0,same frame,0.0,1.000140746172627,0.008030423978502427,-3.7688997560367867,-0.00557486013083873,1.0001958177030912,1.8588645278501028,0.9998145285077039,-0.008027362664064607,3.7831225122831387,0.005572734913060309,0.9997594779713084,-1.8374143507285106
CH07,2026-09-06,2026-09-06 15:00:00,19,4.46350501191732,ch0708_ref0904night_24h,to ch0708_ref0904day_24h (median of 110 shared frames),09-04 12:00 (user-labelled frame),ok,5/10,ok,2.0531218945297542,2.153151300967838,tie (labels),3.893053954225015,unreliable,0.0,1.0036091583808655,0.0005563520165354232,1.6568364412399506,-0.013706605571987936,0.9928000723906075,16.376871228680933,0.9963961950026748,-0.0005583672360368831,-1.6417212174703693,0.013756253668923935,1.0072444336880488,-16.51830424868844
CH07,2026-09-06,2026-09-06 16:00:00,19,5.194810402495051,ch0708_ref0904day_24h,,09-04 12:00 (user-labelled frame),ok,5/10,unreliable,3.309597813974322,6.867516097908696,tie (labels),0.0,same frame,0.0,1.0056860189012329,0.00927158421007973,-16.277266379632607,0.00026098594639795483,1.0091228336380984,-14.449580938991406,0.9943484999609434,-0.009135841093117733,16.05326633273161,-0.00025716491160555975,0.9909620028326152,14.314799725625205
CH07,2026-09-06,2026-09-06 17:00:00,19,5.944462892350983,ch0708_ref0904night_24h,to ch0708_ref0904day_24h (median of 110 shared frames),09-04 12:00 (user-labelled frame),ok,5/10,ok,2.364528519711886,4.428980971374196,tie (labels),3.893053954225015,unreliable,0.0,1.0058954454030598,0.007808937488211359,-15.215885309478264,-0.00622119086200986,1.0051718694396965,-4.093031399359081,0.9940913434009024,-0.007722855557544444,15.09436997804356,0.0061526114782899065,0.9948069430146016,4.165393484666623
CH07,2026-09-06,2026-09-06 18:00:00,19,2.2291853198109037,ch0708_ref0904night_24h,to ch0708_ref0904day_24h (median of 110 shared frames),09-04 12:00 (user-labelled frame),ok,5/10,unreliable,3.196716720572094,3.9231309545542716,tie (labels),3.893053954225015,unreliable,0.0,1.00144867111936,0.009116155924988087,-6.307960137286807,-0.007493545799586704,1.0021565984753673,1.3483024856505157,0.9984854608621029,-0.009082761280921958,6.310652794390228,0.00746609516174883,0.9977801268121198,-1.2982135944519664
CH07,2026-09-06,2026-09-06 19:00:00,19,,ch0708_ref0904day_24h,,09-04 12:00 (user-labelled frame),lid,5/10,unreliable,1.8892666468347175,2.196992294344531,tie (labels),0.0,same frame,0.0,1.003113554117409,0.009220471878738772,-11.095443290648106,-0.0070336735782047756,1.0044885085052886,-1.9962338884853712,0.9968319503252396,-0.009150190258999668,11.042026455258743,0.0069800604900360184,0.9954674763143645,2.064632776436231
CH07,2026-09-06,2026-09-06 20:00:00,20,,ch0708_ref0904day_24h,,09-04 12:00 (user-labelled frame),sample,5/10,unreliable,5.826751729245872,9.463150610677793,tie (labels),0.0,same frame,0.0,1.001617349306052,0.017338360797235552,-12.763125846884488,0.005576431082152871,1.0075669982726465,-32.446760397689175,0.998480921847708,-0.017182006260458425,12.186237220970844,-0.005526143727487913,0.9925849258543696,32.135634395712906
CH07,2026-09-06,2026-09-06 20:05:00,20,2.237808570215168,ch0708_ref0904night_24h,to ch0708_ref0904day_24h (median of 110 shared frames),09-04 12:00 (user-labelled frame),ok,5/10,ok,2.1325060657169446,2.7304415291508306,tie (labels),3.893053954225015,unreliable,0.0,0.9992011266697507,0.006915376336644596,-0.23393809027503298,-0.010746312278055947,1.0013141759811501,3.241314720680144,1.0007251815783882,-0.006911308564457825,0.2565094640577237,0.010739991067456982,0.998613375207763,-3.2343077403291147
CH07,2026-09-06,2026-09-06 21:00:00,20,,ch0708_ref0904night_24h,to ch0708_ref0904day_24h (median of 110 shared frames),09-04 12:00 (user-labelled frame),sample,5/10,unreliable,19.956882047914416,31.386450898833008,tie (labels),3.893053954225015,unreliable,0.0,0.9964832983463507,0.0010377098222951876,8.88917253109338,0.0024633540737973927,0.9903136056210071,-18.999762206128317,1.0035317119970208,-0.0010515605446731063,-8.940545928659168,-0.002496233432421192,1.0097837540451327,19.20784065612776
CH07,2026-09-06,2026-09-06 22:00:00,20,3.8930138441083084,ch0708_ref0904night_24h,to ch0708_ref0904day_24h (median of 110 shared frames),09-04 12:00 (user-labelled frame),ok,5/10,ok,2.170553226570369,2.971639716359374,tie (labels),3.893053954225015,unreliable,0.0,0.9987687002923852,0.011585478944721117,-4.710301845549728,-0.00282292906042616,1.0154267055272401,-14.477969467432064,1.0012005311343897,-0.011423165857035756,4.550572463068108,0.0027833796957170485,0.984775905311577,14.270666047881384
CH07,2026-09-06,2026-09-06 23:00:00,20,,ch0708_ref0904night_24h,to ch0708_ref0904day_24h (median of 110 shared frames),09-04 12:00 (user-labelled frame),sample,5/10,unreliable,5.564028070495136,6.077535706548709,tie (labels),3.893053954225015,unreliable,0.0,1.0055608391492232,0.01182017247430837,-20.207599909846316,0.0008336537000448938,1.0039791136422533,-19.550237427105984,0.9944796194929799,-0.011708331841632514,19.86714560183108,-0.0008257657984556198,0.996046378959327,19.4562564521896
CH07,2026-09-06,2026-09-07 00:00:00,20,20.773259595155725,ch0708_ref0904day_24h,,09-04 12:00 (user-labelled frame),outlier,5/10,unreliable,4.4311299921781195,9.462341078621925,tie (labels),0.0,same frame,0.0,1.0152565133990983,0.011304153000994965,-44.63788100753034,-0.0047524112867326634,1.0195035399244192,-11.03554922142174,0.9849216302350784,-0.010920712254704002,43.84429847455646,0.004591207866157413,0.9808186643059157,11.02881443764743
CH07,2026-09-06,2026-09-07 01:00:00,20,6.300760042664201,ch0708_ref0904night_24h,to ch0708_ref0904day_24h (median of 110 shared frames),09-04 12:00 (user-labelled frame),ok,5/10,ok,2.2137275228755584,4.935173158597228,tie (labels),3.893053954225015,unreliable,0.0,1.0056425441554464,0.01081608222244505,-19.33109480539735,-0.00742274890150271,1.0060245831548569,-3.283083788352835,0.9943102105274663,-0.01069013737015836,19.186008328985817,0.007336316772499385,0.9939326200746145,3.4049831067336367
CH07,2026-09-06,2026-09-07 02:00:00,20,1.8542579407752355,ch0708_ref0904night_24h,to ch0708_ref0904day_24h (median of 110 shared frames),09-04 12:00 (user-labelled frame),ok,5/10,unreliable,2.9005466623022684,6.041333531376097,tie (labels),3.893053954225015,unreliable,0.0,0.9997132170453998,0.01332930360738483,-8.770059842429617,-0.005047774599967118,1.0038250557136024,-5.9898649214984205,1.0002198043195107,-0.013281431231477027,8.692433560424636,0.00502964544856767,0.9961227333760293,6.010750909726344
CH07,2026-09-06,2026-09-07 03:00:00,20,8.835869052687434,ch0708_ref0904night_24h,to ch0708_ref0904day_24h (median of 110 shared frames),09-04 12:00 (user-labelled frame),ok,5/10,unreliable,3.1769700651327017,4.929833649825536,tie (labels),3.893053954225015,unreliable,0.0,0.9989288172806131,0.014054419494896431,-7.086875401379229,0.0025231935449090428,1.0038967262494694,-22.96023565161363,1.0011077328047324,-0.01401537396081317,6.772929476858628,-0.0025161836901375816,0.9961536255200394,22.854090106850396
CH07,2026-09-06,2026-09-07 04:00:00,20,5.034620345063989,ch0708_ref0904night_24h,to ch0708_ref0904day_24h (median of 110 shared frames),09-04 12:00 (user-labelled frame),ok,5/10,ok,1.8692854287356604,3.9101622692180236,tie (labels),3.893053954225015,unreliable,0.0,0.9991045497053803,0.010137370545655376,-3.4062718493706403,-0.004551170690122911,1.0022123603455464,-8.462228107455552,1.0008501373566776,-0.010123591670288869,3.323499506336068,0.004544984666495929,0.9977465509021897,8.458640360486648
CH07,2026-09-06,2026-09-07 05:00:00,20,1.3391079959457433,ch0708_ref0904night_24h,to ch0708_ref0904day_24h (median of 110 shared frames),09-04 12:00 (user-labelled frame),ok,5/10,unreliable,3.037923021765727,3.944049583879213,tie (labels),3.893053954225015,unreliable,0.0,0.999013590132145,0.010553289552399253,-3.707315471279746,-0.0024376081147535348,0.9972696032756484,-0.22134642691639073,1.0009615383202324,-0.010592358285073116,3.7085356165115524,0.0024466322450331112,1.0027119814912218,0.23101715190387917
CH07,2026-09-06,2026-09-07 06:00:00,20,2.9477769993653076,ch0708_ref0904night_24h,to ch0708_ref0904day_24h (median of 110 shared frames),09-04 12:00 (user-labelled frame),ok,5/10,ok,1.8566701666425232,2.4602347600573777,tie (labels),3.893053954225015,unreliable,0.0,0.9997470092281513,0.011283745613624373,-5.985005025401001,-0.011577813268748235,1.0062582607761206,4.593177841074992,1.0001231773441768,-0.011214949437271972,6.03725449966897,0.011507224183289748,0.9936516244233397,-4.49514782848405
CH07,2026-09-06,2026-09-07 07:00:00,20,0.617883185027261,ch0708_ref0904day_24h,,09-04 12:00 (user-labelled frame),ok,5/10,ok,2.311516496088359,5.554856839473249,tie (labels),0.0,same frame,0.0,0.9989930760212541,0.010136787786339668,-3.9489025246469507,-0.00112861211201052,0.9988688829252306,-4.022649800688713,1.0009964624710892,-0.010158379030920005,3.9119738564307003,0.0011310160431828376,1.001120920097018,4.031625141801912
CH07,2026-09-06,2026-09-07 07:30:00,20,,ch0708_ref0904night_24h,to ch0708_ref0904day_24h (median of 110 shared frames),09-04 12:00 (user-labelled frame),sample,5/10,unreliable,5.22695949432047,11.095737384476289,tie (labels),3.893053954225015,unreliable,0.0,0.986467814323953,0.027151667014493074,19.685513690196043,0.005868553940596583,1.0107186654812381,-36.794403735922856,1.013879849767238,-0.027236588195862624,-20.960899685274512,-0.005886908781693462,0.9895531501941488,36.525904949812784
CH07,2026-09-06,2026-09-07 08:00:00,20,,ch0708_ref0904night_24h,to ch0708_ref0904day_24h (median of 110 shared frames),09-04 12:00 (user-labelled frame),lid,5/10,unreliable,4.014613829961424,8.65634143085563,tie (labels),3.893053954225015,unreliable,0.0,1.003673383485319,0.00955012620966151,-12.715149451478421,-0.00939375454185297,1.0058120013482321,-1.290309173319521,0.9962515272798139,-0.009459350066748915,12.655281574461698,0.00930446474755534,0.9941332374708446,1.401046895641643
CH07,2026-09-06,2026-09-07 09:00:00,20,,ch0708_ref0904day_24h,,09-04 12:00 (user-labelled frame),lid,5/10,unreliable,3.50868686220895,4.176325977789167,tie (labels),0.0,same frame,0.0,0.9973394736819412,0.009538294666272373,0.010181152801874366,0.020530138861210218,1.025608339010513,-72.09628126473423,1.002859613425592,-0.009326728477057795,-0.6826327065248798,-0.02007476571591717,0.9752177717233853,70.3097791487938
CH07,2026-09-06,2026-09-07 09:25:00,21,,ch0708_ref0904day_24h,,09-04 12:00 (user-labelled frame),sample,5/10,unreliable,3.4386766846534433,11.124881008257484,tie (labels),0.0,same frame,0.0,1.001714193238295,0.008790522189204453,-8.07080680257084,-0.0006500563633362391,1.0078718497597787,-16.59504175714136,0.998283089907918,-0.00870689032046556,7.912458744477285,0.0006438718128304473,0.9921840165184552,16.47053174989897
CH07,2026-09-06,2026-09-07 10:00:00,21,7.38777406441475,ch0708_ref0904night_24h,to ch0708_ref0904day_24h (median of 110 shared frames),09-04 12:00 (user-labelled frame),ok,5/10,unreliable,3.085341116251871,5.4001081989854285,tie (labels),3.893053954225015,unreliable,0.0,0.9982759907616702,0.008314039681368611,1.215473778199553,-0.010797983014797778,1.0009848789715894,8.868443485783533,1.0016369980926005,-0.008319456091109621,-1.1436828802796082,0.010805017657718194,0.9989263451029772,-8.872055053641992
CH07,2026-09-06,2026-09-07 11:00:00,21,9.554136373383631,ch0708_ref0904day_24h,,09-04 12:00 (user-labelled frame),ok,5/10,ok,1.8478458984243522,4.804579505204631,tie (labels),0.0,same frame,0.0,0.999028578484151,0.010319838076499055,-1.3084879497886321,0.018751695935652304,1.021776772909094,-65.83290619603508,1.0011621607248136,-0.010111632658846128,0.6443304587741865,-0.018373375592344386,0.9788729170397936,64.41800758476045
CH07,2026-09-07,2026-09-07 12:00:00,21,3.756086455957726,ch0708_ref0904night_24h,to ch0708_ref0904day_24h (median of 110 shared frames),09-04 12:00 (user-labelled frame),ok,5/10,ok,2.551865836918748,3.326133318017963,tie (labels),3.893053954225015,unreliable,0.0,1.000514141759376,0.006602017396441595,2.176755777546096,-0.005055973283593402,1.0049486326297716,-6.810835171569785,0.9994529424229384,-0.006565913419409434,-2.2202843208549723,0.00502832404664888,0.9950427021333758,6.766126399483916
CH07,2026-09-07,2026-09-07 13:00:00,21,,ch0708_ref0904day_24h,,09-04 12:00 (user-labelled frame),sample,5/10,unreliable,6.390203382028836,14.286050861756271,tie (labels),0.0,same frame,0.0,1.001152341854085,0.007584174595235416,-4.060547790725885,0.022644967336041544,1.0305444703557767,-78.26635816962538,0.9990152818282175,-0.0073521391251343046,3.4811241414482885,-0.02195215158196546,0.9705223963843592,75.87011572645356
CH07,2026-09-07,2026-09-07 14:00:00,21,4.054925549493813,ch0708_ref0904day_24h,,09-04 12:00 (user-labelled frame),ok,5/10,unreliable,4.412187392786025,6.555505738538033,tie (labels),0.0,same frame,0.0,1.0006831834888936,0.006683794102690238,-1.7951155563764343,-0.008463757222441642,1.0022330482807795,1.1592854271020243,0.9992609191870657,-0.006663973264669505,1.8015142680040455,0.008438657891376775,0.9977156505300281,-1.1414888479953285
CH07,2026-09-07,2026-09-07 15:00:00,21,3.3839481063225114,ch0708_ref0904night_24h,to ch0708_ref0904day_24h (median of 110 shared frames),09-04 12:00 (user-labelled frame),ok,5/10,unreliable,3.0027978734726175,5.378777514747258,tie (labels),3.893053954225015,unreliable,0.0,1.0028991453370857,0.008721175290431388,-7.804283266867264,-0.005404795003258153,1.005166868021057,-7.107123768560729,0.9970626144457301,-0.00865085998430945,7.719876345324761,0.005361218328954016,0.9948131754918083,7.112100831309884
CH07,2026-09-07,2026-09-07 16:00:00,21,,ch0708_ref0904day_24h,,09-04 12:00 (user-labelled frame),sample,5/10,unreliable,4.294964868203229,11.477449700638049,tie (labels),0.0,same frame,0.0,0.9984747836835972,0.012389482675013302,-2.441956977757708,0.03270349886370598,1.0325937522408473,-102.19931311681778,1.0019212905663577,-0.012021461919811736,1.2180635357977845,-0.031732064731607175,0.9688158016599137,98.93482112947233
CH07,2026-09-07,2026-09-07 16:44:00,21,,ch0708_ref0904night_24h,to ch0708_ref0904day_24h (median of 110 shared frames),09-04 12:00 (user-labelled frame),sample,5/10,unreliable,2.3716625924962216,10.818048202185336,tie (labels),3.893053954225015,unreliable,0.0,1.0005542865357284,0.008884313941970657,-1.5930603550806461,-0.007095998297287173,1.002763620891336,-2.6373829460246903,0.9993832247811034,-0.008854364211380285,1.5687254457624402,0.007072077121306492,0.9971813382677454,2.6412153013314557
CH07,2026-09-07,2026-09-07 17:00:00,21,,ch0708_ref0904day_24h,,09-04 12:00 (user-labelled frame),lid,5/10,unreliable,3.9385662070883476,10.642609387620354,tie (labels),0.0,same frame,0.0,1.0023248191052105,0.0107837927776116,-9.512920229418132,0.028193484109285988,1.0338743478292867,-93.07497477758895,0.9979733676935969,-0.010409328771314045,8.524793025111272,-0.027214473734293605,0.9675193869985358,89.79295342399712
CH07,2026-09-07,2026-09-07 18:10:00,22,1.6164859660044097,ch0708_ref0904night_24h,to ch0708_ref0904day_24h (median of 110 shared frames),09-04 12:00 (user-labelled frame),ok,5/10,ok,1.7694016718049506,2.0372957536805725,tie (labels),3.893053954225015,unreliable,0.0,0.9966474215667089,0.008674325627087164,6.4522765375226125,-0.0036266398349428294,0.9952733021337741,-1.1995103190169054,1.0033320359694455,-0.008744561693183552,-6.484264947016701,0.003656004759215378,1.004717281655586,1.1815791933115336
CH07,2026-09-07,2026-09-07 19:00:00,22,22.574718070712176,ch0708_ref0904day_24h,,09-04 12:00 (user-labelled frame),outlier,5/10,unreliable,1.7151313100070484,1.7175011814055365,tie (labels),0.0,same frame,0.0,0.9950897139680313,0.013329985247142698,6.685029477145053,0.0192584653453485,1.0120515462891684,-69.79354616207705,1.005190748855756,-0.013239619960012461,-7.643769813101726,-0.019127910305837624,0.9883439024719277,69.10789642541258
CH07,2026-09-07,2026-09-07 20:00:00,22,0.9285377501214593,ch0708_ref0904night_24h,to ch0708_ref0904day_24h (median of 110 shared frames),09-04 12:00 (user-labelled frame),ok,5/10,ok,1.570597633493198,3.5639207342500137,tie (labels),3.893053954225015,unreliable,0.0,0.997548494832417,0.00853785856220073,4.290313610719838,-0.006863643425044622,0.9997610496362799,-3.256807925037977,1.002398630003341,-0.008560383232599318,-4.328484009623544,0.006881751163039607,1.0001802380135687,3.2278700549485846
CH07,2026-09-07,2026-09-07 21:00:00,22,0.625570219526851,ch0708_ref0904night_24h,to ch0708_ref0904day_24h (median of 110 shared frames),09-04 12:00 (user-labelled frame),ok,5/10,ok,1.2660241437626025,2.2041364606818323,tie (labels),3.893053954225015,unreliable,0.0,0.9973406121191875,0.009192634517347144,3.9324044849565,-0.0064770583603069275,0.9994961601178591,-3.1872575165094403,1.002606593300817,-0.009221242006382609,-3.9720451370394865,0.0064972149732642785,1.0004443372343308,3.163124056398835
CH07,2026-09-07,2026-09-07 22:00:00,22,0.8230189063563127,ch0708_ref0904night_24h,to ch0708_ref0904day_24h (median of 110 shared frames),09-04 12:00 (user-labelled frame),ok,5/10,ok,2.2505186179240675,3.9817209215574803,tie (labels),3.893053954225015,unreliable,0.0,0.9975763434352963,0.009334074046552579,3.1709545808860184,-0.007942292101414776,1.0002002882917442,-2.186514913624281,1.0023550707943867,-0.009354182918414864,-3.1988754638656736,0.007959402586435965,0.9997254730396835,2.160675752238782
CH07,2026-09-07,2026-09-07 23:00:00,22,0.888737273912713,ch0708_ref0904night_24h,to ch0708_ref0904day_24h (median of 110 shared frames),09-04 12:00 (user-labelled frame),ok,5/10,unreliable,3.467483231273359,4.517112160631004,tie (labels),3.893053954225015,unreliable,0.0,0.9968980940630756,0.008857373653225822,4.495197367151546,-0.006172048319430178,0.9985787175107851,-2.9624766366886153,1.0030564735532164,-0.00889709126156287,-4.5352942440175985,0.006199724581873863,1.0013683139727354,2.9386612492469943
CH07,2026-09-07,2026-09-08 00:00:00,22,15.141695557675472,ch0708_ref0904night_24h,to ch0708_ref0904day_24h (median of 110 shared frames),09-04 12:00 (user-labelled frame),outlier,5/10,unreliable,3.6749224251084875,7.348906809193146,tie (labels),3.893053954225015,unreliable,0.0,1.0105732947822261,0.006250941773143904,-25.09272597062091,-0.011086934184734328,1.004001457982599,2.383138403070534,0.9894697440271649,-0.006160466906720976,24.843174388360318,0.010926464142649911,0.995946461390685,-2.0993034889830167
CH07,2026-09-07,2026-09-08 01:00:00,22,16.387617925823232,ch0708_ref0904night_24h,to ch0708_ref0904day_24h (median of 110 shared frames),09-04 12:00 (user-labelled frame),outlier,5/10,unreliable,3.9440207375527567,7.868921112134883,tie (labels),3.893053954225015,unreliable,0.0,0.9971898955902467,0.009195050127049468,4.97783542438818,0.004500509958986695,0.9956609977996763,-29.306935629942764,1.002859822427025,-0.0092615321459802,-5.263498276209773,-0.004533049530186108,1.0043997744489972,29.45844431103766
CH07,2026-09-07,2026-09-08 02:00:00,22,7.848988378173827,ch0708_ref0904night_24h,to ch0708_ref0904day_24h (median of 110 shared frames),09-04 12:00 (user-labelled frame),ok,5/10,ok,2.7509617600784146,5.570543132998543,tie (labels),3.893053954225015,unreliable,0.0,0.9931500271422631,0.011841886735079032,11.451220627082373,-0.0004265009833321837,1.0033451078276492,-20.190383271833475,1.0068921152289447,-0.01188374995797905,-11.770081225514526,0.00042800874186186297,0.9966609930794945,20.11806621982778
CH07,2026-09-07,2026-09-08 03:00:00,22,5.275713108543773,ch0708_ref0904night_24h,to ch0708_ref0904day_24h (median of 110 shared frames),09-04 12:00 (user-labelled frame),ok,5/10,ok,1.6115803030986096,3.6812193555615256,tie (labels),3.893053954225015,unreliable,0.0,0.9965275463845198,0.010320149062891953,3.99712761193146,-0.001992787376121485,1.002242158218059,-16.226170350174918,1.0034638908833535,-0.010332729319187758,-4.1786338519414175,0.0019952165828879646,0.9977423129409861,16.18156160006273
CH07,2026-09-07,2026-09-08 04:00:00,22,1.0480884785228084,ch0708_ref0904night_24h,to ch0708_ref0904day_24h (median of 110 shared frames),09-04 12:00 (user-labelled frame),ok,5/10,ok,2.0993399894926936,5.0499969447087185,tie (labels),3.893053954225015,unreliable,0.0,0.9968962359928045,0.00879151821798107,4.37357291477918,-0.007092145859753533,0.9972595380314193,-0.6310350046878188,1.0030505193055586,-0.00884256963983268,-4.392494554364106,0.007133329205012251,1.0026851076102072,0.6015312661779684
CH07,2026-09-07,2026-09-08 05:00:00,22,,ch0708_ref0904night_24h,to ch0708_ref0904day_24h (median of 110 shared frames),09-04 12:00 (user-labelled frame),sample,5/10,unreliable,3.292661923441568,10.389025586604136,tie (labels),3.893053954225015,unreliable,0.0,0.9968486372215318,0.007618657529587819,4.951232081797363,-0.007047739145885894,0.9988267126216072,-1.2475954354356862,1.0031072303682491,-0.007651307636306923,-4.976162436964343,0.007077942555653027,1.0011206778352064,1.2139490517328155
CH07,2026-09-07,2026-09-08 06:00:00,22,0.7449875494863524,ch0708_ref0904night_24h,to ch0708_ref0904day_24h (median of 110 shared frames),09-04 12:00 (user-labelled frame),ok,5/10,ok,2.71563336901434,4.919962911504309,tie (labels),3.893053954225015,unreliable,0.0,0.9966166919888958,0.007757551809739711,5.338549108922421,-0.006660130297058345,0.9987987633984251,-1.6507276833221436,1.0033427160917952,-0.007792844152633575,-5.369258226510222,0.0066904300111854855,1.0011507175281467,1.616910015427017
CH07,2026-09-07,2026-09-08 06:11:00,22,4.058515715340835,ch0708_ref0904night_24h,to ch0708_ref0904day_24h (median of 110 shared frames),09-04 12:00 (user-labelled frame),ok,5/10,ok,2.6992372031822383,4.313964762105838,tie (labels),3.893053954225015,unreliable,0.0,0.9966521210542372,0.009306050264911669,4.236319668192747,-0.0020989935300489895,1.0029258247211048,-15.523530861694445,1.0033395178507336,-0.009309888882846994,-4.394989280737913,0.00209985933605489,0.9970632263672595,15.46904609016702
CH07,2026-09-07,2026-09-08 08:00:00,23,9.035419828935648,ch0708_ref0904night_24h,to ch0708_ref0904day_24h (median of 110 shared frames),09-04 12:00 (user-labelled frame),ok,5/10,unreliable,3.374252358190586,4.376477561389244,tie (labels),3.893053954225015,unreliable,0.0,1.001864635179024,0.008850587759911082,-5.610964721644258,-0.0057576982085984834,1.0014906377488435,1.9227725408640506,0.9980881438515755,-0.008820518511427618,5.6171972150325455,0.00573813683450406,0.998460870651831,-1.8876166618701835
CH07,2026-09-07,2026-09-08 09:00:00,23,31.741167152999655,ch0708_ref0904day_24h,,09-04 12:00 (user-labelled frame),outlier,5/10,unreliable,4.908915812415001,6.090741333010031,tie (labels),0.0,same frame,0.0,0.9940827399170089,0.009811364980401305,11.652043487300945,0.03958406391855328,1.0170537323978432,-108.56451381550075,1.0063390520770585,-0.009708002064631167,-12.779850922037657,-0.03916704505595605,0.9836100594367861,107.24152399905155
CH07,2026-09-07,2026-09-08 10:00:00,23,34.77456060797148,ch0708_ref0904day_24h,,09-04 12:00 (user-labelled frame),outlier,5/10,unreliable,3.5426202061363483,4.274908473642631,tie (labels),0.0,same frame,0.0,0.996642900284106,0.01003579816464284,5.684191952086655,0.041175126240422216,1.0159086372217314,-112.54131883405395,1.003778074184748,-0.009915964669973899,-6.821622992432733,-0.0406834703511868,0.9847423817883472,111.05545901300124
CH07,2026-09-07,2026-09-08 11:00:00,23,,ch0708_ref0904night_24h,to ch0708_ref0904day_24h (median of 110 shared frames),09-04 12:00 (user-labelled frame),sample,5/10,unreliable,4.523325241178146,17.26913368672726,tie (labels),3.893053954225015,unreliable,0.0,1.007448838175761,0.028360060178985447,-19.06370958762134,-0.008937637741371754,1.0052391920505208,5.031461899169818,0.9923578629605906,-0.0279966488923338,19.058886178679447,0.00882310912575108,0.9945391942537621,-4.835784873085645
CH07,2026-09-08,2026-09-08 12:00:00,23,,ch0708_ref0904night_24h,to ch0708_ref0904day_24h (median of 110 shared frames),09-04 12:00 (user-labelled frame),sample,5/10,unreliable,23.484209840906253,31.799951259559222,tie (labels),3.893053954225015,unreliable,0.0,1.0276003317082647,0.040079995202280054,-68.70344575550892,0.009312871132519676,1.0271801714664381,-41.6122459180525,0.973485232666722,-0.03798484875255163,65.3011550088559,-0.008826048996149584,0.9738834294019528,39.91909678134795
CH07,2026-09-08,2026-09-08 14:00:00,23,17.872535655950433,ch0708_ref0904night_24h,to ch0708_ref0904day_24h (median of 110 shared frames),09-04 12:00 (user-labelled frame),outlier,5/10,unreliable,3.7641805210580275,6.63891239730146,tie (labels),3.893053954225015,unreliable,0.0,0.995128370385266,0.014619549793912284,11.11038431333339,0.012894563116958531,0.997976172231363,-40.940048293050985,1.0050862637762656,-0.014723706927391299,-11.769683931266817,-0.012986430565044102,1.0022181727365076,41.175144626442
CH07,2026-09-08,2026-09-08 15:00:00,23,11.487029488776823,ch0708_ref0904night_24h,to ch0708_ref0904day_24h (median of 110 shared frames),09-04 12:00 (user-labelled frame),outlier,5/10,ok,2.5044540146957357,3.6153856629656262,tie (labels),3.893053954225015,unreliable,0.0,1.0076653601065153,0.00735151315148295,-13.760870649732126,-0.006744839005256748,1.0061569409564368,-0.07358133588715532,0.9923444186087735,-0.007250591579946134,13.65498967624454,0.006652245856316245,0.9938321301809663,0.1646681905452771
CH07,2026-09-08,2026-09-08 16:00:00,23,1.9028978125029543,ch0708_ref0904night_24h,to ch0708_ref0904day_24h (median of 110 shared frames),09-04 12:00 (user-labelled frame),ok,5/10,ok,1.8877350101394104,3.576498372027209,tie (labels),3.893053954225015,unreliable,0.0,0.9983175304230204,0.012129512296344912,4.565433550095238,-0.008025520079213868,0.9922050045053437,8.38654022133979,1.0015868733395683,-0.01224420380956113,-4.469991807152289,0.008101405986226762,1.0077571967044914,-8.488582694199314
CH07,2026-09-08,2026-09-08 17:00:00,23,19.779855270175215,ch0708_ref0904night_24h,to ch0708_ref0904day_24h (median of 110 shared frames),09-04 12:00 (user-labelled frame),outlier,5/10,ok,2.4991140068451836,3.441606733442211,tie (labels),3.893053954225015,unreliable,0.0,0.9844173588324289,0.01750347493469604,34.93446753930615,-0.001800716936852781,1.0097909925151334,-14.148644166091982,1.0157970953626658,-0.01760758328130066,-35.73545408494047,0.0018114273622796243,0.9902725426733118,13.947732583348456
CH07,2026-09-08,2026-09-08 18:00:00,23,9.494307480448388,ch0708_ref0904night_24h,to ch0708_ref0904day_24h (median of 110 shared frames),09-04 12:00 (user-labelled frame),ok,5/10,unreliable,3.2707233690741333,8.849164863778727,tie (labels),3.893053954225015,unreliable,0.0,1.0058425150738595,0.009593437200505737,-12.096033706757094,-0.006007566734837123,1.0057802097188726,-1.996748479911604,0.9941347866155477,-0.009482359617018295,12.006154000810177,0.005938008141644886,0.9941963705681711,2.056986438297964
CH07,2026-09-08,2026-09-08 18:44:00,23,,ch0708_ref0904day_24h,,09-04 12:00 (user-labelled frame),sample,5/10,unreliable,6.920831410562684,10.793418741481545,tie (labels),0.0,same frame,0.0,0.9993780987585991,0.009155057664835986,1.9973229833946202,0.0036087073890777033,1.0092056947058126,-24.44247138186114,1.0006550666342353,-0.009077490233858818,-2.2205076582990513,-0.0035781321407759663,0.9909107362871101,24.22745399923903
CH07,2026-09-08,2026-09-08 19:00:00,23,,ch0708_ref0904day_24h,,09-04 12:00 (user-labelled frame),lid,5/10,ok,1.874443088200373,4.950234464748096,tie (labels),0.0,same frame,0.0,1.0018426479067084,0.007190917447510884,-3.270335279783817,-0.004041850728489407,0.9987960582789286,0.8510772875948952,0.9981317493376971,-0.007186134698603895,3.2703414297589877,0.004039162454385998,1.0011763126491802,-0.8388690050983664
CH07,2026-09-08,2026-09-08 19:58:00,24,18.134727987251768,ch0708_ref0904night_24h,to ch0708_ref0904day_24h (median of 110 shared frames),09-04 12:00 (user-labelled frame),outlier,5/10,ok,2.7092743033580655,3.6762804454122913,tie (labels),3.893053954225015,unreliable,0.0,0.9975564886661329,-0.004924215931109798,7.378070218715842,0.02354411920527018,1.0062892196552784,-68.32098512138553,1.0023337332290418,0.0049048599955647115,-7.060183799572007,-0.023451572805969545,0.9936353285530644,68.05917184905871
CH07,2026-09-08,2026-09-08 20:00:00,24,17.666316550169263,ch0708_ref0904night_24h,to ch0708_ref0904day_24h (median of 110 shared frames),09-04 12:00 (user-labelled frame),outlier,5/10,unreliable,3.819802622513373,6.821755344811243,tie (labels),3.893053954225015,unreliable,0.0,0.99753707263211,-0.005504613542953615,7.872218521480112,0.022176333506671166,1.0053648732651983,-65.2133410576914,1.0023470021501046,0.00548808997558739,-7.532797951942842,-0.022109765320226467,0.9945426987507605,65.03150511412964
CH07,2026-09-08,2026-09-08 21:00:00,24,,ch0708_ref0904day_24h,,09-04 12:00 (user-labelled frame),sample,5/10,unreliable,7.9006819166821725,14.330882608093422,tie (labels),0.0,same frame,0.0,0.9908639710025218,-0.015287812187552041,22.354215124533635,0.022876209317615796,1.0099712945208532,-67.06027585950102,1.0088676995124397,0.015271107204636907,-21.52836092527147,-0.022851212497853386,0.9897812545546905,66.88582489103399
CH07,2026-09-08,2026-09-08 22:00:00,24,9.463754550523998,ch0708_ref0904night_24h,to ch0708_ref0904day_24h (median of 110 shared frames),09-04 12:00 (user-labelled frame),ok,5/10,unreliable,2.75876665161816,6.103902166099525,tie (labels),3.893053954225015,unreliable,0.0,0.9987504816943185,-0.0057079042665724895,5.765341955425892,0.00382625984728568,0.9892856734966479,-17.32819705430967,1.0012289503114207,0.005776813665054877,-5.672325508683359,-0.003872452854771437,1.0108080236069612,17.537806632052746
CH07,2026-09-08,2026-09-08 23:00:00,24,4.897657600032916,ch0708_ref0904night_24h,to ch0708_ref0904day_24h (median of 110 shared frames),09-04 12:00 (user-labelled frame),ok,5/10,unreliable,3.168091367391413,9.360445206249011,tie (labels),3.893053954225015,unreliable,0.0,1.0088708959395611,-0.005563844988104451,-18.080986149228448,0.0008061381417280703,0.9945607379049907,-11.618458335020826,0.9912026741390908,0.0055450590602656,17.986346859844026,-0.0008034162734892845,1.0054645149403856,11.667421015663772
CH07,2026-09-08,2026-09-09 00:00:00,24,12.482819926822458,ch0708_ref0904day_24h,,09-04 12:00 (user-labelled frame),outlier,5/10,unreliable,3.1329626168375806,8.503707428616888,tie (labels),0.0,same frame,0.0,1.0007841793679007,0.0008919998844117427,-3.4725280057979173,-0.003901161750327318,1.000788948482224,0.09769754170434498,0.9992129634539361,-0.0008905952141611375,3.469882008313201,0.0038950184245833937,0.9992082018497404,-0.08409462440907385
CH07,2026-09-08,2026-09-09 01:00:00,24,,ch0708_ref0904night_24h,to ch0708_ref0904day_24h (median of 110 shared frames),09-04 12:00 (user-labelled frame),sample,5/10,unreliable,3.774122498581465,14.687769467924847,tie (labels),3.893053954225015,unreliable,0.0,0.9997657284288871,-0.0058959666044620385,3.1859247189329345,-0.01268720053121606,1.0006343819914545,17.127999512729758,1.0003091229854513,0.00589405010401821,-3.287862848803102,0.01268307652118001,0.9994407517811551,-17.158828036510833
CH07,2026-09-08,2026-09-09 02:00:00,24,,ch0708_ref0904day_24h,,09-04 12:00 (user-labelled frame),sample,5/10,unreliable,2.6028598272242904,19.19013573499514,tie (labels),0.0,same frame,0.0,0.9984923673287133,-0.003000751297209725,3.1999988270028132,0.006126036971866186,0.9836918784186809,-15.251786144011994,1.001491165464009,0.003055048008265769,-3.15817561585675,-0.006236883765363986,1.016559459930131,15.524305506260008
CH07,2026-09-08,2026-09-09 03:00:00,24,10.84075164532029,ch0708_ref0904day_24h,,09-04 12:00 (user-labelled frame),outlier,5/10,unreliable,3.7635129082700347,4.833878237101273,tie (labels),0.0,same frame,0.0,0.9974266612223066,-0.0003131953086391928,3.527797871522671,0.02327030722239036,1.0203113631577987,-72.7544487683569,1.002572798015276,0.0003077502694234827,-3.5144839816746005,-0.022865742620391465,0.9800859567630106,71.3862792480475
CH07,2026-09-08,2026-09-09 04:00:00,24,,ch0708_ref0904night_24h,to ch0708_ref0904day_24h (median of 110 shared frames),09-04 12:00 (user-labelled frame),sample,5/10,unreliable,3.9260302879490254,11.631095149971266,tie (labels),3.893053954225015,unreliable,0.0,1.0138241045705665,-0.0025495431275261555,-33.90182521188288,0.016697144262227622,1.0168544940127768,-58.65020328597124,0.9863236665609918,0.0024729936686156587,33.58321412748342,-0.016195816261604924,0.983384263880129,57.126619252730045
CH07,2026-09-08,2026-09-09 05:00:00,24,8.013213454164303,ch0708_ref0904night_24h,to ch0708_ref0904day_24h (median of 110 shared frames),09-04 12:00 (user-labelled frame),ok,5/10,ok,2.8765023107729926,4.364188307539349,tie (labels),3.893053954225015,unreliable,0.0,1.0034255267681962,-0.004722985267884873,-6.224088554308732,0.008930619119742281,0.9956819003490878,-30.559534122457197,0.9965440958171388,0.004727075064527972,6.347035912373257,-0.008938352452375155,1.0042944277107593,30.635136735427363
CH07,2026-09-08,2026-09-09 06:00:00,24,19.680957340503905,ch0708_ref0904night_24h,to ch0708_ref0904day_24h (median of 110 shared frames),09-04 12:00 (user-labelled frame),outlier,5/10,ok,2.294172561282866,5.824347484315079,tie (labels),3.893053954225015,unreliable,0.0,1.0116469346289823,-0.0039575970253868005,-28.29273573724858,0.017959349077076546,1.0040748201083156,-59.16085149235825,0.9884179926929358,0.0038958850768694413,28.195532943666898,-0.017679303782282666,0.9958720330543414,58.41644158299011
CH07,2026-09-08,2026-09-09 07:00:00,24,,ch0708_ref0904day_24h,,09-04 12:00 (user-labelled frame),sample,5/10,unreliable,6.367675693202052,13.339880989870881,tie (labels),0.0,same frame,0.0,0.9993420068162463,-0.004126221969254107,1.4480188049432352,-0.008662822103581866,1.0029799371379362,9.210919553086837,1.0006941131689695,0.004116818174891567,-1.4869435748882738,0.008643079249642265,0.9970644738090614,-9.196395998782219
CH07,2026-09-08,2026-09-09 08:00:00,24,,ch0708_ref0904night_24h,to ch0708_ref0904day_24h (median of 110 shared frames),09-04 12:00 (user-labelled frame),sample,5/10,unreliable,9.99324490795045,12.250938914437448,tie (labels),3.893053954225015,unreliable,0.0,1.0113232325008519,-0.0008439008876331218,-28.806692562421027,0.015808342168314053,1.011075998015404,-56.29309910652511,0.9887906469803496,0.0008253002804021986,28.530246886637634,-0.015459906981251324,0.9890324321154943,55.23035193319256
CH07,2026-09-08,2026-09-09 08:06:00,24,8.68742139973002,ch0708_ref0904day_24h,,09-04 12:00 (user-labelled frame),ok,5/10,unreliable,4.655812406222271,6.301423897756142,tie (labels),0.0,same frame,0.0,1.0112728671637954,-0.00925517206077886,-19.346773961425605,-0.0024986897755665677,1.0039849056214283,-10.288547707707192,0.9888753176716492,0.009115885269254718,19.225336467517046,0.002461085452322516,0.9960535981866597,10.295559028322694
CH07,2026-09-08,2026-09-09 09:24:00,25,,ch0708_ref0904day_24h,,09-04 12:00 (user-labelled frame),sample,5/10,unreliable,1.4654512110701603,13.475209648384471,tie (labels),0.0,same frame,0.0,1.0021870264441068,0.0033955556911835424,-9.177526602376922,-0.00777446081673662,1.006680588813418,-1.070954152665277,0.9977916377865361,-0.003365573064535741,9.153654924965611,0.00770581262561391,0.9933377534007688,1.134539492368254
CH07,2026-09-08,2026-09-09 10:00:00,25,10.047137201135458,ch0708_ref0904night_24h,to ch0708_ref0904day_24h (median of 110 shared frames),09-04 12:00 (user-labelled frame),outlier,5/10,unreliable,3.9219101050267833,8.71188947753504,tie (labels),3.893053954225015,unreliable,0.0,0.992620324141609,0.01761436271709112,11.820593907577297,-0.012436756887990074,1.0097949516073923,9.16209235733393,1.0072144101441904,-0.017569349030632325,-11.744900521697591,0.012404974626882375,0.9900836726168742,-9.21787221750235
CH07,2026-09-08,2026-09-09 11:00:00,25,5.383128702859666,ch0708_ref0904day_24h,,09-04 12:00 (user-labelled frame),ok,5/10,unreliable,2.60120400870471,8.896321849094067,tie (labels),0.0,same frame,0.0,0.9976734956316113,0.004105941012226277,3.6463262537266767,-0.008809148578460796,0.9978317808798919,11.777764755788796,1.002295513242213,-0.004124308659083441,-3.606121306760588,0.008848555703336591,1.0021365199156784,-11.835192905720355
CH07,2026-09-09,2026-09-09 12:00:00,25,,ch0708_ref0904day_24h,,09-04 12:00 (user-labelled frame),sample,5/10,unreliable,inf,nan,tie (labels),0.0,same frame,7.199999999999999,0.9877853700456737,0.024193573504478517,14.908551879812896,-0.00917631569927268,1.053317326010465,-27.631620470423222,1.0121497031203643,-0.023247997194470675,-15.732066194282249,0.008817670593092764,0.9491789837210317,26.095894737185347
CH07,2026-09-09,2026-09-09 13:00:00,25,10.388746161004203,ch0708_ref0904night_24h,to ch0708_ref0904day_24h (median of 110 shared frames),09-04 12:00 (user-labelled frame),outlier,5/10,unreliable,2.7532849959488046,7.121129116380837,tie (labels),3.893053954225015,unreliable,7.199999999999999,1.00623165248596,0.009405866345397284,-15.801989992539568,-0.007063185455052737,1.0066564322460994,-2.8501982653059823,0.9937417636075534,-0.009285195932714162,15.676632754354731,0.006972569931461364,0.9933224334622686,2.9413463570229097
CH07,2026-09-09,2026-09-09 14:00:00,25,,ch0708_ref0904night_24h,to ch0708_ref0904day_24h (median of 110 shared frames),09-04 12:00 (user-labelled frame),sample,5/10,unreliable,3.2419996889818536,11.378438178585993,tie (labels),3.893053954225015,unreliable,7.199999999999999,1.019117527582973,0.020454741492995168,-52.04890807939344,-0.001119810065272171,1.0227551525274337,-21.416699086472438,0.9812195333053241,-0.019624043791946977,50.65112305396226,0.0010743329006181578,0.9777296377604099,20.99565929423134
CH07,2026-09-09,2026-09-09 15:00:00,25,,ch0708_ref0904night_24h,to ch0708_ref0904day_24h (median of 110 shared frames),09-04 12:00 (user-labelled frame),sample,5/10,unreliable,2.829703749879516,11.491612891215937,tie (labels),3.893053954225015,unreliable,7.199999999999999,1.0154037239331095,0.02004333427191604,-43.43810501184629,-0.0024093327284404973,1.013603230921342,-16.66684568557136,0.9847837450420108,-0.019473447977750285,42.45257877868296,0.00234082887167715,0.9865330451596106,16.544075197734703
CH07,2026-09-09,2026-09-09 16:00:00,25,17.95479819418885,ch0708_ref0904night_24h,to ch0708_ref0904day_24h (median of 110 shared frames),09-04 12:00 (user-labelled frame),outlier,5/10,unreliable,2.5817464988946166,8.873341004648287,tie (labels),3.893053954225015,unreliable,7.199999999999999,1.0160565426003059,0.018546959368511206,-44.625019874383185,-0.0028066510423285862,1.0113967953921081,-15.239235106858914,0.9841473438871682,-0.018047259871559168,43.64256834406903,0.0027310331425906584,0.9886815463475936,15.188622938869514
CH07,2026-09-09,2026-09-09 17:00:00,25,,ch0708_ref0904night_24h,to ch0708_ref0904day_24h (median of 110 shared frames),09-04 12:00 (user-labelled frame),sample,5/10,unreliable,25.20491171859313,30.42919690461633,tie (labels),3.893053954225015,unreliable,7.199999999999999,1.0322126791474557,0.027469291664050873,-84.30744085457654,0.0019759712912530525,1.014118284359208,-26.203430133053978,0.9688428319685763,-0.026242921302603386,80.9930051987312,-0.0018877537770812104,0.9861293999752665,25.68082114449306
CH07,2026-09-09,2026-09-09 17:45:00,25,,ch0708_ref0904night_24h,to ch0708_ref0904day_24h (median of 110 shared frames),09-04 12:00 (user-labelled frame),sample,5/10,unreliable,12.18827081898507,14.635946596325361,tie (labels),3.893053954225015,unreliable,7.199999999999999,0.9786448328975854,0.021708922361882647,43.69768323537183,-0.0037415166595744084,1.0249592722344185,-15.229124326804053,1.0217384257628135,-0.021640703938101587,-44.97717104918381,0.0037297592648584494,0.975569525573304,14.694087755497115
CH07,2026-09-09,2026-09-09 18:00:00,25,,ch0708_ref0904day_24h,,09-04 12:00 (user-labelled frame),lid,5/10,unreliable,3.924109332811895,7.017045491065652,tie (labels),0.0,same frame,7.199999999999999,0.9968665190043193,0.010128416226417525,2.701627920840509,0.04763552713800836,1.0064321422854892,-130.64769769469487,1.0036259701021741,-0.010100175793027685,-4.030988656579432,-0.047502707958675845,0.9940870180538078,130.00351485905125
CH07,2026-09-09,2026-09-09 19:00:00,26,1.8056214064589882,ch0708_ref0904night_24h,to ch0708_ref0904day_24h (median of 110 shared frames),09-04 12:00 (user-labelled frame),ok,5/10,unreliable,4.302652533806861,6.3971254339741135,tie (labels),3.893053954225015,unreliable,7.199999999999999,1.0014288089883305,0.012264361213868164,-8.394473524903066,-0.00847022594405014,1.002570274304905,-0.017755578081995793,0.9984699201535808,-0.012214201912614703,8.381412439925544,0.008435584057089728,0.9973331232499539,0.0885205131779594
CH07,2026-09-09,2026-09-09 19:01:00,26,2.0318870615690052,ch0708_ref0904night_24h,to ch0708_ref0904day_24h (median of 110 shared frames),09-04 12:00 (user-labelled frame),ok,5/10,unreliable,4.619846949044344,6.778945004863871,tie (labels),3.893053954225015,unreliable,7.199999999999999,1.0013329884899083,0.012510464855323485,-8.444979348312295,-0.008417921238121875,1.0025419744131976,-0.2751160750033357,0.9985640313952752,-0.012460825121933444,8.42942444980172,0.008384520131864748,0.997359842555036,0.34519682460879275
CH07,2026-09-09,2026-09-09 20:00:00,26,5.142560840072917,ch0708_ref0904day_24h,,09-04 12:00 (user-labelled frame),ok,5/10,ok,2.9340016735389804,5.038107958088421,tie (labels),0.0,same frame,7.199999999999999,1.001811034374472,0.013486272725350301,-9.476054105007904,-0.0021507462560460856,1.005644516544528,-14.35938110819065,0.9981635018093249,-0.013385948004913318,9.266437419892343,0.002134746800802746,0.9943585370091043,14.298602167281524
CH07,2026-09-09,2026-09-09 21:00:00,26,0.32533995875885174,ch0708_ref0904night_24h,to ch0708_ref0904day_24h (median of 110 shared frames),09-04 12:00 (user-labelled frame),ok,5/10,unreliable,3.3027985943002047,7.354024114079392,tie (labels),3.893053954225015,unreliable,7.199999999999999,1.0021054652572101,0.010511037137936902,-8.242547189246668,-0.008888728248649166,1.0039560099232567,0.5755656066734005,0.9978062960597026,-0.010446651975471025,8.230478214581497,0.00883428050910701,0.9959670868705847,-0.5004274266020509
CH07,2026-09-09,2026-09-09 22:00:00,26,1.019030154931244,ch0708_ref0904night_24h,to ch0708_ref0904day_24h (median of 110 shared frames),09-04 12:00 (user-labelled frame),ok,5/10,ok,2.504123979516021,4.484023153381313,tie (labels),3.893053954225015,unreliable,7.199999999999999,1.0017607832448923,0.012064642537592154,-8.560078871011934,-0.007631070840940847,1.0024362012432892,-0.03336094248590449,0.9981508002346895,-0.01201306635625027,8.543848807956829,0.007598448117781104,0.9974782696389701,0.09832013036986363
CH07,2026-09-09,2026-09-09 23:00:00,26,0.25600289319034647,ch0708_ref0904night_24h,to ch0708_ref0904day_24h (median of 110 shared frames),09-04 12:00 (user-labelled frame),ok,5/10,ok,2.5086306332883925,2.7773500263633175,tie (labels),3.893053954225015,unreliable,7.199999999999999,1.0010991067501223,0.0108312928944745,-6.956784785639853,-0.008018410075840934,1.0022610542968446,1.3009298764666823,0.9988156437936776,-0.010794058832409022,6.962587788026351,0.00799084568612873,0.9976576906017838,-1.242292102496958
CH07,2026-09-09,2026-09-10 00:00:00,26,0.7016023076153658,ch0708_ref0904night_24h,to ch0708_ref0904day_24h (median of 110 shared frames),09-04 12:00 (user-labelled frame),ok,5/10,unreliable,3.2277077977287423,7.592394949935161,tie (labels),3.893053954225015,unreliable,7.199999999999999,1.0022313439061263,0.011491777329285762,-9.347024818817522,-0.008460291405423277,1.0046969100177758,-1.064488303898223,0.9976772943470792,-0.011411486587450611,9.31316703743043,0.008401181047328198,0.9952289546510202,1.137935629683622
CH07,2026-09-09,2026-09-10 01:00:00,26,0.7496761062864713,ch0708_ref0904night_24h,to ch0708_ref0904day_24h (median of 110 shared frames),09-04 12:00 (user-labelled frame),ok,5/10,unreliable,4.099999096904667,6.757826807628476,tie (labels),3.893053954225015,unreliable,7.199999999999999,1.001720421919788,0.010523837215513544,-7.447480917455564,-0.008746272612366171,1.003946198720115,1.4292456867046965,0.9981911733114952,-0.010463510326832985,7.448964642212356,0.008696135442486895,0.9959781555634521,-1.3587331801276332
CH07,2026-09-09,2026-09-10 02:00:00,26,0.7606433810874613,ch0708_ref0904night_24h,to ch0708_ref0904day_24h (median of 110 shared frames),09-04 12:00 (user-labelled frame),ok,5/10,unreliable,3.9729835464351524,5.538306456860904,tie (labels),3.893053954225015,unreliable,7.199999999999999,1.0019385575876503,0.010052558995857667,-7.4155978884619,-0.008601516141707264,1.003438045713811,1.7763701109992596,0.9979793626658325,-0.009997873274488136,7.418373577771659,0.008554724064657553,0.9964880317253096,-1.7066931618150734
CH07,2026-09-09,2026-09-10 03:00:00,26,0.23779252787544947,ch0708_ref0904night_24h,to ch0708_ref0904day_24h (median of 110 shared frames),09-04 12:00 (user-labelled frame),ok,5/10,unreliable,3.8016707079648033,7.537477080251482,tie (labels),3.893053954225015,unreliable,7.199999999999999,1.002043018655654,0.010247216638173937,-8.061430763381182,-0.008835464786666372,1.0045406328481397,0.1829537185109018,0.9978713923043004,-0.01017918439494745,8.046133459456362,0.00877680529788907,0.9953903600093416,-0.11135675950100439
CH07,2026-09-09,2026-09-10 04:00:00,26,1.9068897509666651,ch0708_ref0904night_24h,to ch0708_ref0904day_24h (median of 110 shared frames),09-04 12:00 (user-labelled frame),ok,5/10,ok,1.6934603375966293,3.348016007884569,tie (labels),3.893053954225015,unreliable,7.199999999999999,1.0011840294797294,0.011802574757939013,-7.528353802154121,-0.009241259826274668,1.005458429456983,1.6744172299581983,0.9987091604032857,-0.011723348456548585,7.538265681616675,0.009179226680860256,0.9944634528857543,-1.596042273991941
CH07,2026-09-09,2026-09-10 05:00:00,26,0.986186417745004,ch0708_ref0904night_24h,to ch0708_ref0904day_24h (median of 110 shared frames),09-04 12:00 (user-labelled frame),ok,5/10,unreliable,3.4373506310729773,6.074976850043877,tie (labels),3.893053954225015,unreliable,7.199999999999999,1.001516910225768,0.01110372859866966,-8.374489219048792,-0.008030025300907594,1.0042931404126145,-1.4365376207181022,0.9983968818210386,-0.011038538015846864,8.345206648004726,0.007982880594082656,0.99563695102969,1.4971224842033153
CH07,2026-09-09,2026-09-10 06:00:00,26,2.716029142708112,ch0708_ref0904night_24h,to ch0708_ref0904day_24h (median of 110 shared frames),09-04 12:00 (user-labelled frame),ok,5/10,unreliable,3.8156805986629188,5.874084152764858,tie (labels),3.893053954225015,unreliable,7.199999999999999,1.000686221590727,0.013459940833889066,-10.411853270165231,-0.006118311251762972,1.005249112722086,-6.317849766098563,0.9992324459119232,-0.013379379728928005,10.319332698532307,0.006081691632032051,0.994696864822703,6.347667035666198
CH07,2026-09-09,2026-09-10 07:00:00,26,1.113243324229427,ch0708_ref0904night_24h,to ch0708_ref0904day_24h (median of 110 shared frames),09-04 12:00 (user-labelled frame),ok,5/10,unreliable,3.0299372745469286,5.898846666695209,tie (labels),3.893053954225015,unreliable,7.199999999999999,1.002048119994965,0.011236505237408392,-9.406696644692175,-0.008053260343392233,1.0043865311984501,-1.5192137878586536,0.997866346918481,-0.011163561124225868,9.369666181427785,0.008000980927188959,0.9955431159981789,1.5877056286742348
CH07,2026-09-09,2026-09-10 07:07:00,26,1.3690922180828942,ch0708_ref0904night_24h,to ch0708_ref0904day_24h (median of 110 shared frames),09-04 12:00 (user-labelled frame),ok,5/10,ok,2.772713181978178,5.751563976679632,tie (labels),3.893053954225015,unreliable,7.199999999999999,1.0024789671651795,0.011679206907786758,-10.69856432505659,-0.007260739329666896,1.004937488674241,-3.1395887371758686,0.9974432037623254,-0.01159210964542108,10.634815819158895,0.007206592629179624,0.995003016588343,3.2010004591445322
CH07,2026-09-09,2026-09-10 08:50:00,27,,ch0708_ref0904night_24h,to ch0708_ref0904day_24h (median of 110 shared frames),09-04 12:00 (user-labelled frame),sample,5/10,unreliable,5.966011068515542,7.925093516266948,tie (labels),3.893053954225015,unreliable,7.199999999999999,1.0036880300718087,0.008256176405335212,-11.877605698129464,-0.006767077058981996,0.999031540390444,-3.0205859500887815,0.9962700104964439,-0.008233354625409665,11.808432798244452,0.006748371457769369,1.0009136286768237,3.1035001393134887
CH07,2026-09-09,2026-09-10 09:00:00,27,32.964547557307995,ch0708_ref0904night_24h,to ch0708_ref0904day_24h (median of 110 shared frames),09-04 12:00 (user-labelled frame),outlier,5/10,unreliable,2.511743548707317,3.807113491343282,tie (labels),3.893053954225015,unreliable,7.199999999999999,0.9787280028245621,0.02567047127686207,41.09947489521301,-0.00031117443190810737,1.0113841580147895,-25.406936813597593,1.0217260847123786,-0.02593296513751239,-42.65128277505869,0.00031435635159654144,0.9887360034263881,25.107833283402663
CH07,2026-09-09,2026-09-10 11:00:00,27,,ch0708_ref0904night_24h,to ch0708_ref0904day_24h (median of 110 shared frames),09-04 12:00 (user-labelled frame),sample,5/10,unreliable,3.4862286561670754,10.150478096982301,tie (labels),3.893053954225015,unreliable,7.199999999999999,0.9978622828464073,0.007650200492192859,3.2720546782727444,-0.014870120162935083,0.9946813359664183,16.817857404106356,1.002027451713065,-0.007706700253743225,-3.149078425211807,0.01497994189169742,1.0052318911460147,-16.954861792300818
CH07,2026-09-10,2026-09-10 12:00:00,27,,ch0708_ref0904day_24h,,09-04 12:00 (user-labelled frame),sample,5/10,unreliable,7.712100808259884,16.563512895715874,tie (labels),0.0,same frame,0.0,0.9990475773922733,0.013359802023930056,-1.5963944521597209,0.0030819245508704332,1.0107698649430532,-33.38090334925939,1.0009941451400883,-0.013230591918109992,1.1563323898740774,-0.0030521175375154345,0.9893852303782298,33.0217003669362
CH07,2026-09-10,2026-09-10 13:00:00,27,,ch0708_ref0904night_24h,to ch0708_ref0904day_24h (median of 110 shared frames),09-04 12:00 (user-labelled frame),sample,5/10,unreliable,19.57547030401214,28.905256773164812,tie (labels),3.893053954225015,unreliable,0.0,1.0209816544777264,0.023198037825750667,-55.77591474486253,0.0024316457068672324,1.0287307016437894,-36.46735215496806,0.9795021346606874,-0.02208792595958714,53.82713938090423,-0.002315282470727386,0.972123908047428,35.321647895331786
CH07,2026-09-10,2026-09-10 14:00:00,27,,ch0708_ref0904day_24h,,09-04 12:00 (user-labelled frame),sample,5/10,unreliable,4.616334839506877,18.62466651289008,tie (labels),0.0,same frame,0.0,1.0099181393862555,0.011659594053349015,-27.56189756721725,0.004480493903845148,1.022701032505053,-38.622099243528986,0.9902293493382127,-0.011289391392042467,26.8565798997695,-0.004338234168250425,0.97785232464246,37.64713956208869
CH07,2026-09-10,2026-09-10 15:00:00,27,14.17239339319724,ch0708_ref0904day_24h,,09-04 12:00 (user-labelled frame),outlier,5/10,ok,1.6392436716793546,2.98101286576363,tie (labels),0.0,same frame,0.0,0.9981895014939234,0.011185773133098542,-2.5904442569877837,0.006329188844604497,1.0130394415501087,-40.20521207809503,1.0018839266130581,-0.011062596231834162,2.150550436227939,-0.006259492288084089,0.9871975129915963,39.674270506945774
CH07,2026-09-10,2026-09-10 16:00:00,27,,ch0708_ref0904night_24h,to ch0708_ref0904day_24h (median of 110 shared frames),09-04 12:00 (user-labelled frame),sample,5/10,unreliable,5.606389480349284,11.996310865225569,tie (labels),3.893053954225015,unreliable,0.0,1.0242306161757622,0.03321769892129097,-70.97896602820619,-0.0007294929667679218,0.9843605079205846,-9.504456069197033,0.976319151257782,-0.03294633963534404,68.98498683210823,0.0007235336529986415,1.0158635559134301,9.706586210053935
CH07,2026-09-10,2026-09-10 17:00:00,27,7.339444737457943,ch0708_ref0904night_24h,to ch0708_ref0904day_24h (median of 110 shared frames),09-04 12:00 (user-labelled frame),ok,5/10,ok,2.711892240034384,4.8780444060301065,tie (labels),3.893053954225015,unreliable,0.0,1.0041508058933364,0.01339662273072536,-16.02658780791907,-0.00649439103434435,1.0032364406177905,-5.821313197113965,0.9957803527454089,-0.013297058567952404,15.881554918150504,0.006446124495900172,0.9966879224266504,5.905341936480681
CH07,2026-09-10,2026-09-10 18:00:00,27,9.036812571118901,ch0708_ref0904day_24h,,09-04 12:00 (user-labelled frame),ok,5/10,unreliable,3.0859895975866674,4.719790843281633,tie (labels),0.0,same frame,0.0,0.9985152871758465,0.013769682878028905,-4.035152416940315,-0.005000453180636827,0.9987350810345879,-6.870746425795519,1.0014177782129698,-0.013806669552579115,3.9460112426425433,0.005013884872276645,1.001197393967072,6.899205205775676
CH07,2026-09-10,2026-09-10 18:26:00,27,20.081736302102332,ch0708_ref0904day_24h,,09-04 12:00 (user-labelled frame),outlier,5/10,unreliable,3.555344035188711,4.100792312943885,tie (labels),0.0,same frame,0.0,1.015892616857757,0.01187644502965479,-43.28009022175449,-0.01920084036059809,1.008141032188231,19.208632200216634,0.9841368815301491,-0.011593663189939894,42.81623143524971,0.01874366239634326,0.9917038985644877,-18.238048039446344
CH07,2026-09-10,2026-09-10 19:57:00,28,8.254572021512008,ch0708_ref0904day_24h,,09-04 12:00 (user-labelled frame),ok,5/10,unreliable,1.0103800446686075,4.418738875301279,tie (labels),0.0,same frame,0.0,1.0063164686070718,0.01861861411292154,-25.216909057788076,-0.0002005395685299692,1.008424221112016,-22.13618186177509,0.9937195225082875,-0.01834712012932034,24.652399640217606,0.00019761532905652305,0.9916425049506676,21.956162079235426
CH07,2026-09-10,2026-09-10 20:00:00,28,1.5459948968402408,ch0708_ref0904night_24h,to ch0708_ref0904day_24h (median of 110 shared frames),09-04 12:00 (user-labelled frame),ok,5/10,unreliable,2.691101091252878,8.071215524810508,tie (labels),3.893053954225015,unreliable,0.0,0.9997452883888512,0.014287534115922868,-9.224921633737544,-0.008274498717417512,1.0077151792219545,-5.341420752636089,1.000137413430436,-0.014180095437314905,9.150447405821506,0.00821227655919695,0.9922274541805445,5.375661922788406
CH07,2026-09-10,2026-09-10 21:00:00,28,2.6664253785896728,ch0708_ref0904night_24h,to ch0708_ref0904day_24h (median of 110 shared frames),09-04 12:00 (user-labelled frame),ok,5/10,unreliable,4.276582546122402,6.041125015708909,tie (labels),3.893053954225015,unreliable,0.0,0.9989875146064175,0.00956802494680602,-3.1799474724839385,-0.009016942382836544,1.0021777896783042,-0.48269751407721273,1.0009272575530204,-0.009556085825130475,3.178283403923908,0.00900569091005626,0.9977409633530977,0.5102447067509487
CH07,2026-09-10,2026-09-10 22:00:00,28,4.185267102928889,ch0708_ref0904day_24h,,09-04 12:00 (user-labelled frame),ok,5/10,unreliable,1.3107362478211246,9.322626961355994,tie (labels),0.0,same frame,0.0,1.0000591146679894,0.009231261658091627,-2.6176138681532652,0.005415832143500707,0.997868489550797,-8.178293583259384,0.999990987169272,-0.009250896841575214,2.541933725763711,-0.005427351788571185,1.0021862718148922,8.181966844705265
CH07,2026-09-10,2026-09-10 23:00:00,28,0.906419840652798,ch0708_ref0904night_24h,to ch0708_ref0904day_24h (median of 110 shared frames),09-04 12:00 (user-labelled frame),ok,5/10,ok,2.676660987238672,3.0441117888215543,tie (labels),3.893053954225015,unreliable,0.0,0.998579473268173,0.010745902703636144,-3.5518992855265017,-0.0067801298924773335,1.0001261272050095,0.3682581151639308,1.0013494959890954,-0.010759047247675997,3.56065466582638,0.006788423445697152,0.9998009501627316,-0.34407301705941157
CH07,2026-09-10,2026-09-11 00:00:00,28,3.505420362335282,ch0708_ref0904night_24h,to ch0708_ref0904day_24h (median of 110 shared frames),09-04 12:00 (user-labelled frame),ok,5/10,unreliable,4.3954716751156955,4.699991379042275,tie (labels),3.893053954225015,unreliable,0.0,0.9973224941497678,0.010336420753023677,-2.65355379782068,-0.010279359014453138,1.0020817969340927,0.591445259535341,1.0025781043358368,-0.010341540137631763,2.6665113912629144,0.010284450137732364,0.9978164443814623,-0.562863464194348
CH07,2026-09-10,2026-09-11 01:00:00,28,1.1728458703013753,ch0708_ref0904night_24h,to ch0708_ref0904day_24h (median of 110 shared frames),09-04 12:00 (user-labelled frame),ok,5/10,unreliable,3.873745775163876,9.143688384905966,tie (labels),3.893053954225015,unreliable,0.0,1.0011172161083939,0.01299331569535249,-8.355277909993173,-0.008614517985566065,1.0070654448102523,-1.968042716147819,0.9987731450567229,-0.012886327148487592,8.319666353704365,0.008543584993339383,0.9928738947957916,2.025402263673171
CH07,2026-09-10,2026-09-11 02:00:00,28,0.7077671595058195,ch0708_ref0904night_24h,to ch0708_ref0904day_24h (median of 110 shared frames),09-04 12:00 (user-labelled frame),ok,5/10,unreliable,2.7889718481742616,8.740119440046948,tie (labels),3.893053954225015,unreliable,0.0,1.0006854967605092,0.012686659595656954,-7.419176605812113,-0.00855082200512338,1.0063702277365685,-2.0040535085201796,0.9992073373606771,-0.012596361662137671,7.388051918918551,0.008489961102288236,0.9935630677413588,2.054142072637495
CH07,2026-09-10,2026-09-11 03:00:00,28,0.5259462270845562,ch0708_ref0904night_24h,to ch0708_ref0904day_24h (median of 110 shared frames),09-04 12:00 (user-labelled frame),ok,5/10,unreliable,2.234246452009432,8.661362365105674,tie (labels),3.893053954225015,unreliable,0.0,0.9998791880420537,0.011630687590743705,-5.448610528560051,-0.009003991804547801,1.0054823784638498,-0.7800163110357055,1.0000166606183525,-0.011567464148859768,5.439678495067188,0.008955046860567762,0.99444392866956,0.8244750473809226
CH07,2026-09-10,2026-09-11 04:00:00,28,,ch0708_ref0904night_24h,to ch0708_ref0904day_24h (median of 110 shared frames),09-04 12:00 (user-labelled frame),sample,5/10,unreliable,3.1277749431988164,10.018126559077851,tie (labels),3.893053954225015,unreliable,0.0,0.9999994533612714,0.012492135343368977,-6.3512401571615955,-0.009651290226834721,1.0063550353206268,0.6578594988727016,0.9998807569933669,-0.01241176851627897,6.35864801600565,0.009589199675336875,0.9935660629961047,-0.5927235622465
CH07,2026-09-10,2026-09-11 05:00:00,28,5.010128396102604,ch0708_ref0904day_24h,,09-04 12:00 (user-labelled frame),ok,5/10,unreliable,3.940388014952316,7.031739674924773,tie (labels),0.0,same frame,0.0,0.9892339282737975,-0.003344835048752548,20.35179916666552,0.008614219318858488,1.0219120767382635,-44.0557831628286,1.0108544299286064,0.0033086421066711516,-20.42694152542625,-0.008521008760986533,0.9785298768784025,43.28331793310526
CH07,2026-09-10,2026-09-11 06:00:00,28,,ch0708_ref0904night_24h,to ch0708_ref0904day_24h (median of 110 shared frames),09-04 12:00 (user-labelled frame),sample,5/10,unreliable,10.52385254663206,18.417764134354243,tie (labels),3.893053954225015,unreliable,0.0,1.0268407389042216,0.006141162353205285,-73.0700839502998,-0.0021325267630167106,1.027256156283662,-23.179832912219773,0.9738487642684663,-0.005821881263264531,71.0242607250753,0.0020216559815483736,0.9734549445778768,22.712245535179708
CH07,2026-09-10,2026-09-11 07:00:00,28,8.54721714835658,ch0708_ref0904day_24h,,09-04 12:00 (user-labelled frame),ok,5/10,unreliable,3.86594155925878,4.189321122039042,tie (labels),0.0,same frame,0.0,1.0073843027557339,0.01530741667155388,-27.51879448894872,-0.0038966427065556344,1.014312584166106,-14.929175884551777,0.992611881939952,-0.014979922271675015,27.09184449206342,0.0038132760162703136,0.9858318275891396,14.822593505688767
CH07,2026-09-10,2026-09-11 07:54:00,28,,ch0708_ref0904day_24h,,09-04 12:00 (user-labelled frame),sample,5/10,unreliable,6.479812341292429,10.823597154649795,tie (labels),0.0,same frame,0.0,1.0041222658864954,0.00952439893861809,-17.24615094343183,-0.0018373307273677197,1.0159675480098933,-19.440243347898008,0.9958775744155515,-0.009336061305635987,16.993559665856907,0.0018009989312693163,0.9842665235976148,19.16544103734486
CH07,2026-09-10,2026-09-11 08:00:00,28,,ch0708_ref0904day_24h,,09-04 12:00 (user-labelled frame),lid,5/10,ok,2.216612708427085,3.1215064153804173,tie (labels),0.0,same frame,0.0,0.9990819987287551,0.014461326667092211,-6.000043733031491,-0.01066175001968716,1.0083789110624635,2.6617257870301767,1.0007656851980407,-0.014352144151464456,6.042839349892597,0.010581254176190817,0.9915389642305555,-2.575716842130195
CH07,2026-09-10,2026-09-11 09:58:00,29,3.203186514598377,ch0708_ref0904night_24h,to ch0708_ref0904day_24h (median of 110 shared frames),09-04 12:00 (user-labelled frame),ok,5/10,ok,1.6013827308309505,2.622770714505947,tie (labels),3.893053954225015,unreliable,0.0,0.9990804911401393,0.005314490242763383,1.22861291112324,-0.00550933258211845,0.9995914911502727,5.545246416714901,1.00089101079336,-0.00532139934965816,-1.200199147812311,0.005516494993937827,1.0003793464572928,-5.554127623271596
CH07,2026-09-10,2026-09-11 10:00:00,29,3.427935419054195,ch0708_ref0904night_24h,to ch0708_ref0904day_24h (median of 110 shared frames),09-04 12:00 (user-labelled frame),ok,5/10,ok,1.5773575418699182,2.5530995170199575,tie (labels),3.893053954225015,unreliable,0.0,0.9990701288356995,0.005361529390866235,1.228269407024455,-0.005666060028590973,0.9998557757850881,5.714825492220102,1.0009002978420807,-0.0053671304343803124,-1.1987030014946258,0.005671979206955932,1.0001138301487533,-5.722442730193163
CH07,2026-09-10,2026-09-11 11:00:00,29,,ch0708_ref0904day_24h,,09-04 12:00 (user-labelled frame),sample,5/10,unreliable,4.866478885951932,12.284187470216187,tie (labels),0.0,same frame,0.0,1.0064662025711435,0.000870935360451297,-9.35558790372062,-0.0010859745335436502,1.0112809960867546,-12.608731428904703,0.9935744172949498,-0.0008556861016972277,9.284683683647149,0.001066960141185352,0.9888439262838654,12.478049531007525
CH07,2026-09-11,2026-09-11 12:00:00,29,,ch0708_ref0904day_24h,,09-04 12:00 (user-labelled frame),sample,5/10,unreliable,inf,nan,tie (labels),0.0,same frame,0.0,1.009093445414603,-0.00506503400881048,-16.960505792788904,0.012239362350885696,1.0055289235185492,-42.67396445813141,0.9909279580942331,0.0049914862622406,17.01964588084183,-0.012061638466150855,0.9944407207024721,42.232156481900205
CH07,2026-09-11,2026-09-11 13:00:00,29,,ch0708_ref0904day_24h,,09-04 12:00 (user-labelled frame),sample,5/10,unreliable,6.034321552344017,6.392311461046323,tie (labels),0.0,same frame,0.0,0.9880641885032946,0.020595657171483872,19.90081204388976,0.017099449523474735,1.0439671491080906,-82.37519962319243,1.0124256558999363,-0.01997339833762418,-21.79340536169178,-0.01658282199216914,0.9582116975340885,79.26289148927206
CH07,2026-09-11,2026-09-11 14:00:00,29,,ch0708_ref0904day_24h,,09-04 12:00 (user-labelled frame),sample,5/10,unreliable,inf,nan,tie (labels),0.0,same frame,0.0,0.9903506699436788,0.02510887019905278,10.012215004420357,-0.004864163731877001,1.0170902664246548,-10.118261378481339,1.0096209288471987,-0.0249244749355286,-10.360734164699826,0.004828442142412651,0.9830777034056424,9.898693757549204
CH07,2026-09-11,2026-09-11 15:00:00,29,,ch0708_ref0904day_24h,,09-04 12:00 (user-labelled frame),sample,5/10,unreliable,6.220045218411372,10.544810741394768,tie (labels),0.0,same frame,0.0,1.005492906170835,-0.005779624816139195,-9.615253081688875,0.006079218220306201,1.02448610310912,-33.85510717579345,0.9945031800341972,0.005610476551718317,9.752343051538901,-0.005901301963851432,0.9760658437962374,32.988071240458986
CH07,2026-09-11,2026-09-11 16:00:00,29,,ch0708_ref0904night_24h,to ch0708_ref0904day_24h (median of 110 shared frames),09-04 12:00 (user-labelled frame),sample,5/10,unreliable,7.653315904251175,10.129483671808595,tie (labels),3.893053954225015,unreliable,0.0,1.0094866687403858,0.006114168947814266,-20.60591691577646,-0.0014523071176669984,1.0087228593672466,-12.462191163729843,0.990593844279247,-0.006004283601134372,20.337267922459187,0.0014262058972930396,0.9913439262826519,12.383705798561323
CH07,2026-09-11,2026-09-11 17:00:00,29,14.252343130630726,ch0708_ref0904day_24h,,09-04 12:00 (user-labelled frame),outlier,5/10,unreliable,4.849820403667449,5.6386685454609955,tie (labels),0.0,same frame,0.0,1.0075696005609032,-0.004808522512588949,-14.436300338373933,0.0011570758133462307,1.0150904051109646,-19.72383369064741,0.9924818687842073,0.0047014250015135544,14.42049646299835,-0.0011313049160673909,0.9851285708739687,19.41418023828069
CH07,2026-09-11,2026-09-11 18:00:00,29,0.5606612641559098,ch0708_ref0904night_24h,to ch0708_ref0904day_24h (median of 110 shared frames),09-04 12:00 (user-labelled frame),ok,5/10,ok,2.2833770817344843,3.659560768223668,tie (labels),3.893053954225015,unreliable,0.0,1.0011780733443296,0.008091267317685922,-3.8894239990698907,-0.0037110929624798667,0.9998963182622381,-0.1966925554566501,0.9987933538507723,-0.008082342012399693,3.8831411040742054,0.0037069993345801556,1.0000736950560307,0.2111251429019975
CH07,2026-09-11,2026-09-11 18:12:00,29,2.8310624028120492,ch0708_ref0904day_24h,,09-04 12:00 (user-labelled frame),ok,5/10,ok,1.9802679088345891,2.2699430827178504,tie (labels),0.0,same frame,0.0,1.004265028353425,0.005569265197494615,-8.216916763241066,-0.002867026120063306,1.005181822503028,-8.123958158358034,0.9957373348304865,-0.0055169374938639675,8.13707142899118,0.0028400881151754284,0.994829154695632,8.105287195104674
CH07,2026-09-11,2026-09-11 19:34:00,30,6.897697358704879,ch0708_ref0904night_24h,to ch0708_ref0904day_24h (median of 110 shared frames),09-04 12:00 (user-labelled frame),ok,5/10,ok,1.2355050336998024,2.2640036146921205,tie (labels),3.893053954225015,unreliable,0.0,0.9941833758295435,0.008089497352404034,5.559013289662593,-0.004159792521822621,0.9949827044259022,2.16967766969916,1.0058164391802413,-0.008177578751429397,-5.573604242354886,0.004205085860705847,1.005008407202451,-2.2039204271509147
CH07,2026-09-11,2026-09-11 20:00:00,30,,ch0708_ref0904night_24h,to ch0708_ref0904day_24h (median of 110 shared frames),09-04 12:00 (user-labelled frame),sample,5/10,unreliable,7.457748681207205,11.780169628825444,tie (labels),3.893053954225015,unreliable,0.0,1.0112278542803912,0.014846159245785114,-30.771611109837593,0.0036652307998701643,1.0126208246534982,-26.776646688567922,0.9889493632398089,-0.014499109020101337,30.043327693406635,-0.0035795507828893956,0.9875889555433077,26.334171991475976
CH07,2026-09-11,2026-09-11 21:00:00,30,10.888948651486707,ch0708_ref0904night_24h,to ch0708_ref0904day_24h (median of 110 shared frames),09-04 12:00 (user-labelled frame),outlier,5/10,ok,2.4080537262926227,3.297713247867353,tie (labels),3.893053954225015,unreliable,0.0,0.9986052737780727,0.007228628631827484,2.9760715356802034,0.0010817509887986981,1.0038904336741243,-17.21325949635864,1.001404485306854,-0.007210728274435764,-3.1043715213698055,-0.0010790722332152272,0.9961324131285189,17.14989711607334
CH07,2026-09-11,2026-09-11 22:00:00,30,11.034857756973965,ch0708_ref0904day_24h,,09-04 12:00 (user-labelled frame),outlier,5/10,unreliable,3.1722775101995593,6.446245573782951,tie (labels),0.0,same frame,0.0,1.0061427328356416,0.01042134874720091,-17.156567826415312,0.0015526757665846568,1.0092602184316868,-20.922530705240032,0.9939106075581084,-0.01026285280618784,16.837369899003516,-0.001529061471287311,0.9908405350968816,20.70465807271807
CH07,2026-09-11,2026-09-11 23:00:00,30,3.7839986788958666,ch0708_ref0904night_24h,to ch0708_ref0904day_24h (median of 110 shared frames),09-04 12:00 (user-labelled frame),ok,5/10,ok,1.8282152401373892,4.393711671159007,tie (labels),3.893053954225015,unreliable,0.0,0.9928670909393245,0.012420752918594825,2.059802501334034,0.0008983139253078668,0.9890279276517459,5.308596955334318,1.0071955972960074,-0.012648912437096801,-2.0074760325910805,-0.0009148152496643819,1.0111052830110818,-5.365666088175556
CH07,2026-09-11,2026-09-12 00:00:00,30,7.723344289885484,ch0708_ref0904night_24h,to ch0708_ref0904day_24h (median of 110 shared frames),09-04 12:00 (user-labelled frame),ok,5/10,ok,2.7055686492311093,4.272325150095889,tie (labels),3.893053954225015,unreliable,0.0,0.9975815538227972,0.011427127627154123,0.4189888721379118,-0.0025134070299288134,0.9926672155662907,1.3581819309970822,1.0023952364420945,-0.011539112121417906,-0.4043202359702294,0.002538038120462604,1.0073577346301474,-1.3692384829543556
CH07,2026-09-11,2026-09-12 01:00:00,30,16.24211757245383,ch0708_ref0904day_24h,,09-04 12:00 (user-labelled frame),outlier,5/10,unreliable,3.115586395846173,3.3544216600967958,tie (labels),0.0,same frame,0.0,0.999967291166276,0.016767161121985397,-8.982886155757239,0.015681683468145788,1.0062196075818601,-43.515790903484,1.0002941073623683,-0.016668421427230944,8.260188547192428,-0.015589336014237783,0.9940786100487117,43.11807970584601
CH07,2026-09-11,2026-09-12 02:00:00,30,6.106657064323099,ch0708_ref0904night_24h,to ch0708_ref0904day_24h (median of 110 shared frames),09-04 12:00 (user-labelled frame),ok,5/10,ok,2.1882815840815413,2.8762348272424707,tie (labels),3.893053954225015,unreliable,0.0,0.9979701314399839,0.009927958049436983,0.04852020908064336,-0.0029324712623318453,0.9938406811298518,2.3384063081188415,1.0020045849999728,-0.01000951125678814,-0.02521116769990203,0.0029565600463212004,1.0061679566779946,-2.352972949834475
CH07,2026-09-11,2026-09-12 03:00:00,30,10.3585283648115,ch0708_ref0904day_24h,,09-04 12:00 (user-labelled frame),outlier,5/10,unreliable,4.35407960062971,5.61763582653208,tie (labels),0.0,same frame,0.0,0.997328892745914,0.008927587425669459,3.6137530035237035,-0.00011582163765765097,0.9985126090079945,-9.91822249080022,1.0026772200756,-0.008964822738538361,-3.712342922124405,0.00011630470824655062,1.001488566752333,9.932566130553516
CH07,2026-09-11,2026-09-12 04:00:00,30,4.7464788554184505,ch0708_ref0904night_24h,to ch0708_ref0904day_24h (median of 110 shared frames),09-04 12:00 (user-labelled frame),ok,5/10,unreliable,3.438788267965248,4.4299937709808095,tie (labels),3.893053954225015,unreliable,0.0,0.9972566498926304,0.009644895318489537,0.24880862859462827,-0.003950652129228857,0.9915530068226334,7.384417428734508,1.002712258325036,-0.00975344202434671,-0.1774599745941374,0.003995114019218822,1.0084800920001344,-7.4480319867377744
CH07,2026-09-11,2026-09-12 05:00:00,30,17.991585948196022,ch0708_ref0904day_24h,,09-04 12:00 (user-labelled frame),outlier,5/10,unreliable,3.3561632213566273,4.958212354147136,tie (labels),0.0,same frame,0.0,0.997145697476515,0.009493035826443917,3.4327608254245687,0.006739188571839651,1.0014007278413724,-29.129070166325207,1.0029267291423385,-0.009507501948365457,-3.7197522779314283,-0.006749458197417268,0.9986652146780673,29.113358386718584
CH07,2026-09-11,2026-09-12 06:00:00,30,,ch0708_ref0904day_24h,,09-04 12:00 (user-labelled frame),sample,5/10,unreliable,4.6763914372322395,10.45414867987304,tie (labels),0.0,same frame,0.0,0.9970489544344925,0.010439926554357206,3.261727213290492,0.0021955388273090033,1.0043223482202797,-18.940487124692257,1.0029827384532972,-0.010426001316505456,-3.4689296361710356,-0.0021926103200801596,0.9957190462432759,18.866555471930766
CH07,2026-09-11,2026-09-12 07:00:00,30,6.180934315039844,ch0708_ref0904night_24h,to ch0708_ref0904day_24h (median of 110 shared frames),09-04 12:00 (user-labelled frame),ok,5/10,unreliable,3.195174462637341,5.7281497092323646,tie (labels),3.893053954225015,unreliable,0.0,1.0030607688359803,0.006948300458712217,-7.532343804475944,-0.005489773635429998,1.0003037309664582,1.0587888458635764,0.9969106716747914,-0.006924731621865085,7.516405750007396,0.0054711521639047,0.9996583575918305,-1.0172165195873997
CH07,2026-09-11,2026-09-12 08:00:00,30,3.8243352988681205,ch0708_ref0904day_24h,,09-04 12:00 (user-labelled frame),ok,5/10,unreliable,4.269414568339701,7.623086771317583,tie (labels),0.0,same frame,0.0,0.9998842538913248,0.007255366927484602,-0.6920031941537464,-0.0022003913403598543,0.996039595090651,1.7635880511301272,1.0000997279289223,-0.00728494180950855,0.7049198425275345,0.0022093607439679806,1.0039600586220845,-1.7690430785059468
CH07,2026-09-11,2026-09-12 08:41:00,30,,ch0708_ref0904day_24h,,09-04 12:00 (user-labelled frame),sample,5/10,unreliable,6.4680229599887715,12.887958899993533,tie (labels),0.0,same frame,0.0,1.0023259953132835,0.022271193387396897,-8.748852922517676,-0.003807247012330842,1.0078081525389022,-6.061007609355085,0.9975956644530851,-0.022045511250818887,8.594199732998002,0.003768666787855341,0.9921690599288514,6.046515733436373
CH07,2026-09-11,2026-09-12 09:00:00,30,,ch0708_ref0904day_24h,,09-04 12:00 (user-labelled frame),lid,5/10,unreliable,5.237004136744821,7.008516702261458,tie (labels),0.0,same frame,0.0,0.9954763423883678,0.007972614694600429,9.487384535509001,0.04478661225537562,1.0252628551184109,-128.19897248548338,1.00489577763187,-0.007814236908411631,-10.535609802919408,-0.04389691611783288,0.9757009806845632,125.50033009997235
CH07,2026-09-11,2026-09-12 10:00:00,30,,ch0708_ref0904night_24h,to ch0708_ref0904day_24h (median of 110 shared frames),09-04 12:00 (user-labelled frame),lid,5/10,unreliable,4.911924619816048,21.5019189487353,tie (labels),3.893053954225015,unreliable,0.0,0.9773428185034386,0.034948690935125225,-10.403011037969193,0.0030588823038766684,0.9926011074358736,-15.210460803500855,1.0232951946599291,-0.03602940519173167,10.097327349705795,-0.0031534717613535494,1.0075650754546148,15.292723485637513
CH07,2026-09-11,2026-09-12 11:00:00,30,,ch0708_ref0904day_24h,,09-04 12:00 (user-labelled frame),lid,5/10,ok,2.4615357691306228,4.58521192063753,tie (labels),0.0,same frame,0.0,0.997136598484026,0.016363253338641096,-32.85931538157287,-0.01858756965171288,0.9955527279378276,27.436988105032555,1.0025644492891475,-0.0164785004466966,33.395701850289804,0.01871848271672554,1.0041594751047904,-26.936035046952462
CH07,2026-09-11,2026-09-12 11:10:00,31,3.504275370079706,ch0708_ref0904day_24h,,09-04 12:00 (user-labelled frame),ok,5/10,ok,2.7076236604316675,4.103281694451582,tie (labels),0.0,same frame,0.0,0.998077259216006,0.015496716549858486,-33.63115887337497,-0.018669879231742417,0.9971704593065235,26.039144342307917,1.0016352677214573,-0.015566102751394953,34.091482818306574,0.018753473198171843,1.0025461278072405,-25.47474229523932
CH07,2026-09-16,2026-09-16 12:00:00,31,3.551780253544841,ch0708_ref0904day_24h,,09-04 12:00 (user-labelled frame),ok,5/10,ok,1.6813433267608282,3.3277665467694533,tie (labels),0.0,same frame,0.0,0.9960435266238279,0.014014496460562298,-34.1514515119698,-0.019841893172268876,1.0014248018079854,22.21529668037543,1.0036923783739997,-0.014046230190045616,34.589592763886,0.019886822169335423,0.9982989180976807,-21.498342798194564
CH07,2026-09-16,2026-09-16 13:00:00,31,1.0107774700792356,ch0708_ref0904day_24h,,09-04 12:00 (user-labelled frame),ok,5/10,unreliable,3.1229384149134205,8.489663415170682,tie (labels),0.0,same frame,0.0,0.9994633117555469,0.017787517505488737,-40.15317660919748,-0.01952543194150854,0.9982936236814256,23.054903577917653,1.0001888212759509,-0.01782128598761593,40.57162641331729,0.019562499744777834,1.0013607299292402,-22.300778568062427
CH07,2026-09-16,2026-09-16 13:20:00,31,1.1116720840939247,ch0708_ref0904day_24h,,09-04 12:00 (user-labelled frame),ok,5/10,unreliable,2.8168031144161283,8.563217481970108,tie (labels),0.0,same frame,0.0,0.9996132843564598,0.01775928894706169,-40.41986351981643,-0.019539747178482482,0.9979398503732857,23.127464438578667,1.0000389887750003,-0.017796645111766384,40.83303071772913,0.01958084848699001,1.0017159427794817,-22.375694620743428
CH07,2026-09-16,2026-09-16 14:00:00,31,,ch0708_ref0904night_24h,to ch0708_ref0904day_24h (median of 110 shared frames),09-04 12:00 (user-labelled frame),lid,5/10,unreliable,6.072562704575124,13.805328463370827,tie (labels),3.893053954225015,unreliable,0.0,0.9956032590020284,0.01940583020974548,-39.96586742180671,-0.019546551257373312,0.9872074528795975,51.70539551598511,1.0040286737205246,-0.01973648994555632,41.147359880339174,0.0198796087666331,1.0125675376253,-51.56069921119863
CH07,2026-09-16,2026-09-16 14:10:00,32,10.882182992953041,ch0708_ref0904day_24h,,09-04 12:00 (user-labelled frame),outlier,5/10,unreliable,4.182896108523824,6.450402864335938,tie (labels),0.0,same frame,0.0,0.9970009709058743,0.011325552212629347,-33.63762619341566,-0.06170455733855494,0.963346523218446,134.00247293370902,1.0022787825066535,-0.011783258058549793,35.2932647466123,0.06419825796202619,1.037293326122171,-136.84039385440812
CH07,2026-09-16,2026-09-16 15:00:00,32,,ch0708_ref0904day_24h,,09-04 12:00 (user-labelled frame),sample,5/10,unreliable,40.51254405539076,45.12596176842488,tie (labels),0.0,same frame,0.0,0.9978726851454103,0.01794854842606758,-37.48513175900833,-0.03509725029913337,0.9758218550669674,75.84936303416512,1.0014839607612005,-0.018420558295877472,38.93794583714314,0.0360202357211923,1.0241146822708307,-76.32822304217947
CH07,2026-09-16,2026-09-16 16:00:00,32,34.89974948627061,ch0708_ref0904night_24h,to ch0708_ref0904day_24h (median of 110 shared frames),09-04 12:00 (user-labelled frame),outlier,5/10,unreliable,4.419322228355661,8.605046549613556,tie (labels),3.893053954225015,unreliable,0.0,0.9889876303461896,0.00922706053733546,4.921279460569143,-0.009241458213544083,0.9911926886241652,3.7693664291487483,1.01104704424024,-0.009411885691215071,-4.940168206529183,0.009426571764005682,1.0087978169407334,-3.848919418980727
CH07,2026-09-16,2026-09-16 17:00:00,32,,ch0708_ref0904night_24h,to ch0708_ref0904day_24h (median of 110 shared frames),09-04 12:00 (user-labelled frame),sample,5/10,unreliable,6.240705294392811,8.52091892711282,tie (labels),3.893053954225015,unreliable,0.0,0.9885294143648297,0.008391298820704107,8.666155348000402,-0.014914349667393906,0.9937954412831652,14.147472213216806,1.011474831504764,-0.008540578078944332,-8.644770429356141,0.015179672486072538,1.0061151231898962,-14.365535148522332
CH07,2026-09-16,2026-09-16 18:00:00,32,,ch0708_ref0904day_24h,,09-04 12:00 (user-labelled frame),sample,5/10,unreliable,inf,nan,tie (labels),0.0,same frame,0.0,0.9995636599360468,0.0004454764333021305,-2.9830517537928944,0.010226738668238006,1.0004363400639549,-15.4555298945082,1.0004410883211483,-0.0004454785476162494,2.9774824360728283,-0.010226787206244375,0.9995684040513376,15.418352314910045
CH07,2026-09-16,2026-09-16 19:00:00,32,,ch0708_ref0904night_24h,to ch0708_ref0904day_24h (median of 110 shared frames),09-04 12:00 (user-labelled frame),sample,5/10,unreliable,15.624354199568293,21.51890267947263,tie (labels),3.893053954225015,unreliable,0.0,0.9893246184912539,0.0005059636074819561,10.575659977673986,-0.01448827911852419,0.9817574463464173,16.724835521672297,1.0107829463060964,-0.0005209223396242176,-10.680984410914999,0.014916622745084429,1.0185738406703084,-17.193233082056203
CH07,2026-09-16,2026-09-16 20:00:00,32,36.009048888215126,ch0708_ref0904night_24h,to ch0708_ref0904day_24h (median of 110 shared frames),09-04 12:00 (user-labelled frame),outlier,5/10,unreliable,3.4959342346712603,5.378554288905157,tie (labels),3.893053954225015,unreliable,0.0,0.9976705013202372,0.013253953894354718,-31.959250128692975,0.005258161874220891,0.995166283371253,-28.74012597756434,1.0024053002063822,-0.013350365516187635,31.652430532841578,-0.005296410680440865,1.0049277342828562,28.7124803679171
CH07,2026-09-16,2026-09-16 21:00:00,32,,ch0708_ref0904night_24h,to ch0708_ref0904day_24h (median of 110 shared frames),09-04 12:00 (user-labelled frame),sample,5/10,unreliable,3.2946072961691586,10.47855592165355,tie (labels),3.893053954225015,unreliable,0.0,0.992030370608798,0.013200967297800398,-18.116736424422218,-0.013868799091400534,0.9924048390405037,20.628764873276634,1.0078462307085674,-0.013406368660655215,18.53544134499966,0.01408459162919494,1.0074659357094227,-20.52761107139357
CH07,2026-09-16,2026-09-16 22:00:00,32,,ch0708_ref0904night_24h,to ch0708_ref0904day_24h (median of 110 shared frames),09-04 12:00 (user-labelled frame),sample,5/10,unreliable,3.835274181516796,21.318734880483575,tie (labels),3.893053954225015,unreliable,0.0,0.997904242411727,0.012442118963377017,-31.42354499717738,-0.0005227337505149783,1.001506614267003,-19.14167393379911,1.00209363761748,-0.012449411790260904,31.25103193190128,0.0005230401458130856,0.9984891542670168,19.129189592971365
CH07,2026-09-16,2026-09-16 23:00:00,32,,ch0708_ref0904night_24h,to ch0708_ref0904day_24h (median of 110 shared frames),09-04 12:00 (user-labelled frame),sample,5/10,unreliable,3.0608775488610642,10.581728579067335,tie (labels),3.893053954225015,unreliable,0.0,0.99820438837936,0.011332071564852327,-31.320195311295173,-0.0079196693642397,0.9867836941625849,13.381011109169053,1.0017075741997885,-0.011503455098657458,31.52760472921004,0.008039444545189088,1.0133009922581118,-13.307194860988167
CH07,2026-09-16,2026-09-17 00:00:00,32,,ch0708_ref0904night_24h,to ch0708_ref0904day_24h (median of 110 shared frames),09-04 12:00 (user-labelled frame),sample,5/10,unreliable,4.010002562423065,11.012117755127816,tie (labels),3.893053954225015,unreliable,0.0,0.99856049258814,0.01121842555678626,-31.908098822104755,-0.006161088308241092,0.987103841263688,9.428035069502547,1.0013713647689673,-0.011380575822678008,32.05915293264145,0.006250140207931196,1.0129936096563559,-9.351109185615417
CH07,2026-09-16,2026-09-17 01:00:00,32,,ch0708_ref0904night_24h,to ch0708_ref0904day_24h (median of 110 shared frames),09-04 12:00 (user-labelled frame),sample,5/10,unreliable,4.0638008629789875,17.29173468773888,tie (labels),3.893053954225015,unreliable,0.0,0.9933988269661918,-0.0025388438205601713,2.140693877146087,-0.014619607463646777,1.0031235701818573,9.209611823849746,1.0066825341847137,0.0025478513387113097,-2.17846385897353,0.014671476105004267,0.9969232887281773,-9.212683646408875
CH07,2026-09-16,2026-09-17 02:00:00,32,,ch0708_ref0904night_24h,to ch0708_ref0904day_24h (median of 110 shared frames),09-04 12:00 (user-labelled frame),sample,5/10,unreliable,6.215061539070328,9.196890003024981,tie (labels),3.893053954225015,unreliable,0.0,0.9988538366289845,0.014481745917496982,-33.70681026009525,-0.013016783078033445,0.9939712541606477,21.149333261222722,1.0009574300751842,-0.014583531581927179,34.047514143528545,0.013108272178994719,1.005874330014875,-20.831733381218655
CH07,2026-09-16,2026-09-17 03:00:00,32,1.3107220050984523,ch0708_ref0904day_24h,,09-04 12:00 (user-labelled frame),ok,5/10,unreliable,4.3176499098104,5.823506251790565,tie (labels),0.0,same frame,0.0,0.9979274118909537,0.012018370719098004,-32.16511405220634,-0.02448183118486906,0.9813491420975013,59.78078970588696,1.0017759126917338,-0.01226853296112202,32.95565907543129,0.02499142020664288,1.0186992589716202,-60.09479429285202
CH07,2026-09-16,2026-09-17 04:00:00,32,,ch0708_ref0904day_24h,,09-04 12:00 (user-labelled frame),sample,5/10,unreliable,6.759217822661304,12.261199011580187,tie (labels),0.0,same frame,0.0,0.9975977823221007,0.0145576415376917,-34.65503207661779,-0.020245940781511977,0.9798438040188273,56.76880013464234,1.0021058468974302,-0.014888391029390477,35.573206363070554,0.020705928383563513,1.0202631954364823,-57.20155281415665
CH07,2026-09-16,2026-09-17 05:00:00,32,38.7987636286924,ch0708_ref0904night_24h,to ch0708_ref0904day_24h (median of 110 shared frames),09-04 12:00 (user-labelled frame),outlier,5/10,unreliable,2.7645872899337927,9.890099912518764,tie (labels),3.893053954225015,unreliable,0.0,0.9976131819732598,0.012368946354156654,-30.959430872881683,0.009408780336687397,0.9936570485209906,-35.393028502553335,1.0025102230517238,-0.012479149810165562,30.595471045008214,-0.009492609636309443,1.006501604419732,35.32925418125466
CH07,2026-09-16,2026-09-17 06:00:00,32,1.4237698132717398,ch0708_ref0904day_24h,,09-04 12:00 (user-labelled frame),ok,5/10,unreliable,2.6664927481101364,9.789192685258355,tie (labels),0.0,same frame,0.0,0.9983512950825647,0.01593975297735789,-36.306602291878754,-0.021791548301307934,0.977939765943072,59.65788053952006,1.0012951928576534,-0.01632043054939645,37.32726863992229,0.022311980061454188,1.022194195759472,-60.17186703237381
CH07,2026-09-16,2026-09-17 07:00:00,32,,ch0708_ref0904night_24h,to ch0708_ref0904day_24h (median of 110 shared frames),09-04 12:00 (user-labelled frame),sample,5/10,unreliable,5.077563019881193,10.520276430728714,tie (labels),3.893053954225015,unreliable,0.0,0.996610746433338,0.005929975759129692,-24.861082300062158,-0.01819100672111791,0.9877392832039937,36.963859457993884,1.0032908364124575,-0.006023340815183619,25.16554197830835,0.018477416721964828,1.0123019772214974,-36.95921943724745
CH07,2026-09-16,2026-09-17 08:00:00,32,,ch0708_ref0904night_24h,to ch0708_ref0904day_24h (median of 110 shared frames),09-04 12:00 (user-labelled frame),sample,5/10,unreliable,inf,nan,tie (labels),3.893053954225015,unreliable,0.0,0.9985853420571856,0.013758993273242379,-90.80576351384164,0.016000828827089014,0.9710575063550424,-44.694721479170035,1.0016440735370753,-0.014192376846671342,90.32073053635926,-0.016504826193552938,1.030038986616788,44.538572275355065
CH07,2026-09-16,2026-09-17 09:00:00,32,,ch0708_ref0904night_24h,to ch0708_ref0904day_24h (median of 110 shared frames),09-04 12:00 (user-labelled frame),sample,5/10,unreliable,4.305862858151822,33.42078919920503,tie (labels),3.893053954225015,unreliable,0.0,0.9691841561302731,0.009830558980356813,-8.810410970024037,-0.021267325382832363,1.0001527099123617,47.27568702114475,1.0315731596712105,-0.010139392402975612,9.567930224177239,0.021935452281928534,0.9996317085719717,-47.06501544144357
CH07,2026-09-16,2026-09-17 10:00:00,32,,ch0708_ref0904night_24h,to ch0708_ref0904day_24h (median of 110 shared frames),09-04 12:00 (user-labelled frame),sample,5/10,unreliable,8.331917492078542,10.057875256360674,tie (labels),3.893053954225015,unreliable,0.0,0.9879952438360128,0.0065758704315676585,9.536419278472,-0.012864336041343481,0.9888869172920006,11.771126053412228,1.0120629926478848,-0.006729985999270675,-9.57223752058024,0.013165831405761937,1.011150421462493,-12.027933958430927
CH07,2026-09-16,2026-09-17 10:50:00,32,48.57747409389687,ch0708_ref0904day_24h,,09-04 12:00 (user-labelled frame),outlier,5/10,unreliable,3.1424563313227094,4.687756037412917,tie (labels),0.0,same frame,0.0,0.9974083661762412,0.008117637941075747,-32.920600001578975,-0.06869306039331145,1.0019814536486777,143.70268058615935,1.002039261277668,-0.008118106274497156,34.154327339328354,0.06869702352350211,0.9974659099686675,-141.07697782309393
CH07,2026-09-16,2026-09-17 11:40:00,33,2.713488335915407,ch0708_ref0904night_24h,to ch0708_ref0904day_24h (median of 110 shared frames),09-04 12:00 (user-labelled frame),ok,5/10,ok,1.879134838002912,3.5767325561844263,tie (labels),3.893053954225015,unreliable,0.0,0.9970430949736308,0.007838709702467417,2.1512952855549585,-0.00555853863272603,0.99697669564599,4.345335734711497,1.0029217126620789,-0.007885452282077219,-2.1233158146449624,0.005591684449373962,1.002988507931906,-4.370351169415726
CH07,2026-09-17,2026-09-17 12:00:00,33,2.7134883359153017,ch0708_ref0904day_24h,,09-04 12:00 (user-labelled frame),ok,5/10,unreliable,3.0778277890412458,8.19439513979794,tie (labels),0.0,same frame,nan,1.001165642737174,0.004887620637254897,-3.1767616740119538,0.01288653908670169,1.0061904922404117,-23.512519422115687,0.9988981696401885,-0.004852197815523589,3.059174026176197,-0.012793144445284071,0.9939097375190251,23.328681236282105
CH08,2026-08-30,2026-08-30 18:00:00,0,,ch0708_ref0904night_24h,to ch0708_ref0904day_24h (median of 280 shared frames),09-04 12:00 (user-labelled frame),sample,5/10,unreliable,11.687959351481844,17.312361957299245,tie (labels),4.545968251191942,unreliable,0.0,0.9979043504967373,-0.0027237731958192047,-5.915949134266479,0.005990485362653957,0.9994779827051511,-23.895091246524554,1.0020836568559868,0.0027308741680586095,5.9935304296683,-0.006006102768070113,1.0005059221332213,23.871648503590432
CH08,2026-08-30,2026-08-30 18:25:00,0,,ch0708_ref0904day_24h,,09-04 12:00 (user-labelled frame),sample,5/10,unreliable,8.056247555836023,10.486594459907124,tie (labels),0.0,same frame,0.0,1.0092012540037318,-0.004082491919125908,-80.54450341717315,-0.0045796683898560245,0.9937027979105353,83.1939791213001,0.99090111093136,0.004070981571689578,79.47295675961325,0.004566756282409231,1.0063558700331374,-83.35492212314072
CH08,2026-08-30,2026-08-30 19:00:00,0,,ch0708_ref0904day_24h,,09-04 12:00 (user-labelled frame),lid,5/10,unreliable,3.308287937690816,4.178819756762014,tie (labels),0.0,same frame,0.0,1.0094727502983278,-0.0004471076520125572,-83.09803542641816,-0.006507882796730112,0.9954876454998932,78.90951576142892,0.9906190089807422,0.00044492098033217976,82.28338500325486,0.006476054661052342,1.004535716755614,-78.72927955459787
CH08,2026-08-30,2026-08-30 20:00:00,0,,ch0708_ref0904day_24h,,09-04 12:00 (user-labelled frame),lid,5/10,unreliable,5.414033954254405,11.4718471556681,tie (labels),0.0,same frame,0.0,1.0091702343983984,-0.0009388265833453757,-82.1712134412066,-0.007213762737485571,0.9964205747107887,80.24309217672358,0.9909197685368503,0.0009336437286382429,81.35016134377523,0.007173938679642118,1.0035990428786479,-79.9423992597239
CH08,2026-08-30,2026-08-30 20:10:00,1,,ch0708_ref0904day_24h,,09-04 12:00 (user-labelled frame),sample,5/10,unreliable,6.262013228890377,12.943448257291145,tie (labels),0.0,same frame,0.0,1.0119110885570015,0.00017157641123655143,-88.13673767763518,-0.004987712620508178,0.9977563177029606,75.22719522316149,0.9882282778661544,-0.00016993794816464453,87.11200044711282,0.0049400826293975715,1.0022478782199586,-74.96089403003916
CH08,2026-08-30,2026-08-30 21:00:00,1,,ch0708_ref0904day_24h,,09-04 12:00 (user-labelled frame),sample,5/10,unreliable,5.278948961725912,13.276330490505053,tie (labels),0.0,same frame,0.0,1.0096074517379672,-0.0006913744531312216,-83.1311130390729,-0.008308970063847211,0.9958854421212472,82.77863058499197,0.9904896321469383,0.0006876285150821206,82.28358462720718,0.00826395120761085,1.0041372945011864,-82.4341186961377
CH08,2026-08-30,2026-08-30 22:00:00,1,,ch0708_ref0904day_24h,,09-04 12:00 (user-labelled frame),sample,5/10,unreliable,5.632485322139562,12.771342408704701,tie (labels),0.0,same frame,0.0,1.0093607301720122,-0.0006824574469984634,-82.82689275969511,-0.007774902277448703,0.9955898832957923,81.79097649897108,0.9907313116645328,0.000679126990906893,82.00364964515725,0.0077369600280598515,1.0044349555216243,-81.51288748328408
CH08,2026-08-30,2026-08-30 23:00:00,1,,ch0708_ref0904day_24h,,09-04 12:00 (user-labelled frame),sample,5/10,unreliable,6.068315297013621,9.98028258296435,tie (labels),0.0,same frame,0.0,1.008960396891085,-0.0004942329510961851,-83.59948051239563,-0.006313182172062497,0.997043543346412,79.01432213446522,0.9911222528988045,0.0004912977765275837,82.81848590583675,0.00627568914024969,1.0029683340569246,-78.72421868585961
CH08,2026-08-30,2026-08-31 00:00:00,1,0.38237647082638987,ch0708_ref0904day_24h,,09-04 12:00 (user-labelled frame),ok,5/10,unreliable,4.595323977936827,7.150206738779877,tie (labels),0.0,same frame,0.0,1.0108006234845157,0.0016744508126952384,-87.30750140353845,-0.0018995847585702025,0.9976305851959669,69.69361774925943,0.9893116629814052,-0.0016604881031816912,86.49005482742633,0.0018837447291234224,1.0023718805349935,-69.69445763903033
CH08,2026-08-30,2026-08-31 01:00:00,1,1.27332559286548,ch0708_ref0904night_24h,to ch0708_ref0904day_24h (median of 280 shared frames),09-04 12:00 (user-labelled frame),ok,5/10,unreliable,2.7575700542667247,6.093692305161316,tie (labels),4.545968251191942,unreliable,0.0,1.0003169457770238,-0.01124976413883562,-61.82070810334697,-0.0014418557588213483,0.9965556097165644,68.62067647454762,0.9996994211979296,0.011285253515762997,61.0277243785237,0.00144640434862894,1.0034726230603341,-68.76955247705286
CH08,2026-08-30,2026-08-31 02:00:00,1,1.0642326592769127,ch0708_ref0904night_24h,to ch0708_ref0904day_24h (median of 280 shared frames),09-04 12:00 (user-labelled frame),ok,5/10,ok,2.242354314105883,3.2300347144208135,tie (labels),4.545968251191942,unreliable,0.0,1.0003949010305342,-0.01060476426954936,-62.56929106072948,-0.0019932895253572235,0.9958153418381512,70.28497202157446,0.9996264657435329,0.010645350178322379,61.79771114767219,0.0020009181217859684,1.0042235515463032,-70.45662819548734
CH08,2026-08-30,2026-08-31 03:00:00,1,0.1855651698409593,ch0708_ref0904night_24h,to ch0708_ref0904day_24h (median of 280 shared frames),09-04 12:00 (user-labelled frame),ok,5/10,ok,1.7557633868462368,3.6102815274540516,tie (labels),4.545968251191942,unreliable,0.0,1.0018502613047384,-0.006403009470233561,-68.05626337529684,0.0005865579644898887,1.0006917568130504,63.08272056356162,0.9981494165637421,0.006386742094608602,67.52742651469518,-0.0005850677654235706,0.9993049777788635,-63.07869419693626
CH08,2026-08-30,2026-08-31 03:20:00,1,0.7618777980628924,ch0708_ref0904night_24h,to ch0708_ref0904day_24h (median of 280 shared frames),09-04 12:00 (user-labelled frame),ok,5/10,ok,2.332438438744629,3.440469583821616,tie (labels),4.545968251191942,unreliable,0.0,1.0014260349157498,-0.007152595769183874,-66.60695109088107,0.00264079292535805,1.0023818421028943,58.214312226013014,0.9985572061044867,0.007125304696947881,66.0960562761148,-0.0026307168532840835,0.9976050458455108,-58.25011564587724
CH08,2026-08-30,2026-08-31 04:00:00,1,,ch0708_ref0904night_24h,to ch0708_ref0904day_24h (median of 280 shared frames),09-04 12:00 (user-labelled frame),lid,5/10,ok,2.123851892158716,3.697908396276344,tie (labels),4.545968251191942,unreliable,0.0,1.0014775276379482,-0.007309224453355716,-66.57292037279436,0.001877454382463273,1.0018547299861722,59.61864280630486,0.9985109954721496,0.0072848295931590085,66.03948133950769,-0.0018711882953458005,0.9981350520534618,-59.632027610216404
CH08,2026-08-30,2026-08-31 05:00:00,1,,ch0708_ref0904night_24h,to ch0708_ref0904day_24h (median of 280 shared frames),09-04 12:00 (user-labelled frame),lid,5/10,ok,2.0243969465704845,4.120828059335377,tie (labels),4.545968251191942,unreliable,0.0,1.004099333008578,0.0009387146526653176,-77.61443671812273,-0.0015418134775697597,0.9938417807241068,70.35655547152417,0.9959159584940661,-0.0009406737784564219,77.36363870398081,0.0015450312887974878,1.0061949185995158,-70.6724918724207
CH08,2026-08-30,2026-08-31 06:00:00,1,,ch0708_ref0904night_24h,to ch0708_ref0904day_24h (median of 280 shared frames),09-04 12:00 (user-labelled frame),lid,5/10,ok,1.732336028317734,3.9204862063099597,tie (labels),4.545968251191942,unreliable,0.0,1.0039633374853456,0.00037794702565318775,-76.73276553301493,-0.001606621706849179,0.9940179183067083,70.32230074347963,0.9960517024899018,-0.00037872031421137386,76.45643422975162,0.0016099088928803237,1.006017470231526,-70.62193033320904
CH08,2026-08-30,2026-08-31 07:00:00,1,,ch0708_ref0904night_24h,to ch0708_ref0904day_24h (median of 280 shared frames),09-04 12:00 (user-labelled frame),lid,5/10,ok,1.6437986010106787,4.449381911035759,tie (labels),4.545968251191942,unreliable,0.0,1.0042917648621763,0.0004793995977411252,-77.3598384214534,-0.0018537571749452438,0.9938780245043142,70.86301055491283,0.995725689132455,-0.0004802908234827679,77.06321327707094,0.0018572033941762372,1.006158789109135,-71.1557679380697
CH08,2026-08-30,2026-08-31 07:40:00,2,7.491957073322238,ch0708_ref0904night_24h,to ch0708_ref0904day_24h (median of 280 shared frames),09-04 12:00 (user-labelled frame),ok,5/10,unreliable,2.897083624197139,8.938769780892336,tie (labels),4.545968251191942,unreliable,0.0,1.0051116613748712,0.00037764825366020044,-78.45846503778502,-0.002229880225030701,0.9944704922382428,70.48025552640993,0.9949134966224712,-0.00037781648372169893,78.08601439268939,0.0022308735644245826,1.0055594060551845,-70.69705297019628
CH08,2026-08-30,2026-08-31 08:00:00,2,,ch0708_ref0904day_24h,,09-04 12:00 (user-labelled frame),sample,5/10,unreliable,5.510499974557941,9.69075825628843,tie (labels),0.0,same frame,0.0,0.9978600145124956,0.0007962769859808094,-62.593963142658,0.005432699586450925,0.9927693287156396,56.724105387631106,1.0021489510162946,-0.0008038001609613122,62.77406934840829,-0.005484027391128129,1.0072877332930124,-57.48076254737448
CH08,2026-08-30,2026-08-31 09:00:00,2,1.2742710134458493,ch0708_ref0904day_24h,,09-04 12:00 (user-labelled frame),ok,5/10,unreliable,4.572024424408564,7.264927917837954,tie (labels),0.0,same frame,0.0,0.9997456502595268,0.002906522056622174,-68.40978408395742,0.008651231210236747,0.9949082639350464,49.62787861308815,1.0002797016328446,-0.0029222141588092373,68.57394170182309,-0.00869793858129751,1.0051432046559232,-50.478149049756674
CH08,2026-08-30,2026-08-31 10:00:00,2,,ch0708_ref0904night_24h,to ch0708_ref0904day_24h (median of 280 shared frames),09-04 12:00 (user-labelled frame),sample,5/10,unreliable,5.613592849712747,8.65490125563538,tie (labels),4.545968251191942,unreliable,0.0,1.0019083845420405,0.0008847740159916751,-71.79490177267579,0.0016555857989316047,0.9945180392095457,62.46643020164769,0.9980967177427076,-0.0008879577910997118,71.71372336334754,-0.001661543266895839,1.005513656529671,-62.93013897805208
CH08,2026-08-30,2026-08-31 11:00:00,2,,ch0708_ref0904night_24h,to ch0708_ref0904day_24h (median of 280 shared frames),09-04 12:00 (user-labelled frame),sample,5/10,unreliable,6.077671273705013,9.111121041399226,tie (labels),4.545968251191942,unreliable,0.0,1.0040965114712288,0.0008404825416085698,-75.99614136500858,-0.0007076854488292017,0.9949970416023877,67.66151653037306,0.9959196085503875,-0.0008412618418284079,75.74296841159651,0.000708341618825063,1.0050275154997368,-67.94785462366626
CH08,2026-08-31,2026-08-31 12:00:00,2,2.693430610335017,ch0708_ref0904day_24h,,09-04 12:00 (user-labelled frame),ok,5/10,unreliable,3.008723115904938,6.265476869857773,tie (labels),0.0,same frame,2.5,0.9977137139606114,0.0016778991005213795,-63.12728398458199,0.007391449704743397,0.9926383405194175,53.90030751051056,1.0023040766890874,-0.0016942375083411699,63.364054010751694,-0.007463423352990803,1.0074288711718054,-54.77187159662824
CH08,2026-08-31,2026-08-31 13:00:00,2,0.7686976978940788,ch0708_ref0904night_24h,to ch0708_ref0904day_24h (median of 280 shared frames),09-04 12:00 (user-labelled frame),ok,5/10,unreliable,4.802164010679849,8.059950904774102,tie (labels),4.545968251191942,unreliable,2.5,1.0010648249446026,0.0022064008334138022,-70.62901479524743,0.007608872610156577,0.9963863450681678,49.22724488103886,0.9989531212687467,-0.0022120847101310777,70.66396961757214,-0.007628473714914442,1.0036436533083422,-49.94540347758607
CH08,2026-08-31,2026-08-31 19:25:00,3,0.610695984357121,ch0708_ref0904night_24h,to ch0708_ref0904day_24h (median of 280 shared frames),09-04 12:00 (user-labelled frame),ok,5/10,ok,2.345421845654738,4.4399022451698125,tie (labels),4.545968251191942,unreliable,2.5,1.004638556487192,0.0004934310367525781,-77.61867096480336,-0.0012783743873336553,0.9946831626500995,69.6258794223297,0.9953822320573328,-0.0004937778231015639,77.29462566944233,0.0012792728366678077,1.0053446226060716,-69.89870801407436
CH08,2026-08-31,2026-08-31 20:00:00,3,0.45220659886216374,ch0708_ref0904night_24h,to ch0708_ref0904day_24h (median of 280 shared frames),09-04 12:00 (user-labelled frame),ok,5/10,ok,1.818220011142414,4.798295762372404,tie (labels),4.545968251191942,unreliable,2.5,1.0081947350544038,0.0027159088509320804,-84.28345343333604,0.0004188433100986693,0.998218875694544,64.21726287099644,0.9918729939159174,-0.0026986432622829494,83.7717807782649,-0.0004161806374179855,1.0017854346952644,-64.3669957415349
CH08,2026-08-31,2026-08-31 21:00:00,3,8.206101588400305,ch0708_ref0904day_24h,,09-04 12:00 (user-labelled frame),ok,5/10,unreliable,3.973346738623028,4.856680961299546,tie (labels),0.0,same frame,2.5,1.0169804379076062,0.004027118013632147,-103.19482095703029,-0.0036855226491037396,1.0005735918666636,72.78889099426395,0.9832887409496955,-0.003957549782912798,101.75837123112039,0.00362185545854555,0.9994121596744062,-72.37234602330543
CH08,2026-08-31,2026-08-31 22:00:00,3,0.958979051379441,ch0708_ref0904night_24h,to ch0708_ref0904day_24h (median of 280 shared frames),09-04 12:00 (user-labelled frame),ok,5/10,ok,1.7615958548585222,3.336270575870068,tie (labels),4.545968251191942,unreliable,2.5,1.0041873745651146,-0.0030300497606487098,-74.13334752794235,-0.0004186372221026309,0.9984261015326701,66.36302530344665,0.9958313463441755,0.003022175129440881,73.62375059316494,0.00041754924863871576,1.0015776467180824,-66.4367683889593
CH08,2026-08-31,2026-08-31 23:00:00,3,0.2485705982834718,ch0708_ref0904night_24h,to ch0708_ref0904day_24h (median of 280 shared frames),09-04 12:00 (user-labelled frame),ok,5/10,ok,2.7610529337512477,5.512469554475365,tie (labels),4.545968251191942,unreliable,2.5,1.0048832653607165,5.7282620348459855e-05,-77.71485198115144,-0.002506582073010022,0.9945156430541158,71.85992162319603,0.9951403220624427,-5.731860092928185e-05,77.34130173972844,0.002508156517026658,1.0055144565200251,-72.06126902405327
CH08,2026-08-31,2026-09-01 00:00:00,3,1.2122384217947542,ch0708_ref0904night_24h,to ch0708_ref0904day_24h (median of 280 shared frames),09-04 12:00 (user-labelled frame),ok,5/10,ok,1.4016840238473038,4.651878327102533,tie (labels),4.545968251191942,unreliable,2.5,1.004239605569618,-0.0024163444867032944,-75.05685566566075,-0.0007142436338073961,0.9978941517352059,67.37284162444854,0.9957800077353439,0.002411225206076907,74.57766522141236,0.0007127304333439725,1.002112018056607,-67.46163897722028
CH08,2026-08-31,2026-09-01 01:00:00,3,0.3081570399492592,ch0708_ref0904night_24h,to ch0708_ref0904day_24h (median of 280 shared frames),09-04 12:00 (user-labelled frame),ok,5/10,ok,2.613828575476817,4.753374206363965,tie (labels),4.545968251191942,unreliable,2.5,1.0045357934402743,-8.89071985044814e-05,-77.16680529710828,-0.0030598548718070604,0.9939011971355801,73.43201443360215,0.9954849583327224,8.90488703039961e-05,76.81185491793168,0.003064730687862842,1.0061365006487737,-73.64613456153633
CH08,2026-08-31,2026-09-01 02:00:00,3,0.7509423692072004,ch0708_ref0904night_24h,to ch0708_ref0904day_24h (median of 280 shared frames),09-04 12:00 (user-labelled frame),ok,5/10,ok,2.1635564266147966,5.2300927604808,tie (labels),4.545968251191942,unreliable,2.5,1.002284730189449,-0.0068783865444834655,-68.0508429364079,0.0017160552478568151,1.0023895211329497,59.52324041713244,0.9977087561119055,0.006846267183237301,67.48740985094243,-0.0017080419444363353,0.9976044545009173,-59.49688348054999
CH08,2026-08-31,2026-09-01 03:00:00,3,1.2872333758957943,ch0708_ref0904night_24h,to ch0708_ref0904day_24h (median of 280 shared frames),09-04 12:00 (user-labelled frame),ok,5/10,ok,2.2122273817113514,3.8533461646368172,tie (labels),4.545968251191942,unreliable,2.5,1.0025361579429182,-0.006068134754692238,-69.31874812845865,0.00427418275444524,1.0058535187911228,51.33291537500378,0.9974446034564944,0.006017405269296939,68.83272028362514,-0.004238450671954686,0.9941549756787476,-51.32667733074022
CH08,2026-08-31,2026-09-01 04:00:00,3,1.5022859233916266,ch0708_ref0904night_24h,to ch0708_ref0904day_24h (median of 280 shared frames),09-04 12:00 (user-labelled frame),ok,5/10,ok,2.2454020914357375,3.782578990256396,tie (labels),4.545968251191942,unreliable,2.5,1.0022638632294723,-0.00645795103329189,-68.19600321705136,-0.0007462356667354893,0.9987463868099687,67.12390769133339,0.9977460537232106,0.006451482822566342,67.60924435205419,0.0007454882455304535,1.0012600070781095,-67.15764497134437
CH08,2026-08-31,2026-09-01 05:00:00,3,2.342381592026994,ch0708_ref0904day_24h,,09-04 12:00 (user-labelled frame),ok,5/10,ok,2.5149694227949944,3.079911871083007,tie (labels),0.0,same frame,2.5,1.0017464122210686,-0.008218705685600389,-63.96433361441972,0.00030894745242849306,1.0022305230881239,62.69991995453319,0.9982541077525422,0.008186097431736641,63.3393911265386,-0.0003077216831474496,0.9977719176271043,-62.57990258050176
CH08,2026-08-31,2026-09-01 05:32:00,3,2.4584221299092532,ch0708_ref0904day_24h,,09-04 12:00 (user-labelled frame),ok,5/10,ok,1.933840274257312,3.334303267594989,tie (labels),0.0,same frame,2.5,1.0019529078889648,-0.007972389497493904,-64.4331901416683,-0.0009122036865237707,1.0018419680460549,64.76238688379595,0.9980581293814178,0.007942278724944619,63.793708295346875,0.000908758401050429,0.9981686502176578,-64.58523009782463
CH08,2026-08-31,2026-09-01 06:00:00,3,,ch0708_ref0904day_24h,,09-04 12:00 (user-labelled frame),lid,5/10,ok,2.950421708098281,3.208817235864643,tie (labels),0.0,same frame,2.5,1.0015750985906362,-0.008952383804677902,-62.88585540034086,-0.001702779609882326,1.0016269916160256,66.63171457422716,0.9984425500186623,0.008923921768788493,62.19329761784056,0.001697366015534092,0.9983908219751576,-66.4177519695624
CH08,2026-08-31,2026-09-01 07:00:00,3,,ch0708_ref0904night_24h,to ch0708_ref0904day_24h (median of 280 shared frames),09-04 12:00 (user-labelled frame),lid,5/10,ok,1.8425354006403376,3.9448030359183806,tie (labels),4.545968251191942,unreliable,2.5,1.0023110617324373,-0.0075159393688818965,-67.08974362061105,-0.0018000645484845604,0.9993103050333564,69.07116961730465,0.9977077432940196,0.007503886299072572,66.41765450254199,0.001797177842964555,1.0007036877762638,-68.99920195433144
CH08,2026-08-31,2026-09-01 08:00:00,3,,ch0708_ref0904night_24h,to ch0708_ref0904day_24h (median of 280 shared frames),09-04 12:00 (user-labelled frame),lid,5/10,unreliable,5.114887618185128,9.790292532249275,tie (labels),4.545968251191942,unreliable,2.5,1.0036810711534772,-0.0030474304227929372,-72.74753981966238,0.0059754931518169315,1.0037753548490709,49.13116258107661,0.9963144211766434,0.003024779262704219,72.33081210572394,-0.005931078076421447,0.9962208382796852,-49.37695931071364
CH08,2026-08-31,2026-09-01 08:27:00,4,0.7383704327019992,ch0708_ref0904night_24h,to ch0708_ref0904day_24h (median of 280 shared frames),09-04 12:00 (user-labelled frame),ok,5/10,ok,2.082983743873399,3.385770854373709,tie (labels),4.545968251191942,unreliable,2.5,1.0024139966258965,-0.0042262054860360545,-69.11678896382692,0.004598606432739321,1.0024239268246293,52.64044475268285,0.9975725226977673,0.0042057520329736656,68.72761686987879,-0.004576350680827775,0.9975626405579501,-52.82844373186243
CH08,2026-08-31,2026-09-01 09:00:00,4,,ch0708_ref0904night_24h,to ch0708_ref0904day_24h (median of 280 shared frames),09-04 12:00 (user-labelled frame),sample,5/10,unreliable,15.222871875796335,22.331730444090333,tie (labels),4.545968251191942,unreliable,2.5,0.9953374845401983,0.00037795431345215785,-70.98724144196561,-0.02723895852998052,1.0434892892378411,14.531762212347786,1.0046743977781718,-0.000363895467036902,71.3243520880376,0.026225745237117824,0.9583137059287418,-12.064293590247496
CH08,2026-08-31,2026-09-01 11:00:00,4,,ch0708_ref0904night_24h,to ch0708_ref0904day_24h (median of 280 shared frames),09-04 12:00 (user-labelled frame),sample,5/10,unreliable,43.40415315547369,73.90087696277544,tie (labels),4.545968251191942,unreliable,2.5,0.9979324103584334,0.0014010769600879165,-12.650023495591284,0.006524838257170961,0.9998518849734319,-23.49500772291932,1.0020810545906753,-0.0014042006609457994,12.643357179685482,-0.006539385383019204,1.00015730050733,23.415980120811945
CH08,2026-09-01,2026-09-01 12:00:00,4,0.7383704327019917,ch0708_ref0904night_24h,to ch0708_ref0904day_24h (median of 280 shared frames),09-04 12:00 (user-labelled frame),ok,5/10,ok,2.3680049699703583,4.734236679909503,tie (labels),4.545968251191942,unreliable,0.0,1.0031877655202324,-0.005392962917029737,-68.87367205667405,0.003832472733737029,1.0036063634903698,53.958332925176826,0.9968019010179716,0.005356398567580676,68.36438489899157,-0.0038064885253443,0.9963861411467966,-54.02550196841313
CH08,2026-09-01,2026-09-01 13:00:00,4,,ch0708_ref0904night_24h,to ch0708_ref0904day_24h (median of 280 shared frames),09-04 12:00 (user-labelled frame),sample,5/10,unreliable,60.89302998640661,104.02247982716564,tie (labels),4.545968251191942,unreliable,0.0,0.9987095533497775,0.0011823711837027234,-16.280414116027956,0.006895330931813142,0.9990725519371989,-26.5952815291706,1.0013002956322608,-0.0011850076488369213,16.27006785535939,-0.006910706221604586,1.0009364876263314,26.507678522119534
CH08,2026-09-01,2026-09-01 14:00:00,4,,ch0708_ref0904night_24h,to ch0708_ref0904day_24h (median of 280 shared frames),09-04 12:00 (user-labelled frame),sample,5/10,unreliable,inf,nan,tie (labels),4.545968251191942,unreliable,0.0,0.9977259132117783,-0.004356544089778165,15.316443797586647,0.006825376918669834,0.9996931254979605,3.4522549609381556,1.0022493910090917,0.004367683991734454,-15.365974827284473,-0.006842829750116462,1.0002771484623307,-3.34840393080804
CH08,2026-09-01,2026-09-01 15:00:00,4,,ch0708_ref0904night_24h,to ch0708_ref0904day_24h (median of 280 shared frames),09-04 12:00 (user-labelled frame),sample,5/10,unreliable,86.96646970371265,149.8693219460337,tie (labels),4.545968251191942,unreliable,0.0,0.9943899647012473,0.0036032168170774008,-15.048044991815857,-0.0017374211976552978,1.0025739866136556,-21.39855857162837,1.0056353705049357,-0.0036142193266855433,15.05550721676689,0.0017427264552601115,0.9974263584838841,21.36971097901057
CH08,2026-09-01,2026-09-01 15:05:00,4,,ch0708_ref0904night_24h,to ch0708_ref0904day_24h (median of 280 shared frames),09-04 12:00 (user-labelled frame),sample,5/10,unreliable,15.64262107135047,23.416575209210198,tie (labels),4.545968251191942,unreliable,0.0,0.9994291719818322,-0.0022971781954427687,-8.523003028608445,0.005526739240696764,0.9979346727245951,-17.01822069411467,1.0005584174938895,0.00230321787863964,8.566959092765412,-0.005541270004653928,1.0020568460510257,17.00599629311284
CH08,2026-09-01,2026-09-01 15:55:00,5,,ch0708_ref0904night_24h,to ch0708_ref0904day_24h (median of 280 shared frames),09-04 12:00 (user-labelled frame),sample,5/10,unreliable,inf,nan,tie (labels),4.545968251191942,unreliable,0.0,0.9977030924544922,-0.004379434914879301,15.61142993335304,0.00684802812630118,0.9997157362622049,3.697509136966673,1.0022720590744834,0.004390633347565429,-15.66313443131847,-0.0068655388744903,1.0002542688365486,-3.59126841921924
CH08,2026-09-01,2026-09-01 16:00:00,5,,ch0708_ref0904day_24h,,09-04 12:00 (user-labelled frame),sample,5/10,unreliable,3.767302470529726,10.948364364883025,tie (labels),0.0,same frame,0.0,1.013122140347337,-0.015445781330988076,-71.95060584459189,0.019781652162083954,1.025446350204905,41.79533322584941,0.9867576127795605,0.014863032386467988,70.37660266991357,-0.019035316533520415,0.9748983790946212,-42.11580517263052
CH08,2026-09-01,2026-09-01 17:00:00,5,,ch0708_ref0904night_24h,to ch0708_ref0904day_24h (median of 280 shared frames),09-04 12:00 (user-labelled frame),sample,5/10,unreliable,inf,nan,tie (labels),4.545968251191942,unreliable,0.0,0.9981577522681534,-0.003952420863932249,9.792884766248683,0.006379098453137314,0.9992651513587946,-1.0206039362025958,1.0018203238669037,0.003962527407844307,-9.806666817044768,-0.006395410136749831,1.000710093099697,1.0839581745173068
CH08,2026-09-01,2026-09-01 18:00:00,5,,ch0708_ref0904night_24h,to ch0708_ref0904day_24h (median of 280 shared frames),09-04 12:00 (user-labelled frame),sample,5/10,unreliable,11.21970359026405,16.405493129534968,tie (labels),4.545968251191942,unreliable,0.0,1.013199528229585,-4.6160802256031876e-05,-78.93411768850679,0.01988225974843798,1.0061145201165866,49.24841686518213,0.9869715409644721,4.5282517272002715e-05,77.90349767740922,-0.019503967142326727,0.9939217451760377,-50.488600875604014
CH08,2026-09-01,2026-09-01 19:00:00,5,,ch0708_ref0904night_24h,to ch0708_ref0904day_24h (median of 280 shared frames),09-04 12:00 (user-labelled frame),sample,5/10,unreliable,inf,nan,tie (labels),4.545968251191942,unreliable,0.0,1.0022978343166373,-5.676239068271846e-05,-46.934751276483986,0.002113522168615,0.9951622023992205,-50.01207355518522,0.997707313621412,5.690755957797665e-05,46.82999067660543,-0.0021189274673459246,1.0048611948019406,50.15574065353316
CH08,2026-09-01,2026-09-01 19:19:00,5,,ch0708_ref0904night_24h,to ch0708_ref0904day_24h (median of 280 shared frames),09-04 12:00 (user-labelled frame),sample,5/10,unreliable,inf,nan,tie (labels),4.545968251191942,unreliable,0.0,1.0018375425509005,-0.00048418388045054007,-40.665521963118884,0.0025912272426448783,0.9956183870676126,-44.59854159801213,0.9981645722865802,0.00048542212781085305,40.61253245608687,-0.0025978540231361875,1.0043996325803575,44.68911570482835
CH08,2026-09-01,2026-09-01 20:00:00,5,,ch0708_ref0904night_24h,to ch0708_ref0904day_24h (median of 280 shared frames),09-04 12:00 (user-labelled frame),lid,5/10,ok,2.7038682270248513,4.649575727224111,tie (labels),4.545968251191942,unreliable,0.0,1.002867382605703,-0.005523128239540759,-59.83410475311694,-0.0009474205396384407,1.0009700627598273,67.59656816252397,0.9971460135995897,0.00550202799419669,59.29142082152899,0.0009438010680340581,0.9990360850325176,-67.4749393267508
CH08,2026-09-01,2026-09-01 20:06:00,6,1.6567905614003935,ch0708_ref0904night_24h,to ch0708_ref0904day_24h (median of 280 shared frames),09-04 12:00 (user-labelled frame),ok,5/10,ok,2.242814047570298,3.141269064197237,tie (labels),4.545968251191942,unreliable,0.0,1.0032911456446691,-0.004497192214865606,-61.53683480767597,-0.002255841246978223,0.9994587524847768,71.2099507382048,0.9967297345262471,0.00448491265026445,61.016222612549925,0.0022496816818543095,1.0005516633525875,-71.11079636834052
CH08,2026-09-01,2026-09-01 21:00:00,6,0.14867620472772738,ch0708_ref0904night_24h,to ch0708_ref0904day_24h (median of 280 shared frames),09-04 12:00 (user-labelled frame),ok,5/10,ok,2.6506224706195836,3.239829058558551,tie (labels),4.545968251191942,unreliable,0.0,1.003934501422149,-5.5195546450182266e-05,-66.72589795977835,-0.004225713715740707,0.9947290154101774,76.47566263660934,0.9960811508530146,5.5270573772685056e-05,66.46018237772327,0.004231457729635768,1.0052991498848263,-76.59857081877337
CH08,2026-09-01,2026-09-01 22:00:00,6,0.956321307620621,ch0708_ref0904night_24h,to ch0708_ref0904day_24h (median of 280 shared frames),09-04 12:00 (user-labelled frame),ok,5/10,unreliable,2.1576242191927855,7.589573999955785,tie (labels),4.545968251191942,unreliable,0.0,1.0033762533448107,-0.0036634543202692374,-62.86819792827154,-0.01429128503233904,0.9847597612475436,99.9522286616783,0.996687918719763,0.003707828858856288,62.28936758885231,0.014464391920998012,1.015529907895663,-100.59512731255903
CH08,2026-09-01,2026-09-01 23:00:00,6,0.7424078884597156,ch0708_ref0904night_24h,to ch0708_ref0904day_24h (median of 280 shared frames),09-04 12:00 (user-labelled frame),ok,5/10,ok,1.2797452932978417,5.859328839265552,tie (labels),4.545968251191942,unreliable,0.0,1.0036358979036264,-0.0007032899475163293,-66.37363946596437,-0.0010755406424085533,0.9979097087326861,69.77381962328485,0.9963780264782132,0.0007022104743706798,66.0842399942977,0.0010738898051619312,1.0020954265750899,-69.848747564415
CH08,2026-09-01,2026-09-02 00:00:00,6,0.38084547549517467,ch0708_ref0904night_24h,to ch0708_ref0904day_24h (median of 280 shared frames),09-04 12:00 (user-labelled frame),ok,5/10,unreliable,3.415379811715491,5.866086835270257,tie (labels),4.545968251191942,unreliable,0.0,1.0033531073383621,-0.002124702392087549,-64.26302771284465,-0.0013712222396512555,0.9980279615870233,70.00594246377818,0.9966609981420093,0.0021217922626990907,63.899915276848745,0.00136934412526094,1.001978850230383,-70.05647553968075
CH08,2026-09-01,2026-09-02 01:00:00,6,0.5644158697068254,ch0708_ref0904night_24h,to ch0708_ref0904day_24h (median of 280 shared frames),09-04 12:00 (user-labelled frame),ok,5/10,ok,1.3921801257669384,5.539501966758167,tie (labels),4.545968251191942,unreliable,0.0,1.003290141074245,-0.0012035831214937346,-65.27010484604257,-0.0010057192654768354,0.9975949965333378,69.96097145026512,0.9967218538961734,0.0012025296882423654,64.97200976095795,0.0010048390120926893,1.0024120137754284,-70.06413232947283
CH08,2026-09-01,2026-09-02 02:00:00,6,0.5509956153327304,ch0708_ref0904night_24h,to ch0708_ref0904day_24h (median of 280 shared frames),09-04 12:00 (user-labelled frame),ok,5/10,ok,2.617155417241432,5.1182014859884415,tie (labels),4.545968251191942,unreliable,0.0,1.0030720700220603,-0.0011073912952719496,-65.11108944554344,-0.0013605838133490273,0.9973082364471623,70.4192393060909,0.9969388402157461,0.0011069811250194368,64.8338212282737,0.0013600798622987807,1.0027005389056374,-70.52085291997517
CH08,2026-09-01,2026-09-02 03:00:00,6,0.5288223667874229,ch0708_ref0904night_24h,to ch0708_ref0904day_24h (median of 280 shared frames),09-04 12:00 (user-labelled frame),ok,5/10,ok,2.315228215361477,5.189455739751955,tie (labels),4.545968251191942,unreliable,0.0,1.0027910852936854,-0.0019675065466994712,-63.82288276211815,-0.0011094482362214312,0.9975663822928439,70.18807821933727,0.9972188591937463,0.0019668211246716832,63.50733494355377,0.0011090617367401096,1.0024417420600975,-70.28867588484293
CH08,2026-09-01,2026-09-02 04:00:00,6,0.6660522654565065,ch0708_ref0904night_24h,to ch0708_ref0904day_24h (median of 280 shared frames),09-04 12:00 (user-labelled frame),ok,5/10,ok,1.2662205464901424,5.578536869127364,tie (labels),4.545968251191942,unreliable,0.0,1.002835687599045,-0.002023939729556222,-63.87863519780966,-0.0014407630901300348,0.9974976047650654,70.83520578540397,0.9971752376198791,0.002023285641095729,63.55487337745975,0.001440297470280888,1.0025115953143537,-70.92111091966547
CH08,2026-09-01,2026-09-02 05:00:00,6,0.5541189397669387,ch0708_ref0904night_24h,to ch0708_ref0904day_24h (median of 280 shared frames),09-04 12:00 (user-labelled frame),ok,5/10,ok,1.7571060832721326,4.588501651526975,tie (labels),4.545968251191942,unreliable,0.0,1.0029292985684646,-0.0011969566595905292,-64.84770520224103,-0.0015317069221203634,0.9972551747662807,70.72249929336907,0.9970810848721892,0.001196747707996822,64.57378326558924,0.001531439533489451,1.0027542181479394,-70.8179741449877
CH08,2026-09-01,2026-09-02 06:00:00,6,0.4648190057904873,ch0708_ref0904night_24h,to ch0708_ref0904day_24h (median of 280 shared frames),09-04 12:00 (user-labelled frame),ok,5/10,ok,1.2103295461078185,4.668782016401409,tie (labels),4.545968251191942,unreliable,0.0,1.0028587186181115,-0.0015768499116118463,-64.29417471149065,-0.0009031580687412551,0.9975857781807103,69.71434929362574,0.9971508498243624,0.0015761624351509093,64.00110981377134,0.0009027643090636901,1.0024214913603882,-69.8251195019251
CH08,2026-09-01,2026-09-02 07:00:00,6,,ch0708_ref0904day_24h,,09-04 12:00 (user-labelled frame),sample,5/10,unreliable,6.921641000498629,8.221967371740954,tie (labels),0.0,same frame,0.0,0.9875669121619584,-0.00231826857906392,-25.723629642799057,0.009851336741672722,0.9946659248957432,44.11584169327201,1.0125660738974729,0.00235998846908189,25.94276179610173,-0.010028622794334714,1.0053393063240788,-44.609362264405746
CH08,2026-09-01,2026-09-02 07:35:00,6,4.929898855648369,ch0708_ref0904night_24h,to ch0708_ref0904day_24h (median of 280 shared frames),09-04 12:00 (user-labelled frame),ok,5/10,unreliable,4.797683750937715,8.575071298886835,tie (labels),4.545968251191942,unreliable,0.0,1.000367056725023,-0.0033075044789030116,-59.58816656693616,0.014719347083957321,0.9961344540241899,46.12381446491874,0.999584242972661,0.003318958949082457,59.410309321155545,-0.014770322773728728,1.0038315039216468,-47.18067449461074
CH08,2026-09-01,2026-09-02 08:00:00,6,,ch0708_ref0904night_24h,to ch0708_ref0904day_24h (median of 280 shared frames),09-04 12:00 (user-labelled frame),lid,5/10,unreliable,4.222330777595819,8.10944585966245,tie (labels),4.545968251191942,unreliable,0.0,1.0024681996510276,-0.0037903734674284584,-63.58533132201951,0.014211433459477483,0.9975944215949931,46.00174532737086,0.9974841492848332,0.0037899544862978764,63.25101559965789,-0.01420986255294038,1.002357388602124,-47.01372813595248
CH08,2026-09-01,2026-09-02 08:45:00,7,1.7015987671212676,ch0708_ref0904night_24h,to ch0708_ref0904day_24h (median of 280 shared frames),09-04 12:00 (user-labelled frame),ok,5/10,ok,0.9859836199011511,1.7936609447027023,tie (labels),4.545968251191942,unreliable,0.0,0.9975912891358114,-0.009503326912450646,9.02640951856882,0.013132777888257261,0.9972347166382393,-26.466543196245794,1.0022887862843581,0.009551490574709892,-8.794274102987826,-0.013199335914153126,1.0026471659214196,26.655747138786975
CH08,2026-09-01,2026-09-02 09:00:00,7,,ch0708_ref0904night_24h,to ch0708_ref0904day_24h (median of 280 shared frames),09-04 12:00 (user-labelled frame),sample,5/10,unreliable,6.8226627676937905,15.521392098511992,tie (labels),4.545968251191942,unreliable,0.0,1.008907977934146,0.004910073489229947,-18.585545751502547,0.010160531409810413,0.9863765158235235,-18.240192345155585,0.9912203648105197,-0.004934185635165443,18.33237094495484,-0.010210427244704315,1.0138624733103954,18.30328016201794
CH08,2026-09-01,2026-09-02 10:00:00,7,,ch0708_ref0904night_24h,to ch0708_ref0904day_24h (median of 280 shared frames),09-04 12:00 (user-labelled frame),sample,5/10,unreliable,6.025730591624929,10.91689336118225,tie (labels),4.545968251191942,unreliable,0.0,1.011152819705403,0.010895366044699631,-24.684973269472987,0.013815190512012722,0.996279823263683,-27.52141788163408,0.9891179849674695,-0.010817043822400101,24.118650635996747,-0.013715878894766179,1.0038840656682415,27.289736772084833
CH08,2026-09-01,2026-09-02 11:00:00,7,9.078394557949128,ch0708_ref0904night_24h,to ch0708_ref0904day_24h (median of 280 shared frames),09-04 12:00 (user-labelled frame),ok,5/10,unreliable,4.0242465521338175,5.8237837550662395,tie (labels),4.545968251191942,unreliable,0.0,1.0051000816381608,-0.017233519677510828,-2.358179960012074,0.021893288963513495,1.0204388418437191,-55.061521744671765,0.9945599332227485,0.016796467830144646,3.270190382220022,-0.021338062720385007,0.9796101726881566,53.888507832877906
CH08,2026-09-02,2026-09-02 12:00:00,7,17.330660770029432,ch0708_ref0904day_24h,,09-04 12:00 (user-labelled frame),outlier,5/10,ok,2.5459305991713377,3.8984778351140332,tie (labels),0.0,same frame,0.25,1.0000514561319431,-0.011271127108803375,7.225892445611932,0.0312615821552828,0.9979612159767219,-67.85980349664285,0.9995956343398873,0.011289586480595866,-6.456861422711667,-0.03131278104269265,1.0016892978013838,68.20070170147957
CH08,2026-09-02,2026-09-02 13:00:00,7,7.242841380951399,ch0708_ref0904night_24h,to ch0708_ref0904day_24h (median of 280 shared frames),09-04 12:00 (user-labelled frame),ok,5/10,ok,1.7916964393200343,5.112415182106561,tie (labels),4.545968251191942,unreliable,0.25,0.9997726513703206,-0.010081397178672907,6.757251826381917,6.157584219055505e-05,0.9890206418579388,4.988857859340843,1.0002267723818874,0.010195624777032985,-6.80964870727339,-6.227352927159833e-05,1.01110060788747,-5.043816416324303
CH08,2026-09-02,2026-09-02 14:00:00,7,4.53680297597525,ch0708_ref0904night_24h,to ch0708_ref0904day_24h (median of 280 shared frames),09-04 12:00 (user-labelled frame),ok,5/10,ok,1.7379056886953372,4.83204320195853,tie (labels),4.545968251191942,unreliable,0.25,1.0002040286492426,-0.008396310831078538,4.18907409041503,0.012304515107775003,1.0041268146658873,-27.876039757302152,0.9996931775856089,0.008359237630269137,-3.9547663480664275,-0.01225018556130748,0.9957877122990627,27.80993479281928
CH08,2026-09-02,2026-09-02 15:00:00,7,20.56734253094441,ch0708_ref0904day_24h,,09-04 12:00 (user-labelled frame),outlier,5/10,ok,1.4149564447930854,3.006706763106494,tie (labels),0.0,same frame,0.25,1.018277867105984,-0.011669560704120951,-37.289047606950085,0.01829447594408501,0.9964765563536828,-36.279075699532534,0.9818436389562875,0.011498197196611918,37.02915816212615,-0.018025827822248597,1.0033248049170638,35.72753059698635
CH08,2026-09-02,2026-09-02 16:00:00,7,,ch0708_ref0904night_24h,to ch0708_ref0904day_24h (median of 280 shared frames),09-04 12:00 (user-labelled frame),sample,5/10,unreliable,6.431674736346749,12.434281815683573,tie (labels),4.545968251191942,unreliable,0.25,1.0102520707672507,0.008136624268138567,-22.597155453806245,0.0136097509430553,1.0069506247195152,-30.37982554280942,0.9899597316637566,-0.007999330036047156,22.12725569845976,-0.013380105300943131,0.9932054703954137,29.87105659930293
CH08,2026-09-02,2026-09-02 17:00:00,7,1.7861953989837058,ch0708_ref0904night_24h,to ch0708_ref0904day_24h (median of 280 shared frames),09-04 12:00 (user-labelled frame),ok,5/10,ok,2.0642048641530106,3.0856201002542853,tie (labels),4.545968251191942,unreliable,0.25,0.9999921081746361,-0.009074342833376953,4.502530049424978,0.013256094204359872,1.0003809090683213,-28.192888101059225,0.9998876599058728,0.00906986862564092,-4.246318443521413,-0.013249558136643694,0.9994990507148814,28.238421427571414
CH08,2026-09-02,2026-09-02 18:00:00,7,,ch0708_ref0904day_24h,,09-04 12:00 (user-labelled frame),sample,5/10,unreliable,5.247077142285682,5.720416070322088,tie (labels),0.0,same frame,0.25,1.0032737993531005,-0.01256046415525991,-1.1113840290654573,0.015234569306088245,1.025380643566655,-37.36492707239747,0.9965515170260832,0.01220731997137834,1.563677060643715,-0.014806241222198702,0.975066218589937,36.416822728346524
CH08,2026-09-02,2026-09-02 18:51:00,7,4.144528632074239,ch0708_ref0904night_24h,to ch0708_ref0904day_24h (median of 280 shared frames),09-04 12:00 (user-labelled frame),ok,5/10,ok,1.096369030841382,1.3766922906002375,tie (labels),4.545968251191942,unreliable,0.25,0.9986548246998215,-0.0026656944924219944,-3.8258919957516015,0.004820383824013771,0.9986475795980219,-14.808857259866036,1.0013340856411528,0.0026728655951306344,3.8705781484008317,-0.004833351351836386,1.0013413502333213,14.810229243757133
CH08,2026-09-02,2026-09-02 19:00:00,7,,ch0708_ref0904night_24h,to ch0708_ref0904day_24h (median of 280 shared frames),09-04 12:00 (user-labelled frame),lid,5/10,ok,0.8992301633775395,1.796378523623326,tie (labels),4.545968251191942,unreliable,0.25,0.999854118733721,-0.0023459765535355404,-6.4220041776131005,0.004918472835381448,0.9995832884775477,-15.529606473857857,1.000134355883125,0.002347269883694022,6.459319189237523,-0.004921184375376204,1.0004053354472433,15.50429730722598
CH08,2026-09-02,2026-09-02 19:21:00,8,1.7169914417754035,ch0708_ref0904night_24h,to ch0708_ref0904day_24h (median of 280 shared frames),09-04 12:00 (user-labelled frame),ok,5/10,ok,1.8040821988670634,2.8399961311802397,tie (labels),4.545968251191942,unreliable,0.25,0.9984411448951568,-0.0038783591295776356,-2.9116034253433236,-0.0026532466678782563,0.9899742675258049,4.040765393266515,1.001571715974913,0.003923793714645,2.9003245091070924,0.0026843291843262752,1.0101377819565722,-4.07391408971328
CH08,2026-09-02,2026-09-02 20:00:00,8,1.1518309515880398,ch0708_ref0904night_24h,to ch0708_ref0904day_24h (median of 280 shared frames),09-04 12:00 (user-labelled frame),ok,5/10,unreliable,0.93657170480335,2.302788064579352,tie (labels),4.545968251191942,unreliable,0.25,1.0009808987529234,-7.714365732558687e-07,-9.836091557335807,0.006439740822553557,0.9998042709839793,-18.428635065524038,0.9990200575074905,7.708314838653142e-07,9.826466958630673,-0.00643468970236463,1.0001957623684417,18.368950501716103
CH08,2026-09-02,2026-09-02 21:00:00,8,0.9248403882315741,ch0708_ref0904night_24h,to ch0708_ref0904day_24h (median of 280 shared frames),09-04 12:00 (user-labelled frame),ok,5/10,ok,1.3291265495064681,2.1180185291900906,tie (labels),4.545968251191942,unreliable,0.25,0.9979319467204423,-0.003519435381700083,-2.325017986490445,0.005791491411503836,0.9991671176298043,-16.992210503522653,1.0020518549972477,0.0035295964914671615,2.3897642328402213,-0.005808212269699835,1.0008131179740547,16.992522977305583
CH08,2026-09-02,2026-09-02 22:00:00,8,1.0118942041860606,ch0708_ref0904night_24h,to ch0708_ref0904day_24h (median of 280 shared frames),09-04 12:00 (user-labelled frame),ok,5/10,ok,0.6881789368910654,1.2968033725015498,tie (labels),4.545968251191942,unreliable,0.25,0.997509752881166,-0.0037842417249682524,-1.6315501871188116,0.00400218902797283,0.9962193085050971,-11.705983165351954,1.002481185435396,0.003808028109907741,1.6801750786279759,-0.004027345351415873,1.003779741081543,11.743657934760193
CH08,2026-09-02,2026-09-02 23:00:00,8,0.6531522387578832,ch0708_ref0904night_24h,to ch0708_ref0904day_24h (median of 280 shared frames),09-04 12:00 (user-labelled frame),ok,5/10,ok,1.7502068077145192,4.88103961186644,tie (labels),4.545968251191942,unreliable,0.25,0.9972903872159844,-0.004073471596177534,-0.7143429387981484,0.005722296020890707,0.9990938128987731,-16.666132536710627,1.0026935175795588,0.004088148190689979,0.7844006536373879,-0.005742913279755994,1.0008835942087773,16.676756225353255
CH08,2026-09-02,2026-09-03 00:00:00,8,1.1074997512867,ch0708_ref0904night_24h,to ch0708_ref0904day_24h (median of 280 shared frames),09-04 12:00 (user-labelled frame),ok,5/10,ok,0.6245487542394073,1.0719279582584635,tie (labels),4.545968251191942,unreliable,0.25,0.999942549711816,0.00023300366168556972,-8.274264625219596,0.004892561330398383,0.9966619497502618,-14.146651979160023,1.000058597524429,-0.00023379774374020755,8.271442021328898,-0.004909235296487926,1.0033503778491544,14.153428296640088
CH08,2026-09-02,2026-09-03 01:00:00,8,1.0064117241781092,ch0708_ref0904night_24h,to ch0708_ref0904day_24h (median of 280 shared frames),09-04 12:00 (user-labelled frame),ok,5/10,unreliable,1.5273010115312244,1.9660460964675233,tie (labels),4.545968251191942,unreliable,0.25,0.9982937640083266,-0.002675855052065481,-3.4029208337947745,0.004220918341912972,0.996421293728865,-12.892524433676794,1.0016977784270178,0.002690024869918189,3.4433794507378592,-0.004243269942770386,1.0035801642520819,12.924242277081667
CH08,2026-09-02,2026-09-03 02:00:00,8,1.1563842452868585,ch0708_ref0904night_24h,to ch0708_ref0904day_24h (median of 280 shared frames),09-04 12:00 (user-labelled frame),ok,5/10,ok,0.8626341800573465,1.7749549685094608,tie (labels),4.545968251191942,unreliable,0.25,0.9970653832246826,-0.003487656026302594,-1.4918728982954015,0.0056494243666213,0.9990010030927992,-16.474054127906147,1.0029234152683202,0.0035013497307325656,1.553915687289489,-0.005671605896821689,1.0009801955089979,16.48174060665003
CH08,2026-09-02,2026-09-03 03:00:00,8,3.1204219035719856,ch0708_ref0904day_24h,,09-04 12:00 (user-labelled frame),ok,5/10,ok,1.6886521801626653,3.2230160934998255,tie (labels),0.0,same frame,0.25,0.9970056503105845,-0.0025774081306509933,-0.05685422996713474,0.010935082933785922,1.0025487214302915,-29.590385708591484,1.0029750619079472,0.002578504190513269,0.13332230836952272,-0.010939733150160988,0.9974296335605681,29.513705604131978
CH08,2026-09-02,2026-09-03 04:00:00,8,2.338216837012989,ch0708_ref0904day_24h,,09-04 12:00 (user-labelled frame),ok,5/10,ok,1.9486418278463953,2.1106391922514716,tie (labels),0.0,same frame,0.25,0.9968069670477299,-0.003179403502038436,0.9220339984025434,0.009047201419205224,1.0014392186264391,-25.17278677141791,1.003174354227111,0.0031849122699223764,-0.844787743466484,-0.009062876979915183,0.998534076614993,25.144241675322714
CH08,2026-09-02,2026-09-03 05:00:00,8,1.2653808534314868,ch0708_ref0904night_24h,to ch0708_ref0904day_24h (median of 280 shared frames),09-04 12:00 (user-labelled frame),ok,5/10,ok,1.1718654633863728,1.6654278976926689,tie (labels),4.545968251191942,unreliable,0.25,1.000012215632496,6.503631729588559e-05,-8.446080862120144,0.004869867014471652,0.9966782056790341,-14.122508736194984,0.999988102282857,-6.5252298225855e-05,8.445058846887328,-0.0048860394924092896,1.0033331842434714,14.128313775144356
CH08,2026-09-02,2026-09-03 06:00:00,8,1.1822392047148198,ch0708_ref0904night_24h,to ch0708_ref0904day_24h (median of 280 shared frames),09-04 12:00 (user-labelled frame),ok,5/10,ok,0.7062148000378929,1.207261714423627,tie (labels),4.545968251191942,unreliable,0.25,0.9986525760919873,-0.002095903090129504,-4.8333228730340485,0.0056407093089386965,0.9985526317725203,-16.39578270516867,1.001337370563052,0.0021017480926367018,4.874246621794044,-0.005656439979029498,1.0014375936047561,16.392013776800006
CH08,2026-09-02,2026-09-03 07:00:00,8,1.2284766405056216,ch0708_ref0904night_24h,to ch0708_ref0904day_24h (median of 280 shared frames),09-04 12:00 (user-labelled frame),ok,5/10,ok,0.598772809434809,0.8495534872460287,tie (labels),4.545968251191942,unreliable,0.25,0.9989244295708727,-0.001903461361841238,-5.446733513177482,0.006023422694555167,0.9987094244201203,-16.89680380616716,1.0010652237549604,0.0019079513294939646,5.4847737823888325,-0.0060376310066330595,1.0012807360692368,16.885558785112508
CH08,2026-09-02,2026-09-03 07:35:00,8,1.3429267098653481,ch0708_ref0904day_24h,,09-04 12:00 (user-labelled frame),ok,5/10,ok,1.3465603079182284,1.6692681411020227,tie (labels),0.0,same frame,0.25,0.9971772340195063,-0.0024961810779373095,-0.09909175165155414,0.004464124304850194,0.9972958094652257,-13.51065400215626,1.0028195198435144,0.0025100066462345272,0.13328297415205165,-0.004488849696773673,1.0027002876453914,13.546691846260085
CH08,2026-09-02,2026-09-03 08:00:00,8,,ch0708_ref0904night_24h,to ch0708_ref0904day_24h (median of 280 shared frames),09-04 12:00 (user-labelled frame),lid,5/10,ok,0.8554930852407882,1.5888270311308614,tie (labels),4.545968251191942,unreliable,0.25,0.9974487889194212,-0.0027464697761071964,-1.8003145629271433,0.004757068784855285,0.9976845270421423,-14.298340502642331,1.0025445740358248,0.0027598487268845353,1.8443568534530639,-0.004780242019700491,1.0023076875557586,14.322730665765896
CH08,2026-09-02,2026-09-03 08:40:00,9,7.178377418297458,ch0708_ref0904day_24h,,09-04 12:00 (user-labelled frame),ok,5/10,ok,1.4860341526815315,1.980613869081023,tie (labels),0.0,same frame,0.25,1.0021726675233686,-0.004011950385946428,-10.648477338366696,0.009108946100071798,0.9962812470008655,-23.45023077503592,0.9977955218896168,0.0040180482581513325,10.719227162084234,-0.009122791034304826,1.003695896941961,23.4397565776542
CH08,2026-09-02,2026-09-03 09:00:00,9,1.5863451970732654,ch0708_ref0904night_24h,to ch0708_ref0904day_24h (median of 280 shared frames),09-04 12:00 (user-labelled frame),ok,5/10,ok,1.1240441654407656,4.398191319138132,tie (labels),4.545968251191942,unreliable,0.25,0.9988230358141829,-0.00299677681971316,-3.6415706247761475,0.0027948046391139576,0.9986433189878813,-10.015302376110679,1.0011699445726576,0.003004358839079419,3.675920622784275,-0.0028018756571354807,1.0013501160929652,10.018620968937277
CH08,2026-09-02,2026-09-03 10:00:00,9,0.23967526869315417,ch0708_ref0904night_24h,to ch0708_ref0904day_24h (median of 280 shared frames),09-04 12:00 (user-labelled frame),ok,5/10,ok,0.883637026844567,1.903598875227411,tie (labels),4.545968251191942,unreliable,0.25,0.998446518419649,-0.003090663829897366,-2.6581687156076743,0.004717944563658481,0.9982344138945172,-13.718205783950228,1.0015412459928734,0.003100902213002252,2.7048044221628578,-0.004733573608604452,1.0017540531526192,13.729685608774425
CH08,2026-09-02,2026-09-03 11:00:00,9,2.7593469752446866,ch0708_ref0904day_24h,,09-04 12:00 (user-labelled frame),ok,5/10,ok,1.9346223883977132,3.718084983146027,tie (labels),0.0,same frame,0.25,1.0023711100780577,-0.003188319723254507,-10.506676902362791,0.004555408327671234,0.9996888774640282,-15.480310872580898,0.997620039030528,0.0031817215520329877,10.530925460151776,-0.0045459809907857016,1.0002967208116487,15.437141049513116
CH08,2026-09-03,2026-09-03 12:00:00,9,1.5419431533940813,ch0708_ref0904day_24h,,09-04 12:00 (user-labelled frame),ok,5/10,ok,1.037114854567661,1.3565819447795477,tie (labels),0.0,same frame,18.4,1.0007926677961778,-0.001773263623293636,-6.590452183786084,0.003082150552172168,1.0000152462140004,-11.842949829661155,0.9992025033302445,0.0017718224378754025,6.606179924356159,-0.0030796455944353475,0.9999792930781966,11.822408341591975
CH08,2026-09-03,2026-09-03 13:00:00,9,6.2547706652083255,ch0708_ref0904night_24h,to ch0708_ref0904day_24h (median of 280 shared frames),09-04 12:00 (user-labelled frame),ok,5/10,ok,1.8205583044840947,3.063769282371653,tie (labels),4.545968251191942,unreliable,18.4,0.9999565727990279,-0.0023688471771998883,-4.535197639720993,-0.0006350363643651893,1.0042378619105932,-6.394826471545043,1.000044927175301,0.002358956670190938,4.550486511900142,0.0006323849347275389,0.9957815134760346,6.370717972915105
CH08,2026-09-03,2026-09-03 14:00:00,9,5.4079928398354005,ch0708_ref0904night_24h,to ch0708_ref0904day_24h (median of 280 shared frames),09-04 12:00 (user-labelled frame),ok,5/10,ok,2.18023747606616,2.768578853457415,tie (labels),4.545968251191942,unreliable,18.4,0.9996454665759167,-0.002538838449936138,-4.33011527659743,0.00021656699960981686,1.0024524495853222,-6.576431996069061,1.000354110290296,0.002533524138533709,4.348310164182506,-0.00021611368030726523,0.9975530028740436,6.559403688727052
CH08,2026-09-03,2026-09-03 15:00:00,9,0.49092428468635096,ch0708_ref0904day_24h,,09-04 12:00 (user-labelled frame),ok,5/10,ok,1.1232189313827359,1.6968485441667975,tie (labels),0.0,same frame,18.4,0.9999116193047972,-0.0025954965105723926,-4.850685076089541,0.004934478044672223,1.0005943228829068,-15.90621400346484,1.00007558659478,0.0025941509320547554,4.892314842739343,-0.004931919872227907,0.9993932369494398,15.872639510412549
CH08,2026-09-03,2026-09-03 16:00:00,9,2.9661745782421063,ch0708_ref0904night_24h,to ch0708_ref0904day_24h (median of 280 shared frames),09-04 12:00 (user-labelled frame),ok,5/10,ok,1.9263043494630447,4.264104280328807,tie (labels),4.545968251191942,unreliable,18.4,1.0001427514987238,-0.0024909747411319314,-5.972002354034876,0.008723149345705837,1.001353512333934,-24.728896253528735,0.9998355757672787,0.002487198710389935,6.032526091001147,-0.008709926056223005,0.9986266503060124,24.642919132515065
CH08,2026-09-03,2026-09-03 16:36:00,9,0.11702157582322115,ch0708_ref0904day_24h,,09-04 12:00 (user-labelled frame),ok,5/10,ok,1.2070792904435175,3.216281451752297,tie (labels),0.0,same frame,18.4,0.9997862762342786,-0.003025693667893403,-4.710279605245565,0.004947385236630977,0.9999836362382485,-15.742710983043407,1.000198793759685,0.003026344679296609,4.758858849058697,-0.004948449721195055,1.000001391291531,15.719424303944544
CH08,2026-09-03,2026-09-03 17:00:00,9,,ch0708_ref0904night_24h,to ch0708_ref0904day_24h (median of 280 shared frames),09-04 12:00 (user-labelled frame),lid,5/10,ok,1.3231255335831698,1.7088450420210826,tie (labels),4.545968251191942,unreliable,18.4,1.000640382694938,-0.0028227611364428887,-7.128075816772894,0.005301596581494226,1.0009098794443907,-17.348046659585773,0.9993450949500644,0.0028183481388811657,7.1723004389404315,-0.005293308266735558,0.9990760195215952,17.29428630048702
CH08,2026-09-03,2026-09-03 18:00:00,9,,ch0708_ref0904day_24h,,09-04 12:00 (user-labelled frame),lid,5/10,ok,1.079087473117113,1.8810800959455252,tie (labels),0.0,same frame,18.4,0.999836528073213,-0.002892020859450617,-4.631083787529503,0.004859135500479204,1.0002095373150115,-14.390779368887411,1.0001494444798287,0.00289184710612557,4.673391811109982,-0.004858843562422359,0.9997764576485173,14.365060708579547
CH08,2026-09-03,2026-09-03 18:20:00,10,0.4655489008800106,ch0708_ref0904night_24h,to ch0708_ref0904day_24h (median of 280 shared frames),09-04 12:00 (user-labelled frame),ok,5/10,ok,1.0865058257885005,1.8203612826698088,tie (labels),4.545968251191942,unreliable,18.4,0.9995017987766507,-0.003122176716619554,-4.341861141429012,0.005409385259461183,0.9996346411444041,-15.393811094465832,1.0004815377608298,0.003124821843937432,4.392054828690323,-0.005413968123924478,1.0003485828482053,15.375670415163672
CH08,2026-09-03,2026-09-03 19:00:00,10,1.2429505089499864,ch0708_ref0904night_24h,to ch0708_ref0904day_24h (median of 280 shared frames),09-04 12:00 (user-labelled frame),ok,5/10,ok,2.278214892401728,3.193881982232616,tie (labels),4.545968251191942,unreliable,18.4,0.9979513388275191,-0.0012434253280111307,-5.427212764296779,0.004623199940793734,0.9982007521178777,-13.111121725170785,1.0020470841996,0.0012482165753831729,5.454688245253663,-0.004641014355594327,1.001796709853724,13.109490834417807
CH08,2026-09-03,2026-09-03 20:00:00,10,0.442798577062799,ch0708_ref0904night_24h,to ch0708_ref0904day_24h (median of 280 shared frames),09-04 12:00 (user-labelled frame),ok,5/10,ok,0.3336452612025751,0.4945691769145209,tie (labels),4.545968251191942,unreliable,18.4,0.9996048921227411,-0.003103861594897822,-4.446262318804768,0.005720754724447872,0.9992782221862112,-15.483645821152745,1.000377481059103,0.0031072760067429586,4.4960526597708945,-0.005727047857081875,1.000704510349833,15.469090252801964
CH08,2026-09-03,2026-09-03 21:00:00,10,0.23651856069294144,ch0708_ref0904night_24h,to ch0708_ref0904day_24h (median of 280 shared frames),09-04 12:00 (user-labelled frame),ok,5/10,ok,0.44283731206731075,0.7274393819306832,tie (labels),4.545968251191942,unreliable,18.4,0.9993441966013099,-0.003194805554133144,-4.085428847094173,0.005472068192777117,0.9990031183249832,-15.098603268898295,1.0006387114516868,0.0032000361704441886,4.136354333867525,-0.005481027200973175,1.0009803481499786,15.091012810041656
CH08,2026-09-03,2026-09-03 22:00:00,10,0.3675648480504273,ch0708_ref0904night_24h,to ch0708_ref0904day_24h (median of 280 shared frames),09-04 12:00 (user-labelled frame),ok,5/10,ok,0.36227806310548816,1.2940557064017677,tie (labels),4.545968251191942,unreliable,18.4,0.9991008118940157,-0.0030621442153393233,-3.902113953596037,0.005352769580559677,0.9989293485027511,-14.740950222731373,1.0008835595741252,0.0030681347051940166,3.9507889247049643,-0.005363241233627559,1.0010553584001813,14.735579229921346
CH08,2026-09-03,2026-09-03 23:00:00,10,0.632209619044383,ch0708_ref0904night_24h,to ch0708_ref0904day_24h (median of 280 shared frames),09-04 12:00 (user-labelled frame),ok,5/10,ok,0.4442320355725686,0.5764968907836864,tie (labels),4.545968251191942,unreliable,18.4,0.999180094079829,-0.003237673204732462,-3.7711806341413205,0.005108972460560962,0.9987336114095942,-13.983685587155088,1.0008039896428695,0.003244384912492128,3.8195810828525603,-0.005119563378154913,1.0012513978732251,13.981877943291746
CH08,2026-09-03,2026-09-04 00:00:00,10,0.4330892284264383,ch0708_ref0904night_24h,to ch0708_ref0904day_24h (median of 280 shared frames),09-04 12:00 (user-labelled frame),ok,5/10,ok,0.4632916921584087,0.641500318922325,tie (labels),4.545968251191942,unreliable,18.4,0.9989129982982906,-0.0030532300377651028,-3.670488687079396,0.0051810307853795735,0.9985964295316682,-14.13520049905967,1.0010723092041292,0.0030608000930570033,3.7176896088851037,-0.005193876423942422,1.001389662858571,14.135779597535498
CH08,2026-09-03,2026-09-04 01:00:00,10,0.23173030896637775,ch0708_ref0904night_24h,to ch0708_ref0904day_24h (median of 280 shared frames),09-04 12:00 (user-labelled frame),ok,5/10,ok,0.2897652903944541,0.5967924117055914,tie (labels),4.545968251191942,unreliable,18.4,0.998920350488069,-0.0029715498167473234,-3.7906048406958996,0.005517572350737178,0.9986797063826277,-14.844759107605245,1.0010643637607237,0.0029786453130807304,3.8388566952592407,-0.005530747265107895,1.0013055824785635,14.843175287638848
CH08,2026-09-03,2026-09-04 02:00:00,10,0.4352523861684916,ch0708_ref0904night_24h,to ch0708_ref0904day_24h (median of 280 shared frames),09-04 12:00 (user-labelled frame),ok,5/10,ok,0.3122101046285908,0.7908901329342268,tie (labels),4.545968251191942,unreliable,18.4,0.9989146009689382,-0.0029517904464421,-3.7264995890758943,0.005495180685917814,0.998566869743266,-14.515090967309138,1.0010702994457275,0.00295919065177934,3.773440981020774,-0.005508957228046692,1.0014189024414386,14.515157338473804
CH08,2026-09-03,2026-09-04 03:00:00,10,0.2605735048052523,ch0708_ref0904night_24h,to ch0708_ref0904day_24h (median of 280 shared frames),09-04 12:00 (user-labelled frame),ok,5/10,ok,0.23001107228281403,0.31963536322688935,tie (labels),4.545968251191942,unreliable,18.4,0.9989217744983868,-0.0031419655763937834,-3.6804570064253586,0.0055024578195391844,0.9985104638863436,-14.633474303668343,1.001062037906135,0.0031499944934915594,3.730461154755288,-0.005516518692134038,1.0014743995732345,14.634746582065068
CH08,2026-09-03,2026-09-04 04:00:00,10,0.13972741113733042,ch0708_ref0904night_24h,to ch0708_ref0904day_24h (median of 280 shared frames),09-04 12:00 (user-labelled frame),ok,5/10,ok,0.3543294519690686,0.41720495603822894,tie (labels),4.545968251191942,unreliable,18.4,0.9987663931672114,-0.002917017494336649,-3.5722202678250197,0.006009653505314624,0.998423409117008,-15.362752377280074,1.0012175294620278,0.0029251808625562633,3.6215083804961594,-0.006026471715877784,1.0015614733642377,15.365213021511645
CH08,2026-09-03,2026-09-04 05:00:00,10,0.04193542227959796,ch0708_ref0904night_24h,to ch0708_ref0904day_24h (median of 280 shared frames),09-04 12:00 (user-labelled frame),ok,5/10,ok,0.28749669380211185,0.6553981010070731,tie (labels),4.545968251191942,unreliable,18.4,0.9987833045556386,-0.003052017212539197,-3.557025225468805,0.005614916315538807,0.9984446138776657,-15.01468388663686,1.001200972532119,0.0030604427715941467,3.6072486958292767,-0.005630417148499646,1.0015405982173706,15.017787946039872
CH08,2026-09-03,2026-09-04 06:00:00,10,0.19020839890405497,ch0708_ref0904night_24h,to ch0708_ref0904day_24h (median of 280 shared frames),09-04 12:00 (user-labelled frame),ok,5/10,ok,0.3840713544778982,1.172238543126015,tie (labels),4.545968251191942,unreliable,18.4,0.998697906422216,-0.0029239750051391297,-3.693920176868226,0.005738563936577335,0.998405449988793,-15.246349653541744,1.0012869414514995,0.002932413870346216,3.7433826430585624,-0.005755125968557058,1.0015802419415292,15.249183598783818
CH08,2026-09-03,2026-09-04 07:00:00,10,0.6248455943790231,ch0708_ref0904night_24h,to ch0708_ref0904day_24h (median of 280 shared frames),09-04 12:00 (user-labelled frame),ok,5/10,ok,1.1672472830257186,1.562209481806967,tie (labels),4.545968251191942,unreliable,18.4,0.9972470950647516,-0.003291090315343268,-1.0431115711882497,0.0050985406460644376,0.9972379811103806,-13.686852032441218,1.0027435853686322,0.003309259941047123,1.09126678798281,-0.005126688939273834,1.002752749639805,13.719180800889147
CH08,2026-09-03,2026-09-04 08:00:00,10,10.465085619049901,ch0708_ref0904day_24h,,09-04 12:00 (user-labelled frame),outlier,5/10,ok,1.3052867640871568,1.5957558428542016,tie (labels),0.0,same frame,18.4,0.9978636958285999,-0.0004706318857803926,2.4995975052965353,-0.00013538912017664606,0.9961193244253429,2.052125042937461,1.0021409419782987,0.00047347689154918525,-2.505920632310876,0.00013620755776995875,1.0038958582401918,-2.060460295267497
CH08,2026-09-03,2026-09-04 08:01:00,10,11.908776026469935,ch0708_ref0904day_24h,,09-04 12:00 (user-labelled frame),outlier,5/10,ok,1.3515881395046794,2.7874141306746507,tie (labels),0.0,same frame,18.4,0.9975219030044563,-0.0001184372093113728,3.2496085447028618,-0.0012846341941589179,0.9971806139753029,3.8770555297250535,1.0024844065536946,0.00011906715175404312,-3.25814352342738,0.0012914668914751706,1.0028275108269418,-3.8922147080577445
CH08,2026-09-03,2026-09-04 08:36:00,11,2.4720331382593432,ch0708_ref0904day_24h,,09-04 12:00 (user-labelled frame),ok,5/10,ok,0.815034989675654,1.184170547152375,tie (labels),0.0,same frame,18.4,0.9992435850273971,0.0006134356870439173,-0.901454567610297,0.0003893157246668902,0.9983973514770836,0.07969003727895556,1.0007572271351952,-0.0006148856427589741,0.9021861737298309,-0.0003902359361444169,1.0016054608971012,-0.08016975648477853
CH08,2026-09-03,2026-09-04 09:00:00,11,1.9619201130460457,ch0708_ref0904night_24h,to ch0708_ref0904day_24h (median of 280 shared frames),09-04 12:00 (user-labelled frame),ok,5/10,ok,1.0447175233159287,2.1257007135360686,tie (labels),4.545968251191942,unreliable,18.4,0.9986956575028865,-0.00018348081446408428,1.5235228670356267,0.002808315493021885,0.9987843207628063,-7.10468505535016,1.0013055287810808,0.00018394397081426917,-1.5242050060067105,-0.002815404458468843,1.0012166417105572,7.117618244601303
CH08,2026-09-03,2026-09-04 10:00:00,11,0.5586178852867832,ch0708_ref0904night_24h,to ch0708_ref0904day_24h (median of 280 shared frames),09-04 12:00 (user-labelled frame),ok,5/10,ok,2.0528780428189655,2.6693610643793657,tie (labels),4.545968251191942,unreliable,18.4,0.9989744128595393,-0.0005544314644057979,2.4358362163189153,0.0017051453392883118,0.998129734997725,-3.7143067743672873,1.0010256909467514,0.0005560400820447436,-2.4362693280302046,-0.0017100926177994345,1.0018728195419657,3.725428506210873
CH08,2026-09-03,2026-09-04 11:00:00,11,3.1039540861467927,ch0708_ref0904day_24h,,09-04 12:00 (user-labelled frame),ok,5/10,ok,0.5531426724913882,1.1564446791619318,tie (labels),0.0,same frame,18.4,0.999465096399868,0.00030856718720365106,1.8535106222965425,-0.00032549974837123297,0.9994893239277619,0.9693909706587626,1.0005350892776823,-0.0003088900409498341,-1.8542029807399805,0.00032584031865058003,1.0005108364005342,-0.9704901193447154
CH08,2026-09-04,2026-09-04 12:00:00,11,2.8558769359664953,ch0708_ref0904day_24h,,09-04 12:00 (user-labelled frame),ok,5/10,ok,0.2827559454861085,0.3622409566530101,tie (labels),0.0,same frame,0.0,1.000058162246462,8.279705740771304e-05,-0.14422103387054072,-9.145639478379264e-05,1.000073580482294,0.05408200827096572,0.9999418335653057,-8.278614995323963e-05,0.14421712228843905,9.144434657225423e-05,0.9999264173606293,-0.05406484057585041
CH08,2026-09-04,2026-09-04 13:00:00,11,3.200976357093832,ch0708_ref0904day_24h,,09-04 12:00 (user-labelled frame),ok,5/10,ok,0.7185186209070155,0.9833101663077704,tie (labels),0.0,same frame,0.0,1.0008467781686448,9.478594711948007e-05,-3.0013242276771672,0.0008445426178212354,1.0004501278594102,-1.9836726246217584,0.9991540181373917,-9.466314940657942e-05,2.998597381118707,-0.0008434484904208428,0.9995501545756117,1.98024881617899
CH08,2026-09-04,2026-09-04 13:30:00,11,4.886660575983665,ch0708_ref0904day_24h,,09-04 12:00 (user-labelled frame),ok,5/10,ok,0.9681094678023251,2.307247514403035,tie (labels),0.0,same frame,0.0,1.0046996845775993,0.001592354680525876,-12.093509636658522,0.0032500249424519193,1.0053541917125288,-12.14509032609762,0.9953273987526187,-0.001576473500706871,12.01785507538227,-0.0032176111648189835,0.9946794192748937,12.04155918097515
CH08,2026-09-04,2026-09-04 14:00:00,11,,ch0708_ref0904day_24h,,09-04 12:00 (user-labelled frame),lid,5/10,unreliable,4.561421182527469,5.89697658879736,tie (labels),0.0,same frame,0.0,1.0011576914780986,-0.011621926006501804,5.713473161093081,0.01321584875835943,1.0000917163150846,-19.849893861370845,0.9986904461712373,0.011605642042080101,-5.475620297711084,-0.013197331482405053,0.9997549277520671,19.92043180248378
CH08,2026-09-04,2026-09-04 14:12:00,12,0.8089520382587748,ch0708_ref0904day_24h,,09-04 12:00 (user-labelled frame),ok,5/10,ok,2.7127833410590734,4.503606757811697,tie (labels),0.0,same frame,0.0,1.0008838123549402,-0.01188213322624132,6.748300380085998,0.013255439225605839,1.0005401879249172,-20.078032667442937,0.9989598528181092,0.011863365611998713,-6.503088112159569,-0.013234502499408132,0.999302934499568,20.153347361800922
CH08,2026-09-04,2026-09-04 15:00:00,12,1.700042073485959,ch0708_ref0904day_24h,,09-04 12:00 (user-labelled frame),ok,5/10,ok,1.3507200025489972,2.3946779244432905,tie (labels),0.0,same frame,0.0,1.000013917024384,-0.011918399260490403,6.844660166549597,0.012818837090705769,1.000045006497212,-19.344189047197293,0.9998333376138788,0.01191587661976304,-6.613016449158277,-0.012816123863885984,0.9998022547214287,19.428085837646126
CH08,2026-09-04,2026-09-04 16:00:00,12,0.5795117928412078,ch0708_ref0904day_24h,,09-04 12:00 (user-labelled frame),ok,5/10,ok,1.0591813614225125,2.1260870144054294,tie (labels),0.0,same frame,0.0,0.9993623119935708,-0.012027031447904568,9.97321239199849,0.012278741772752483,0.9994857795686366,-18.02518961594088,1.0004901753696591,0.01203911756271678,-9.761093638192854,-0.012291080834428491,1.0003665837204778,18.15437891670159
CH08,2026-09-04,2026-09-04 17:00:00,12,1.5789868769818367,ch0708_ref0904day_24h,,09-04 12:00 (user-labelled frame),ok,5/10,ok,2.808246429902127,3.5891589986424988,tie (labels),0.0,same frame,0.0,0.9989684977211216,-0.012011217284048581,11.426623610566521,0.011893986672638676,0.9992368124824356,-16.997840182521355,1.0008893220984372,0.012031081095923631,-11.232283165762459,-0.011913656611839876,1.00062056360575,17.14452129344401
CH08,2026-09-04,2026-09-04 18:00:00,12,1.1575224275511546,ch0708_ref0904day_24h,,09-04 12:00 (user-labelled frame),ok,5/10,ok,1.93569938089946,2.889562178321211,tie (labels),0.0,same frame,0.0,0.999123130869895,-0.01262743520902021,11.247056630111226,0.011731060335581557,0.9989487064998666,-16.36206320611657,1.0007291112463117,0.012649940814598639,-11.048277854426049,-0.011751968351545145,1.0009038464891349,16.509027053065527
CH08,2026-09-04,2026-09-04 19:00:00,12,1.690568884093148,ch0708_ref0904night_24h,to ch0708_ref0904day_24h (median of 280 shared frames),09-04 12:00 (user-labelled frame),ok,5/10,ok,0.7905433362882883,1.9550970006234452,tie (labels),4.545968251191942,unreliable,0.0,0.997687125760492,-0.012646002167929573,13.693566774981274,0.01235905350343319,0.9971266625045866,-16.963266142189504,1.0021607901938456,0.012709847205943198,-13.507555179006445,-0.012421449842628843,1.0027240830236672,17.179569440375513
CH08,2026-09-04,2026-09-04 20:00:00,12,2.6804744598156156,ch0708_ref0904night_24h,to ch0708_ref0904day_24h (median of 280 shared frames),09-04 12:00 (user-labelled frame),ok,5/10,ok,0.5812201569860895,1.4711033116050634,tie (labels),4.545968251191942,unreliable,0.0,0.9981656260511053,-0.012741442228982876,12.723803288988591,0.0146934429371499,0.9977683202559064,-17.28437991826612,1.0016494557787639,0.012791004099252178,-12.523706065463895,-0.01475059773168359,1.0020483070205397,17.507467338931324
CH08,2026-09-04,2026-09-04 20:43:00,13,0.4786916001474469,ch0708_ref0904night_24h,to ch0708_ref0904day_24h (median of 280 shared frames),09-04 12:00 (user-labelled frame),ok,5/10,ok,0.508619148512198,1.5166724227134027,tie (labels),4.545968251191942,unreliable,0.0,0.9979042939566688,-0.012746055716309716,13.074520117881406,0.014461816737968087,0.9975833172582425,-16.79482441307421,1.0019145870110626,0.012801396061959784,-12.884555225172143,-0.014524606510335315,1.0022369573140544,17.022295978406984
CH08,2026-09-04,2026-09-04 21:00:00,13,0.4414753085344129,ch0708_ref0904night_24h,to ch0708_ref0904day_24h (median of 280 shared frames),09-04 12:00 (user-labelled frame),ok,5/10,ok,0.6435733871517444,0.9578062477977636,tie (labels),4.545968251191942,unreliable,0.0,0.9978855780606043,-0.012753705227823762,13.083792102524345,0.014708193724146099,0.9975312171171672,-17.09599355510596,1.0019300918001086,0.012809946025181968,-12.890046267687987,-0.014773053349483863,1.0022860153907651,17.3283628182375
CH08,2026-09-04,2026-09-04 22:00:00,13,0.6489029004681961,ch0708_ref0904night_24h,to ch0708_ref0904day_24h (median of 280 shared frames),09-04 12:00 (user-labelled frame),ok,5/10,ok,0.6735044197742839,0.9849761070017465,tie (labels),4.545968251191942,unreliable,0.0,0.9975639464425079,-0.012931793932168213,13.70158441052506,0.014498147238284017,0.9971651480366456,-16.270172145639073,1.0022530985369487,0.012997777312691028,-13.520979355926126,-0.014572122803554957,1.0026539317778156,16.513013243160362
CH08,2026-09-04,2026-09-04 23:00:00,13,0.2851119870700443,ch0708_ref0904night_24h,to ch0708_ref0904day_24h (median of 280 shared frames),09-04 12:00 (user-labelled frame),ok,5/10,ok,0.8295807476610906,1.4307697293734367,tie (labels),4.545968251191942,unreliable,0.0,0.9973687029228985,-0.012531843509603893,13.433898430817937,0.014797583326086973,0.996923419157475,-16.793871201394037,1.002451277863668,0.012601331555443721,-13.255203509555981,-0.01487963471363373,1.0028990306910999,17.042448650859885
CH08,2026-09-04,2026-09-05 00:00:00,13,0.12585245285211966,ch0708_ref0904night_24h,to ch0708_ref0904day_24h (median of 280 shared frames),09-04 12:00 (user-labelled frame),ok,5/10,ok,0.5850050632345077,1.0365028419024056,tie (labels),4.545968251191942,unreliable,0.0,0.9970000263597428,-0.012711993943742153,14.051458228923954,0.014838378766645479,0.9967563181725488,-16.891653857137154,1.002818656923499,0.012789309143136406,-13.875031885828388,-0.014928626781088203,1.003063847360226,17.15317628184685
CH08,2026-09-04,2026-09-05 01:00:00,13,0.4189723802343428,ch0708_ref0904night_24h,to ch0708_ref0904day_24h (median of 280 shared frames),09-04 12:00 (user-labelled frame),ok,5/10,ok,0.5632001952100011,0.8986081721897992,tie (labels),4.545968251191942,unreliable,0.0,0.9968657899350273,-0.012618201319867971,14.015864688450106,0.014884084612747366,0.9965459693610199,-16.461758331038588,1.0029544518103592,0.012699345114722165,-13.848220335011636,-0.014979799610296786,1.0032763290526976,16.725647312515072
CH08,2026-09-04,2026-09-05 02:00:00,13,0.09547310758657515,ch0708_ref0904night_24h,to ch0708_ref0904day_24h (median of 280 shared frames),09-04 12:00 (user-labelled frame),ok,5/10,ok,0.9053758441926509,1.2366668853915614,tie (labels),4.545968251191942,unreliable,0.0,0.9969071145413896,-0.012496600439956679,14.089671267860677,0.014901618659223466,0.9964772651772353,-16.86611352129563,1.0029144770554126,0.012577328086838433,-13.918604648181965,-0.014997882648367423,1.0033471032329768,17.133881380619965
CH08,2026-09-04,2026-09-05 03:00:00,13,0.46253241578586873,ch0708_ref0904night_24h,to ch0708_ref0904day_24h (median of 280 shared frames),09-04 12:00 (user-labelled frame),ok,5/10,ok,0.49231013650926503,0.7888459599363478,tie (labels),4.545968251191942,unreliable,0.0,0.9971036664519884,-0.012759179691322767,13.939673408206607,0.01502356138250834,0.9965389966920527,-16.544345404438346,1.002711310819549,0.012838206869712605,-13.765068466713098,-0.015116613576626558,1.0032794780032164,16.809322877566053
CH08,2026-09-04,2026-09-05 04:00:00,13,0.2885337170324806,ch0708_ref0904night_24h,to ch0708_ref0904day_24h (median of 280 shared frames),09-04 12:00 (user-labelled frame),ok,5/10,ok,1.0046678430350997,2.0715507284456978,tie (labels),4.545968251191942,unreliable,0.0,0.9963680334467186,-0.012504543528510024,14.483568966866232,0.014547209168710669,0.9960910926193305,-16.001964393476012,1.0034612856717422,0.012597066090472765,-14.332122933564927,-0.014654845649692822,1.0037402756163016,16.274070618375962
CH08,2026-09-04,2026-09-05 05:00:00,13,0.4156351221303379,ch0708_ref0904night_24h,to ch0708_ref0904day_24h (median of 280 shared frames),09-04 12:00 (user-labelled frame),ok,5/10,ok,1.0312862494688468,1.1974632832452894,tie (labels),4.545968251191942,unreliable,0.0,0.9966265369986104,-0.01262082827312014,14.23639367973878,0.014533008992375094,0.9963447661432949,-15.898557539451284,1.0031995761299901,0.012707659039564402,-14.079910656701372,-0.014632995481553217,1.0034832855569114,16.162257839693407
CH08,2026-09-04,2026-09-05 06:00:00,13,0.32231346401268457,ch0708_ref0904night_24h,to ch0708_ref0904day_24h (median of 280 shared frames),09-04 12:00 (user-labelled frame),ok,5/10,ok,0.8625528113596637,1.1835235778821773,tie (labels),4.545968251191942,unreliable,0.0,0.9964599317520285,-0.012544918411700114,14.384192948421187,0.014777892100016805,0.9963838548198218,-16.417754711631627,1.0033652952032799,0.012632817868905253,-14.225197498865157,-0.014881437507934013,1.0034419051896544,16.688320535240063
CH08,2026-09-04,2026-09-05 07:00:00,13,0.31631842086748313,ch0708_ref0904night_24h,to ch0708_ref0904day_24h (median of 280 shared frames),09-04 12:00 (user-labelled frame),ok,5/10,ok,0.8985055121462898,1.333998639145702,tie (labels),4.545968251191942,unreliable,0.0,0.9968251242818031,-0.012445005374448847,13.816414968721313,0.014800075901247246,0.9964826418635406,-16.577864781558638,1.0029990056982319,0.012526387808560229,-13.650189712649967,-0.014896859001425702,1.0033437277340758,16.839117833494722
CH08,2026-09-04,2026-09-05 08:00:00,13,0.006424089168475684,ch0708_ref0904night_24h,to ch0708_ref0904day_24h (median of 280 shared frames),09-04 12:00 (user-labelled frame),ok,5/10,ok,1.0696789843870014,1.3652174816934912,tie (labels),4.545968251191942,unreliable,0.0,0.9966392580131872,-0.01275705900548788,14.660507115229848,0.01473962801628451,0.9965816961620139,-16.659556642277508,1.0031821567201256,0.012841550287163536,-14.493224612083369,-0.014837250051424626,1.0032400998092144,16.931056878525098
CH08,2026-09-04,2026-09-05 08:30:00,13,1.0759620538444206,ch0708_ref0904day_24h,,09-04 12:00 (user-labelled frame),ok,5/10,ok,1.2972262641943493,1.9043047269921907,tie (labels),0.0,same frame,0.0,0.9984035327675492,-0.012271874789061832,11.555020214307527,0.014189673987665713,0.9989949416959595,-17.273104154769715,1.001424183553407,0.012301716133259566,-11.358987860003827,-0.014224178817025363,1.0008313365042778,17.45182459055842
CH08,2026-09-04,2026-09-05 09:00:00,13,,ch0708_ref0904night_24h,to ch0708_ref0904day_24h (median of 280 shared frames),09-04 12:00 (user-labelled frame),lid,5/10,ok,1.0595556576980036,1.5979145823866774,tie (labels),4.545968251191942,unreliable,0.0,0.9973836492519177,-0.012751924809245734,13.676398882928831,0.014474793708352328,0.9972713815492271,-16.49135897169893,1.002437189688742,0.012817979043020847,-13.498344967575255,-0.014549772303486828,1.0025500389316462,16.732401068790793
CH08,2026-09-04,2026-09-05 10:00:00,14,1.5805372578805374,ch0708_ref0904day_24h,,09-04 12:00 (user-labelled frame),ok,5/10,ok,1.050309780675029,1.383874123017588,tie (labels),0.0,same frame,0.0,0.9996881377859669,-0.012111763714051704,11.73820989708879,0.014623208036702931,0.9994609084460474,-18.092840701166377,1.0001346719761135,0.012119928580337466,-11.520506767898107,-0.014633065935280493,1.000362054497454,18.271157294900213
CH08,2026-09-04,2026-09-05 11:00:00,14,0.19631401523245376,ch0708_ref0904day_24h,,09-04 12:00 (user-labelled frame),ok,5/10,ok,0.7748600058327986,2.0528279237883535,tie (labels),0.0,same frame,0.0,0.9998238615119545,-0.012149391521796851,10.031442680927139,0.01429375634371726,0.9992080977153046,-17.18781190742928,1.000002340420295,0.01215904873495227,-9.82247871608955,-0.014305118052783531,1.0006185936704475,17.34194515087445
CH08,2026-09-05,2026-09-05 12:00:00,14,0.9171970552683335,ch0708_ref0904night_24h,to ch0708_ref0904day_24h (median of 280 shared frames),09-04 12:00 (user-labelled frame),ok,5/10,ok,1.7017929784141324,2.0881888854866455,tie (labels),4.545968251191942,unreliable,0.0,0.9994570804741899,-0.012714922680510622,10.268068601701742,0.015008718628845464,0.9985062110660308,-17.11921254179201,1.0003519231420133,0.01273842587566005,-10.053610352653175,-0.015036461844572392,1.0013045502068898,17.29594083580214
CH08,2026-09-05,2026-09-05 13:00:00,14,0.5787409417227254,ch0708_ref0904night_24h,to ch0708_ref0904day_24h (median of 280 shared frames),09-04 12:00 (user-labelled frame),ok,5/10,ok,1.2971714387956956,1.9342399630980198,tie (labels),4.545968251191942,unreliable,0.0,0.9992581368897707,-0.012080737914622029,10.147558415961255,0.015815581820536537,0.9990065165228531,-19.367591285997264,1.0005509125412078,0.012099413912451416,-9.918812329698778,-0.01584003163261245,1.000802921896071,19.543879595417554
CH08,2026-09-05,2026-09-05 13:05:00,14,4.287342983192248,ch0708_ref0904night_24h,to ch0708_ref0904day_24h (median of 280 shared frames),09-04 12:00 (user-labelled frame),ok,5/10,ok,2.385924273204753,3.616203048039964,tie (labels),4.545968251191942,unreliable,0.0,1.0011887872304297,-0.01196793404293364,7.3788241647118085,0.01545015583650124,0.9967847210439649,-20.763937808336237,0.99862759596134,0.011990060591419879,-7.11973656418917,-0.015478720384150811,1.0030398044707538,20.941270875325863
CH08,2026-09-05,2026-09-05 13:42:00,15,1.0140733120916228,ch0708_ref0904day_24h,,09-04 12:00 (user-labelled frame),ok,5/10,ok,2.1495916431925703,2.698814440322262,tie (labels),0.0,same frame,0.0,1.0001611698843345,-0.012465390563346501,9.494341022665573,0.013978125550916078,0.9998461289122748,-16.62860617756083,0.9996646729881986,0.012463128296285366,-9.283912861482076,-0.01397558874688659,0.9999796567854101,16.7609569038125
CH08,2026-09-05,2026-09-05 14:00:00,15,0.4806696736521883,ch0708_ref0904night_24h,to ch0708_ref0904day_24h (median of 280 shared frames),09-04 12:00 (user-labelled frame),ok,5/10,ok,1.5632520184963903,2.4678887932541524,tie (labels),4.545968251191942,unreliable,0.0,0.9992470206256295,-0.01310419277216229,11.062118960509949,0.014949612001712385,0.9991741620008927,-18.42767468150294,1.0005572251862904,0.013122331678557985,-10.82646899257324,-0.014970305349060504,1.0006301846623957,18.60489081809731
CH08,2026-09-05,2026-09-05 14:52:00,15,0.5938974245174131,ch0708_ref0904day_24h,,09-04 12:00 (user-labelled frame),ok,5/10,ok,1.1681994450878714,1.8447165767012945,tie (labels),0.0,same frame,0.0,0.9996278086539139,-0.01254547266784295,9.953820979894243,0.01426810276707699,0.9994546929426211,-16.937589956323226,1.0001931308818643,0.012554741775336357,-9.743096301919842,-0.014278644624030216,1.0003663744981137,17.085922529765853
CH08,2026-09-05,2026-09-05 15:00:00,15,,ch0708_ref0904day_24h,,09-04 12:00 (user-labelled frame),lid,5/10,ok,1.271380066689215,2.0210054810802784,tie (labels),0.0,same frame,0.0,0.9991201546775845,-0.01247812509392543,10.951730445266593,0.013811013241674806,0.9989642313867487,-15.515252809501323,1.000707831758088,0.012499904515914526,-10.765543249222729,-0.013835119097580503,1.0008640271987157,15.680176904958545
CH08,2026-09-05,2026-09-05 15:22:00,16,0.4301444107597639,ch0708_ref0904day_24h,,09-04 12:00 (user-labelled frame),ok,5/10,ok,1.491600275607019,2.170782252372333,tie (labels),0.0,same frame,0.0,0.999345892341345,-0.01268761807912483,10.774301080468177,0.01383404974974415,0.998868567984904,-15.61689491653584,1.0004786166680888,0.012708068900620052,-10.580997263939215,-0.013856348472816018,1.0009567104104893,15.781128232804013
CH08,2026-09-05,2026-09-05 16:00:00,16,0.44194070984322636,ch0708_ref0904day_24h,,09-04 12:00 (user-labelled frame),ok,5/10,ok,1.1209609550773496,1.5606614349662764,tie (labels),0.0,same frame,0.0,0.999639016058144,-0.012472270927072954,9.923726956958982,0.01392216448602238,0.9995180575251578,-16.33410097284981,1.0001872942817465,0.012480621853881817,-9.721725876706373,-0.013931486202758933,1.000308333803661,16.477389593512974
CH08,2026-09-05,2026-09-05 17:00:00,16,0.5751081903806767,ch0708_ref0904day_24h,,09-04 12:00 (user-labelled frame),ok,5/10,ok,1.8112857263728244,2.463833023514229,tie (labels),0.0,same frame,0.0,0.9991315071552934,-0.01284184623820614,11.132401381118774,0.013467022850093262,0.9988163108312538,-14.932551329041978,1.000695830299608,0.012866011342192311,-10.948025268539832,-0.01349236437821314,1.0010116197433445,15.09785980862352
CH08,2026-09-05,2026-09-05 17:50:00,16,1.537798431913192,ch0708_ref0904night_24h,to ch0708_ref0904day_24h (median of 280 shared frames),09-04 12:00 (user-labelled frame),ok,5/10,ok,1.2727731601834633,1.9742992475459,tie (labels),4.545968251191942,unreliable,0.0,0.9972660989441602,-0.013383196630279889,15.091979263754075,0.014434530584814451,0.9976621886146446,-16.672882785184598,1.0025467376143244,0.013448720692892432,-14.906185631296399,-0.014505201973119553,1.0021487086908285,16.927620160721172
CH08,2026-09-05,2026-09-05 18:00:00,16,,ch0708_ref0904day_24h,,09-04 12:00 (user-labelled frame),lid,5/10,ok,0.9228447817233851,1.5308664734634654,tie (labels),0.0,same frame,0.0,0.9993522045018177,-0.012739329231096469,10.712720423674625,0.014058161727274053,0.9993493067904403,-16.89550844998087,1.000468807015053,0.01275360019905404,-10.502264062228749,-0.014073910089837958,1.0004717079725312,17.054248060077057
CH08,2026-09-05,2026-09-05 19:00:00,16,,ch0708_ref0904night_24h,to ch0708_ref0904day_24h (median of 280 shared frames),09-04 12:00 (user-labelled frame),lid,5/10,ok,0.8928905361947277,1.446550658709715,tie (labels),4.545968251191942,unreliable,0.0,0.9976280171949233,-0.00557553216848725,4.267655874499365,0.006275747194958965,0.9972505909407687,-8.463847085945673,1.0023423695793332,0.005603999813281875,-4.230220904305569,-0.0063077900092712415,1.0027217229027279,8.513802809492853
CH08,2026-09-05,2026-09-05 19:13:00,17,0.32805785244125285,ch0708_ref0904night_24h,to ch0708_ref0904day_24h (median of 280 shared frames),09-04 12:00 (user-labelled frame),ok,5/10,ok,0.7669074903381976,1.848606929727332,tie (labels),4.545968251191942,unreliable,0.0,0.9978950226251034,-0.00543252371355413,3.80626930427276,0.0062649806513080785,0.9973499123744608,-8.43100653878527,1.0020751496127798,0.005458261885313952,-3.7681492409001724,-0.006294662831557565,1.0026228424828456,8.477078922824848
CH08,2026-09-05,2026-09-05 20:00:00,17,0.29390837798569447,ch0708_ref0904night_24h,to ch0708_ref0904day_24h (median of 280 shared frames),09-04 12:00 (user-labelled frame),ok,5/10,ok,0.752755320127625,1.2072145051771828,tie (labels),4.545968251191942,unreliable,0.0,0.9976215589038507,-0.005678908000796245,4.36789082038849,0.006306602425038753,0.9972880092612814,-8.350158789073333,1.002348029415352,0.005707721531762517,-4.330486375403778,-0.006338600739545758,1.0026832714154932,8.400250847451252
CH08,2026-09-05,2026-09-05 21:00:00,17,0.4574806221949107,ch0708_ref0904night_24h,to ch0708_ref0904day_24h (median of 280 shared frames),09-04 12:00 (user-labelled frame),ok,5/10,ok,0.7922978730816699,1.5329468570155378,tie (labels),4.545968251191942,unreliable,0.0,0.9974398509192174,-0.005084444307181804,3.8950135768487755,0.006845037150544875,0.9969770054322563,-8.833705183330679,1.0025316333242822,0.0051127721382252895,-3.859709601279828,-0.006883174072531241,1.0029970575411815,8.886990362531277
CH08,2026-09-05,2026-09-05 22:00:00,17,0.22799788190654108,ch0708_ref0904night_24h,to ch0708_ref0904day_24h (median of 280 shared frames),09-04 12:00 (user-labelled frame),ok,5/10,ok,0.8258843257177066,1.2830690514502798,tie (labels),4.545968251191942,unreliable,0.0,0.9973337646951774,-0.005667309996290913,4.793400294620486,0.006385681829128138,0.9968749445382478,-8.033426245386707,1.0026368669986692,0.0057000669643907835,-4.760248786116584,-0.006422590975814939,1.0030983391293313,8.089102573741085
CH08,2026-09-05,2026-09-05 23:00:00,17,0.43040829242447826,ch0708_ref0904night_24h,to ch0708_ref0904day_24h (median of 280 shared frames),09-04 12:00 (user-labelled frame),ok,5/10,ok,0.6966628517166372,0.8939190976623811,tie (labels),4.545968251191942,unreliable,0.0,0.9974244531909578,-0.00512321398569286,4.01179276553706,0.007217324922016235,0.9971844188843061,-9.538127305358307,1.002544926717697,0.005150754557108098,-3.972873931447587,-0.007256122687051394,1.0027862513631836,9.59381298606684
CH08,2026-09-05,2026-09-06 00:00:00,17,0.5847003632562807,ch0708_ref0904night_24h,to ch0708_ref0904day_24h (median of 280 shared frames),09-04 12:00 (user-labelled frame),ok,5/10,ok,0.9637715420264267,1.737868123170709,tie (labels),4.545968251191942,unreliable,0.0,0.9972204388781718,-0.004894571081145085,3.9116781326974754,0.0074868179787158425,0.9968453722924324,-9.63051003329604,1.0027503440373504,0.004923564849628143,-3.875020152641847,-0.007531167333041472,1.003127632389527,9.690090230974185
CH08,2026-09-05,2026-09-06 01:00:00,17,0.567644904582669,ch0708_ref0904night_24h,to ch0708_ref0904day_24h (median of 280 shared frames),09-04 12:00 (user-labelled frame),ok,5/10,ok,0.6080567767413703,0.8247700126102167,tie (labels),4.545968251191942,unreliable,0.0,0.9970623990330135,-0.005547388949727261,4.852844419065651,0.00651626826147076,0.9966658570253969,-8.298760777690463,1.0029097739854318,0.005582142258173574,-4.820640236283976,-0.006557091409597223,1.0033088002512873,8.358040263889427
CH08,2026-09-05,2026-09-06 02:00:00,17,0.4186887601050976,ch0708_ref0904night_24h,to ch0708_ref0904day_24h (median of 280 shared frames),09-04 12:00 (user-labelled frame),ok,5/10,ok,0.641320657254463,0.9285208469686315,tie (labels),4.545968251191942,unreliable,0.0,0.9973691628172138,-0.005702065777854492,4.6616326723286985,0.00636173732004975,0.9969181185712601,-8.193776643684872,1.0026011986770342,0.005734571252456943,-4.626770709078851,-0.006398003350457093,1.0030548141678408,8.248632250120282
CH08,2026-09-05,2026-09-06 03:00:00,17,0.45857197033044333,ch0708_ref0904night_24h,to ch0708_ref0904day_24h (median of 280 shared frames),09-04 12:00 (user-labelled frame),ok,5/10,ok,0.6506391520132087,0.9782116441447414,tie (labels),4.545968251191942,unreliable,0.0,0.9974233435102808,-0.005566012190038959,4.515706905325686,0.006407815634449367,0.9970412300317006,-8.460380449188104,1.00254735721008,0.005596750308054189,-4.479859386984327,-0.006443202584112187,1.002931580897693,8.514278353301648
CH08,2026-09-05,2026-09-06 04:00:00,17,0.6210671495834039,ch0708_ref0904night_24h,to ch0708_ref0904day_24h (median of 280 shared frames),09-04 12:00 (user-labelled frame),ok,5/10,ok,0.7848674823594463,1.0485248810915766,tie (labels),4.545968251191942,unreliable,0.0,0.997630711423736,-0.00496804218175882,3.4364932496675213,0.007026674815947473,0.9974254035192758,-9.630359221995718,1.0023397513085377,0.004992519889090859,-3.3964540292903087,-0.00706129547401952,1.0025460707718001,9.679144892363155
CH08,2026-09-05,2026-09-06 05:00:00,17,0.6212735943290929,ch0708_ref0904night_24h,to ch0708_ref0904day_24h (median of 280 shared frames),09-04 12:00 (user-labelled frame),ok,5/10,ok,0.7767418777293247,1.06392897760055,tie (labels),4.545968251191942,unreliable,0.0,0.997368324639504,-0.00546016867216245,4.1969951126568645,0.006717765371365937,0.9972161791807066,-8.971199745659018,1.0026016438194008,0.005489656305755996,-4.15866539579781,-0.006754044654247467,1.0027546109395444,9.02425860302379
CH08,2026-09-05,2026-09-06 06:00:00,17,0.4768682255421907,ch0708_ref0904night_24h,to ch0708_ref0904day_24h (median of 280 shared frames),09-04 12:00 (user-labelled frame),ok,5/10,ok,0.9546482747592272,1.276306351510433,tie (labels),4.545968251191942,unreliable,0.0,0.9969945067165896,-0.005522462319151181,4.91551115435339,0.006859632165659698,0.9966057013356128,-8.5605745900682,1.0029763143621886,0.005557763612673795,-4.8825636108393295,-0.0069034810639486644,1.0033676051078604,8.62333736295764
CH08,2026-09-05,2026-09-06 06:44:00,17,0.5157565792917587,ch0708_ref0904night_24h,to ch0708_ref0904day_24h (median of 280 shared frames),09-04 12:00 (user-labelled frame),ok,5/10,ok,1.0519270944626502,1.526778896748033,tie (labels),4.545968251191942,unreliable,0.0,0.9971271136567841,-0.00562863436082395,4.7919296203284425,0.006859660362718197,0.9967736065261854,-8.71845777472399,1.0028422060880358,0.005662902852477691,-4.756177492467088,-0.006901423639353009,1.0031978654558162,8.779409366029624
CH08,2026-09-05,2026-09-06 07:00:00,17,,ch0708_ref0904night_24h,to ch0708_ref0904day_24h (median of 280 shared frames),09-04 12:00 (user-labelled frame),lid,5/10,ok,1.0527143767579652,2.029304292083639,tie (labels),4.545968251191942,unreliable,0.0,0.9972529151693498,-0.005463309763383754,4.545182300240619,0.007035522172965276,0.9968459085440974,-9.225856187098362,1.002715882012494,0.00549548071687398,-4.506825964320496,-0.0070769511723097565,1.0031252853151778,9.286855653167892
CH08,2026-09-05,2026-09-06 08:00:00,17,,ch0708_ref0904day_24h,,09-04 12:00 (user-labelled frame),lid,5/10,ok,1.2992848795908785,2.4778288550359804,tie (labels),0.0,same frame,0.0,0.998120584071871,-0.005145436168583151,3.6454180601696153,0.007394700194619387,0.9977689078642106,-10.249968373135266,1.0018446784627846,0.005166454680272036,-3.599186687279031,-0.007424906689731581,1.0021977912270825,10.299562552645437
CH08,2026-09-05,2026-09-06 08:20:00,18,3.9372509012285244,ch0708_ref0904night_24h,to ch0708_ref0904day_24h (median of 280 shared frames),09-04 12:00 (user-labelled frame),ok,5/10,ok,1.430533072824052,1.795200604597776,tie (labels),4.545968251191942,unreliable,0.0,0.996821051866953,-0.006712398656590796,6.41280881007615,0.007444012738614418,0.9947102668982537,-9.524191962975799,1.003138534814994,0.006769273403061571,-6.36846377444785,-0.00750708651579811,1.0052672046510993,9.622499341727663
CH08,2026-09-05,2026-09-06 09:00:00,18,1.1284805916766503,ch0708_ref0904day_24h,,09-04 12:00 (user-labelled frame),ok,5/10,ok,1.219069933905246,1.4543793169823482,tie (labels),0.0,same frame,0.0,0.9986311833521707,-0.004707727455927541,2.974933666737077,0.006096528984815809,0.9983611775212825,-8.122699577525774,1.0013418669321477,0.0047217827634585905,-2.940572008991891,-0.006114730673540515,1.001612678887652,8.153989801788935
CH08,2026-09-05,2026-09-06 10:00:00,18,0.6556228291362438,ch0708_ref0904day_24h,,09-04 12:00 (user-labelled frame),ok,5/10,ok,1.1248372922588596,1.6332737084455748,tie (labels),0.0,same frame,0.0,0.9999197866087505,-0.004055504276196442,2.1597927011404305,0.007023673074090537,0.9996097754047883,-10.786584691379254,1.0000517204102197,0.004057297285732233,-2.116140025714269,-0.007026778363085554,1.0003618686755698,10.805664403116566
CH08,2026-09-05,2026-09-06 11:00:00,18,1.2965369152320847,ch0708_ref0904day_24h,,09-04 12:00 (user-labelled frame),ok,5/10,ok,0.9331535419589149,1.6086999709634422,tie (labels),0.0,same frame,0.0,0.9999132226718702,-0.004709232604458269,3.18302878783301,0.0069202133271082655,0.999458696153318,-11.02053361626054,1.000054173718485,0.004712038365592672,-3.131272047129368,-0.0069243363907209214,1.0005089710439705,11.048183110828624
CH08,2026-09-06,2026-09-06 12:00:00,18,0.5912192186896834,ch0708_ref0904day_24h,,09-04 12:00 (user-labelled frame),ok,5/10,ok,0.5152783835453327,1.0743498094809272,tie (labels),0.0,same frame,0.0,1.000446558726682,-0.005134518351697009,1.5699641756413627,0.005992290650027564,0.9997463968675736,-8.985872989097077,0.9995228936813815,0.005133370479381828,-1.5230873206794537,-0.005990951014238861,1.0002228990123874,8.997281509782164
CH08,2026-09-06,2026-09-06 12:20:00,18,1.6754979262956702,ch0708_ref0904day_24h,,09-04 12:00 (user-labelled frame),ok,5/10,ok,0.5438492983515609,0.9839892610910177,tie (labels),0.0,same frame,0.0,1.0004440858365684,-0.005090027726097152,0.44912030165154626,0.0060151631448191155,0.9998369841047035,-9.018600563718655,0.9995255170652477,0.005088442091746954,-0.40301657501568305,-0.006013289314298395,1.0001324296741037,9.022495584362936
CH08,2026-09-06,2026-09-06 13:00:00,18,,ch0708_ref0904night_24h,to ch0708_ref0904day_24h (median of 280 shared frames),09-04 12:00 (user-labelled frame),lid,5/10,ok,1.6112646977541873,3.0345376674235665,tie (labels),4.545968251191942,unreliable,0.0,1.0017414220445329,-0.006126837228542617,-2.9056359677666475,0.008565837919793269,0.9995811396781793,-14.842907789022279,0.9982092868751723,0.006118428587671052,2.9912480786437157,-0.008554081926913936,1.0003666044102562,14.823494216360697
CH08,2026-09-06,2026-09-06 13:44:00,19,0.30466856464072406,ch0708_ref0904day_24h,,09-04 12:00 (user-labelled frame),ok,5/10,ok,2.996494479568799,4.339147050742337,tie (labels),0.0,same frame,0.0,1.0002621190087697,-0.006115600459571741,0.692126778842706,0.006307618624096647,0.9980849660878802,-8.930635570391248,0.9996993225360691,0.006125492161552939,-0.6372141337340075,-0.0063178209066121725,1.0018799969015009,8.951797870625416
CH08,2026-09-06,2026-09-06 15:00:00,19,1.4356374331259432,ch0708_ref0904day_24h,,09-04 12:00 (user-labelled frame),ok,5/10,ok,0.8378874040905108,1.1768249568229823,tie (labels),0.0,same frame,0.0,0.9989804833019561,-0.005657750405575257,0.27904509534159827,0.006643646549101791,0.9987915588457746,-9.408518648294418,1.0009828481681609,0.005670163173727594,-0.22597151834350074,-0.0066582223148016735,1.0011721871133716,9.421405136890504
CH08,2026-09-06,2026-09-06 16:00:00,19,1.5316618012079026,ch0708_ref0904day_24h,,09-04 12:00 (user-labelled frame),ok,5/10,ok,0.4565151564022907,1.2410009395122037,tie (labels),0.0,same frame,0.0,0.9986160018774175,-0.006189119937794363,3.5216389569770086,0.005949779623456396,0.9983286750679081,-7.455005254061054,1.001348929735364,0.006207843950082496,-3.4801098912190347,-0.005967779556871966,1.001637125797815,7.488226400459454
CH08,2026-09-06,2026-09-06 17:00:00,19,2.1805500436067127,ch0708_ref0904night_24h,to ch0708_ref0904day_24h (median of 280 shared frames),09-04 12:00 (user-labelled frame),ok,5/10,ok,1.6529871053358045,2.4410093041612915,tie (labels),4.545968251191942,unreliable,0.0,0.9993661158910073,-0.00708018814550304,1.4398890051369695,0.007657949886480757,0.9970781293895582,-11.565379164027371,1.0005798415170615,0.007105053579778779,-1.3585512739312366,-0.007684844404772637,1.0028758633668384,11.609704937253413
CH08,2026-09-06,2026-09-06 18:00:00,19,0.9445038501476967,ch0708_ref0904night_24h,to ch0708_ref0904day_24h (median of 280 shared frames),09-04 12:00 (user-labelled frame),ok,5/10,ok,1.164357876668519,1.7224978117049425,tie (labels),4.545968251191942,unreliable,0.0,0.9987700132845505,-0.006356316867726446,1.5914008666772044,0.0069176838118471945,0.9986558262222321,-10.132177185033685,1.0011873647038818,0.006372429787042282,-1.5287238521945248,-0.006935219765990497,1.0013018412242243,10.1564043857305
CH08,2026-09-06,2026-09-06 18:50:00,19,0.8792765416152725,ch0708_ref0904day_24h,,09-04 12:00 (user-labelled frame),ok,5/10,ok,1.257484012894347,2.110795515573325,tie (labels),0.0,same frame,0.0,0.9982388384493796,-0.004990271391179274,2.5733932381084608,0.00699129940900892,0.9985967841275568,-9.678266707040766,1.001729209046563,0.005005925007039844,-2.529394495642585,-0.007013229902710786,1.001370140554874,9.709575091165906
CH08,2026-09-06,2026-09-06 19:00:00,19,,ch0708_ref0904night_24h,to ch0708_ref0904day_24h (median of 280 shared frames),09-04 12:00 (user-labelled frame),lid,5/10,ok,1.445907996620228,2.855000754495327,tie (labels),4.545968251191942,unreliable,0.0,0.9988898753564277,-0.006327559493076557,2.7948127861712555,0.006657556093876846,0.9980288797549993,-8.766900515305547,1.0010690570241585,0.0063468343887537505,-2.742158534738196,-0.006677836219147094,1.001932675374597,8.80250739009225
CH08,2026-09-06,2026-09-06 20:00:00,20,0.31711597538077974,ch0708_ref0904night_24h,to ch0708_ref0904day_24h (median of 280 shared frames),09-04 12:00 (user-labelled frame),ok,5/10,ok,0.6744267762121673,1.1024662736901163,tie (labels),4.545968251191942,unreliable,0.0,0.9984877561417878,-0.013600356431964826,4.130657583093357,0.016305865488101715,0.9973546410631388,-15.22734652640179,1.0012915560353666,0.013654041896151931,-3.9280777313861206,-0.016370230562802537,1.0024291439239217,15.331955759705076
CH08,2026-09-06,2026-09-06 20:05:00,20,0.4575809802336748,ch0708_ref0904night_24h,to ch0708_ref0904day_24h (median of 280 shared frames),09-04 12:00 (user-labelled frame),ok,5/10,ok,0.6977926551979825,1.1579892077848488,tie (labels),4.545968251191942,unreliable,0.0,0.9984645959166357,-0.013657528917250517,4.358203843251264,0.016058961592277342,0.9973378892853532,-14.807422366920726,1.0013172257242995,0.013712021886053017,-4.160904881894087,-0.016123036176951527,1.0024484278678873,14.913944750726744
CH08,2026-09-06,2026-09-06 21:00:00,20,0.32503808914714577,ch0708_ref0904night_24h,to ch0708_ref0904day_24h (median of 280 shared frames),09-04 12:00 (user-labelled frame),ok,5/10,ok,0.6703546125568521,1.2362743825094933,tie (labels),4.545968251191942,unreliable,0.0,0.9980310028419439,-0.013514609057252288,4.641411175562267,0.016130966215675273,0.9968812716111269,-14.546404871571623,1.0017533803963181,0.013580659696773129,-4.451999560556453,-0.016209803911247583,1.0029087307673374,14.663952812003048
CH08,2026-09-06,2026-09-06 22:00:00,20,0.3420668633264789,ch0708_ref0904night_24h,to ch0708_ref0904day_24h (median of 280 shared frames),09-04 12:00 (user-labelled frame),ok,5/10,ok,0.6510388809733082,1.1899885051948484,tie (labels),4.545968251191942,unreliable,0.0,0.9977483824138561,-0.013518793739446148,4.956118940156344,0.015916185695214646,0.9966786761785795,-14.238508434581242,1.002039885594047,0.013591512345767267,-4.772705992610831,-0.016001800052827555,1.0031153458594615,14.362173137196233
CH08,2026-09-06,2026-09-06 23:00:00,20,0.2884779621145484,ch0708_ref0904night_24h,to ch0708_ref0904day_24h (median of 280 shared frames),09-04 12:00 (user-labelled frame),ok,5/10,ok,0.712459661972382,1.207644547604206,tie (labels),4.545968251191942,unreliable,0.0,0.9977612524494432,-0.012920644455856932,4.240326785811069,0.01603948137087169,0.996426108526083,-13.695170114239087,1.0020348961967054,0.012993373533006166,-4.071008949767932,-0.016129766083994263,1.0033775555180582,13.809821790804008
CH08,2026-09-06,2026-09-07 00:00:00,20,0.27416153684081884,ch0708_ref0904night_24h,to ch0708_ref0904day_24h (median of 280 shared frames),09-04 12:00 (user-labelled frame),ok,5/10,ok,0.7766284346799146,1.350737163075249,tie (labels),4.545968251191942,unreliable,0.0,0.9975498637389877,-0.013018061030422757,4.659139799224236,0.01611289422301321,0.9964718142089464,-13.894733417374836,1.0022446621566237,0.013093478403830227,-4.487667602086598,-0.01620624085562249,1.003328957137794,14.016495531128594
CH08,2026-09-06,2026-09-07 01:00:00,20,0.35556786322384953,ch0708_ref0904night_24h,to ch0708_ref0904day_24h (median of 280 shared frames),09-04 12:00 (user-labelled frame),ok,5/10,ok,0.8617813041495428,1.222861296232826,tie (labels),4.545968251191942,unreliable,0.0,0.9972471858972611,-0.012939307938104985,5.110103837290575,0.016271855987967956,0.9962122197246414,-14.143200097529963,1.002547942522909,0.013021599508790511,-4.9389570007113655,-0.01637534193896501,1.003589490886196,14.277646683060944
CH08,2026-09-06,2026-09-07 02:00:00,20,0.32318342942224215,ch0708_ref0904night_24h,to ch0708_ref0904day_24h (median of 280 shared frames),09-04 12:00 (user-labelled frame),ok,5/10,ok,0.7607353272241906,1.1474274646012257,tie (labels),4.545968251191942,unreliable,0.0,0.997091720358095,-0.013264990523971716,5.58961411977813,0.016189660387188796,0.9960872430467143,-13.710404140253967,1.0026999504663046,0.013353052590694268,-5.421630053502804,-0.016297138409932625,1.0037110961841087,13.85237948370959
CH08,2026-09-06,2026-09-07 03:00:00,20,0.2787808944452962,ch0708_ref0904night_24h,to ch0708_ref0904day_24h (median of 280 shared frames),09-04 12:00 (user-labelled frame),ok,5/10,ok,0.503895764252324,1.1422686889488798,tie (labels),4.545968251191942,unreliable,0.0,0.9973478711027229,-0.013135794597800671,5.0481894142082,0.01553999068733378,0.9959524854461191,-12.675966360802304,1.0024531725224002,0.013221533316691817,-4.892977782206394,-0.015641421848059712,1.003857666008581,12.803826865554827
CH08,2026-09-06,2026-09-07 04:00:00,20,0.2095186151339928,ch0708_ref0904night_24h,to ch0708_ref0904day_24h (median of 280 shared frames),09-04 12:00 (user-labelled frame),ok,5/10,ok,0.6121049589648511,1.3210737281989509,tie (labels),4.545968251191942,unreliable,0.0,0.9973782791359674,-0.01301765285582252,4.835021893996103,0.015610117139191783,0.9960533242481482,-12.89781167639575,1.0024235680892826,0.013100907056086769,-4.677766866770003,-0.015709951405234093,1.0037569967058755,13.022226671374893
CH08,2026-09-06,2026-09-07 05:00:00,20,0.10877418507885553,ch0708_ref0904night_24h,to ch0708_ref0904day_24h (median of 280 shared frames),09-04 12:00 (user-labelled frame),ok,5/10,ok,0.4499105858602884,1.2494078277608613,tie (labels),4.545968251191942,unreliable,0.0,0.9972776884721047,-0.01288239806735084,4.783992711441238,0.01605032162509438,0.9960229650842688,-13.592169536099444,1.0025210590498836,0.012966443351524604,-4.619811343246843,-0.01615503457023152,1.0037839683036693,13.720887442439214
CH08,2026-09-06,2026-09-07 06:00:00,20,0.2790832303880268,ch0708_ref0904night_24h,to ch0708_ref0904day_24h (median of 280 shared frames),09-04 12:00 (user-labelled frame),ok,5/10,ok,0.7014307498492377,1.225457651861807,tie (labels),4.545968251191942,unreliable,0.0,0.997331621264645,-0.012844477723245299,4.751874429246364,0.016281097425812543,0.9961198635419078,-14.172874020584738,1.0024645007909707,0.01292628871285642,-4.580382766054814,-0.01638479745325315,1.0036839766242143,14.302945057220999
CH08,2026-09-06,2026-09-07 07:00:00,20,0.307227009583904,ch0708_ref0904night_24h,to ch0708_ref0904day_24h (median of 280 shared frames),09-04 12:00 (user-labelled frame),ok,5/10,ok,0.473560243229511,1.367133189581913,tie (labels),4.545968251191942,unreliable,0.0,0.9980674996268771,-0.01320591972723205,4.1484083495608886,0.015892886717984597,0.9965226711563482,-13.594549404625644,1.0017248578294615,0.013274859111753521,-3.975098036148254,-0.015975852982450675,1.0032777508290918,13.70538331211154
CH08,2026-09-06,2026-09-07 07:30:00,20,1.3089360539701007,ch0708_ref0904night_24h,to ch0708_ref0904day_24h (median of 280 shared frames),09-04 12:00 (user-labelled frame),ok,5/10,ok,1.1598471400032782,1.8331103658082706,tie (labels),4.545968251191942,unreliable,0.0,0.9958681875472319,-0.013679468583457475,8.446764897363256,0.015492822981618021,0.9952927148523698,-12.679011487564594,1.0039342945318088,0.01379823989160863,-8.305048916216549,-0.015627338649478562,1.004514763739829,12.868254684429152
CH08,2026-09-06,2026-09-07 08:00:00,20,,ch0708_ref0904night_24h,to ch0708_ref0904day_24h (median of 280 shared frames),09-04 12:00 (user-labelled frame),lid,5/10,ok,1.2982841805350813,1.9998019733559633,tie (labels),4.545968251191942,unreliable,0.0,0.9958639651353591,-0.01374475067488761,8.670046923630732,0.015795752651802823,0.9954745513202665,-13.57220560812156,1.0039333498274752,0.013861543290365822,-8.516017535619275,-0.01592997314872472,1.0043260725900376,13.76903356948083
CH08,2026-09-06,2026-09-07 09:00:00,20,,ch0708_ref0904night_24h,to ch0708_ref0904day_24h (median of 280 shared frames),09-04 12:00 (user-labelled frame),lid,5/10,ok,1.0756564101733317,1.6992939250971764,tie (labels),4.545968251191942,unreliable,0.0,0.9965578127014921,-0.01362736126786437,7.8555115612986794,0.015757866439586186,0.9959912580366426,-13.824454349665213,1.0032370294153228,0.013726499431422422,-7.691178718524607,-0.015872503889177953,1.0038077057283714,14.001780441492238
CH08,2026-09-06,2026-09-07 09:25:00,21,2.080983228642678,ch0708_ref0904night_24h,to ch0708_ref0904day_24h (median of 280 shared frames),09-04 12:00 (user-labelled frame),ok,5/10,ok,1.5276604539275769,2.0041109647332447,tie (labels),4.545968251191942,unreliable,0.0,0.9988914674673078,-0.013563041938102437,5.405838652003061,0.01650094606674885,0.9986123030354837,-17.451881154797512,1.0008852013953133,0.013593912192436082,-5.173384567909505,-0.016538503157860932,1.0011650012212512,17.56161709727302
CH08,2026-09-06,2026-09-07 10:00:00,21,0.60575241585625,ch0708_ref0904day_24h,,09-04 12:00 (user-labelled frame),ok,5/10,ok,1.104037764613854,1.9190921249105375,tie (labels),0.0,same frame,0.0,0.9999480983363918,-0.014991282792607197,3.065374720765932,0.014638330366551988,0.9970302350845022,-12.686911537006287,0.9998318289515074,0.01503340737865523,-2.874131703972341,-0.014679463177910163,1.002757891220341,12.766898714287422
CH08,2026-09-06,2026-09-07 11:00:00,21,0.43272813570894914,ch0708_ref0904day_24h,,09-04 12:00 (user-labelled frame),ok,5/10,ok,1.5472986940036053,2.1582218574585417,tie (labels),0.0,same frame,0.0,1.0001210775257305,-0.014947788964195574,3.5028119148272414,0.014967299019830897,0.9976641489775627,-13.926996876756952,0.999654789839461,0.014977614311270192,-3.293009520829456,-0.014997163295350531,1.0021166207010654,14.009007288929533
CH08,2026-09-07,2026-09-07 12:00:00,21,2.1974644519864195,ch0708_ref0904night_24h,to ch0708_ref0904day_24h (median of 280 shared frames),09-04 12:00 (user-labelled frame),ok,5/10,ok,1.3633475696978155,2.105796194174354,tie (labels),4.545968251191942,unreliable,0.0,1.0007380865562994,-0.013720599314046261,1.2275902896385085,0.017572051677572913,0.9984367437717642,-19.780195955023668,0.9990213954786593,0.013728633645573642,-0.9548339005265367,-0.017582341292885075,1.001324085853811,19.82797054411358
CH08,2026-09-07,2026-09-07 13:00:00,21,1.190276972351249,ch0708_ref0904day_24h,,09-04 12:00 (user-labelled frame),ok,5/10,ok,1.4709215012925019,2.2924340079665586,tie (labels),0.0,same frame,0.0,1.002536966509237,-0.01436422805834578,-1.3211501298246542,0.016074243895070332,0.9998549078576892,-16.458378516971848,0.997239745970705,0.014326657825446067,1.5532969772298302,-0.01603220104498667,0.9999147895868621,16.43579514724688
CH08,2026-09-07,2026-09-07 14:00:00,21,0.34432419803496567,ch0708_ref0904night_24h,to ch0708_ref0904day_24h (median of 280 shared frames),09-04 12:00 (user-labelled frame),ok,5/10,ok,0.9268328250173604,1.6752362389019684,tie (labels),4.545968251191942,unreliable,0.0,0.9990600396248832,-0.013682760793013234,3.661887926699869,0.015923146013797327,0.9979642145060936,-14.713413397227615,1.0007221644756426,0.013720574142594224,-3.4626559326670154,-0.015967150838244477,1.0018210179904499,14.798676704603254
CH08,2026-09-07,2026-09-07 15:00:00,21,0.7806426029535855,ch0708_ref0904night_24h,to ch0708_ref0904day_24h (median of 280 shared frames),09-04 12:00 (user-labelled frame),ok,5/10,ok,1.2699940715839457,1.6383702722043758,tie (labels),4.545968251191942,unreliable,0.0,0.9989140702944307,-0.013593437377529412,2.868305802273102,0.016452262639233637,0.9979007997210797,-15.424251335205339,1.0008625598132772,0.013633782570510322,-2.6604889985732396,-0.016501092798428676,1.0018788377640624,15.500561181313893
CH08,2026-09-07,2026-09-07 16:00:00,21,1.312556145313663,ch0708_ref0904day_24h,,09-04 12:00 (user-labelled frame),ok,5/10,ok,0.7789440627652177,1.585739320334469,tie (labels),0.0,same frame,0.0,0.999600412110828,-0.01418859858799057,3.288441367374603,0.014341056244216797,0.9990970485736775,-12.775779162460182,1.00019596289458,0.014204204733764035,-3.1076159970066697,-0.01435683007930733,1.0006998800850522,12.831932269804176
CH08,2026-09-07,2026-09-07 16:44:00,21,3.4020287078475078,ch0708_ref0904day_24h,,09-04 12:00 (user-labelled frame),ok,5/10,ok,1.5062614743442735,1.8055635670806776,tie (labels),0.0,same frame,0.0,1.0018604899499157,-0.015217264337905434,-0.9204020990787194,0.018184746952413726,0.9970176266298448,-19.49465876230578,0.9978665216531206,0.01523022083899357,1.2153463992606506,-0.01820023007003885,1.002713508353221,19.530806151740308
CH08,2026-09-07,2026-09-07 17:00:00,21,,ch0708_ref0904night_24h,to ch0708_ref0904day_24h (median of 280 shared frames),09-04 12:00 (user-labelled frame),lid,5/10,ok,1.4248290865810933,2.7927350475461186,tie (labels),4.545968251191942,unreliable,0.0,1.000440542790176,-0.013933666185338709,0.6054818628701288,0.0166681095589156,0.998504103006663,-17.631912593814185,0.9993273142066866,0.013945153719567784,-0.3591948323321453,-0.016681851489900968,1.0012653504772977,17.66432370134667
CH08,2026-09-07,2026-09-07 18:00:00,21,,ch0708_ref0904night_24h,to ch0708_ref0904day_24h (median of 280 shared frames),09-04 12:00 (user-labelled frame),lid,5/10,ok,0.6555015723569102,2.1373111125175903,tie (labels),4.545968251191942,unreliable,0.0,1.000341323841024,-0.008257356503913254,-4.880023181998001,0.010777457645347134,1.0001519319226952,-10.538919241979492,0.9995698814494379,0.008252551035756313,4.964897162406401,-0.010771185573952013,0.9997591631488566,10.483817446556312
CH08,2026-09-07,2026-09-07 18:10:00,22,0.4226298965634406,ch0708_ref0904night_24h,to ch0708_ref0904day_24h (median of 280 shared frames),09-04 12:00 (user-labelled frame),ok,5/10,ok,1.1900923175199962,1.9451140325117933,tie (labels),4.545968251191942,unreliable,0.0,0.9984148352617643,-0.008743844811173827,0.2966929129257041,0.00960510808271765,0.9975514640228309,-5.7257124286918035,1.0015032293239623,0.008778483247153789,-0.24687583977933455,-0.009643158383081933,1.0023700207779191,5.742143542866674
CH08,2026-09-07,2026-09-07 19:00:00,22,0.62464169944205,ch0708_ref0904night_24h,to ch0708_ref0904day_24h (median of 280 shared frames),09-04 12:00 (user-labelled frame),ok,5/10,ok,1.4583252513891214,2.476399036993143,tie (labels),4.545968251191942,unreliable,0.0,0.9992643735188639,-0.008449539211596236,-1.6926510268348882,0.009490921984835914,0.9981984454628099,-6.067773140395362,1.0006557175129138,0.008470339500992886,1.7451570262705898,-0.00951428585344246,1.001724269571471,6.062131251268504
CH08,2026-09-07,2026-09-07 20:00:00,22,0.2047817887053079,ch0708_ref0904night_24h,to ch0708_ref0904day_24h (median of 280 shared frames),09-04 12:00 (user-labelled frame),ok,5/10,ok,0.773172874613407,1.7688953695501257,tie (labels),4.545968251191942,unreliable,0.0,0.9986717310953684,-0.008529693358266748,-0.6574889555568348,0.009526489621538872,0.9971131548208666,-5.483998631337485,1.0012483320007497,0.008565067270601542,0.7052805372494882,-0.009565997396856967,1.0028133719238477,5.49313762147999
CH08,2026-09-07,2026-09-07 21:00:00,22,0.18123445900397647,ch0708_ref0904night_24h,to ch0708_ref0904day_24h (median of 280 shared frames),09-04 12:00 (user-labelled frame),ok,5/10,ok,1.199371075662902,1.426310312663627,tie (labels),4.545968251191942,unreliable,0.0,0.9982047868406418,-0.00896611993378944,0.6613000392475916,0.00948329181473833,0.9969317330411154,-5.187117660645166,1.0017128519802443,0.009009119955160187,-0.6157013831030703,-0.009528772106515603,1.0029920111342598,5.208938951808552
CH08,2026-09-07,2026-09-07 22:00:00,22,0.1358072194618218,ch0708_ref0904night_24h,to ch0708_ref0904day_24h (median of 280 shared frames),09-04 12:00 (user-labelled frame),ok,5/10,ok,1.1228308172444397,1.7036194337176103,tie (labels),4.545968251191942,unreliable,0.0,0.9981656448428541,-0.008454561004745946,0.24414381831716447,0.00980310394910675,0.9966904164428848,-5.49893557463983,1.00175427108231,0.008497515835315083,-0.19784482063468364,-0.009852910280736406,1.0032369946302753,5.519141126704644
CH08,2026-09-07,2026-09-07 23:00:00,22,0.2019136280813229,ch0708_ref0904night_24h,to ch0708_ref0904day_24h (median of 280 shared frames),09-04 12:00 (user-labelled frame),ok,5/10,ok,0.7555823494600751,1.2212023231359377,tie (labels),4.545968251191942,unreliable,0.0,0.9978748450886978,-0.008747598119315062,0.772947949166154,0.009184191532706262,0.9963472012659155,-4.184217457045822,1.0020487093832307,0.008797655470428125,-0.7377201912819195,-0.00923674725074127,1.0035850950117258,4.206357799023479
CH08,2026-09-07,2026-09-08 00:00:00,22,0.23169698616506298,ch0708_ref0904night_24h,to ch0708_ref0904day_24h (median of 280 shared frames),09-04 12:00 (user-labelled frame),ok,5/10,ok,0.9968670386758733,1.3038878034940027,tie (labels),4.545968251191942,unreliable,0.0,0.9977311276599847,-0.008386097028926379,0.5446593725222222,0.00957087628234444,0.9963679972323534,-5.125981315234817,1.002193116702928,0.008435125116160232,-0.5026155803524017,-0.009626831007845067,1.0035642164728276,5.149494766014095
CH08,2026-09-07,2026-09-08 01:00:00,22,0.3195010642174349,ch0708_ref0904night_24h,to ch0708_ref0904day_24h (median of 280 shared frames),09-04 12:00 (user-labelled frame),ok,5/10,ok,0.8210772546767006,1.089184446502337,tie (labels),4.545968251191942,unreliable,0.0,0.997730675915055,-0.008232752012257778,0.49318121895315326,0.00971964141131379,0.9961635072230532,-5.211763572393544,1.0021937987291667,0.008282589106441092,-0.4510962630944883,-0.009778479413930953,1.0037704543015686,5.2362368511707045
CH08,2026-09-07,2026-09-08 02:00:00,22,0.2094276187022255,ch0708_ref0904night_24h,to ch0708_ref0904day_24h (median of 280 shared frames),09-04 12:00 (user-labelled frame),ok,5/10,ok,0.897666683666068,1.3414270003577793,tie (labels),4.545968251191942,unreliable,0.0,0.9976368542441904,-0.008401471483170017,0.7379539822829679,0.009432724026551445,0.9962748940089053,-4.8439477553495625,1.0022888274479704,0.008452186291496336,-0.6987010827984662,-0.009489663908090046,1.003659009046908,4.868674739280638
CH08,2026-09-07,2026-09-08 03:00:00,22,0.17935694535189597,ch0708_ref0904night_24h,to ch0708_ref0904day_24h (median of 280 shared frames),09-04 12:00 (user-labelled frame),ok,5/10,ok,0.8269268573257956,1.22449323462503,tie (labels),4.545968251191942,unreliable,0.0,0.9975638147338831,-0.008752657872671998,1.3416120762043384,0.009533925474155401,0.9962348422823601,-4.757592214039729,1.0023579696402873,0.008806454062686746,-1.302878039467134,-0.009592523545033446,1.003695110314031,4.788041487529073
CH08,2026-09-07,2026-09-08 04:00:00,22,0.11969938019775772,ch0708_ref0904night_24h,to ch0708_ref0904day_24h (median of 280 shared frames),09-04 12:00 (user-labelled frame),ok,5/10,ok,0.8257237295504986,1.3508944585076552,tie (labels),4.545968251191942,unreliable,0.0,0.9975727400981599,-0.008450428161985211,0.9662952154244708,0.009501501809176825,0.9960874364389057,-4.481197223457446,1.0023521724948996,0.008503575807521467,-0.9304619081540202,-0.009561260017936937,1.0038468177390867,4.50767457223775
CH08,2026-09-07,2026-09-08 05:00:00,22,0.1401356689324273,ch0708_ref0904night_24h,to ch0708_ref0904day_24h (median of 280 shared frames),09-04 12:00 (user-labelled frame),ok,5/10,ok,1.0366627737480272,1.3910779081749904,tie (labels),4.545968251191942,unreliable,0.0,0.9974450481779783,-0.008481889802942812,1.156664224839703,0.00954519465169203,0.9960377545433977,-4.649582012293996,1.0024798026779311,0.00853674790659714,-1.119840214371925,-0.009606929865160799,1.0038961982298757,4.678809697585533
CH08,2026-09-07,2026-09-08 06:00:00,22,0.15924709975826445,ch0708_ref0904night_24h,to ch0708_ref0904day_24h (median of 280 shared frames),09-04 12:00 (user-labelled frame),ok,5/10,ok,0.8510613635575845,1.5634198329817517,tie (labels),4.545968251191942,unreliable,0.0,0.9971965879828056,-0.008981634778865643,1.9962940125700515,0.009746017911221865,0.9961475659366331,-4.839888680050796,1.0027229325437832,0.00904092071542971,-1.957972736675993,-0.0098103493847078,1.0037788789702065,4.877762375339893
CH08,2026-09-07,2026-09-08 06:11:00,22,0.19151754250210584,ch0708_ref0904night_24h,to ch0708_ref0904day_24h (median of 280 shared frames),09-04 12:00 (user-labelled frame),ok,5/10,ok,0.8935250199416909,1.5215615943606797,tie (labels),4.545968251191942,unreliable,0.0,0.9972427976945301,-0.009010667941676879,2.015073999178524,0.009552089008533663,0.9961867312638242,-4.710521231385462,1.002677954422593,0.009069382090925567,-1.977748758611624,-0.009614331095725641,1.0037409022568118,4.747516419501202
CH08,2026-09-07,2026-09-08 07:00:00,22,,ch0708_ref0904night_24h,to ch0708_ref0904day_24h (median of 280 shared frames),09-04 12:00 (user-labelled frame),lid,5/10,ok,0.9453720549233133,2.2433888921255276,tie (labels),4.545968251191942,unreliable,0.0,0.9970023893395608,-0.015148958868692953,9.798497244908436,0.01554626113824833,0.9958633253798711,-12.397363731560716,1.002768767623398,0.015254003665354603,-9.636517575036132,-0.015654060879093303,1.00391572999664,12.599294732999068
CH08,2026-09-07,2026-09-08 07:36:00,23,2.4889511124264296,ch0708_ref0904night_24h,to ch0708_ref0904day_24h (median of 280 shared frames),09-04 12:00 (user-labelled frame),ok,5/10,ok,1.2112262291964848,2.5203036882566203,tie (labels),4.545968251191942,unreliable,0.0,0.9963590590598369,-0.015017101358959594,11.220296330215456,0.016102960537058057,0.99564030710731,-13.453283566365059,1.0034096484710349,0.015134285231406855,-11.054947765649967,-0.01622861776134469,1.0041340091049653,13.690989463432176
CH08,2026-09-07,2026-09-08 08:00:00,23,0.9781030286127511,ch0708_ref0904day_24h,,09-04 12:00 (user-labelled frame),ok,5/10,ok,0.9631532105903193,1.7433535167057161,tie (labels),0.0,same frame,0.0,0.9969843823531855,-0.01503097693731445,10.563920661346039,0.01376866892727939,0.995129191306779,-7.795228182785436,1.0028155532046086,0.015147075961870659,-10.475589028592555,-0.013875017905031206,1.0046850737168742,7.978323989785147
CH08,2026-09-07,2026-09-08 09:00:00,23,2.035069409251887,ch0708_ref0904day_24h,,09-04 12:00 (user-labelled frame),ok,5/10,ok,1.5127392788597136,1.630568313711649,tie (labels),0.0,same frame,0.0,0.9988407941199211,-0.014940759745716126,9.17051212893152,0.014428167272319818,0.9975465854251604,-10.877953245056625,1.000943998213604,0.014991644515380813,-9.016090667894241,-0.014477306270659317,1.002242614683635,11.035112615481221
CH08,2026-09-07,2026-09-08 10:00:00,23,2.8613283850745144,ch0708_ref0904night_24h,to ch0708_ref0904day_24h (median of 280 shared frames),09-04 12:00 (user-labelled frame),ok,5/10,ok,1.6946412731631404,2.1960161720608204,tie (labels),4.545968251191942,unreliable,0.0,0.99989590395341,-0.014358919309822355,7.876379750300709,0.015598547611069807,0.9990170643354943,-14.787306752708629,0.9998799118101394,0.014371321057207275,-7.662920757199255,-0.015612020020996353,1.000759510478698,14.921504065493696
CH08,2026-09-07,2026-09-08 11:00:00,23,2.5910706505275365,ch0708_ref0904day_24h,,09-04 12:00 (user-labelled frame),ok,5/10,ok,1.4668923680408215,1.6215237863044503,tie (labels),0.0,same frame,0.0,1.0004963013907273,-0.015010305731079004,7.639070692856309,0.014611241580658359,0.9998345766368626,-12.789429709954659,0.9992848549180119,0.0150020528747968,-7.441739948272117,-0.014603208134902481,0.9999462158472224,12.900296780598214
CH08,2026-09-08,2026-09-08 12:00:00,23,1.465111060939288,ch0708_ref0904day_24h,,09-04 12:00 (user-labelled frame),ok,5/10,ok,1.2165986293624624,2.1563454518745027,tie (labels),0.0,same frame,0.0,1.0010915914750547,-0.014840288513931321,5.618294912920212,0.015425523662331807,1.0006554023434366,-14.917369729194071,0.9986813802929634,0.014811012644642775,-5.3899451668441865,-0.01539509328262444,0.9991167089415801,14.99068752417083
CH08,2026-09-08,2026-09-08 13:00:00,23,3.146839919077398,ch0708_ref0904night_24h,to ch0708_ref0904day_24h (median of 280 shared frames),09-04 12:00 (user-labelled frame),ok,5/10,ok,1.0750849527370072,1.9176501968183914,tie (labels),4.545968251191942,unreliable,0.0,1.0024623608539525,-0.015375986968199964,0.8975797086461776,0.017340901054197774,1.0005583608523871,-19.825256403612872,0.9972785808046322,0.015325585255270512,-0.5913033607765285,-0.017284058451594163,0.9991763395898322,19.824440944940996
CH08,2026-09-08,2026-09-08 14:00:00,23,3.753946822891677,ch0708_ref0904night_24h,to ch0708_ref0904day_24h (median of 280 shared frames),09-04 12:00 (user-labelled frame),ok,5/10,ok,1.605470413121313,3.592415237689604,tie (labels),4.545968251191942,unreliable,0.0,1.0018776930380868,-0.016187256590164477,1.252668072474802,0.016401671015124568,0.9995900600964504,-17.254642186521227,0.9978612839319025,0.016159260970280268,-0.9711667050994037,-0.016373304568676545,1.000144960446339,17.277653743028093
CH08,2026-09-08,2026-09-08 15:00:00,23,3.316454229777506,ch0708_ref0904night_24h,to ch0708_ref0904day_24h (median of 280 shared frames),09-04 12:00 (user-labelled frame),ok,5/10,ok,1.1337528840365998,1.5568415635995525,tie (labels),4.545968251191942,unreliable,0.0,0.9999173552484234,-0.014880918593940659,2.961082841999118,0.017431620347061836,0.9995145581689134,-18.395468876144903,0.9998231515250945,0.014885512976858277,-2.686733188343194,-0.017437002241885286,1.000226072965477,18.45126000249942
CH08,2026-09-08,2026-09-08 16:00:00,23,2.276195993606821,ch0708_ref0904night_24h,to ch0708_ref0904day_24h (median of 280 shared frames),09-04 12:00 (user-labelled frame),ok,5/10,ok,1.8103141745074864,2.2195348236984658,tie (labels),4.545968251191942,unreliable,0.0,0.9995308753377214,-0.015494154718560778,6.64611485567244,0.017714932587985465,0.9987221703531988,-18.401804281348063,1.0001943333292762,0.015516993823969058,-6.36186573391553,-0.01774104522336485,1.0010042303825966,18.53819295651615
CH08,2026-09-08,2026-09-08 17:00:00,23,4.510931375071274,ch0708_ref0904day_24h,,09-04 12:00 (user-labelled frame),ok,5/10,ok,2.290577650100922,3.154064663502262,tie (labels),0.0,same frame,0.0,1.0013896283838548,-0.015153653043549264,2.8746411499292583,0.01031794964509241,1.0014040923357541,-4.889187930960516,0.9984566219135734,0.01510905072518878,-2.7963335033182544,-0.010287580434871265,0.998442200533969,4.91114465866363
CH08,2026-09-08,2026-09-08 18:00:00,23,1.401791900074398,ch0708_ref0904day_24h,,09-04 12:00 (user-labelled frame),ok,5/10,ok,1.589602041937056,2.7075361062566228,tie (labels),0.0,same frame,0.0,1.001112783471256,-0.01460060737895616,2.5527370066336164,0.015555531906382761,0.9999149610979242,-14.132440454073498,0.99866186999029,0.014582309931688704,-2.3432374858457075,-0.015536037749914688,0.9998581912554046,14.170095768935301
CH08,2026-09-08,2026-09-08 18:44:00,23,0.5341026051776723,ch0708_ref0904night_24h,to ch0708_ref0904day_24h (median of 280 shared frames),09-04 12:00 (user-labelled frame),ok,5/10,ok,1.2362871723768527,1.8402645936083883,tie (labels),4.545968251191942,unreliable,0.0,0.9995363064834403,-0.015357981657221974,6.125327798535574,0.01477886940062137,0.9982526335362373,-11.808416299597113,1.0002363784726733,0.01538850130457664,-5.945061864533881,-0.014808238226061756,1.0015226023570074,11.917101135340836
CH08,2026-09-08,2026-09-08 19:00:00,23,,ch0708_ref0904night_24h,to ch0708_ref0904day_24h (median of 280 shared frames),09-04 12:00 (user-labelled frame),lid,5/10,ok,2.137215508429624,3.1585691531556224,tie (labels),4.545968251191942,unreliable,0.0,0.999117234718165,-0.01499196212870118,6.609029465970641,0.016361815313757903,0.9986434824422906,-15.262053013160834,1.0006375425679128,0.015021897610593648,-6.383978005896634,-0.01639448607572009,1.0011122408175401,15.387379733035411
CH08,2026-09-08,2026-09-08 19:58:00,24,0.26119808314245696,ch0708_ref0904night_24h,to ch0708_ref0904day_24h (median of 280 shared frames),09-04 12:00 (user-labelled frame),ok,5/10,ok,1.4120811060915814,2.137961066754857,tie (labels),4.545968251191942,unreliable,0.0,0.9990014886225173,-0.009835495096259028,-1.0954094938461199,0.01160494742080161,0.9983659859983847,-12.378587727943522,1.0008849666352444,0.009860311067605078,1.2184356202752655,-0.011634227903364868,1.0015220726982235,12.384684594667872
CH08,2026-09-08,2026-09-08 20:00:00,24,0.3878457689810631,ch0708_ref0904night_24h,to ch0708_ref0904day_24h (median of 280 shared frames),09-04 12:00 (user-labelled frame),ok,5/10,ok,1.3547825835641154,2.104994088416987,tie (labels),4.545968251191942,unreliable,0.0,0.9990030043393431,-0.00981561766054783,-1.1090624571928362,0.01141560231866515,0.9981690974904441,-11.804329044645142,1.0008855223979731,0.009842329956453334,1.2262266582113746,-0.011446668824882215,1.001721698647258,11.811957471339497
CH08,2026-09-08,2026-09-08 21:00:00,24,0.9780163256685603,ch0708_ref0904day_24h,,09-04 12:00 (user-labelled frame),ok,5/10,ok,1.075588819594747,1.569288381790602,tie (labels),0.0,same frame,0.0,0.9990702106943135,-0.009257759539498756,-1.460528853843142,0.010952770108724467,0.998506285539187,-11.01071528090323,1.000828926056635,0.009279294153470286,1.563911190198171,-0.010978247512323465,1.0013941629665628,11.010031965126853
CH08,2026-09-08,2026-09-08 22:00:00,24,0.4632602035065669,ch0708_ref0904night_24h,to ch0708_ref0904day_24h (median of 280 shared frames),09-04 12:00 (user-labelled frame),ok,5/10,ok,0.5950273829748596,1.7988257328894512,tie (labels),4.545968251191942,unreliable,0.0,0.9988362607484839,-0.009563107507507771,-1.4505253159798472,0.011257011328959954,0.9976770217567201,-11.040338917438028,1.001056952555599,0.00959550540872504,1.5579960842159672,-0.011295147838536053,1.002220118817898,11.048465883737073
CH08,2026-09-08,2026-09-08 23:00:00,24,0.15965856628649758,ch0708_ref0904night_24h,to ch0708_ref0904day_24h (median of 280 shared frames),09-04 12:00 (user-labelled frame),ok,5/10,ok,0.7835013325971372,1.0347430456362476,tie (labels),4.545968251191942,unreliable,0.0,0.9988338018418215,-0.009331475610633022,-1.6635389018771756,0.01124213442517022,0.9978298726811672,-11.531969552076133,1.0010621913544504,0.009361703511892873,1.7732647783712543,-0.011278551616141257,1.002069372591497,11.537071184422897
CH08,2026-09-08,2026-09-09 00:00:00,24,0.5264437419739043,ch0708_ref0904night_24h,to ch0708_ref0904day_24h (median of 280 shared frames),09-04 12:00 (user-labelled frame),ok,5/10,ok,0.9831410635810539,1.3845477978067424,tie (labels),4.545968251191942,unreliable,0.0,0.9986397896454332,-0.00989634328068865,-0.768811047199395,0.010984892173776708,0.9974608196479023,-10.398643376513146,1.0012527908742592,0.009933965459151529,0.8730739707876725,-0.011026652606093538,1.0024362428727063,10.415499584987796
CH08,2026-09-08,2026-09-09 01:00:00,24,0.2625788652991673,ch0708_ref0904night_24h,to ch0708_ref0904day_24h (median of 280 shared frames),09-04 12:00 (user-labelled frame),ok,5/10,ok,0.4777708753870742,0.8375712172291923,tie (labels),4.545968251191942,unreliable,0.0,0.9985821248940063,-0.009377743830570395,-1.3530504813032485,0.011369555937300591,0.9977840568863731,-11.900314493464135,1.001312738555905,0.009410908394113094,1.4668194523972684,-0.011409764580994363,1.0021136289457262,11.910029355182894
CH08,2026-09-08,2026-09-09 02:00:00,24,0.1024778327291135,ch0708_ref0904night_24h,to ch0708_ref0904day_24h (median of 280 shared frames),09-04 12:00 (user-labelled frame),ok,5/10,ok,0.8335439817369511,1.759662370345273,tie (labels),4.545968251191942,unreliable,0.0,0.9985379470346778,-0.009870431132165163,-0.5419321694657153,0.011277410450024623,0.9976227527974681,-11.511252692008838,1.0013523010618002,0.009907331101811955,0.6567108167302632,-0.011319570321030082,1.0022709166935895,11.531259348609753
CH08,2026-09-08,2026-09-09 03:00:00,24,0.10069970325346979,ch0708_ref0904night_24h,to ch0708_ref0904day_24h (median of 280 shared frames),09-04 12:00 (user-labelled frame),ok,5/10,ok,0.7379438406571617,1.6345822624895403,tie (labels),4.545968251191942,unreliable,0.0,0.9987405718873291,-0.009591038271462033,-1.1518463296040662,0.011602437003930753,0.9978329125000861,-12.172148992756878,1.001149226224206,0.009622914241326084,1.270301607502246,-0.01164099788981391,1.0020599022320127,12.183813788943139
CH08,2026-09-08,2026-09-09 04:00:00,24,0.06407732611148174,ch0708_ref0904night_24h,to ch0708_ref0904day_24h (median of 280 shared frames),09-04 12:00 (user-labelled frame),ok,5/10,ok,1.4227036945944214,1.6431151459187405,tie (labels),4.545968251191942,unreliable,0.0,0.9987783407051898,-0.00993473766315012,-0.9094217747000592,0.011030229276905376,0.9980839953360898,-11.632594304693184,1.0011131041202463,0.009964888834057939,1.0263515649224826,-0.011063705181288238,1.0018095567745713,11.643582570122355
CH08,2026-09-08,2026-09-09 05:00:00,24,0.2608771471743559,ch0708_ref0904night_24h,to ch0708_ref0904day_24h (median of 280 shared frames),09-04 12:00 (user-labelled frame),ok,5/10,ok,1.0458255109874766,1.943355929135763,tie (labels),4.545968251191942,unreliable,0.0,0.9989335217513134,-0.009613681038838981,-1.1517624806217917,0.01144494444967087,0.9979484813553355,-12.108026133112727,1.0009571392541636,0.009642664776912347,1.2696185148151677,-0.011479449159246043,1.0019451493921907,12.118356453946355
CH08,2026-09-08,2026-09-09 06:00:00,24,0.22780051295215997,ch0708_ref0904night_24h,to ch0708_ref0904day_24h (median of 280 shared frames),09-04 12:00 (user-labelled frame),ok,5/10,ok,1.1523000081298989,1.6580237896100256,tie (labels),4.545968251191942,unreliable,0.0,0.9992135131667933,-0.00958300726918885,-1.5670841194908667,0.011607480701243483,0.9982502397421976,-12.587101500567151,1.0006755132964498,0.009606289421473803,1.6890580456421531,-0.01163568136161446,1.0016411270175654,12.589524441431328
CH08,2026-09-08,2026-09-09 07:00:00,24,0.12156692389080652,ch0708_ref0904night_24h,to ch0708_ref0904day_24h (median of 280 shared frames),09-04 12:00 (user-labelled frame),ok,5/10,ok,0.8946135351862791,1.6769398435122285,tie (labels),4.545968251191942,unreliable,0.0,0.9994229326143299,-0.009658372984784934,-1.8904353572863215,0.011694294565673448,0.9984690306826443,-12.702251386314714,1.0004641616882315,0.009677672250774481,2.0142410507169513,-0.011717661990159806,1.0014199696973833,12.6981367158409
CH08,2026-09-08,2026-09-09 08:00:00,24,2.2192332628116573,ch0708_ref0904night_24h,to ch0708_ref0904day_24h (median of 280 shared frames),09-04 12:00 (user-labelled frame),ok,5/10,ok,1.4635794189021414,2.5088212654987254,tie (labels),4.545968251191942,unreliable,0.0,0.9967743538604475,-0.010286654079716089,3.9052436875512426,0.011674547544386328,0.9970365811981549,-12.586492060207917,1.0031148694504675,0.010349365167581295,-3.7871458093002723,-0.011745719722547366,1.0028510434820015,12.66824659415966
CH08,2026-09-08,2026-09-09 08:06:00,24,2.1124859209433375,ch0708_ref0904night_24h,to ch0708_ref0904day_24h (median of 280 shared frames),09-04 12:00 (user-labelled frame),ok,5/10,ok,1.4562921942510954,1.9564865416313444,tie (labels),4.545968251191942,unreliable,0.0,0.9967875939180901,-0.009950342391822744,3.4289607851734663,0.011846077206599425,0.9970493323188023,-12.831175200460583,1.003103788420492,0.010010764588854826,-3.311153679622646,-0.011918011013784055,1.00284046064641,12.908488041068216
CH08,2026-09-08,2026-09-09 09:00:00,24,,ch0708_ref0904day_24h,,09-04 12:00 (user-labelled frame),lid,5/10,ok,0.8402906111688782,1.468726496944726,tie (labels),0.0,same frame,0.0,0.9995193703724724,-0.0099922199954659,-0.37499593415956767,0.009907663052449125,0.9983717857998766,-9.496938574792209,1.0003816141971538,0.010012335395144028,0.4702255721698186,-0.009927608230023945,1.001531508979328,9.50776040877344
CH08,2026-09-08,2026-09-09 09:24:00,25,1.5681506819118143,ch0708_ref0904night_24h,to ch0708_ref0904day_24h (median of 280 shared frames),09-04 12:00 (user-labelled frame),ok,5/10,ok,1.402011346309946,1.9521300656214504,tie (labels),4.545968251191942,unreliable,0.0,0.9976631284917382,-0.009524216871084646,1.9228365468843935,0.012507595455996945,0.9980508071164398,-14.486086788365313,1.0022224421014598,0.009564026023104799,-1.7885646287635346,-0.012559874480682536,1.0018331430645486,14.536792443569592
CH08,2026-09-08,2026-09-09 10:00:00,25,0.6275764379729185,ch0708_ref0904night_24h,to ch0708_ref0904day_24h (median of 280 shared frames),09-04 12:00 (user-labelled frame),ok,5/10,ok,2.0848118021439377,2.9211870937622244,tie (labels),4.545968251191942,unreliable,0.0,1.000131157056406,-0.009930080052121914,-1.9602546372334386,0.011419525892709883,1.0007878912316397,-15.117398454232692,0.9997555951596621,0.009919837339633041,2.1097376751762122,-0.01140774684159808,0.9990995383948119,15.0814237287077
CH08,2026-09-08,2026-09-09 11:00:00,25,1.2248402081379115,ch0708_ref0904night_24h,to ch0708_ref0904day_24h (median of 280 shared frames),09-04 12:00 (user-labelled frame),ok,5/10,ok,2.055529043534448,2.9701211636604006,tie (labels),4.545968251191942,unreliable,0.0,0.9987037462097801,-0.010034019005485648,0.7393892097626291,0.012200736317404471,0.9988928197420069,-14.860193891470612,1.0011750748564843,0.010056944579422543,-0.5908099010261835,-0.012228612374084881,1.0009855693319278,14.883881346876317
CH08,2026-09-09,2026-09-09 12:00:00,25,1.1249591848277523,ch0708_ref0904night_24h,to ch0708_ref0904day_24h (median of 280 shared frames),09-04 12:00 (user-labelled frame),ok,5/10,ok,1.671065215977989,2.547175909282467,tie (labels),4.545968251191942,unreliable,7.199999999999999,0.9988272572750327,-0.00991629139277037,0.27836873496926406,0.011713344403728789,0.9985252410647906,-13.308054256222208,1.0010575354378235,0.009941439448986246,-0.1463619041992194,-0.01174304984822144,1.001360317571568,13.329426334201258
CH08,2026-09-09,2026-09-09 13:00:00,25,1.423777155634595,ch0708_ref0904night_24h,to ch0708_ref0904day_24h (median of 280 shared frames),09-04 12:00 (user-labelled frame),ok,5/10,ok,1.4458677559201312,2.2311366363033924,tie (labels),4.545968251191942,unreliable,7.199999999999999,0.9981786921128204,-0.010056561539960778,1.5640825718543248,0.011621452666417077,0.9982202036278501,-12.899511929757209,1.0017071370043746,0.010091690622661489,-1.4365747915121942,-0.011662048149296462,1.0016654804833767,12.939236221383744
CH08,2026-09-09,2026-09-09 14:00:00,25,1.6010036467679376,ch0708_ref0904night_24h,to ch0708_ref0904day_24h (median of 280 shared frames),09-04 12:00 (user-labelled frame),ok,5/10,ok,2.311469418521331,3.2427873399257825,tie (labels),4.545968251191942,unreliable,7.199999999999999,0.9977159515653636,-0.01006187123643494,2.411666846842559,0.011987655956330544,0.9981597591372039,-13.707493299638536,1.0021678974207462,0.010102274960325478,-2.27841822684976,-0.012035792722342863,1.0017223077272535,13.760128143553722
CH08,2026-09-09,2026-09-09 15:00:00,25,0.8714455754830615,ch0708_ref0904night_24h,to ch0708_ref0904day_24h (median of 280 shared frames),09-04 12:00 (user-labelled frame),ok,5/10,ok,1.6656112593727657,2.7245476225963414,tie (labels),4.545968251191942,unreliable,7.199999999999999,0.9984691716189341,-0.009704259021165378,0.36680252239736033,0.012479126869589368,0.9985693006951067,-14.661445115481854,1.001411543842215,0.009731880402757494,-0.22463684984369683,-0.012514646400184083,1.001311129767114,14.685258576468168
CH08,2026-09-09,2026-09-09 16:00:00,25,4.910528693288059,ch0708_ref0904day_24h,,09-04 12:00 (user-labelled frame),ok,5/10,ok,2.247125506847289,3.561718363740877,tie (labels),0.0,same frame,7.199999999999999,1.0019243141872816,-0.011120441161715344,-6.561585527790584,0.0151155426873393,0.9954105231270612,-19.012909441770706,0.9979111915542082,0.01114837791289785,6.759842732202912,-0.01515351592499272,1.0044413465479685,18.997921270698175
CH08,2026-09-09,2026-09-09 17:00:00,25,1.7767700572328062,ch0708_ref0904night_24h,to ch0708_ref0904day_24h (median of 280 shared frames),09-04 12:00 (user-labelled frame),ok,5/10,ok,1.3521373892635042,2.1659562837387676,tie (labels),4.545968251191942,unreliable,7.199999999999999,0.9977212688644335,-0.009964914487487264,2.487931379768838,0.012626737004311932,0.9982656587340724,-14.728098699939881,1.002157332243182,0.010003762056160192,-2.3459622794193966,-0.012675961514317104,1.0016108201051712,14.7833599398569
CH08,2026-09-09,2026-09-09 17:45:00,25,1.744782010952988,ch0708_ref0904night_24h,to ch0708_ref0904day_24h (median of 280 shared frames),09-04 12:00 (user-labelled frame),ok,5/10,ok,1.372499572147594,1.922578257346377,tie (labels),4.545968251191942,unreliable,7.199999999999999,0.9977537872342349,-0.009890396045717436,2.339894011753243,0.012599644342300032,0.9984273929244238,-14.913241875909087,1.0021259109229257,0.009927033469777143,-2.196824166746286,-0.012646317752610044,1.0014498099658935,14.96445428578462
CH08,2026-09-09,2026-09-09 18:00:00,25,,ch0708_ref0904night_24h,to ch0708_ref0904day_24h (median of 280 shared frames),09-04 12:00 (user-labelled frame),lid,5/10,ok,1.8058799210483314,2.8748123334495914,tie (labels),4.545968251191942,unreliable,7.199999999999999,0.9989693830847257,-0.009393652947428223,-0.5803865820367964,0.01253784226519665,0.9988763722189711,-14.965032984344651,1.0009135420883575,0.009412810940629587,0.721779815808927,-0.012563412711350102,1.0010067426461888,14.972807285089354
CH08,2026-09-09,2026-09-09 19:00:00,26,0.4340465772956312,ch0708_ref0904night_24h,to ch0708_ref0904day_24h (median of 280 shared frames),09-04 12:00 (user-labelled frame),ok,5/10,ok,0.9940202350938445,1.6471570510693523,tie (labels),4.545968251191942,unreliable,7.199999999999999,1.0004316634187758,-0.009635344342335445,-3.190168116259936,0.01121197006004037,0.999481060733397,-12.544984571845887,0.9994605404718633,0.009635146519891741,3.309319914112778,-0.011211739868026755,1.0004111236404984,12.514374776518281
CH08,2026-09-09,2026-09-09 19:01:00,26,0.40185697020501193,ch0708_ref0904night_24h,to ch0708_ref0904day_24h (median of 280 shared frames),09-04 12:00 (user-labelled frame),ok,5/10,ok,0.9483131172920714,1.7259902332026245,tie (labels),4.545968251191942,unreliable,7.199999999999999,1.0004217536363138,-0.00953818506260074,-3.232302020579763,0.011388014326742333,0.9994108861787041,-12.673022172681328,0.9994698425636932,0.009538747730987111,3.3514731531215762,-0.011388686118661145,1.000480769653524,12.642303304007294
CH08,2026-09-09,2026-09-09 20:00:00,26,0.8732661760289213,ch0708_ref0904day_24h,,09-04 12:00 (user-labelled frame),ok,5/10,ok,1.6236858203228934,1.845036758017277,tie (labels),0.0,same frame,7.199999999999999,1.0007946399339613,-0.009751265695636085,-3.0966763229392043,0.011407894281763642,0.9996859666633232,-12.18203336409647,0.999094903654905,0.009745500272663125,3.2125935419887637,-0.011401149379325529,1.0002029214239352,12.14919969031589
CH08,2026-09-09,2026-09-09 21:00:00,26,0.3403304449160736,ch0708_ref0904night_24h,to ch0708_ref0904day_24h (median of 280 shared frames),09-04 12:00 (user-labelled frame),ok,5/10,ok,1.0730863836423694,1.3476695436357264,tie (labels),4.545968251191942,unreliable,7.199999999999999,1.0002582152348725,-0.009562152068242083,-2.8989966539422833,0.011248889165239192,0.9992998691585946,-12.302961605598833,0.9996342796153153,0.009565351992247943,3.0156185900754684,-0.011252653546962282,1.000592946397078,12.277635197375647
CH08,2026-09-09,2026-09-09 22:00:00,26,1.129788284670421,ch0708_ref0904day_24h,,09-04 12:00 (user-labelled frame),ok,5/10,ok,0.9563968097854487,1.6180922826115947,tie (labels),0.0,same frame,7.199999999999999,1.000027632345044,-0.009581959889423702,-1.9565639160876827,0.0098198571699117,0.9991765240738789,-9.455392347857423,0.9998782114641159,0.009588688971088624,2.046990445356195,-0.009826753318674244,1.0007299174394177,9.443067332673047
CH08,2026-09-09,2026-09-09 23:00:00,26,0.281883612057709,ch0708_ref0904night_24h,to ch0708_ref0904day_24h (median of 280 shared frames),09-04 12:00 (user-labelled frame),ok,5/10,ok,1.2179803517197048,1.6259313608762518,tie (labels),4.545968251191942,unreliable,7.199999999999999,1.0001089133890446,-0.009858411018181065,-2.3439660282757835,0.011071103681990452,0.9992171651029004,-12.361393687750782,0.9997819051878845,0.009863982819858074,2.465387396410717,-0.011077360876374811,1.000674157474581,12.343762256124442
CH08,2026-09-09,2026-09-10 00:00:00,26,0.32857037564720054,ch0708_ref0904night_24h,to ch0708_ref0904day_24h (median of 280 shared frames),09-04 12:00 (user-labelled frame),ok,5/10,ok,0.9245750782679694,1.8442577954743626,tie (labels),4.545968251191942,unreliable,7.199999999999999,1.0002193960038903,-0.00957668206068065,-2.8151586745871864,0.011336825940655298,0.9992435701578121,-12.72687418830115,0.999672060211149,0.009580788680057066,2.936168964201646,-0.01134168733511112,1.0006483045054226,12.703196428691479
CH08,2026-09-09,2026-09-10 01:00:00,26,0.2172423561081552,ch0708_ref0904night_24h,to ch0708_ref0904day_24h (median of 280 shared frames),09-04 12:00 (user-labelled frame),ok,5/10,ok,1.2770735555954085,1.6669410877967241,tie (labels),4.545968251191942,unreliable,7.199999999999999,1.0000825315880404,-0.009831334264729737,-2.34282182612607,0.010956076853104046,0.9992035885115005,-12.009137168678047,0.9998097059247861,0.0098372979571766,2.4605134615501667,-0.010962722814986404,1.0006891821686505,11.991729945590858
CH08,2026-09-09,2026-09-10 02:00:00,26,0.26684334776470625,ch0708_ref0904night_24h,to ch0708_ref0904day_24h (median of 280 shared frames),09-04 12:00 (user-labelled frame),ok,5/10,ok,1.1457079568213164,1.6698710076297334,tie (labels),4.545968251191942,unreliable,7.199999999999999,1.000094192885046,-0.009714448999840388,-2.4971237506396706,0.011375325161183461,0.9990597525470609,-12.519482642110933,0.9997952400342038,0.00972160057977908,2.6183218493779807,-0.011383699444400158,1.000830441906144,12.50145283888743
CH08,2026-09-09,2026-09-10 03:00:00,26,0.4849953850470138,ch0708_ref0904night_24h,to ch0708_ref0904day_24h (median of 280 shared frames),09-04 12:00 (user-labelled frame),ok,5/10,ok,0.9015781005209084,1.829897633154054,tie (labels),4.545968251191942,unreliable,7.199999999999999,0.9998504987854556,-0.009844074848608393,-2.264214829402863,0.010948265037200498,0.9988259664756172,-11.45498253341564,1.000041600723779,0.00985605570906766,2.377209968374298,-0.010961589766816942,1.0010673799541079,11.442389958042607
CH08,2026-09-09,2026-09-10 04:00:00,26,0.3367904995578778,ch0708_ref0904night_24h,to ch0708_ref0904day_24h (median of 280 shared frames),09-04 12:00 (user-labelled frame),ok,5/10,ok,1.066506590115087,1.7000354395893051,tie (labels),4.545968251191942,unreliable,7.199999999999999,0.9993803037860965,-0.009907658374757976,-1.4498777009595796,0.011072447830870871,0.9985319094501313,-11.67783362437521,1.0005100929562896,0.009927286356794515,1.5665464717784965,-0.011094383367897313,1.001360168039426,11.677631941389809
CH08,2026-09-09,2026-09-10 05:00:00,26,0.5066951792360278,ch0708_ref0904night_24h,to ch0708_ref0904day_24h (median of 280 shared frames),09-04 12:00 (user-labelled frame),ok,5/10,ok,0.7481628451591229,1.314275678789094,tie (labels),4.545968251191942,unreliable,7.199999999999999,0.9990754998483893,-0.009959551629339517,-1.13400541386986,0.01102221540595758,0.9984212232626007,-11.630055226513209,1.0008152142748303,0.009983432408845147,1.2510377415360123,-0.011048644215764422,1.001471059669684,11.63463450935653
CH08,2026-09-09,2026-09-10 06:00:00,26,0.4822810763744705,ch0708_ref0904night_24h,to ch0708_ref0904day_24h (median of 280 shared frames),09-04 12:00 (user-labelled frame),ok,5/10,ok,0.951253158287551,1.2333797199293683,tie (labels),4.545968251191942,unreliable,7.199999999999999,0.9991113105185481,-0.010157011840087502,-1.0024407207251405,0.010596554338604628,0.9981174532743847,-10.723981723389905,1.0007814673685616,0.010184121297604699,1.112438426101603,-0.01062483695205372,1.0017779772561561,10.732397949777722
CH08,2026-09-09,2026-09-10 07:00:00,26,0.8621728444040769,ch0708_ref0904night_24h,to ch0708_ref0904day_24h (median of 280 shared frames),09-04 12:00 (user-labelled frame),ok,5/10,ok,2.1315057823033454,2.944659655901814,tie (labels),4.545968251191942,unreliable,7.199999999999999,0.9993397500740455,-0.010149495940075292,-0.9953833737951676,0.0118429282950958,0.9985005251803587,-13.326870956762358,1.0005401612828277,0.010170228306077304,1.1314583615911664,-0.011867119833808577,1.0013811004604314,13.333464370599446
CH08,2026-09-09,2026-09-10 07:07:00,26,1.0777021201522208,ch0708_ref0904night_24h,to ch0708_ref0904day_24h (median of 280 shared frames),09-04 12:00 (user-labelled frame),ok,5/10,ok,1.9271308484953131,2.6573344193567547,tie (labels),4.545968251191942,unreliable,7.199999999999999,0.999010675352907,-0.010108478787985254,-0.4140877434521908,0.011939799419830309,0.9983317518990056,-13.511112708387099,1.000869184581004,0.010134171233801118,0.5513715918799635,-0.011970146483526076,1.001549833636197,13.52709599437885
CH08,2026-09-09,2026-09-10 08:00:00,26,,ch0708_ref0904day_24h,,09-04 12:00 (user-labelled frame),lid,5/10,unreliable,3.0797601300604223,6.514914986361357,tie (labels),0.0,same frame,7.199999999999999,1.0003312539606763,-0.010732370535459168,-1.82108701249494,0.03214153083848265,0.9970687164508997,-57.12933625460598,0.9993232354081796,0.010756638003116636,2.434374154735383,-0.032214207565167345,1.0025931499949252,57.21881631760995
CH08,2026-09-09,2026-09-10 08:50:00,27,6.467199233051736,ch0708_ref0904night_24h,to ch0708_ref0904day_24h (median of 280 shared frames),09-04 12:00 (user-labelled frame),ok,5/10,unreliable,3.0983985246635175,4.713679692173235,tie (labels),4.545968251191942,unreliable,7.199999999999999,1.0019078318753136,-0.002135444094350374,-10.73996917051092,0.009160103733007277,0.9952312928985925,-13.393738348698042,0.9980762215651032,0.0021415483900684624,10.747991188226887,-0.009186288441912828,1.0047718458311068,13.358990748542649
CH08,2026-09-09,2026-09-10 09:00:00,27,3.6522568216818243,ch0708_ref0904night_24h,to ch0708_ref0904day_24h (median of 280 shared frames),09-04 12:00 (user-labelled frame),ok,5/10,ok,2.103945886798156,3.6621059929796234,tie (labels),4.545968251191942,unreliable,7.199999999999999,0.9961097754554147,-0.009080187326915129,7.422050249579881,0.010746829793156195,0.9971883480720024,-12.572097283039604,1.0038068029640033,0.009140453584889663,-7.335389860788621,-0.010818157750763738,1.0027210717356805,12.686599772048758
CH08,2026-09-09,2026-09-10 10:00:00,27,3.439097708775682,ch0708_ref0904night_24h,to ch0708_ref0904day_24h (median of 280 shared frames),09-04 12:00 (user-labelled frame),ok,5/10,ok,1.6964635255577654,2.117880485039994,tie (labels),4.545968251191942,unreliable,7.199999999999999,0.9986942479393099,-0.00997121643638332,4.746231732143427,0.0060840931251785624,0.9985772397160214,-4.607509121424513,1.0012465517721643,0.009997870647183896,-4.706082875518511,-0.006100356607344804,1.0013638727719198,4.642746883768768
CH08,2026-09-09,2026-09-10 11:00:00,27,4.252034150749967,ch0708_ref0904night_24h,to ch0708_ref0904day_24h (median of 280 shared frames),09-04 12:00 (user-labelled frame),ok,5/10,ok,2.199965556407218,5.308040404766336,tie (labels),4.545968251191942,unreliable,7.199999999999999,0.9992615308058521,-0.011398964760006212,4.22892758049486,0.0031962775152367426,0.9978689923041472,1.9463825934864083,1.000702450221846,0.0114313322222702,-4.254147937669736,-0.0032053533737938845,1.002098942849066,-1.9369127320248842
CH08,2026-09-10,2026-09-10 12:00:00,27,5.419633523580018,ch0708_ref0904night_24h,to ch0708_ref0904day_24h (median of 280 shared frames),09-04 12:00 (user-labelled frame),ok,5/10,unreliable,3.671715539656688,8.681700921706112,tie (labels),4.545968251191942,unreliable,0.0,1.001533181572463,-0.011484742787870547,-1.0390788604931829,0.0018945067509930852,0.998584129014426,4.4888931601832525,0.9984474438334989,0.011483170767947288,0.9859189054833885,-0.0018942474328340008,1.0013960927282184,-4.497128343745935
CH08,2026-09-10,2026-09-10 13:00:00,27,1.250978230273863,ch0708_ref0904day_24h,,09-04 12:00 (user-labelled frame),ok,5/10,ok,1.5016960945112183,2.6955295061039917,tie (labels),0.0,same frame,0.0,0.9997118592728177,-0.008235077474955527,-1.2866566455899957,0.009719984375734084,0.9992988660111265,-10.351586227712362,1.0002080830308089,0.00824257020095903,1.3722480531776202,-0.00972882815163142,1.0006214520564636,10.345501580866133
CH08,2026-09-10,2026-09-10 14:00:00,27,1.9784955475755224,ch0708_ref0904day_24h,,09-04 12:00 (user-labelled frame),ok,5/10,ok,1.3559715154021923,2.1479521992822574,tie (labels),0.0,same frame,0.0,1.0007887706173881,-0.008286898369327583,-4.221288878639532,0.010244513941673652,0.9999709143769465,-11.827794154745728,0.9991270942975007,0.008279905514695684,4.315537109554035,-0.010235869163666752,0.9999442603943514,11.783926317500054
CH08,2026-09-10,2026-09-10 15:00:00,27,4.049966483946937,ch0708_ref0904day_24h,,09-04 12:00 (user-labelled frame),ok,5/10,ok,1.075115559214353,2.9909701263106534,tie (labels),0.0,same frame,0.0,1.001046261301083,-0.009812921884142678,-5.472810502992843,0.010383676594167897,0.9980709010865324,-11.587009421035386,0.9988529647484433,0.009820611046920997,5.580324509141818,-0.010391812986214286,1.001830656381636,11.55134883051999
CH08,2026-09-10,2026-09-10 16:00:00,27,1.3411896229531417,ch0708_ref0904day_24h,,09-04 12:00 (user-labelled frame),ok,5/10,ok,1.0276636824668528,3.6053596896225493,tie (labels),0.0,same frame,0.0,1.000253915029735,-0.00906886642482485,-2.1247832693584434,0.01129380762717934,0.9974410680298759,-12.73800360258415,0.9996435272921642,0.009088891476425404,2.239800174483054,-0.011318745592952208,1.0024625853666689,12.745322142590423
CH08,2026-09-10,2026-09-10 17:00:00,27,1.5950845778900211,ch0708_ref0904day_24h,,09-04 12:00 (user-labelled frame),ok,5/10,ok,1.8593627672251176,4.918417745824373,tie (labels),0.0,same frame,0.0,1.0002631487618598,-0.009364881625974819,-2.4578896744818266,0.01031327207494604,0.9977765081754852,-10.89442679021586,0.9996401829517719,0.009382373612934055,2.5592208663188476,-0.010332535492023483,1.002131468154752,10.892251681686421
CH08,2026-09-10,2026-09-10 18:00:00,27,2.226409001379042,ch0708_ref0904day_24h,,09-04 12:00 (user-labelled frame),ok,5/10,ok,0.852794667173459,2.062818299864253,tie (labels),0.0,same frame,0.0,1.000187335096033,-0.008883488403625212,-2.922488466935339,0.009294257137066282,0.9993619225460266,-9.673305621018283,0.999730119616779,0.008886761366437268,3.007664103306529,-0.009297681440289652,1.0005558362753133,9.651510028406152
CH08,2026-09-10,2026-09-10 18:26:00,27,9.280998334938602,ch0708_ref0904day_24h,,09-04 12:00 (user-labelled frame),ok,5/10,ok,2.0953874018554686,4.110981142274668,tie (labels),0.0,same frame,0.0,0.9985176271199828,-0.009201990178311525,1.2810989795897842,0.019518293581845536,0.9968384286661477,-31.0623385364434,1.0013038940181083,0.009243211671312467,-0.9956536267875633,-0.01960572827658915,1.0029906146563807,31.1803508998212
CH08,2026-09-10,2026-09-10 19:00:00,27,,ch0708_ref0904day_24h,,09-04 12:00 (user-labelled frame),lid,5/10,ok,2.3125720184565113,2.484582504162479,tie (labels),0.0,same frame,0.0,1.000347867565653,-0.007431021995711329,-3.0835954906484555,0.0689001425896026,0.9992060557703165,-142.2973347423444,0.9991404665713104,0.007430534213659088,4.138290251559177,-0.0688956198936704,1.0002822034166197,142.125045313555
CH08,2026-09-10,2026-09-10 19:57:00,28,0.8436097863513717,ch0708_ref0904night_24h,to ch0708_ref0904day_24h (median of 280 shared frames),09-04 12:00 (user-labelled frame),ok,5/10,ok,0.8769299049676871,2.197886703540867,tie (labels),4.545968251191942,unreliable,0.0,0.9994091291172219,-0.00828555651494198,-1.3940992394742788,0.009590656917681418,0.9984526581286992,-9.511067066016938,1.000511545349305,0.008302641978419227,1.4737793691385743,-0.009610433599934971,1.0014699886555725,9.511650328533685
CH08,2026-09-10,2026-09-10 20:00:00,28,1.0604728125307405,ch0708_ref0904night_24h,to ch0708_ref0904day_24h (median of 280 shared frames),09-04 12:00 (user-labelled frame),ok,5/10,ok,1.4149264521061276,2.022566546386759,tie (labels),4.545968251191942,unreliable,0.0,0.9993313677549333,-0.008225525283878975,-1.6075574610591281,0.009415725567820568,0.9984844743154128,-9.123098630520845,1.0005914149667243,0.00824288228245512,1.6837088226640784,-0.009435594053982095,1.001440095468799,9.12106850389906
CH08,2026-09-10,2026-09-10 21:00:00,28,0.4183639594009575,ch0708_ref0904night_24h,to ch0708_ref0904day_24h (median of 280 shared frames),09-04 12:00 (user-labelled frame),ok,5/10,ok,0.7984812413240095,1.5813893800010534,tie (labels),4.545968251191942,unreliable,0.0,0.9991416273745345,-0.008160481363056854,-1.440422801837892,0.0093562803365594,0.9982863681025012,-9.546828232627087,1.0007825016408205,0.008180885980278938,1.5196514482882355,-0.009379674951459725,1.0016398994188187,9.548973373023424
CH08,2026-09-10,2026-09-10 22:00:00,28,0.46925573557556394,ch0708_ref0904night_24h,to ch0708_ref0904day_24h (median of 280 shared frames),09-04 12:00 (user-labelled frame),ok,5/10,ok,0.9010421737882541,1.7421135399203942,tie (labels),4.545968251191942,unreliable,0.0,0.9991324667489232,-0.008290767973918284,-1.3515752032888275,0.00917346110005959,0.9981897785579594,-9.191717650273514,1.0007919670028376,0.00831238123933567,1.42905066760509,-0.009197375464829583,1.0017371126947399,9.195253755076669
CH08,2026-09-10,2026-09-10 23:00:00,28,0.26313251199325194,ch0708_ref0904night_24h,to ch0708_ref0904day_24h (median of 280 shared frames),09-04 12:00 (user-labelled frame),ok,5/10,ok,0.9570765997045021,1.3088843601291789,tie (labels),4.545968251191942,unreliable,0.0,0.9991063361232095,-0.007834080479915016,-1.7349867535573127,0.009717548023492395,0.998313619470829,-10.338833495108515,1.0008180759269494,0.007853733736219474,1.8176045498676638,-0.009741926310445945,1.0016127812573359,10.338605658889387
CH08,2026-09-10,2026-09-11 00:00:00,28,0.5116212436063563,ch0708_ref0904night_24h,to ch0708_ref0904day_24h (median of 280 shared frames),09-04 12:00 (user-labelled frame),ok,5/10,ok,0.9091712392162589,1.7024201066310858,tie (labels),4.545968251191942,unreliable,0.0,0.999034576767292,-0.008656079318773966,-0.7392492992774518,0.009031384065157744,0.9980527157242454,-8.763364893543708,1.0008878819622877,0.0086806686249817,0.815977532076565,-0.009057039498764522,1.001872532175922,8.773079166173224
CH08,2026-09-10,2026-09-11 01:00:00,28,0.7311674905007755,ch0708_ref0904night_24h,to ch0708_ref0904day_24h (median of 280 shared frames),09-04 12:00 (user-labelled frame),ok,5/10,ok,1.138776157956572,1.6400825894499191,tie (labels),4.545968251191942,unreliable,0.0,0.9988247809029455,-0.008740742888583397,-0.35299264865065183,0.009032097214526934,0.9979861855298545,-8.468039072335628,1.0010973153327611,0.00876799134762472,0.427627686213955,-0.009060253943782607,1.0019385249495116,8.481256374313727
CH08,2026-09-10,2026-09-11 02:00:00,28,0.5418839902243752,ch0708_ref0904night_24h,to ch0708_ref0904day_24h (median of 280 shared frames),09-04 12:00 (user-labelled frame),ok,5/10,ok,0.9275189671648856,1.6565152589463823,tie (labels),4.545968251191942,unreliable,0.0,0.9988996700511497,-0.008386663707409779,-1.013192075127221,0.009391311771100582,0.9981787853543355,-9.408072422612609,1.0010224688461444,0.008410556237972476,1.0933551546605,-0.009418066415300349,1.0017454072511138,9.414951030183035
CH08,2026-09-10,2026-09-11 03:00:00,28,0.34004524641692796,ch0708_ref0904night_24h,to ch0708_ref0904day_24h (median of 280 shared frames),09-04 12:00 (user-labelled frame),ok,5/10,ok,0.929681033424155,1.571874822248175,tie (labels),4.545968251191942,unreliable,0.0,0.998586213793388,-0.008271777373883757,-0.4980069002137588,0.009435262162823258,0.9978427804021573,-9.247227756612643,1.0013373572270086,0.008300746227573768,0.5754318042570777,-0.009468305693465741,1.0020833942198797,9.261778095902002
CH08,2026-09-10,2026-09-11 04:00:00,28,1.3363053715930937,ch0708_ref0904day_24h,,09-04 12:00 (user-labelled frame),ok,5/10,ok,1.1634983997817412,1.9837740995597797,tie (labels),0.0,same frame,0.0,0.9975510824388746,-0.007937482688836456,1.2351026316471874,0.008552383191677858,0.9966918707293209,-6.15116249376952,1.0023864896251082,0.007982833654598578,-1.1889464842933894,-0.008601247403735397,1.0032506104579129,6.181780950203891
CH08,2026-09-10,2026-09-11 05:00:00,28,0.3578772581344323,ch0708_ref0904night_24h,to ch0708_ref0904day_24h (median of 280 shared frames),09-04 12:00 (user-labelled frame),ok,5/10,ok,0.9987098661157757,1.9265870458025152,tie (labels),4.545968251191942,unreliable,0.0,0.998071074428572,-0.007963873044710735,-0.3321855729232608,0.009714649597647671,0.9973653454992761,-9.283823436166275,1.0018547888361258,0.00799972084806327,0.40706970290747857,-0.009758378176250084,1.0025636944649665,9.304382730478022
CH08,2026-09-10,2026-09-11 06:00:00,28,0.3693499098123066,ch0708_ref0904night_24h,to ch0708_ref0904day_24h (median of 280 shared frames),09-04 12:00 (user-labelled frame),ok,5/10,ok,0.9466782414155372,2.0180015941254106,tie (labels),4.545968251191942,unreliable,0.0,0.9978881846818262,-0.007979976547206035,-0.13626275518867992,0.010182354813186002,0.9970423009471931,-9.839969405013026,1.002034449907911,0.008019931954904224,0.21545586000496914,-0.010233337436440821,1.0028845689469064,9.866959052443372
CH08,2026-09-10,2026-09-11 07:00:00,28,0.27206292175056024,ch0708_ref0904day_24h,,09-04 12:00 (user-labelled frame),ok,5/10,ok,1.309702050916404,2.610570468892786,tie (labels),0.0,same frame,0.0,0.9983195007102729,-0.007618623469240554,-0.7508618857055495,0.009970475899066661,0.9979639830061874,-10.632310534631472,1.001606961195258,0.0076464345722480785,0.8333677584737601,-0.010006872228847562,1.0019637766848988,10.645676239214218
CH08,2026-09-10,2026-09-11 07:54:00,28,1.16861635305753,ch0708_ref0904night_24h,to ch0708_ref0904day_24h (median of 280 shared frames),09-04 12:00 (user-labelled frame),ok,5/10,ok,1.7679635309232475,2.328202741708234,tie (labels),4.545968251191942,unreliable,0.0,0.9982309740444788,-0.008417313731490593,-0.39737834017547335,0.010565885825288779,0.996559320852716,-10.786133649224439,1.0016826089387427,0.008460586943887016,0.48930399405036407,-0.01062020479640703,1.003362856060342,10.818185624780073
CH08,2026-09-10,2026-09-11 08:00:00,28,,ch0708_ref0904night_24h,to ch0708_ref0904day_24h (median of 280 shared frames),09-04 12:00 (user-labelled frame),lid,5/10,ok,2.033694573904384,2.836425497209471,tie (labels),4.545968251191942,unreliable,0.0,0.9982908583354103,-0.007879725487214374,-0.24123434346528638,0.01008433396481835,0.9977627976932562,-10.535835816780732,1.0016321613201997,0.007910283374581007,0.3249695237285899,-0.010123441411132875,1.002162269802428,10.556175014668273
CH08,2026-09-10,2026-09-11 09:00:00,28,,ch0708_ref0904night_24h,to ch0708_ref0904day_24h (median of 280 shared frames),09-04 12:00 (user-labelled frame),lid,5/10,ok,1.625153623347658,2.414953728423172,tie (labels),4.545968251191942,unreliable,0.0,0.9991549318692188,-0.008320393489376436,0.7856786676227507,0.009002915988270067,0.9984377126839972,-9.420613792659637,1.000770636539942,0.008339834706605735,-0.7077177784471222,-0.009023951969999604,1.001489531561048,9.441736020788728
CH08,2026-09-10,2026-09-11 09:58:00,29,2.786564634516996,ch0708_ref0904night_24h,to ch0708_ref0904day_24h (median of 280 shared frames),09-04 12:00 (user-labelled frame),ok,5/10,ok,2.265628105330586,3.7377325362245215,tie (labels),4.545968251191942,unreliable,0.0,1.000474868284322,-0.008054843056624315,-1.200548155791457,0.010399828334705343,0.9997770807930659,-12.803782321199563,0.9994416559749569,0.008052140659941026,1.3029756931314593,-0.010396339196381861,1.0001392093587838,12.793083421677304
CH08,2026-09-10,2026-09-11 10:00:00,29,3.0163116014919105,ch0708_ref0904night_24h,to ch0708_ref0904day_24h (median of 280 shared frames),09-04 12:00 (user-labelled frame),ok,5/10,ok,2.4472683544687164,5.18488253014128,tie (labels),4.545968251191942,unreliable,0.0,0.9997244106035643,-0.008409481278914102,0.3507222632450193,0.01026696831079664,0.9994671080561115,-12.728971320698086,1.000189239289011,0.008415557265842574,-0.2436672465921536,-0.010274386362300943,1.000446727741737,12.738261161349259
CH08,2026-09-10,2026-09-11 11:00:00,29,4.4973804322731565,ch0708_ref0904day_24h,,09-04 12:00 (user-labelled frame),ok,5/10,ok,1.7348303854103733,2.672813847243939,tie (labels),0.0,same frame,0.0,0.9998010866776162,-0.008598258684855642,1.3059063197570664,0.008638775449913073,0.9987814336349217,-7.674158816212179,1.0001245597859305,0.008609821320787647,-1.2399958469737664,-0.008650392571366005,1.001145584022182,7.694246812263044
CH08,2026-09-11,2026-09-11 12:00:00,29,2.698771413816769,ch0708_ref0904day_24h,,09-04 12:00 (user-labelled frame),ok,5/10,ok,0.8282331544072685,3.050036912718591,tie (labels),0.0,same frame,0.0,0.9998945838668679,-0.009187589334056612,0.5595091833538336,0.009933495909029227,0.9975166512870777,-10.244721223292304,1.0000139242391917,0.009210590371993638,-0.4651570434305175,-0.00995836431661074,1.002397809949394,10.274857914056609
CH08,2026-09-11,2026-09-11 13:00:00,29,1.324252059242979,ch0708_ref0904day_24h,,09-04 12:00 (user-labelled frame),ok,5/10,ok,1.3989558854746713,2.4055548571434255,tie (labels),0.0,same frame,0.0,1.0012353256091706,-0.009187003142657135,-4.215944499813588,0.011664011065387878,0.9980231669266034,-14.352542036583,0.9986591052457287,0.00919285708225488,4.342232229658851,-0.011671443349363833,1.0018733107092335,14.330222649891216
CH08,2026-09-11,2026-09-11 14:00:00,29,2.6529347073195964,ch0708_ref0904night_24h,to ch0708_ref0904day_24h (median of 280 shared frames),09-04 12:00 (user-labelled frame),ok,5/10,ok,1.7327659387600032,3.4983738652688094,tie (labels),4.545968251191942,unreliable,0.0,1.0008148679463347,-0.00989706284521165,-5.224295540922447,0.009771888335106754,0.9984842609301346,-11.667683456257278,0.9990891027368177,0.009903058089810277,5.335082491453,-0.009777807753996547,1.001421121541479,11.633182495106922
CH08,2026-09-11,2026-09-11 15:00:00,29,2.4747886490826865,ch0708_ref0904day_24h,,09-04 12:00 (user-labelled frame),ok,5/10,ok,1.7254012846013111,2.244837148232378,tie (labels),0.0,same frame,0.0,0.9998555439660302,-0.0093358092318796,-4.3707752398260125,0.011045484260684031,0.9969926331267436,-11.781767103317764,1.0000410281325705,0.009364354311644693,4.4812832061447345,-0.011079256826236105,1.0029126925802736,11.767658827530324
CH08,2026-09-11,2026-09-11 17:00:00,29,1.1749827875738805,ch0708_ref0904night_24h,to ch0708_ref0904day_24h (median of 280 shared frames),09-04 12:00 (user-labelled frame),ok,5/10,ok,1.2651973328121555,1.7045976396110918,tie (labels),4.545968251191942,unreliable,0.0,0.9999023140445852,-0.009363250507097206,-3.131291813815337,0.009217582986561314,0.9992003867111379,-10.85699449050442,1.000011310477685,0.00937084946569382,3.2330664912419067,-0.009225063725373402,1.0007138074762012,10.83585792781563
CH08,2026-09-11,2026-09-11 18:00:00,29,2.1358074179950965,ch0708_ref0904day_24h,,09-04 12:00 (user-labelled frame),ok,5/10,ok,1.2755079281890787,1.9998874533223052,tie (labels),0.0,same frame,0.0,0.9997990250464901,-0.008539561213505964,-3.211909848422595,0.00944872106781626,0.9987992415417611,-8.93191301111355,1.0001202044657447,0.008550855218628271,3.288671429313359,-0.00946121748320238,1.001121310235136,8.911539878979891
CH08,2026-09-11,2026-09-11 18:12:00,29,1.0131621315003947,ch0708_ref0904night_24h,to ch0708_ref0904day_24h (median of 280 shared frames),09-04 12:00 (user-labelled frame),ok,5/10,ok,1.439873450827935,3.6093651944738223,tie (labels),4.545968251191942,unreliable,0.0,0.99895299021976,-0.00907052741909053,-2.0533220049075727,0.010179084813104793,0.9987914456084841,-11.83853454754048,1.000955480463345,0.009090180107920802,2.1628983252192038,-0.010201139361552316,1.0011173750857978,11.830816407170055
CH08,2026-09-11,2026-09-11 19:00:00,29,,ch0708_ref0904day_24h,,09-04 12:00 (user-labelled frame),lid,5/10,ok,0.9440104211781278,1.8889388788262738,tie (labels),0.0,same frame,0.0,0.999557823127302,-0.007727904454899209,-2.1257745105882124,0.009312406808790873,0.9987205619681929,-8.615755006688227,1.0003702563284311,0.007740669467337306,2.1932533037719053,-0.00932778911449051,1.0012089004820082,8.60634182072895
CH08,2026-09-11,2026-09-11 19:34:00,30,0.7476817840301232,ch0708_ref0904night_24h,to ch0708_ref0904day_24h (median of 280 shared frames),09-04 12:00 (user-labelled frame),ok,5/10,ok,0.8640646077560878,1.7832472524176834,tie (labels),4.545968251191942,unreliable,0.0,0.998967468114451,-0.007919201854722297,-1.7016230750291432,0.01010810106539715,0.9983765266862403,-10.58979240352859,1.0009532614675936,0.007939640719533502,1.7873243137173986,-0.010134189314562114,1.0015457280712177,10.588916772530718
CH08,2026-09-11,2026-09-11 20:00:00,30,0.9556323493917307,ch0708_ref0904night_24h,to ch0708_ref0904day_24h (median of 280 shared frames),09-04 12:00 (user-labelled frame),ok,5/10,ok,0.7908227266543797,1.2154147277550322,tie (labels),4.545968251191942,unreliable,0.0,0.9985154481522208,-0.008294103758658982,-0.6725332296839301,0.009241398984551969,0.9979585179896034,-8.877129275857566,1.0014097304701508,0.008322787029447136,0.7473637766658374,-0.009273358260351784,1.001968586649024,8.88836803245083
CH08,2026-09-11,2026-09-11 21:00:00,30,0.8911809453040209,ch0708_ref0904night_24h,to ch0708_ref0904day_24h (median of 280 shared frames),09-04 12:00 (user-labelled frame),ok,5/10,ok,0.7660112478999059,1.5644906657625735,tie (labels),4.545968251191942,unreliable,0.0,0.9982108320792561,-0.008297134539393422,-0.24500987033160682,0.009051696235648676,0.9974599578696717,-8.225539558443517,1.00171681593372,0.008332544205509686,0.31397017916581005,-0.00909032614335578,1.002470894647815,8.243636780484211
CH08,2026-09-11,2026-09-11 22:00:00,30,1.3462070538278232,ch0708_ref0904night_24h,to ch0708_ref0904day_24h (median of 280 shared frames),09-04 12:00 (user-labelled frame),ok,5/10,ok,2.0148511916897975,2.9828446831119915,tie (labels),4.545968251191942,unreliable,0.0,0.9989509992269696,-0.006233393581442489,-3.583048060529346,0.011395290610039088,1.0005145466703547,-16.356960523342483,1.0009789634038768,0.006236286984937207,3.688562433479789,-0.01140058005201698,0.999414690196335,16.30653780774572
CH08,2026-09-11,2026-09-11 23:00:00,30,1.0278485950446767,ch0708_ref0904night_24h,to ch0708_ref0904day_24h (median of 280 shared frames),09-04 12:00 (user-labelled frame),ok,5/10,ok,1.1738441969437998,1.8623383957400577,tie (labels),4.545968251191942,unreliable,0.0,0.9986290647650321,-0.00640321862442056,-2.6974579467898794,0.011842310396116384,0.999426945806727,-15.592353461157337,1.0012967422161716,0.006415198204562025,2.8009838923147425,-0.011864465801822717,1.0004973684439544,15.568104708174356
CH08,2026-09-11,2026-09-12 00:00:00,30,,ch0708_ref0904day_24h,,09-04 12:00 (user-labelled frame),sample,5/10,unreliable,6.679483153353084,11.68740543224723,tie (labels),0.0,same frame,0.0,0.9956383327775566,-0.007741752104969024,5.351652648179421,0.013422884595258394,0.990807921857597,-6.449280977642139,1.004274984200686,0.00784697800793404,-5.323923512699402,-0.013605328457162046,1.0091710500710822,6.581238648477695
CH08,2026-09-11,2026-09-12 01:00:00,30,0.20449355138702155,ch0708_ref0904night_24h,to ch0708_ref0904day_24h (median of 280 shared frames),09-04 12:00 (user-labelled frame),ok,5/10,ok,1.616964629535342,3.9390596810604457,tie (labels),4.545968251191942,unreliable,0.0,0.9982227080492594,-0.00819986243102432,-0.6602129639460297,0.009014026616275702,0.9992147382736205,-10.864309455314144,1.0017062263348488,0.008220308345769242,0.7506474103782617,-0.009036502605507856,1.0007117225366247,10.866075813029468
CH08,2026-09-11,2026-09-12 02:00:00,30,0.6785798011280633,ch0708_ref0904night_24h,to ch0708_ref0904day_24h (median of 280 shared frames),09-04 12:00 (user-labelled frame),ok,5/10,ok,1.9681926340185045,3.0989412216959193,tie (labels),4.545968251191942,unreliable,0.0,0.9981768502976636,-0.007102813900100455,-2.1309771587447393,0.00916977936433215,0.9992729193069576,-11.222779686294242,1.0017610669807004,0.007120499608920444,2.21464175062289,-0.009192611730498864,1.0006622688055269,11.210622937564873
CH08,2026-09-11,2026-09-12 03:00:00,30,0.47196020968478536,ch0708_ref0904night_24h,to ch0708_ref0904day_24h (median of 280 shared frames),09-04 12:00 (user-labelled frame),ok,5/10,ok,1.835730187037468,2.6255981872465495,tie (labels),4.545968251191942,unreliable,0.0,0.9981994335447686,-0.007441829345539746,-1.5465959411168342,0.00907200521259588,0.9990430581013636,-10.96532760422603,1.001735997939527,0.007461888940119687,1.631102885258657,-0.009096458977677292,1.0008900993766632,10.961019288958049
CH08,2026-09-11,2026-09-12 04:00:00,30,0.5018364961772482,ch0708_ref0904night_24h,to ch0708_ref0904day_24h (median of 280 shared frames),09-04 12:00 (user-labelled frame),ok,5/10,ok,2.0849616994766556,3.811197003303909,tie (labels),4.545968251191942,unreliable,0.0,0.9980179656669633,-0.007333609081390981,-1.4172836253414647,0.008006812967907732,0.9977547050106947,-8.409258808996704,1.0019268891200352,0.007364275102928976,1.48194266902032,-0.008040294040623704,1.002191250619949,8.416290225488526
CH08,2026-09-11,2026-09-12 05:00:00,30,0.3847986926736369,ch0708_ref0904night_24h,to ch0708_ref0904day_24h (median of 280 shared frames),09-04 12:00 (user-labelled frame),ok,5/10,ok,1.7582463346092743,2.8726309434346877,tie (labels),4.545968251191942,unreliable,0.0,0.9979436666822591,-0.007466868980806777,-1.0647991692472998,0.008896946109137452,0.9981658065056126,-9.899264775436002,1.0019937460269615,0.007495504226260062,1.1411220893216463,-0.008931065662630978,1.0017707543032488,9.907284149838041
CH08,2026-09-11,2026-09-12 06:00:00,30,0.6723412420298864,ch0708_ref0904night_24h,to ch0708_ref0904day_24h (median of 280 shared frames),09-04 12:00 (user-labelled frame),ok,5/10,ok,1.8054601526576661,2.956704103769694,tie (labels),4.545968251191942,unreliable,0.0,0.9979487390160319,-0.007219086456383459,-1.5944304893245436,0.009483494674353925,0.9986385587434272,-11.231029489510398,1.001986644412483,0.007243289527351103,1.6789476540299948,-0.009515289513771827,1.001294511960906,11.23039672380235
CH08,2026-09-11,2026-09-12 07:00:00,30,2.2390745367437592,ch0708_ref0904night_24h,to ch0708_ref0904day_24h (median of 280 shared frames),09-04 12:00 (user-labelled frame),ok,5/10,ok,1.3903710062245112,2.837155958487389,tie (labels),4.545968251191942,unreliable,0.0,0.9982280627048483,-0.006602293188408296,-2.0472426684869918,0.01214923282423151,0.9990900997081127,-16.873993421372287,1.0016945179797048,0.0066195039815282785,2.1624092246346174,-0.012180903325182825,1.0008302338268362,16.863065516476492
CH08,2026-09-11,2026-09-12 08:00:00,30,4.654729958181147,ch0708_ref0904night_24h,to ch0708_ref0904day_24h (median of 280 shared frames),09-04 12:00 (user-labelled frame),ok,5/10,ok,1.856309097176395,2.976333111826972,tie (labels),4.545968251191942,unreliable,0.0,0.9979369030538008,-0.007324511151599931,-1.0270885627152335,0.008621600372008466,0.9911767332249399,2.1316542287044804,1.0020033913498818,0.007404517043094866,1.0133623529909122,-0.008715774414425607,1.0088374027502307,-2.1594443878640366
CH08,2026-09-11,2026-09-12 08:41:00,30,1.7383724142514585,ch0708_ref0904night_24h,to ch0708_ref0904day_24h (median of 280 shared frames),09-04 12:00 (user-labelled frame),ok,5/10,ok,2.161976457009187,4.018255491296427,tie (labels),4.545968251191942,unreliable,0.0,0.9982947715782668,-0.006264282551670739,-0.724630202448906,0.011389655953016331,0.9968781197881029,-11.30442446299822,1.0016363301633127,0.006294182670490622,0.796968049261294,-0.011444020050341721,1.0030597437903674,11.33072042298665
CH08,2026-09-11,2026-09-12 09:00:00,30,,ch0708_ref0904day_24h,,09-04 12:00 (user-labelled frame),lid,5/10,ok,1.3214431952188428,3.576704655321926,tie (labels),0.0,same frame,0.0,1.0009178977157822,-0.006407014922662796,-3.0265985796693426,0.01696352415624998,0.9993800925471114,-20.195996797312144,0.9989744022456686,0.006404414046544983,3.152838032535455,-0.016956637950211052,1.0005115831547138,20.155007792730228
CH08,2026-09-11,2026-09-12 10:00:00,30,,ch0708_ref0904night_24h,to ch0708_ref0904day_24h (median of 280 shared frames),09-04 12:00 (user-labelled frame),lid,5/10,ok,2.2399720050872047,4.904692163672429,tie (labels),4.545968251191942,unreliable,0.0,0.9991505780478822,-0.006797144339115995,-1.1865207355953136,0.009676246301119979,0.9982724734558023,-9.306634637655783,1.0007841517039513,0.006814246122486808,1.2508688468449516,-0.009700591976278308,1.001664465628916,9.310615257603637
CH08,2026-09-11,2026-09-12 11:00:00,30,,ch0708_ref0904day_24h,,09-04 12:00 (user-labelled frame),lid,5/10,ok,2.5531287171024912,5.905375473723592,tie (labels),0.0,same frame,0.0,1.0125763886475179,0.003254849982542607,12.750520605012015,0.053749852739936946,1.010079465138367,-89.50768118744345,0.9877487676000186,-0.003182892207930388,-12.879204314860695,-0.05256155840697387,0.9901904894685227,89.29984187968678
CH08,2026-09-11,2026-09-12 11:10:00,31,,ch0708_ref0904night_24h,to ch0708_ref0904day_24h (median of 280 shared frames),09-04 12:00 (user-labelled frame),sample,5/10,unreliable,6.490596648810868,12.71081699152657,tie (labels),4.545968251191942,unreliable,0.0,1.0069771037092285,-0.008990904941000662,28.48535053370375,-0.0026241635819636714,0.9704526772440526,54.44080173001534,0.9930952157761656,0.009200680148322777,-28.789557738464364,0.0026853903954007965,1.0304718277759826,-56.17620675105161
CH08,2026-09-16,2026-09-16 12:00:00,31,0.6257248688709579,ch0708_ref0904night_24h,to ch0708_ref0904day_24h (median of 280 shared frames),09-04 12:00 (user-labelled frame),ok,5/10,ok,2.6915988656327725,5.813409930665576,tie (labels),4.545968251191942,unreliable,0.0,0.9981423500383646,-0.009814891558694515,38.58628915898283,0.0008432171057195189,0.9723194068332202,42.29428327583835,1.001852563915297,0.010113008342242574,-39.085495165501705,-0.0008688289191447139,1.02845985126974,-43.46444740352516
CH08,2026-09-16,2026-09-16 13:00:00,31,0.1445857593663078,ch0708_ref0904night_24h,to ch0708_ref0904day_24h (median of 280 shared frames),09-04 12:00 (user-labelled frame),ok,5/10,unreliable,3.1402647609077317,6.36071141692671,tie (labels),4.545968251191942,unreliable,0.0,0.9988729439778455,-0.009863391910465438,37.21787694361052,-0.0004895621302174278,0.9720668288868806,44.201988854168185,1.0011333064529346,0.010158324368986874,-37.709074344250226,0.0005042008836984505,1.0287409706964583,-45.491162206995355
CH08,2026-09-16,2026-09-16 13:20:00,31,0.3363147950992742,ch0708_ref0904night_24h,to ch0708_ref0904day_24h (median of 280 shared frames),09-04 12:00 (user-labelled frame),ok,5/10,unreliable,4.255874026237312,7.05724551719116,tie (labels),4.545968251191942,unreliable,0.0,0.9987182700642971,-0.00986697810258046,37.27127379358616,-0.0007180089601473544,0.9713478675655021,45.52090083851577,1.0012906872164222,0.01017113808037052,-37.78237871818272,0.0007401423415231953,1.0295048111595735,-46.89157246942698
CH08,2026-09-16,2026-09-16 14:00:00,31,,ch0708_ref0904night_24h,to ch0708_ref0904day_24h (median of 280 shared frames),09-04 12:00 (user-labelled frame),lid,5/10,unreliable,4.639928733681174,17.25850080348119,tie (labels),4.545968251191942,unreliable,0.0,0.9959048957280185,-0.011670139988256945,43.189363413528774,0.050280953385149464,1.0125424728765393,-81.237439903318,1.0035279900420533,0.011566242838835325,-42.402123100047255,-0.049833311134741584,0.9870385342391851,82.33675259221269
CH08,2026-09-16,2026-09-16 14:10:00,32,24.494426919112197,ch0708_ref0904night_24h,to ch0708_ref0904day_24h (median of 280 shared frames),09-04 12:00 (user-labelled frame),outlier,5/10,ok,1.62292388739412,3.6585835393495874,tie (labels),4.545968251191942,unreliable,0.0,0.9992184153092073,-0.009570961938712003,35.95904464320428,0.04680647726172485,1.0102572655595363,-72.68455317927594,1.0003382644889154,0.009476991437381952,-35.282377422952464,-0.046346917589254785,0.9894077968963352,73.58125450816884
CH08,2026-09-16,2026-09-16 15:00:00,32,23.653505002459255,ch0708_ref0904night_24h,to ch0708_ref0904day_24h (median of 280 shared frames),09-04 12:00 (user-labelled frame),outlier,5/10,ok,1.688475302108333,3.207191380240906,tie (labels),4.545968251191942,unreliable,0.0,0.9966172729715348,-0.011195151203552708,41.2518867268865,0.046573021398644186,1.012063851990276,-73.24837043897136,1.0028757965213517,0.011093515649591412,-40.55793681546307,-0.04615020666899583,0.9875694497859296,74.24163599006273
CH08,2026-09-16,2026-09-16 16:00:00,32,,ch0708_ref0904night_24h,to ch0708_ref0904day_24h (median of 280 shared frames),09-04 12:00 (user-labelled frame),sample,5/10,unreliable,5.5908952256231945,23.225377974676405,tie (labels),4.545968251191942,unreliable,0.0,0.9987426118187482,-0.00997250436875705,37.17876080286995,0.043869704300610504,1.0062333496903102,-61.75387195699681,1.0008232847436687,0.009918886690181553,-36.596839850806035,-0.04363383659703131,0.9933728212064806,62.96686998009823
CH08,2026-09-16,2026-09-16 17:00:00,32,,ch0708_ref0904night_24h,to ch0708_ref0904day_24h (median of 280 shared frames),09-04 12:00 (user-labelled frame),sample,5/10,unreliable,7.6782354612523775,12.25594145788283,tie (labels),4.545968251191942,unreliable,0.0,0.9931873182671627,-0.015149627752618564,48.68995136742539,0.012620212655445398,1.008935998676806,3.923537272375947,1.006667342598246,0.015115562861352938,-49.07389042856341,-0.012591835313184791,0.9909540740874618,-3.274949395869355
CH08,2026-09-16,2026-09-16 18:00:00,32,,ch0708_ref0904night_24h,to ch0708_ref0904day_24h (median of 280 shared frames),09-04 12:00 (user-labelled frame),sample,5/10,unreliable,6.6050482993401864,7.620633427936631,tie (labels),4.545968251191942,unreliable,0.0,0.9993252219493879,-0.007500359653926065,34.92428452425943,-0.004485395106449752,0.9844959782023388,51.28152713448655,1.0007094528952216,0.007623881632815711,-35.34002595185206,0.00455926421476119,1.0157829166020582,-52.25012824113393
CH08,2026-09-16,2026-09-16 19:00:00,32,10.586813878106945,ch0708_ref0904night_24h,to ch0708_ref0904day_24h (median of 280 shared frames),09-04 12:00 (user-labelled frame),outlier,5/10,unreliable,3.196083973400608,4.758568971811573,tie (labels),4.545968251191942,unreliable,0.0,1.001608361912082,-0.005274827260183597,30.504429597589663,0.0029475121702285645,0.9915778090923726,35.91880990312527,0.998378591647752,0.005311004908457646,-30.645734436361025,-0.0029677278196362567,1.0084779394808345,-36.132798555368666
CH08,2026-09-16,2026-09-16 20:00:00,32,1.1673376050357167,ch0708_ref0904night_24h,to ch0708_ref0904day_24h (median of 280 shared frames),09-04 12:00 (user-labelled frame),ok,5/10,unreliable,3.9668085682691205,7.58444244350565,tie (labels),4.545968251191942,unreliable,0.0,0.9940854978945677,-0.02177131892635487,51.57773739916733,0.017923254211262618,0.9998809576931414,-1.2419737277480944,1.0055549295437676,0.02189486348412317,-51.837055251226744,-0.018024962358701435,0.9997265825544683,2.1713209256310146
CH08,2026-09-16,2026-09-16 21:00:00,32,,ch0708_ref0904night_24h,to ch0708_ref0904day_24h (median of 280 shared frames),09-04 12:00 (user-labelled frame),sample,5/10,unreliable,6.454258280628305,8.606378712095912,tie (labels),4.545968251191942,unreliable,0.0,0.9939453172928456,-0.02173814302832644,51.9263832004567,0.017548245327071516,0.9994416916621137,-0.42931536663967407,1.005705369928259,0.02187437982449856,-52.213251418257464,-0.017658223291550233,1.0001745488064024,1.3463179724007583
CH08,2026-09-16,2026-09-16 22:00:00,32,,ch0708_ref0904night_24h,to ch0708_ref0904day_24h (median of 280 shared frames),09-04 12:00 (user-labelled frame),sample,5/10,unreliable,2.988255007789939,12.859249011067739,tie (labels),4.545968251191942,unreliable,0.0,1.0052319163021877,-0.004853487758474848,25.204620238920985,0.001149060250097316,0.9775859990695388,39.51366394225701,0.9947896686218344,0.004938899987836138,-25.26844984957916,-0.001169281543013916,1.0229221018489771,-40.38992887432363
CH08,2026-09-16,2026-09-16 23:00:00,32,,ch0708_ref0904day_24h,,09-04 12:00 (user-labelled frame),sample,5/10,unreliable,3.6285384758754593,14.328720486910832,tie (labels),0.0,same frame,0.0,0.9956714264012086,-0.0058323262906850165,36.70843876393576,0.01814057979289431,1.0099628138372354,-7.113623822136248,1.0042417317962598,0.005799288225578467,-36.82289216095889,-0.018037819826047907,0.9900313000141251,7.704850444960385
CH08,2026-09-16,2026-09-17 00:00:00,32,,ch0708_ref0904day_24h,,09-04 12:00 (user-labelled frame),sample,5/10,unreliable,5.707268302927838,21.989226306509064,tie (labels),0.0,same frame,0.0,1.0031441148992413,-0.006257483543281317,29.94054641197878,0.044421887389230655,1.0099424162889303,-63.840683780327176,0.996592304445828,0.006174767832155783,-29.44431674449161,-0.043834688401087285,0.9898838676686471,64.5072974976087
CH08,2026-09-16,2026-09-17 01:00:00,32,,ch0708_ref0904day_24h,,09-04 12:00 (user-labelled frame),sample,5/10,unreliable,8.005469936575027,8.769642357694588,tie (labels),0.0,same frame,0.0,0.9886372288842241,-0.02342408569783,66.23593978765602,0.024783881277862938,1.0028284862841463,-18.475066516899012,1.010901428346875,0.023612653622751695,-66.52176079291824,-0.02498339579144352,0.9965959288802844,20.066974775867244
CH08,2026-09-16,2026-09-17 02:00:00,32,,ch0708_ref0904day_24h,,09-04 12:00 (user-labelled frame),sample,5/10,unreliable,8.601614131851719,19.17597204189959,tie (labels),0.0,same frame,0.0,0.9918109673754331,-0.020247814191568986,57.44495561789885,0.027729445654965303,1.0050654864840196,-26.45384538582977,1.0076890724098926,0.020300668339937492,-57.34962329973421,-0.027801829578531445,0.9943999541928348,27.902777506128583
CH08,2026-09-16,2026-09-17 03:00:00,32,1.4028192284424073,ch0708_ref0904night_24h,to ch0708_ref0904day_24h (median of 280 shared frames),09-04 12:00 (user-labelled frame),ok,5/10,ok,2.8161111248740993,4.780673650913311,tie (labels),4.545968251191942,unreliable,0.0,0.9946911861290679,-0.020071476048653007,49.27248118591633,0.0168642653259842,0.9980049012837834,2.7667711273949767,1.0049944672376108,0.02021204740802435,-49.574493088109236,-0.01698237486092454,1.0016575443505522,-1.934593427419378
CH08,2026-09-16,2026-09-17 04:00:00,32,0.7423605952040399,ch0708_ref0904night_24h,to ch0708_ref0904day_24h (median of 280 shared frames),09-04 12:00 (user-labelled frame),ok,5/10,unreliable,3.558300108686972,6.901487963989437,tie (labels),4.545968251191942,unreliable,0.0,0.9933788247086589,-0.021721463331451776,52.86152487625863,0.016930361981374112,0.9980548136284375,1.6448819609529597,1.0062920486458333,0.021900736850240222,-53.23015628924952,-0.017070093155119127,1.0015774674371896,-0.7451255547250016
CH08,2026-09-16,2026-09-17 05:00:00,32,8.701509541586601,ch0708_ref0904day_24h,,09-04 12:00 (user-labelled frame),ok,5/10,ok,2.0372266229001923,5.1974978432297245,tie (labels),0.0,same frame,0.0,0.9883439580881095,-0.022594933959755342,66.39369313866278,0.025440731000704722,1.0021845582563234,-19.872369560009183,1.0112066606967394,0.0227983434087834,-66.68468762449588,-0.025669759555731333,0.9972414614100042,21.521861000589723
CH08,2026-09-16,2026-09-17 06:00:00,32,1.1732090151028158,ch0708_ref0904night_24h,to ch0708_ref0904day_24h (median of 280 shared frames),09-04 12:00 (user-labelled frame),ok,5/10,unreliable,4.61206781864079,9.813030242821515,tie (labels),4.545968251191942,unreliable,0.0,0.9941604468008687,-0.01711890306177423,47.08749276422319,0.017609460928872535,0.9938082031376193,5.351925936346131,1.0055670407335613,0.01732145562703636,-47.442333902108494,-0.0178178178236546,1.005923452178901,-4.5446314458495145
CH08,2026-09-16,2026-09-17 07:00:00,32,2.5867634934361736,ch0708_ref0904night_24h,to ch0708_ref0904day_24h (median of 280 shared frames),09-04 12:00 (user-labelled frame),ok,5/10,unreliable,3.330112358965649,6.784634620278169,tie (labels),4.545968251191942,unreliable,0.0,0.993809420577015,-0.019773804670800078,50.81332999124135,0.01667705486757805,0.9925924846484646,9.84862959156391,1.0058928721049747,0.020038766644297323,-51.31012083625909,-0.016900521491396814,1.0071261145436086,-9.060040278564554
CH08,2026-09-16,2026-09-17 08:00:00,32,6.041210667203776,ch0708_ref0904night_24h,to ch0708_ref0904day_24h (median of 280 shared frames),09-04 12:00 (user-labelled frame),ok,5/10,unreliable,3.6583589019780147,5.2418550349869335,tie (labels),4.545968251191942,unreliable,0.0,1.003847163411242,-0.009351329884613572,30.881193748186952,0.01596839317106783,0.9883911228777762,6.754360572339664,0.9960176792980702,0.009423485980838048,-30.82186455318621,-0.016091607401387913,1.0115929806812487,-6.335735698086966
CH08,2026-09-16,2026-09-17 09:00:00,32,,ch0708_ref0904night_24h,to ch0708_ref0904day_24h (median of 280 shared frames),09-04 12:00 (user-labelled frame),sample,5/10,unreliable,3.316956600289643,10.47552010161913,tie (labels),4.545968251191942,unreliable,0.0,0.9995454505549778,-0.013028888208461011,39.39949051482938,-0.004463198004607953,0.9782278125766432,51.461435707705135,1.0005142585210116,0.013325718465217113,-40.10551264260689,0.004564880679941736,1.0223175649503529,-52.78978361460094
CH08,2026-09-16,2026-09-17 10:00:00,32,,ch0708_ref0904night_24h,to ch0708_ref0904day_24h (median of 280 shared frames),09-04 12:00 (user-labelled frame),sample,5/10,unreliable,9.534267266663903,13.451039875195592,tie (labels),4.545968251191942,unreliable,0.0,0.9982580422363668,-0.005775778167736453,40.520889483942135,-0.0014967291888379744,1.017117174313548,37.97360578203325,1.0017535265284276,0.005688534511159736,-40.80795810561198,0.0014741209577828502,0.983179263363191,-37.39459445243995
CH08,2026-09-16,2026-09-17 10:50:00,32,9.686816248597557,ch0708_ref0904night_24h,to ch0708_ref0904day_24h (median of 280 shared frames),09-04 12:00 (user-labelled frame),ok,5/10,unreliable,3.23158896249734,4.954838371462499,tie (labels),4.545968251191942,unreliable,0.0,0.9930172057214968,-0.020889781191441775,55.04368567989623,0.0017306242781585518,0.9918159471631056,36.686807502885046,1.0069949328085024,0.021209483339554372,-56.2068207952733,-0.0017571101610997179,1.0082145757117575,-36.89145624132764
CH08,2026-09-16,2026-09-17 11:00:00,32,,ch0708_ref0904day_24h,,09-04 12:00 (user-labelled frame),lid,5/10,unreliable,3.6666706519936443,5.054954276711356,tie (labels),0.0,same frame,0.0,0.9911989384546989,-0.024907583510957843,62.96868015701889,0.022405183540430793,1.0018233959036753,-9.054151658356153,1.0083125470655308,0.025068918408046512,-63.26513248530105,-0.022550309541078662,0.9976192713890293,10.452559409388991
CH08,2026-09-16,2026-09-17 11:40:00,33,,ch0708_ref0904night_24h,to ch0708_ref0904day_24h (median of 280 shared frames),09-04 12:00 (user-labelled frame),sample,5/10,unreliable,5.962062179489017,15.847294710881709,tie (labels),4.545968251191942,unreliable,0.0,0.9949041173183829,-0.018576061217402243,50.394148669165304,0.0027563227999586647,0.9931892270215603,34.39251666110778,1.0050699042162397,0.018798270823455258,-51.296162018472614,-0.002789294343084286,1.0068053082857518,-34.48600422590202
CH08,2026-09-17,2026-09-17 12:00:00,33,0.0,ch0708_ref0904night_24h,to ch0708_ref0904day_24h (median of 280 shared frames),09-04 12:00 (user-labelled frame),ok,5/10,unreliable,3.6864348436129752,9.24295137909849,tie (labels),4.545968251191942,unreliable,nan,0.9924310893491665,-0.020676833836674104,55.42787102694875,0.004224865431219486,0.9940418949457334,31.580638011766034,1.0075374178601406,0.02095755106424675,-56.507506885749926,-0.004282223947522687,1.005904743302165,-31.52975901587231
