animal,session,variant,basepath,elapsed_s,frac_wake,frac_nrem,frac_rem,frac_unscored,rem_share_of_sleep,swthresh,EMGthresh,THthresh,SWchan,THchan,scorer,xml,git_commit,written_utc,moving_scored_wake,sustained_moving_scored_wake,brief_moving_scored_sleep,still_scored_sleep,derived_from,rem_to_wake_after_wake_s,rem_to_wake_imu_moving_s,rem_to_wake_short_rem_s
SF07,10_20260901_234332.691,imu_nremgate,/workdir/hc997/ephys_2026c/sleep/imu_nremgate/SF07/10_20260901_234332.691,370.2,0.7611,0.2199,0.019,0.0,0.0796,0.7083333333333333,0.5416666666666666,0.4649501363227125,11,1,PreprocessPipeline eb3dad4,ephys/configs/xml/SF07_A4x16-Lin_v1raw_rot+1_0.xml,f06f917 (deployed),2026-10-06T02:49:07+00:00,0.9921,0.9998,0.1969,0.6984,,,,
SF07,10_20260901_234332.691,imu_remclean,/workdir/hc997/ephys_2026c/sleep/imu_remclean/SF07/10_20260901_234332.691,9.3,0.7641,0.2199,0.016,0.0,0.068,0.7083333333333333,0.5416666666666666,0.4649501363227125,11,1,PreprocessPipeline eb3dad4,ephys/configs/xml/SF07_A4x16-Lin_v1raw_rot+1_0.xml,f06f917 (deployed),2026-10-06T02:49:16+00:00,0.9932,0.9999,0.1873,0.6913,imu_nremgate,68.0,3.0,0.0
SF07,11_20260902_062241.295,imu_nremgate,/workdir/hc997/ephys_2026c/sleep/imu_nremgate/SF07/11_20260902_062241.295,45.5,0.4501,0.4662,0.0837,0.0,0.1523,0.7083333333333333,0.375,0.375,23,31,PreprocessPipeline eb3dad4,ephys/configs/xml/SF07_A4x16-Lin_v1raw_rot+1_0.xml,f06f917 (deployed),2026-10-06T02:43:42+00:00,0.9819,1.0,0.1187,0.7457,,,,
SF07,11_20260902_062241.295,imu_remclean,/workdir/hc997/ephys_2026c/sleep/imu_remclean/SF07/11_20260902_062241.295,2.9,0.502,0.4662,0.0318,0.0,0.0639,0.7083333333333333,0.375,0.375,23,31,PreprocessPipeline eb3dad4,ephys/configs/xml/SF07_A4x16-Lin_v1raw_rot+1_0.xml,f06f917 (deployed),2026-10-06T02:43:45+00:00,0.9828,1.0,0.1125,0.6738,imu_nremgate,222.0,0.0,0.0
SF07,14_20260904_201825.406,imu_nremgate,/workdir/hc997/ephys_2026c/sleep/imu_nremgate/SF07/14_20260904_201825.406,629.6,0.6946,0.3041,0.0013,0.0,0.0042,0.375,0.5416666666666666,0.5000983728703334,10,31,PreprocessPipeline eb3dad4,ephys/configs/xml/SF07_A4x16-Lin_v1raw_rot+1_0.xml,f06f917 (deployed),2026-10-06T02:53:26+00:00,0.9677,0.9997,0.8401,0.9791,,,,
SF07,14_20260904_201825.406,imu_remclean,/workdir/hc997/ephys_2026c/sleep/imu_remclean/SF07/14_20260904_201825.406,15.0,0.6948,0.3041,0.0011,0.0,0.0036,0.375,0.5416666666666666,0.5000983728703334,10,31,PreprocessPipeline eb3dad4,ephys/configs/xml/SF07_A4x16-Lin_v1raw_rot+1_0.xml,f06f917 (deployed),2026-10-06T02:53:41+00:00,0.9679,0.9997,0.8389,0.9789,imu_nremgate,9.0,0.0,0.0
SF07,14_20260911_191449.075,imu_nremgate,/workdir/hc997/ephys_2026c/sleep/imu_nremgate/SF07/14_20260911_191449.075,799.7,0.649,0.3498,0.0012,0.0,0.0033,0.375,0.5416666666666666,0.5209802540367636,23,31,PreprocessPipeline eb3dad4,ephys/configs/xml/SF07_A4x16-Lin_v1raw_rot+1_0.xml,f06f917 (deployed),2026-10-06T02:56:16+00:00,0.9459,0.9971,0.9014,0.9762,,,,
SF07,14_20260911_191449.075,imu_remclean,/workdir/hc997/ephys_2026c/sleep/imu_remclean/SF07/14_20260911_191449.075,18.2,0.6492,0.3498,0.001,0.0,0.0028,0.375,0.5416666666666666,0.5209802540367636,23,31,PreprocessPipeline eb3dad4,ephys/configs/xml/SF07_A4x16-Lin_v1raw_rot+1_0.xml,f06f917 (deployed),2026-10-06T02:56:34+00:00,0.946,0.9971,0.8989,0.9758,imu_nremgate,0.0,4.0,5.0
SF07,15_20260902_082418.755,imu_nremgate,/workdir/hc997/ephys_2026c/sleep/imu_nremgate/SF07/15_20260902_082418.755,463.1,0.2651,0.5949,0.1401,0.0,0.1906,0.5416666666666666,0.5416666666666666,0.375,11,1,PreprocessPipeline eb3dad4,ephys/configs/xml/SF07_A4x16-Lin_v1raw_rot+1_0.xml,f06f917 (deployed),2026-10-06T02:50:39+00:00,0.8706,0.9986,0.456,0.8989,,,,
SF07,15_20260902_082418.755,imu_remclean,/workdir/hc997/ephys_2026c/sleep/imu_remclean/SF07/15_20260902_082418.755,10.1,0.2816,0.5949,0.1235,0.0,0.1719,0.5416666666666666,0.5416666666666666,0.375,11,1,PreprocessPipeline eb3dad4,ephys/configs/xml/SF07_A4x16-Lin_v1raw_rot+1_0.xml,f06f917 (deployed),2026-10-06T02:50:50+00:00,0.9118,1.0,0.3911,0.8899,imu_nremgate,191.0,249.0,67.0
SF07,16_20260902_165524.033,imu_nremgate,/workdir/hc997/ephys_2026c/sleep/imu_nremgate/SF07/16_20260902_165524.033,45.8,0.1331,0.7384,0.1286,0.0,0.1483,0.5416666666666666,0.5416666666666666,0.4583333333333333,54,1,PreprocessPipeline eb3dad4,ephys/configs/xml/SF07_A4x16-Lin_v1raw_rot+1_0.xml,f06f917 (deployed),2026-10-06T02:43:42+00:00,0.7351,1.0,0.6908,0.9458,,,,
SF07,16_20260902_165524.033,imu_remclean,/workdir/hc997/ephys_2026c/sleep/imu_remclean/SF07/16_20260902_165524.033,3.1,0.1481,0.7384,0.1135,0.0,0.1332,0.5416666666666666,0.5416666666666666,0.4583333333333333,54,1,PreprocessPipeline eb3dad4,ephys/configs/xml/SF07_A4x16-Lin_v1raw_rot+1_0.xml,f06f917 (deployed),2026-10-06T02:43:45+00:00,0.7929,1.0,0.6118,0.9379,imu_nremgate,0.0,32.0,38.0
SF07,1_20260831_185904.795,imu_nremgate,/workdir/hc997/ephys_2026c/sleep/imu_nremgate/SF07/1_20260831_185904.795,701.2,0.883,0.1083,0.0087,0.0,0.0744,0.7083333333333333,0.375,0.4414150270501373,6,31,PreprocessPipeline eb3dad4,ephys/configs/xml/SF07_A4x16-Lin_v1raw_rot+1_0.xml,f06f917 (deployed),2026-10-06T02:54:38+00:00,0.9979,0.9999,0.139,0.7529,,,,
SF07,1_20260831_185904.795,imu_remclean,/workdir/hc997/ephys_2026c/sleep/imu_remclean/SF07/1_20260831_185904.795,7.6,0.883,0.1083,0.0087,0.0,0.0744,0.7083333333333333,0.375,0.4414150270501373,6,31,PreprocessPipeline eb3dad4,ephys/configs/xml/SF07_A4x16-Lin_v1raw_rot+1_0.xml,f06f917 (deployed),2026-10-06T02:54:45+00:00,0.9979,0.9999,0.139,0.7529,imu_nremgate,0.0,0.0,0.0
SF07,1_20260907_174716.243,imu_nremgate,/workdir/hc997/ephys_2026c/sleep/imu_nremgate/SF07/1_20260907_174716.243,5.5,0.5541,0.3108,0.1351,0.0,0.303,0.4583333333333333,0.5416666666666666,0.5364304037741849,48,8,PreprocessPipeline eb3dad4,ephys/configs/xml/SF07_A4x16-Lin_v1raw_rot+1_0.xml,f06f917 (deployed),2026-10-06T02:43:02+00:00,0.7407,,0.3333,0.5417,,,,
SF07,1_20260907_174716.243,imu_remclean,/workdir/hc997/ephys_2026c/sleep/imu_remclean/SF07/1_20260907_174716.243,0.8,0.6892,0.3108,0.0,0.0,0.0,0.4583333333333333,0.5416666666666666,0.5364304037741849,48,8,PreprocessPipeline eb3dad4,ephys/configs/xml/SF07_A4x16-Lin_v1raw_rot+1_0.xml,f06f917 (deployed),2026-10-06T02:43:03+00:00,0.8148,,0.2,0.375,imu_nremgate,10.0,0.0,0.0
SF07,2_20260901_002100.939,imu_nremgate,/workdir/hc997/ephys_2026c/sleep/imu_nremgate/SF07/2_20260901_002100.939,488.6,0.8273,0.165,0.0077,0.0,0.0443,0.7083333333333333,0.5416666666666666,0.5315550920004699,7,31,PreprocessPipeline eb3dad4,ephys/configs/xml/SF07_A4x16-Lin_v1raw_rot+1_0.xml,f06f917 (deployed),2026-10-06T02:51:05+00:00,0.9957,0.9996,0.0692,0.5337,,,,
SF07,2_20260901_002100.939,imu_remclean,/workdir/hc997/ephys_2026c/sleep/imu_remclean/SF07/2_20260901_002100.939,6.9,0.8279,0.165,0.0071,0.0,0.0414,0.7083333333333333,0.5416666666666666,0.5315550920004699,7,31,PreprocessPipeline eb3dad4,ephys/configs/xml/SF07_A4x16-Lin_v1raw_rot+1_0.xml,f06f917 (deployed),2026-10-06T02:51:12+00:00,0.9961,0.9999,0.0674,0.5328,imu_nremgate,0.0,5.0,5.0
SF07,2_20260903_075114.355,imu_nremgate,/workdir/hc997/ephys_2026c/sleep/imu_nremgate/SF07/2_20260903_075114.355,494.2,0.2534,0.5653,0.1812,0.0,0.2428,0.625,0.5416666666666666,0.4583333333333333,23,31,PreprocessPipeline eb3dad4,ephys/configs/xml/SF07_A4x16-Lin_v1raw_rot+1_0.xml,f06f917 (deployed),2026-10-06T02:51:11+00:00,0.9021,0.9973,0.3923,0.8677,,,,
SF07,2_20260903_075114.355,imu_remclean,/workdir/hc997/ephys_2026c/sleep/imu_remclean/SF07/2_20260903_075114.355,11.4,0.2959,0.5653,0.1388,0.0,0.1971,0.625,0.5416666666666666,0.4583333333333333,23,31,PreprocessPipeline eb3dad4,ephys/configs/xml/SF07_A4x16-Lin_v1raw_rot+1_0.xml,f06f917 (deployed),2026-10-06T02:51:22+00:00,0.931,1.0,0.3549,0.8221,imu_nremgate,1223.0,125.0,15.0
SF07,2_20260905_093310.289,imu_nremgate,/workdir/hc997/ephys_2026c/sleep/imu_nremgate/SF07/2_20260905_093310.289,332.2,0.247,0.7512,0.0018,0.0,0.0024,0.29166666666666663,0.4583333333333333,0.5416666666666666,45,31,PreprocessPipeline eb3dad4,ephys/configs/xml/SF07_A4x16-Lin_v1raw_rot+1_0.xml,f06f917 (deployed),2026-10-06T02:48:28+00:00,0.9112,0.9996,0.5851,0.9628,,,,
SF07,2_20260905_093310.289,imu_remclean,/workdir/hc997/ephys_2026c/sleep/imu_remclean/SF07/2_20260905_093310.289,8.1,0.247,0.7512,0.0018,0.0,0.0024,0.29166666666666663,0.4583333333333333,0.5416666666666666,45,31,PreprocessPipeline eb3dad4,ephys/configs/xml/SF07_A4x16-Lin_v1raw_rot+1_0.xml,f06f917 (deployed),2026-10-06T02:48:37+00:00,0.9112,0.9996,0.5851,0.9628,imu_nremgate,0.0,0.0,0.0
SF07,2_20260905_184732.855,imu_nremgate,/workdir/hc997/ephys_2026c/sleep/imu_nremgate/SF07/2_20260905_184732.855,658.3,0.8607,0.1367,0.0026,0.0,0.0184,0.4583333333333333,0.29166666666666663,0.49276968645731034,10,16,PreprocessPipeline eb3dad4,ephys/configs/xml/SF07_A4x16-Lin_v1raw_rot+1_0.xml,f06f917 (deployed),2026-10-06T02:53:55+00:00,0.9982,1.0,0.0977,0.772,,,,
SF07,2_20260905_184732.855,imu_remclean,/workdir/hc997/ephys_2026c/sleep/imu_remclean/SF07/2_20260905_184732.855,13.8,0.8607,0.1367,0.0026,0.0,0.0184,0.4583333333333333,0.29166666666666663,0.49276968645731034,10,16,PreprocessPipeline eb3dad4,ephys/configs/xml/SF07_A4x16-Lin_v1raw_rot+1_0.xml,f06f917 (deployed),2026-10-06T02:54:09+00:00,0.9982,1.0,0.0977,0.772,imu_nremgate,0.0,0.0,0.0
SF07,2_20260907_085247.979,imu_nremgate,/workdir/hc997/ephys_2026c/sleep/imu_nremgate/SF07/2_20260907_085247.979,11.0,0.4457,0.526,0.0283,0.0,0.051,0.375,0.5416666666666666,0.5881063741628568,13,20,PreprocessPipeline eb3dad4,ephys/configs/xml/SF07_A4x16-Lin_v1raw_rot+1_0.xml,f06f917 (deployed),2026-10-06T02:43:07+00:00,0.8779,0.9706,0.2368,0.6466,,,,
SF07,2_20260907_085247.979,imu_remclean,/workdir/hc997/ephys_2026c/sleep/imu_remclean/SF07/2_20260907_085247.979,1.2,0.4581,0.526,0.0158,0.0,0.0292,0.375,0.5416666666666666,0.5881063741628568,13,20,PreprocessPipeline eb3dad4,ephys/configs/xml/SF07_A4x16-Lin_v1raw_rot+1_0.xml,f06f917 (deployed),2026-10-06T02:43:09+00:00,0.9128,0.9706,0.1579,0.641,imu_nremgate,0.0,8.0,3.0
SF07,2_20260907_174841.816,imu_nremgate,/workdir/hc997/ephys_2026c/sleep/imu_nremgate/SF07/2_20260907_174841.816,576.1,0.7973,0.2003,0.0023,0.0,0.0116,0.4583333333333333,0.4583333333333333,0.5728105509619579,7,20,PreprocessPipeline eb3dad4,ephys/configs/xml/SF07_A4x16-Lin_v1raw_rot+1_0.xml,f06f917 (deployed),2026-10-06T02:52:32+00:00,0.9764,0.9997,0.7006,0.9401,,,,
SF07,2_20260907_174841.816,imu_remclean,/workdir/hc997/ephys_2026c/sleep/imu_remclean/SF07/2_20260907_174841.816,14.7,0.7973,0.2003,0.0023,0.0,0.0116,0.4583333333333333,0.4583333333333333,0.5728105509619579,7,20,PreprocessPipeline eb3dad4,ephys/configs/xml/SF07_A4x16-Lin_v1raw_rot+1_0.xml,f06f917 (deployed),2026-10-06T02:52:47+00:00,0.9764,0.9997,0.7006,0.9401,imu_nremgate,0.0,0.0,0.0
SF07,2_20260909_183802.795,imu_nremgate,/workdir/hc997/ephys_2026c/sleep/imu_nremgate/SF07/2_20260909_183802.795,749.3,0.8893,0.1043,0.0064,0.0,0.0579,0.5416666666666666,0.20833333333333331,0.4060613184290504,38,31,PreprocessPipeline eb3dad4,ephys/configs/xml/SF07_A4x16-Lin_v1raw_rot+1_0.xml,f06f917 (deployed),2026-10-06T02:55:28+00:00,0.9992,1.0,0.0556,0.7131,,,,
SF07,2_20260909_183802.795,imu_remclean,/workdir/hc997/ephys_2026c/sleep/imu_remclean/SF07/2_20260909_183802.795,15.5,0.8912,0.1043,0.0045,0.0,0.0418,0.5416666666666666,0.20833333333333331,0.4060613184290504,38,31,PreprocessPipeline eb3dad4,ephys/configs/xml/SF07_A4x16-Lin_v1raw_rot+1_0.xml,f06f917 (deployed),2026-10-06T02:55:44+00:00,0.9992,1.0,0.0517,0.7011,imu_nremgate,85.0,0.0,0.0
SF07,2_20260911_091615.116,imu_nremgate,/workdir/hc997/ephys_2026c/sleep/imu_nremgate/SF07/2_20260911_091615.116,654.6,0.1909,0.6975,0.1116,0.0,0.1379,0.5416666666666666,0.625,0.5416666666666666,25,31,PreprocessPipeline eb3dad4,ephys/configs/xml/SF07_A4x16-Lin_v1raw_rot+1_0.xml,f06f917 (deployed),2026-10-06T02:53:51+00:00,0.8031,0.9962,0.6252,0.9262,,,,
SF07,2_20260911_091615.116,imu_remclean,/workdir/hc997/ephys_2026c/sleep/imu_remclean/SF07/2_20260911_091615.116,11.2,0.2116,0.6975,0.0909,0.0,0.1153,0.5416666666666666,0.625,0.5416666666666666,25,31,PreprocessPipeline eb3dad4,ephys/configs/xml/SF07_A4x16-Lin_v1raw_rot+1_0.xml,f06f917 (deployed),2026-10-06T02:54:02+00:00,0.8131,0.9962,0.6073,0.9031,imu_nremgate,620.0,43.0,21.0
SF07,3_20260901_054126.846,imu_nremgate,/workdir/hc997/ephys_2026c/sleep/imu_nremgate/SF07/3_20260901_054126.846,29.6,0.6201,0.3799,0.0,0.0,0.0,0.29166666666666663,0.375,0.6041921397018679,21,31,PreprocessPipeline eb3dad4,ephys/configs/xml/SF07_A4x16-Lin_v1raw_rot+1_0.xml,f06f917 (deployed),2026-10-06T02:43:26+00:00,0.969,0.9994,0.3846,0.8947,,,,
SF07,3_20260901_054126.846,imu_remclean,/workdir/hc997/ephys_2026c/sleep/imu_remclean/SF07/3_20260901_054126.846,1.7,0.6201,0.3799,0.0,0.0,0.0,0.29166666666666663,0.375,0.6041921397018679,21,31,PreprocessPipeline eb3dad4,ephys/configs/xml/SF07_A4x16-Lin_v1raw_rot+1_0.xml,f06f917 (deployed),2026-10-06T02:43:28+00:00,0.969,0.9994,0.3846,0.8947,imu_nremgate,0.0,0.0,0.0
SF07,3_20260902_190047.109,imu_nremgate,/workdir/hc997/ephys_2026c/sleep/imu_nremgate/SF07/3_20260902_190047.109,717.8,0.874,0.1195,0.0065,0.0,0.0516,0.625,0.29166666666666663,0.4583333333333333,23,31,PreprocessPipeline eb3dad4,ephys/configs/xml/SF07_A4x16-Lin_v1raw_rot+1_0.xml,f06f917 (deployed),2026-10-06T02:54:54+00:00,0.9982,0.9999,0.0714,0.7027,,,,
SF07,3_20260902_190047.109,imu_remclean,/workdir/hc997/ephys_2026c/sleep/imu_remclean/SF07/3_20260902_190047.109,19.3,0.874,0.1195,0.0065,0.0,0.0516,0.625,0.29166666666666663,0.4583333333333333,23,31,PreprocessPipeline eb3dad4,ephys/configs/xml/SF07_A4x16-Lin_v1raw_rot+1_0.xml,f06f917 (deployed),2026-10-06T02:55:14+00:00,0.9982,0.9999,0.0714,0.7027,imu_nremgate,0.0,0.0,0.0
SF07,3_20260903_164808.815,imu_nremgate,/workdir/hc997/ephys_2026c/sleep/imu_nremgate/SF07/3_20260903_164808.815,13.6,0.3709,0.4962,0.1328,0.0,0.2112,0.625,0.375,0.375,23,20,PreprocessPipeline eb3dad4,ephys/configs/xml/SF07_A4x16-Lin_v1raw_rot+1_0.xml,f06f917 (deployed),2026-10-06T02:43:10+00:00,0.9566,0.9954,0.2245,0.865,,,,
SF07,3_20260903_164808.815,imu_remclean,/workdir/hc997/ephys_2026c/sleep/imu_remclean/SF07/3_20260903_164808.815,1.1,0.3743,0.4962,0.1295,0.0,0.2069,0.625,0.375,0.375,23,20,PreprocessPipeline eb3dad4,ephys/configs/xml/SF07_A4x16-Lin_v1raw_rot+1_0.xml,f06f917 (deployed),2026-10-06T02:43:11+00:00,0.9653,0.9954,0.1837,0.865,imu_nremgate,0.0,4.0,0.0
SF07,3_20260909_090331.016,imu_nremgate,/workdir/hc997/ephys_2026c/sleep/imu_nremgate/SF07/3_20260909_090331.016,490.8,0.1701,0.7123,0.1176,0.0,0.1417,0.5416666666666666,0.5416666666666666,0.4583333333333333,14,17,PreprocessPipeline eb3dad4,ephys/configs/xml/SF07_A4x16-Lin_v1raw_rot+1_0.xml,f06f917 (deployed),2026-10-06T02:51:07+00:00,0.8039,0.9948,0.6267,0.9408,,,,
SF07,3_20260909_090331.016,imu_remclean,/workdir/hc997/ephys_2026c/sleep/imu_remclean/SF07/3_20260909_090331.016,10.8,0.1774,0.7123,0.1103,0.0,0.1341,0.5416666666666666,0.5416666666666666,0.4583333333333333,14,17,PreprocessPipeline eb3dad4,ephys/configs/xml/SF07_A4x16-Lin_v1raw_rot+1_0.xml,f06f917 (deployed),2026-10-06T02:51:18+00:00,0.8183,0.9948,0.5992,0.935,imu_nremgate,136.0,66.0,32.0
SF07,4_20260901_074925.529,imu_nremgate,/workdir/hc997/ephys_2026c/sleep/imu_nremgate/SF07/4_20260901_074925.529,6.1,0.8421,0.1579,0.0,0.0,0.0,0.4583333333333333,0.20833333333333331,0.4729833497527842,15,33,PreprocessPipeline eb3dad4,ephys/configs/xml/SF07_A4x16-Lin_v1raw_rot+1_0.xml,f06f917 (deployed),2026-10-06T02:43:02+00:00,0.8052,0.8052,,,,,,
SF07,4_20260901_074925.529,imu_remclean,/workdir/hc997/ephys_2026c/sleep/imu_remclean/SF07/4_20260901_074925.529,0.7,0.8421,0.1579,0.0,0.0,0.0,0.4583333333333333,0.20833333333333331,0.4729833497527842,15,33,PreprocessPipeline eb3dad4,ephys/configs/xml/SF07_A4x16-Lin_v1raw_rot+1_0.xml,f06f917 (deployed),2026-10-06T02:43:03+00:00,0.8052,0.8052,,,imu_nremgate,0.0,0.0,0.0
SF07,4_20260903_001558.656,imu_nremgate,/workdir/hc997/ephys_2026c/sleep/imu_nremgate/SF07/4_20260903_001558.656,334.9,0.805,0.1894,0.0056,0.0,0.0289,0.4583333333333333,0.20833333333333331,0.5150621578082902,23,31,PreprocessPipeline eb3dad4,ephys/configs/xml/SF07_A4x16-Lin_v1raw_rot+1_0.xml,f06f917 (deployed),2026-10-06T02:48:31+00:00,0.9993,0.9998,0.0084,0.6543,,,,
SF07,4_20260903_001558.656,imu_remclean,/workdir/hc997/ephys_2026c/sleep/imu_remclean/SF07/4_20260903_001558.656,11.4,0.805,0.1894,0.0056,0.0,0.0289,0.4583333333333333,0.20833333333333331,0.5150621578082902,23,31,PreprocessPipeline eb3dad4,ephys/configs/xml/SF07_A4x16-Lin_v1raw_rot+1_0.xml,f06f917 (deployed),2026-10-06T02:48:43+00:00,0.9993,0.9998,0.0084,0.6543,imu_nremgate,0.0,0.0,0.0
SF07,4_20260906_075426.615,imu_nremgate,/workdir/hc997/ephys_2026c/sleep/imu_nremgate/SF07/4_20260906_075426.615,229.9,0.1526,0.671,0.1764,0.0,0.2082,0.625,0.625,0.375,28,31,PreprocessPipeline eb3dad4,ephys/configs/xml/SF07_A4x16-Lin_v1raw_rot+1_0.xml,f06f917 (deployed),2026-10-06T02:46:46+00:00,0.836,1.0,0.5232,0.9284,,,,
SF07,4_20260906_075426.615,imu_remclean,/workdir/hc997/ephys_2026c/sleep/imu_remclean/SF07/4_20260906_075426.615,6.7,0.18,0.671,0.149,0.0,0.1818,0.625,0.625,0.375,28,31,PreprocessPipeline eb3dad4,ephys/configs/xml/SF07_A4x16-Lin_v1raw_rot+1_0.xml,f06f917 (deployed),2026-10-06T02:46:53+00:00,0.8746,1.0,0.4279,0.9022,imu_nremgate,372.0,60.0,23.0
SF07,4_20260907_091511.369,imu_nremgate,/workdir/hc997/ephys_2026c/sleep/imu_nremgate/SF07/4_20260907_091511.369,1275.5,0.1282,0.6843,0.1876,0.0,0.2152,0.5416666666666666,0.5416666666666666,0.375,23,31,PreprocessPipeline eb3dad4,ephys/configs/xml/SF07_A4x16-Lin_v1raw_rot+1_0.xml,f06f917 (deployed),2026-10-06T03:04:12+00:00,0.8064,0.9927,0.6852,0.9653,,,,
SF07,4_20260907_091511.369,imu_remclean,/workdir/hc997/ephys_2026c/sleep/imu_remclean/SF07/4_20260907_091511.369,9.9,0.1446,0.6843,0.1711,0.0,0.2,0.5416666666666666,0.5416666666666666,0.375,23,31,PreprocessPipeline eb3dad4,ephys/configs/xml/SF07_A4x16-Lin_v1raw_rot+1_0.xml,f06f917 (deployed),2026-10-06T03:04:22+00:00,0.8813,0.9973,0.564,0.9582,imu_nremgate,124.0,246.0,84.0
SF07,5_20260901_075052.875,imu_nremgate,/workdir/hc997/ephys_2026c/sleep/imu_nremgate/SF07/5_20260901_075052.875,288.2,0.1478,0.6679,0.1843,0.0,0.2163,0.5416666666666666,0.7083333333333333,0.375,10,31,PreprocessPipeline eb3dad4,ephys/configs/xml/SF07_A4x16-Lin_v1raw_rot+1_0.xml,f06f917 (deployed),2026-10-06T02:47:45+00:00,0.7123,0.9737,0.7095,0.959,,,,
SF07,5_20260901_075052.875,imu_remclean,/workdir/hc997/ephys_2026c/sleep/imu_remclean/SF07/5_20260901_075052.875,7.2,0.1818,0.6679,0.1503,0.0,0.1837,0.5416666666666666,0.7083333333333333,0.375,10,31,PreprocessPipeline eb3dad4,ephys/configs/xml/SF07_A4x16-Lin_v1raw_rot+1_0.xml,f06f917 (deployed),2026-10-06T02:47:52+00:00,0.8404,0.9844,0.5573,0.9452,imu_nremgate,210.0,306.0,104.0
SF07,5_20260908_071513.175,imu_nremgate,/workdir/hc997/ephys_2026c/sleep/imu_nremgate/SF07/5_20260908_071513.175,539.3,0.1499,0.7301,0.12,0.0,0.1412,0.5416666666666666,0.5416666666666666,0.375,45,31,PreprocessPipeline eb3dad4,ephys/configs/xml/SF07_A4x16-Lin_v1raw_rot+1_0.xml,f06f917 (deployed),2026-10-06T02:51:56+00:00,0.8064,0.9955,0.7231,0.9684,,,,
SF07,5_20260908_071513.175,imu_remclean,/workdir/hc997/ephys_2026c/sleep/imu_remclean/SF07/5_20260908_071513.175,14.0,0.1611,0.7301,0.1088,0.0,0.1297,0.5416666666666666,0.5416666666666666,0.375,45,31,PreprocessPipeline eb3dad4,ephys/configs/xml/SF07_A4x16-Lin_v1raw_rot+1_0.xml,f06f917 (deployed),2026-10-06T02:52:10+00:00,0.846,0.9967,0.6683,0.9632,imu_nremgate,92.0,250.0,130.0
SF07,5_20260910_082351.495,imu_nremgate,/workdir/hc997/ephys_2026c/sleep/imu_nremgate/SF07/5_20260910_082351.495,296.2,0.1097,0.8903,0.0,0.0,0.0,0.29166666666666663,0.5416666666666666,0.375,2,31,PreprocessPipeline eb3dad4,ephys/configs/xml/SF07_A4x16-Lin_v1raw_rot+1_0.xml,f06f917 (deployed),2026-10-06T02:47:53+00:00,0.7569,0.9914,0.9339,0.9955,,,,
SF07,5_20260910_082351.495,imu_remclean,/workdir/hc997/ephys_2026c/sleep/imu_remclean/SF07/5_20260910_082351.495,8.7,0.1097,0.8903,0.0,0.0,0.0,0.29166666666666663,0.5416666666666666,0.375,2,31,PreprocessPipeline eb3dad4,ephys/configs/xml/SF07_A4x16-Lin_v1raw_rot+1_0.xml,f06f917 (deployed),2026-10-06T02:48:01+00:00,0.7569,0.9914,0.9339,0.9955,imu_nremgate,0.0,0.0,0.0
SF07,6_20260901_125442.165,imu_nremgate,/workdir/hc997/ephys_2026c/sleep/imu_nremgate/SF07/6_20260901_125442.165,210.1,0.2225,0.5527,0.2248,0.0,0.2891,0.625,0.5416666666666666,0.375,23,31,PreprocessPipeline eb3dad4,ephys/configs/xml/SF07_A4x16-Lin_v1raw_rot+1_0.xml,f06f917 (deployed),2026-10-06T02:46:26+00:00,0.8789,0.9948,0.4396,0.9042,,,,
SF07,6_20260901_125442.165,imu_remclean,/workdir/hc997/ephys_2026c/sleep/imu_remclean/SF07/6_20260901_125442.165,5.8,0.2598,0.5527,0.1875,0.0,0.2533,0.625,0.5416666666666666,0.375,23,31,PreprocessPipeline eb3dad4,ephys/configs/xml/SF07_A4x16-Lin_v1raw_rot+1_0.xml,f06f917 (deployed),2026-10-06T02:46:32+00:00,0.9383,0.9981,0.3242,0.8721,imu_nremgate,380.0,143.0,53.0
SF07,6_20260903_175144.375,imu_nremgate,/workdir/hc997/ephys_2026c/sleep/imu_nremgate/SF07/6_20260903_175144.375,675.9,0.7799,0.1974,0.0227,0.0,0.1029,0.625,0.5416666666666666,0.5219690663336789,10,31,PreprocessPipeline eb3dad4,ephys/configs/xml/SF07_A4x16-Lin_v1raw_rot+1_0.xml,f06f917 (deployed),2026-10-06T02:54:12+00:00,0.9888,0.9998,0.3519,0.8307,,,,
SF07,6_20260903_175144.375,imu_remclean,/workdir/hc997/ephys_2026c/sleep/imu_remclean/SF07/6_20260903_175144.375,16.1,0.7827,0.1974,0.0198,0.0,0.0912,0.625,0.5416666666666666,0.5219690663336789,10,31,PreprocessPipeline eb3dad4,ephys/configs/xml/SF07_A4x16-Lin_v1raw_rot+1_0.xml,f06f917 (deployed),2026-10-06T02:54:28+00:00,0.9892,0.9999,0.3362,0.8206,imu_nremgate,133.0,3.0,3.0
SF07,6_20260905_133118.469,imu_nremgate,/workdir/hc997/ephys_2026c/sleep/imu_nremgate/SF07/6_20260905_133118.469,244.9,0.1955,0.6541,0.1504,0.0,0.187,0.5416666666666666,0.5416666666666666,0.4583333333333333,11,31,PreprocessPipeline eb3dad4,ephys/configs/xml/SF07_A4x16-Lin_v1raw_rot+1_0.xml,f06f917 (deployed),2026-10-06T02:47:01+00:00,0.7984,0.997,0.6879,0.9465,,,,
SF07,6_20260905_133118.469,imu_remclean,/workdir/hc997/ephys_2026c/sleep/imu_remclean/SF07/6_20260905_133118.469,6.3,0.2107,0.6541,0.1352,0.0,0.1713,0.5416666666666666,0.5416666666666666,0.4583333333333333,11,31,PreprocessPipeline eb3dad4,ephys/configs/xml/SF07_A4x16-Lin_v1raw_rot+1_0.xml,f06f917 (deployed),2026-10-06T02:47:08+00:00,0.8406,0.997,0.5866,0.9394,imu_nremgate,26.0,151.0,68.0
SF07,6_20260906_132942.035,imu_nremgate,/workdir/hc997/ephys_2026c/sleep/imu_nremgate/SF07/6_20260906_132942.035,575.8,0.1003,0.8985,0.0012,0.0,0.0013,0.29166666666666663,0.625,0.5416666666666666,6,31,PreprocessPipeline eb3dad4,ephys/configs/xml/SF07_A4x16-Lin_v1raw_rot+1_0.xml,f06f917 (deployed),2026-10-06T02:52:32+00:00,0.5753,0.9748,0.9798,0.9967,,,,
SF07,6_20260906_132942.035,imu_remclean,/workdir/hc997/ephys_2026c/sleep/imu_remclean/SF07/6_20260906_132942.035,16.5,0.1015,0.8985,0.0,0.0,0.0,0.29166666666666663,0.625,0.5416666666666666,6,31,PreprocessPipeline eb3dad4,ephys/configs/xml/SF07_A4x16-Lin_v1raw_rot+1_0.xml,f06f917 (deployed),2026-10-06T02:52:49+00:00,0.5813,0.9748,0.9798,0.9966,imu_nremgate,0.0,20.0,3.0
SF07,7_20260901_171210.814,imu_nremgate,/workdir/hc997/ephys_2026c/sleep/imu_nremgate/SF07/7_20260901_171210.814,48.2,0.277,0.5102,0.2128,0.0,0.2943,0.625,0.375,0.375,23,31,PreprocessPipeline eb3dad4,ephys/configs/xml/SF07_A4x16-Lin_v1raw_rot+1_0.xml,f06f917 (deployed),2026-10-06T02:43:45+00:00,0.904,1.0,0.3949,0.8727,,,,
SF07,7_20260901_171210.814,imu_remclean,/workdir/hc997/ephys_2026c/sleep/imu_remclean/SF07/7_20260901_171210.814,2.3,0.3969,0.5102,0.0928,0.0,0.1539,0.625,0.375,0.375,23,31,PreprocessPipeline eb3dad4,ephys/configs/xml/SF07_A4x16-Lin_v1raw_rot+1_0.xml,f06f917 (deployed),2026-10-06T02:43:47+00:00,0.9343,1.0,0.242,0.7304,imu_nremgate,453.0,21.0,12.0
SF07,8_20260904_080936.435,imu_nremgate,/workdir/hc997/ephys_2026c/sleep/imu_nremgate/SF07/8_20260904_080936.435,709.7,0.1993,0.6816,0.119,0.0,0.1487,0.5416666666666666,0.5416666666666666,0.375,11,31,PreprocessPipeline eb3dad4,ephys/configs/xml/SF07_A4x16-Lin_v1raw_rot+1_0.xml,f06f917 (deployed),2026-10-06T02:54:52+00:00,0.8689,0.9995,0.5497,0.9385,,,,
SF07,8_20260904_080936.435,imu_remclean,/workdir/hc997/ephys_2026c/sleep/imu_remclean/SF07/8_20260904_080936.435,7.6,0.2078,0.6816,0.1106,0.0,0.1396,0.5416666666666666,0.5416666666666666,0.375,11,31,PreprocessPipeline eb3dad4,ephys/configs/xml/SF07_A4x16-Lin_v1raw_rot+1_0.xml,f06f917 (deployed),2026-10-06T02:55:00+00:00,0.8957,0.9995,0.4972,0.9346,imu_nremgate,46.0,82.0,40.0
SF07,8_20260908_193733.435,imu_nremgate,/workdir/hc997/ephys_2026c/sleep/imu_nremgate/SF07/8_20260908_193733.435,1334.6,0.7885,0.197,0.0145,0.0,0.0687,0.625,0.4583333333333333,0.5733850223778152,23,31,PreprocessPipeline eb3dad4,ephys/configs/xml/SF07_A4x16-Lin_v1raw_rot+1_0.xml,f06f917 (deployed),2026-10-06T03:05:18+00:00,0.9905,1.0,0.4366,0.8719,,,,
SF07,8_20260908_193733.435,imu_remclean,/workdir/hc997/ephys_2026c/sleep/imu_remclean/SF07/8_20260908_193733.435,14.9,0.7911,0.197,0.012,0.0,0.0572,0.625,0.4583333333333333,0.5733850223778152,23,31,PreprocessPipeline eb3dad4,ephys/configs/xml/SF07_A4x16-Lin_v1raw_rot+1_0.xml,f06f917 (deployed),2026-10-06T03:05:33+00:00,0.9906,1.0,0.4348,0.8606,imu_nremgate,117.0,0.0,0.0
SF07,9_20260901_192912.215,imu_nremgate,/workdir/hc997/ephys_2026c/sleep/imu_nremgate/SF07/9_20260901_192912.215,271.6,0.9993,0.0007,0.0,0.0,0.0,0.7,0.11538461538461539,0.2204622439739787,5,1,PreprocessPipeline eb3dad4,ephys/configs/xml/SF07_A4x16-Lin_v1raw_rot+1_0.xml,f06f917 (deployed),2026-10-06T02:47:40+00:00,0.9999,0.9999,0.0,0.0375,,,,
SF07,9_20260901_192912.215,imu_remclean,/workdir/hc997/ephys_2026c/sleep/imu_remclean/SF07/9_20260901_192912.215,6.0,0.9993,0.0007,0.0,0.0,0.0,0.7,0.11538461538461539,0.2204622439739787,5,1,PreprocessPipeline eb3dad4,ephys/configs/xml/SF07_A4x16-Lin_v1raw_rot+1_0.xml,f06f917 (deployed),2026-10-06T02:47:46+00:00,0.9999,0.9999,0.0,0.0375,imu_nremgate,0.0,0.0,0.0
SF08,12_20260902_082624.125,imu_nremgate,/workdir/hc997/ephys_2026c/sleep/imu_nremgate/SF08/12_20260902_082624.125,3.6,1.0,0.0,0.0,0.0,0.0,0.42307692307692313,0.125,0.34355587138905647,15,44,PreprocessPipeline eb3dad4,ephys/configs/xml/SF08_A4x16-Lin_dataorder_20260908.xml,f06f917 (deployed),2026-10-06T02:43:15+00:00,0.9459,,0.0,0.0,,,,
SF08,12_20260902_082624.125,imu_remclean,/workdir/hc997/ephys_2026c/sleep/imu_remclean/SF08/12_20260902_082624.125,0.5,1.0,0.0,0.0,0.0,0.0,0.42307692307692313,0.125,0.34355587138905647,15,44,PreprocessPipeline eb3dad4,ephys/configs/xml/SF08_A4x16-Lin_dataorder_20260908.xml,f06f917 (deployed),2026-10-06T02:43:15+00:00,0.9459,,0.0,0.0,imu_nremgate,0.0,0.0,0.0
SF08,13_20260902_082748.094,imu_nremgate,/workdir/hc997/ephys_2026c/sleep/imu_nremgate/SF08/13_20260902_082748.094,1857.6,0.2289,0.5615,0.2097,0.0,0.2719,0.5416666666666666,0.5416666666666666,0.375,4,44,PreprocessPipeline eb3dad4,ephys/configs/xml/SF08_A4x16-Lin_dataorder_20260908.xml,f06f917 (deployed),2026-10-06T03:14:13+00:00,0.8647,0.9937,0.647,0.9462,,,,
SF08,13_20260902_082748.094,imu_remclean,/workdir/hc997/ephys_2026c/sleep/imu_remclean/SF08/13_20260902_082748.094,11.3,0.2686,0.5615,0.1699,0.0,0.2323,0.5416666666666666,0.5416666666666666,0.375,4,44,PreprocessPipeline eb3dad4,ephys/configs/xml/SF08_A4x16-Lin_dataorder_20260908.xml,f06f917 (deployed),2026-10-06T03:14:25+00:00,0.9263,0.9964,0.4686,0.9135,imu_nremgate,837.0,423.0,154.0
SF08,17_20260902_190241.916,imu_nremgate,/workdir/hc997/ephys_2026c/sleep/imu_nremgate/SF08/17_20260902_190241.916,1062.4,0.8094,0.1876,0.003,0.0,0.0157,0.625,0.5416666666666666,0.6899356603646642,9,44,PreprocessPipeline eb3dad4,ephys/configs/xml/SF08_A4x16-Lin_dataorder_20260908.xml,f06f917 (deployed),2026-10-06T03:01:10+00:00,0.9947,0.9999,0.1233,0.6787,,,,
SF08,17_20260902_190241.916,imu_remclean,/workdir/hc997/ephys_2026c/sleep/imu_remclean/SF08/17_20260902_190241.916,13.2,0.8111,0.1876,0.0013,0.0,0.0067,0.625,0.5416666666666666,0.6899356603646642,9,44,PreprocessPipeline eb3dad4,ephys/configs/xml/SF08_A4x16-Lin_dataorder_20260908.xml,f06f917 (deployed),2026-10-06T03:01:23+00:00,0.9947,0.9999,0.1233,0.6721,imu_nremgate,68.0,0.0,0.0
SF08,18_20260903_060030.122,imu_nremgate,/workdir/hc997/ephys_2026c/sleep/imu_nremgate/SF08/18_20260903_060030.122,23.2,0.4122,0.5247,0.063,0.0,0.1073,0.7083333333333333,0.29166666666666663,0.4279041833017241,2,36,PreprocessPipeline eb3dad4,ephys/configs/xml/SF08_A4x16-Lin_dataorder_20260908.xml,f06f917 (deployed),2026-10-06T02:44:08+00:00,0.9825,1.0,0.0472,0.7192,,,,
SF08,18_20260903_060030.122,imu_remclean,/workdir/hc997/ephys_2026c/sleep/imu_remclean/SF08/18_20260903_060030.122,1.9,0.4337,0.5247,0.0415,0.0,0.0733,0.7083333333333333,0.29166666666666663,0.4279041833017241,2,36,PreprocessPipeline eb3dad4,ephys/configs/xml/SF08_A4x16-Lin_dataorder_20260908.xml,f06f917 (deployed),2026-10-06T02:44:10+00:00,0.9883,1.0,0.0472,0.693,imu_nremgate,55.0,2.0,0.0
SF08,1_20260831_190229.919,imu_nremgate,/workdir/hc997/ephys_2026c/sleep/imu_nremgate/SF08/1_20260831_190229.919,527.8,0.8853,0.106,0.0087,0.0,0.0757,0.7083333333333333,0.29166666666666663,0.4305416860079636,12,44,PreprocessPipeline eb3dad4,ephys/configs/xml/SF08_A4x16-Lin_dataorder_20260908.xml,f06f917 (deployed),2026-10-06T02:52:33+00:00,0.9995,0.9999,0.0165,0.4322,,,,
SF08,1_20260831_190229.919,imu_remclean,/workdir/hc997/ephys_2026c/sleep/imu_remclean/SF08/1_20260831_190229.919,18.3,0.8915,0.106,0.0025,0.0,0.023,0.7083333333333333,0.29166666666666663,0.4305416860079636,12,44,PreprocessPipeline eb3dad4,ephys/configs/xml/SF08_A4x16-Lin_dataorder_20260908.xml,f06f917 (deployed),2026-10-06T02:52:51+00:00,0.9996,0.9999,0.011,0.4089,imu_nremgate,119.0,0.0,0.0
SF08,1_20260901_075304.063,imu_nremgate,/workdir/hc997/ephys_2026c/sleep/imu_nremgate/SF08/1_20260901_075304.063,265.7,0.3215,0.5229,0.1556,0.0,0.2293,0.625,0.5416666666666666,0.4583333333333333,22,44,PreprocessPipeline eb3dad4,ephys/configs/xml/SF08_A4x16-Lin_dataorder_20260908.xml,f06f917 (deployed),2026-10-06T02:48:13+00:00,0.9509,0.9978,0.2827,0.8822,,,,
SF08,1_20260901_075304.063,imu_remclean,/workdir/hc997/ephys_2026c/sleep/imu_remclean/SF08/1_20260901_075304.063,6.7,0.3562,0.5229,0.1209,0.0,0.1878,0.625,0.5416666666666666,0.4583333333333333,22,44,PreprocessPipeline eb3dad4,ephys/configs/xml/SF08_A4x16-Lin_dataorder_20260908.xml,f06f917 (deployed),2026-10-06T02:48:19+00:00,0.9691,0.9988,0.2304,0.8415,imu_nremgate,577.0,45.0,9.0
SF08,1_20260909_181543.715,imu_nremgate,/workdir/hc997/ephys_2026c/sleep/imu_nremgate/SF08/1_20260909_181543.715,3.6,1.0,0.0,0.0,0.0,0.0,0.625,0.125,0.18414533136814476,30,44,PreprocessPipeline eb3dad4,ephys/configs/xml/SF08_A4x16-Lin_dataorder_20260908.xml,f06f917 (deployed),2026-10-06T02:44:14+00:00,0.9836,,0.0,0.0,,,,
SF08,1_20260909_181543.715,imu_remclean,/workdir/hc997/ephys_2026c/sleep/imu_remclean/SF08/1_20260909_181543.715,0.7,1.0,0.0,0.0,0.0,0.0,0.625,0.125,0.18414533136814476,30,44,PreprocessPipeline eb3dad4,ephys/configs/xml/SF08_A4x16-Lin_dataorder_20260908.xml,f06f917 (deployed),2026-10-06T02:44:14+00:00,0.9836,,0.0,0.0,imu_nremgate,0.0,0.0,0.0
SF08,2_20260901_002327.839,imu_nremgate,/workdir/hc997/ephys_2026c/sleep/imu_nremgate/SF08/2_20260901_002327.839,249.8,0.9057,0.0871,0.0072,0.0,0.0759,0.7916666666666666,0.375,0.39221006207935505,12,44,PreprocessPipeline eb3dad4,ephys/configs/xml/SF08_A4x16-Lin_dataorder_20260908.xml,f06f917 (deployed),2026-10-06T02:48:24+00:00,0.9973,0.9997,0.0539,0.3755,,,,
SF08,2_20260901_002327.839,imu_remclean,/workdir/hc997/ephys_2026c/sleep/imu_remclean/SF08/2_20260901_002327.839,6.7,0.9112,0.0871,0.0017,0.0,0.0189,0.7916666666666666,0.375,0.39221006207935505,12,44,PreprocessPipeline eb3dad4,ephys/configs/xml/SF08_A4x16-Lin_dataorder_20260908.xml,f06f917 (deployed),2026-10-06T02:48:31+00:00,0.9996,0.9999,0.0,0.3592,imu_nremgate,59.0,3.0,0.0
SF08,2_20260901_125621.840,imu_nremgate,/workdir/hc997/ephys_2026c/sleep/imu_nremgate/SF08/2_20260901_125621.840,19.0,0.1539,0.6129,0.2332,0.0,0.2756,0.4583333333333333,0.5,0.4583333333333333,21,44,PreprocessPipeline eb3dad4,ephys/configs/xml/SF08_A4x16-Lin_dataorder_20260908.xml,f06f917 (deployed),2026-10-06T02:46:51+00:00,0.743,1.0,0.5455,0.9017,,,,
SF08,2_20260901_125621.840,imu_remclean,/workdir/hc997/ephys_2026c/sleep/imu_remclean/SF08/2_20260901_125621.840,1.5,0.1685,0.6129,0.2186,0.0,0.2629,0.4583333333333333,0.5,0.4583333333333333,21,44,PreprocessPipeline eb3dad4,ephys/configs/xml/SF08_A4x16-Lin_dataorder_20260908.xml,f06f917 (deployed),2026-10-06T02:46:53+00:00,0.8659,1.0,0.3182,0.8994,imu_nremgate,0.0,24.0,4.0
SF08,2_20260903_075352.907,imu_nremgate,/workdir/hc997/ephys_2026c/sleep/imu_nremgate/SF08/2_20260903_075352.907,525.5,0.1366,0.589,0.2745,0.0,0.3179,0.5416666666666666,0.5416666666666666,0.29166666666666663,4,44,PreprocessPipeline eb3dad4,ephys/configs/xml/SF08_A4x16-Lin_dataorder_20260908.xml,f06f917 (deployed),2026-10-06T02:55:38+00:00,0.7945,0.9943,0.8796,0.9795,,,,
SF08,2_20260903_075352.907,imu_remclean,/workdir/hc997/ephys_2026c/sleep/imu_remclean/SF08/2_20260903_075352.907,10.2,0.1825,0.589,0.2285,0.0,0.2796,0.5416666666666666,0.5416666666666666,0.29166666666666663,4,44,PreprocessPipeline eb3dad4,ephys/configs/xml/SF08_A4x16-Lin_dataorder_20260908.xml,f06f917 (deployed),2026-10-06T02:55:49+00:00,0.9193,0.9997,0.5648,0.9504,imu_nremgate,617.0,525.0,192.0
SF08,2_20260903_175453.625,imu_nremgate,/workdir/hc997/ephys_2026c/sleep/imu_nremgate/SF08/2_20260903_175453.625,577.8,0.7267,0.2398,0.0335,0.0,0.1227,0.5416666666666666,0.5416666666666666,0.4529327491841384,12,44,PreprocessPipeline eb3dad4,ephys/configs/xml/SF08_A4x16-Lin_dataorder_20260908.xml,f06f917 (deployed),2026-10-06T02:56:31+00:00,0.978,0.9999,0.4526,0.8567,,,,
SF08,2_20260903_175453.625,imu_remclean,/workdir/hc997/ephys_2026c/sleep/imu_remclean/SF08/2_20260903_175453.625,16.3,0.7341,0.2398,0.0261,0.0,0.0981,0.5416666666666666,0.5416666666666666,0.4529327491841384,12,44,PreprocessPipeline eb3dad4,ephys/configs/xml/SF08_A4x16-Lin_dataorder_20260908.xml,f06f917 (deployed),2026-10-06T02:56:47+00:00,0.982,1.0,0.42,0.8409,imu_nremgate,254.0,92.0,20.0
SF08,2_20260905_093534.819,imu_nremgate,/workdir/hc997/ephys_2026c/sleep/imu_nremgate/SF08/2_20260905_093534.819,399.9,0.267,0.5813,0.1516,0.0,0.2069,0.5416666666666666,0.5416666666666666,0.4583333333333333,21,44,PreprocessPipeline eb3dad4,ephys/configs/xml/SF08_A4x16-Lin_dataorder_20260908.xml,f06f917 (deployed),2026-10-06T02:53:48+00:00,0.8839,0.9996,0.5299,0.9111,,,,
SF08,2_20260905_093534.819,imu_remclean,/workdir/hc997/ephys_2026c/sleep/imu_remclean/SF08/2_20260905_093534.819,10.4,0.3153,0.5813,0.1034,0.0,0.151,0.5416666666666666,0.5416666666666666,0.4583333333333333,21,44,PreprocessPipeline eb3dad4,ephys/configs/xml/SF08_A4x16-Lin_dataorder_20260908.xml,f06f917 (deployed),2026-10-06T02:53:58+00:00,0.9281,0.9996,0.4014,0.8613,imu_nremgate,1184.0,226.0,62.0
SF08,2_20260905_185104.563,imu_nremgate,/workdir/hc997/ephys_2026c/sleep/imu_nremgate/SF08/2_20260905_185104.563,532.6,0.8163,0.171,0.0127,0.0,0.0693,0.5416666666666666,0.4583333333333333,0.5852050957201185,28,44,PreprocessPipeline eb3dad4,ephys/configs/xml/SF08_A4x16-Lin_dataorder_20260908.xml,f06f917 (deployed),2026-10-06T02:56:39+00:00,0.9879,1.0,0.4562,0.8334,,,,
SF08,2_20260905_185104.563,imu_remclean,/workdir/hc997/ephys_2026c/sleep/imu_remclean/SF08/2_20260905_185104.563,14.6,0.8257,0.171,0.0033,0.0,0.0189,0.5416666666666666,0.4583333333333333,0.5852050957201185,28,44,PreprocessPipeline eb3dad4,ephys/configs/xml/SF08_A4x16-Lin_dataorder_20260908.xml,f06f917 (deployed),2026-10-06T02:56:54+00:00,0.988,1.0,0.4516,0.7881,imu_nremgate,401.0,5.0,4.0
SF08,2_20260907_085534.719,imu_nremgate,/workdir/hc997/ephys_2026c/sleep/imu_nremgate/SF08/2_20260907_085534.719,348.8,0.1252,0.6855,0.1893,0.0,0.2163,0.4583333333333333,0.625,0.375,9,44,PreprocessPipeline eb3dad4,ephys/configs/xml/SF08_A4x16-Lin_dataorder_20260908.xml,f06f917 (deployed),2026-10-06T02:53:41+00:00,0.7264,0.9642,0.7625,0.9605,,,,
SF08,2_20260907_085534.719,imu_remclean,/workdir/hc997/ephys_2026c/sleep/imu_remclean/SF08/2_20260907_085534.719,10.1,0.1601,0.6855,0.1543,0.0,0.1838,0.4583333333333333,0.625,0.375,9,44,PreprocessPipeline eb3dad4,ephys/configs/xml/SF08_A4x16-Lin_dataorder_20260908.xml,f06f917 (deployed),2026-10-06T02:53:51+00:00,0.8546,0.9962,0.5893,0.9401,imu_nremgate,536.0,370.0,100.0
SF08,2_20260907_175113.385,imu_nremgate,/workdir/hc997/ephys_2026c/sleep/imu_nremgate/SF08/2_20260907_175113.385,501.0,0.8599,0.1262,0.0139,0.0,0.0994,0.5416666666666666,0.4583333333333333,0.5360934599771237,45,36,PreprocessPipeline eb3dad4,ephys/configs/xml/SF08_A4x16-Lin_dataorder_20260908.xml,f06f917 (deployed),2026-10-06T02:56:22+00:00,0.9884,0.9997,0.5965,0.8917,,,,
SF08,2_20260907_175113.385,imu_remclean,/workdir/hc997/ephys_2026c/sleep/imu_remclean/SF08/2_20260907_175113.385,15.1,0.8602,0.1262,0.0136,0.0,0.0975,0.5416666666666666,0.4583333333333333,0.5360934599771237,45,36,PreprocessPipeline eb3dad4,ephys/configs/xml/SF08_A4x16-Lin_dataorder_20260908.xml,f06f917 (deployed),2026-10-06T02:56:38+00:00,0.9885,0.9998,0.5965,0.8908,imu_nremgate,8.0,5.0,0.0
SF08,2_20260909_090608.006,imu_nremgate,/workdir/hc997/ephys_2026c/sleep/imu_nremgate/SF08/2_20260909_090608.006,420.4,0.2038,0.6458,0.1504,0.0,0.1889,0.4583333333333333,0.625,0.4583333333333333,12,44,PreprocessPipeline eb3dad4,ephys/configs/xml/SF08_A4x16-Lin_dataorder_20260908.xml,f06f917 (deployed),2026-10-06T02:55:20+00:00,0.8146,0.9942,0.6629,0.9389,,,,
SF08,2_20260909_090608.006,imu_remclean,/workdir/hc997/ephys_2026c/sleep/imu_remclean/SF08/2_20260909_090608.006,12.0,0.2277,0.6458,0.1265,0.0,0.1638,0.4583333333333333,0.625,0.4583333333333333,12,44,PreprocessPipeline eb3dad4,ephys/configs/xml/SF08_A4x16-Lin_dataorder_20260908.xml,f06f917 (deployed),2026-10-06T02:55:32+00:00,0.8519,0.9963,0.5931,0.918,imu_nremgate,596.0,129.0,38.0
SF08,2_20260910_210245.604,imu_nremgate,/workdir/hc997/ephys_2026c/sleep/imu_nremgate/SF08/2_20260910_210245.604,621.2,0.8006,0.1777,0.0217,0.0,0.1089,0.625,0.5416666666666666,0.4583333333333333,7,44,PreprocessPipeline eb3dad4,ephys/configs/xml/SF08_A4x16-Lin_dataorder_20260908.xml,f06f917 (deployed),2026-10-06T02:58:52+00:00,0.991,0.9999,0.4055,0.8783,,,,
SF08,2_20260910_210245.604,imu_remclean,/workdir/hc997/ephys_2026c/sleep/imu_remclean/SF08/2_20260910_210245.604,13.0,0.8081,0.1777,0.0142,0.0,0.0739,0.625,0.5416666666666666,0.4583333333333333,7,44,PreprocessPipeline eb3dad4,ephys/configs/xml/SF08_A4x16-Lin_dataorder_20260908.xml,f06f917 (deployed),2026-10-06T02:59:05+00:00,0.9914,1.0,0.3957,0.845,imu_nremgate,286.0,8.0,6.0
SF08,3_20260901_054222.420,imu_nremgate,/workdir/hc997/ephys_2026c/sleep/imu_nremgate/SF08/3_20260901_054222.420,5.2,1.0,0.0,0.0,0.0,0.0,0.7083333333333333,0.20833333333333331,0.34237863222616916,29,42,PreprocessPipeline eb3dad4,ephys/configs/xml/SF08_A4x16-Lin_dataorder_20260908.xml,f06f917 (deployed),2026-10-06T02:48:42+00:00,0.976,0.976,,,,,,
SF08,3_20260901_054222.420,imu_remclean,/workdir/hc997/ephys_2026c/sleep/imu_remclean/SF08/3_20260901_054222.420,0.9,1.0,0.0,0.0,0.0,0.0,0.7083333333333333,0.20833333333333331,0.34237863222616916,29,42,PreprocessPipeline eb3dad4,ephys/configs/xml/SF08_A4x16-Lin_dataorder_20260908.xml,f06f917 (deployed),2026-10-06T02:48:43+00:00,0.976,0.976,,,imu_nremgate,0.0,0.0,0.0
SF08,3_20260901_151059.837,imu_nremgate,/workdir/hc997/ephys_2026c/sleep/imu_nremgate/SF08/3_20260901_151059.837,4.8,0.4842,0.5158,0.0,0.0,0.0,0.29166666666666663,0.29166666666666663,0.2896587221674587,38,42,PreprocessPipeline eb3dad4,ephys/configs/xml/SF08_A4x16-Lin_dataorder_20260908.xml,f06f917 (deployed),2026-10-06T02:48:47+00:00,0.0,,0.0,0.5079,,,,
SF08,3_20260901_151059.837,imu_remclean,/workdir/hc997/ephys_2026c/sleep/imu_remclean/SF08/3_20260901_151059.837,0.7,0.4842,0.5158,0.0,0.0,0.0,0.29166666666666663,0.29166666666666663,0.2896587221674587,38,42,PreprocessPipeline eb3dad4,ephys/configs/xml/SF08_A4x16-Lin_dataorder_20260908.xml,f06f917 (deployed),2026-10-06T02:48:48+00:00,0.0,,0.0,0.5079,imu_nremgate,0.0,0.0,0.0
SF08,3_20260903_160306.510,imu_nremgate,/workdir/hc997/ephys_2026c/sleep/imu_nremgate/SF08/3_20260903_160306.510,15.2,0.525,0.4175,0.0575,0.0,0.1211,0.5416666666666666,0.20833333333333331,0.2862960219343633,9,44,PreprocessPipeline eb3dad4,ephys/configs/xml/SF08_A4x16-Lin_dataorder_20260908.xml,f06f917 (deployed),2026-10-06T02:48:58+00:00,0.9931,1.0,0.2,0.9269,,,,
SF08,3_20260903_160306.510,imu_remclean,/workdir/hc997/ephys_2026c/sleep/imu_remclean/SF08/3_20260903_160306.510,1.4,0.5318,0.4175,0.0507,0.0,0.1084,0.5416666666666666,0.20833333333333331,0.2862960219343633,9,44,PreprocessPipeline eb3dad4,ephys/configs/xml/SF08_A4x16-Lin_dataorder_20260908.xml,f06f917 (deployed),2026-10-06T02:48:59+00:00,0.9931,1.0,0.2,0.9136,imu_nremgate,10.0,0.0,0.0
SF08,3_20260909_185036.554,imu_nremgate,/workdir/hc997/ephys_2026c/sleep/imu_nremgate/SF08/3_20260909_185036.554,625.8,0.8978,0.0938,0.0085,0.0,0.0829,0.5416666666666666,0.375,0.5102399692281725,14,36,PreprocessPipeline eb3dad4,ephys/configs/xml/SF08_A4x16-Lin_dataorder_20260908.xml,f06f917 (deployed),2026-10-06T02:59:14+00:00,0.9954,1.0,0.5647,0.9013,,,,
SF08,3_20260909_185036.554,imu_remclean,/workdir/hc997/ephys_2026c/sleep/imu_remclean/SF08/3_20260909_185036.554,15.0,0.9018,0.0938,0.0044,0.0,0.045,0.5416666666666666,0.375,0.5102399692281725,14,36,PreprocessPipeline eb3dad4,ephys/configs/xml/SF08_A4x16-Lin_dataorder_20260908.xml,f06f917 (deployed),2026-10-06T02:59:29+00:00,0.9957,1.0,0.5252,0.8661,imu_nremgate,172.0,8.0,3.0
SF08,3_20260911_091931.245,imu_nremgate,/workdir/hc997/ephys_2026c/sleep/imu_nremgate/SF08/3_20260911_091931.245,414.2,0.1604,0.6505,0.1892,0.0,0.2253,0.5416666666666666,0.625,0.375,21,37,PreprocessPipeline eb3dad4,ephys/configs/xml/SF08_A4x16-Lin_dataorder_20260908.xml,f06f917 (deployed),2026-10-06T02:55:54+00:00,0.776,0.9894,0.6499,0.9314,,,,
SF08,3_20260911_091931.245,imu_remclean,/workdir/hc997/ephys_2026c/sleep/imu_remclean/SF08/3_20260911_091931.245,11.6,0.203,0.6505,0.1465,0.0,0.1838,0.5416666666666666,0.625,0.375,21,37,PreprocessPipeline eb3dad4,ephys/configs/xml/SF08_A4x16-Lin_dataorder_20260908.xml,f06f917 (deployed),2026-10-06T02:56:05+00:00,0.8782,0.9988,0.5418,0.8979,imu_nremgate,980.0,335.0,78.0
SF08,4_20260901_152951.697,imu_nremgate,/workdir/hc997/ephys_2026c/sleep/imu_nremgate/SF08/4_20260901_152951.697,67.3,0.0576,0.7533,0.189,0.0,0.2006,0.4583333333333333,0.5,0.375,43,44,PreprocessPipeline eb3dad4,ephys/configs/xml/SF08_A4x16-Lin_dataorder_20260908.xml,f06f917 (deployed),2026-10-06T02:50:23+00:00,0.6389,1.0,0.7822,0.9711,,,,
SF08,4_20260901_152951.697,imu_remclean,/workdir/hc997/ephys_2026c/sleep/imu_remclean/SF08/4_20260901_152951.697,3.0,0.0713,0.7533,0.1753,0.0,0.1888,0.4583333333333333,0.5,0.375,43,44,PreprocessPipeline eb3dad4,ephys/configs/xml/SF08_A4x16-Lin_dataorder_20260908.xml,f06f917 (deployed),2026-10-06T02:50:26+00:00,0.7944,1.0,0.5743,0.9677,imu_nremgate,21.0,48.0,16.0
SF08,4_20260904_081205.535,imu_nremgate,/workdir/hc997/ephys_2026c/sleep/imu_nremgate/SF08/4_20260904_081205.535,514.3,0.205,0.5939,0.2011,0.0,0.253,0.5416666666666666,0.5416666666666666,0.375,35,44,PreprocessPipeline eb3dad4,ephys/configs/xml/SF08_A4x16-Lin_dataorder_20260908.xml,f06f917 (deployed),2026-10-06T02:59:01+00:00,0.826,0.9943,0.7418,0.9517,,,,
SF08,4_20260904_081205.535,imu_remclean,/workdir/hc997/ephys_2026c/sleep/imu_remclean/SF08/4_20260904_081205.535,13.2,0.2389,0.5939,0.1672,0.0,0.2197,0.5416666666666666,0.5416666666666666,0.375,35,44,PreprocessPipeline eb3dad4,ephys/configs/xml/SF08_A4x16-Lin_dataorder_20260908.xml,f06f917 (deployed),2026-10-06T02:59:14+00:00,0.8866,0.9983,0.5987,0.9256,imu_nremgate,772.0,450.0,158.0
SF08,5_20260901_171339.094,imu_nremgate,/workdir/hc997/ephys_2026c/sleep/imu_nremgate/SF08/5_20260901_171339.094,38.0,0.2126,0.5711,0.2163,0.0,0.2747,0.5416666666666666,0.5416666666666666,0.375,52,44,PreprocessPipeline eb3dad4,ephys/configs/xml/SF08_A4x16-Lin_dataorder_20260908.xml,f06f917 (deployed),2026-10-06T02:51:28+00:00,0.8547,0.9922,0.8218,0.9721,,,,
SF08,5_20260901_171339.094,imu_remclean,/workdir/hc997/ephys_2026c/sleep/imu_remclean/SF08/5_20260901_171339.094,2.1,0.2824,0.5711,0.1465,0.0,0.2041,0.5416666666666666,0.5416666666666666,0.375,52,44,PreprocessPipeline eb3dad4,ephys/configs/xml/SF08_A4x16-Lin_dataorder_20260908.xml,f06f917 (deployed),2026-10-06T02:51:30+00:00,0.9414,0.9984,0.4059,0.9093,imu_nremgate,160.0,68.0,52.0
SF08,5_20260908_071754.325,imu_nremgate,/workdir/hc997/ephys_2026c/sleep/imu_nremgate/SF08/5_20260908_071754.325,468.6,0.1712,0.658,0.1708,0.0,0.206,0.4583333333333333,0.5416666666666666,0.375,23,44,PreprocessPipeline eb3dad4,ephys/configs/xml/SF08_A4x16-Lin_dataorder_20260908.xml,f06f917 (deployed),2026-10-06T02:59:01+00:00,0.8384,0.9975,0.7093,0.967,,,,
SF08,5_20260908_071754.325,imu_remclean,/workdir/hc997/ephys_2026c/sleep/imu_remclean/SF08/5_20260908_071754.325,14.1,0.1841,0.658,0.1578,0.0,0.1934,0.4583333333333333,0.5416666666666666,0.375,23,44,PreprocessPipeline eb3dad4,ephys/configs/xml/SF08_A4x16-Lin_dataorder_20260908.xml,f06f917 (deployed),2026-10-06T02:59:15+00:00,0.8821,0.9975,0.6145,0.9616,imu_nremgate,104.0,324.0,112.0
SF08,5_20260911_191715.923,imu_nremgate,/workdir/hc997/ephys_2026c/sleep/imu_nremgate/SF08/5_20260911_191715.923,696.7,0.716,0.2429,0.0411,0.0,0.1448,0.625,0.4583333333333333,0.4263420846774506,40,36,PreprocessPipeline eb3dad4,ephys/configs/xml/SF08_A4x16-Lin_dataorder_20260908.xml,f06f917 (deployed),2026-10-06T03:02:55+00:00,0.9848,1.0,0.4255,0.8848,,,,
SF08,5_20260911_191715.923,imu_remclean,/workdir/hc997/ephys_2026c/sleep/imu_remclean/SF08/5_20260911_191715.923,17.9,0.7272,0.2429,0.0299,0.0,0.1098,0.625,0.4583333333333333,0.4263420846774506,40,36,PreprocessPipeline eb3dad4,ephys/configs/xml/SF08_A4x16-Lin_dataorder_20260908.xml,f06f917 (deployed),2026-10-06T03:03:13+00:00,0.9859,1.0,0.4151,0.8507,imu_nremgate,576.0,32.0,3.0
SF08,6_20260906_075927.555,imu_nremgate,/workdir/hc997/ephys_2026c/sleep/imu_nremgate/SF08/6_20260906_075927.555,460.8,0.1838,0.651,0.1651,0.0,0.2023,0.4583333333333333,0.5416666666666666,0.375,7,44,PreprocessPipeline eb3dad4,ephys/configs/xml/SF08_A4x16-Lin_dataorder_20260908.xml,f06f917 (deployed),2026-10-06T02:59:03+00:00,0.7876,0.9982,0.7897,0.9624,,,,
SF08,6_20260906_075927.555,imu_remclean,/workdir/hc997/ephys_2026c/sleep/imu_remclean/SF08/6_20260906_075927.555,12.8,0.2112,0.651,0.1378,0.0,0.1746,0.4583333333333333,0.5416666666666666,0.375,7,44,PreprocessPipeline eb3dad4,ephys/configs/xml/SF08_A4x16-Lin_dataorder_20260908.xml,f06f917 (deployed),2026-10-06T02:59:16+00:00,0.8432,0.9992,0.6678,0.9432,imu_nremgate,605.0,395.0,89.0
SF08,6_20260910_082629.685,imu_nremgate,/workdir/hc997/ephys_2026c/sleep/imu_nremgate/SF08/6_20260910_082629.685,320.3,0.1308,0.6744,0.1948,0.0,0.2241,0.5416666666666666,0.625,0.375,9,44,PreprocessPipeline eb3dad4,ephys/configs/xml/SF08_A4x16-Lin_dataorder_20260908.xml,f06f917 (deployed),2026-10-06T02:56:50+00:00,0.7693,0.9909,0.6357,0.9506,,,,
SF08,6_20260910_082629.685,imu_remclean,/workdir/hc997/ephys_2026c/sleep/imu_remclean/SF08/6_20260910_082629.685,7.9,0.1551,0.6744,0.1705,0.0,0.2018,0.5416666666666666,0.625,0.375,9,44,PreprocessPipeline eb3dad4,ephys/configs/xml/SF08_A4x16-Lin_dataorder_20260908.xml,f06f917 (deployed),2026-10-06T02:56:58+00:00,0.8708,1.0,0.5226,0.937,imu_nremgate,265.0,228.0,54.0
SF08,7_20260901_193109.475,imu_nremgate,/workdir/hc997/ephys_2026c/sleep/imu_nremgate/SF08/7_20260901_193109.475,152.0,0.9889,0.0064,0.0048,0.0,0.4286,0.8333333333333334,0.20833333333333331,0.04746011863953982,60,44,PreprocessPipeline eb3dad4,ephys/configs/xml/SF08_A4x16-Lin_dataorder_20260908.xml,f06f917 (deployed),2026-10-06T02:54:42+00:00,0.9999,1.0,0.0,0.3258,,,,
SF08,7_20260901_193109.475,imu_remclean,/workdir/hc997/ephys_2026c/sleep/imu_remclean/SF08/7_20260901_193109.475,5.3,0.992,0.0064,0.0017,0.0,0.2069,0.8333333333333334,0.20833333333333331,0.04746011863953982,60,44,PreprocessPipeline eb3dad4,ephys/configs/xml/SF08_A4x16-Lin_dataorder_20260908.xml,f06f917 (deployed),2026-10-06T02:54:47+00:00,0.9999,1.0,0.0,0.2309,imu_nremgate,45.0,0.0,0.0
SF08,7_20260904_202056.765,imu_nremgate,/workdir/hc997/ephys_2026c/sleep/imu_nremgate/SF08/7_20260904_202056.765,434.6,0.7562,0.2081,0.0356,0.0,0.1461,0.7083333333333333,0.5416666666666666,0.5368944077627956,43,44,PreprocessPipeline eb3dad4,ephys/configs/xml/SF08_A4x16-Lin_dataorder_20260908.xml,f06f917 (deployed),2026-10-06T03:00:02+00:00,0.9925,1.0,0.1816,0.7176,,,,
SF08,7_20260904_202056.765,imu_remclean,/workdir/hc997/ephys_2026c/sleep/imu_remclean/SF08/7_20260904_202056.765,14.5,0.7752,0.2081,0.0166,0.0,0.074,0.7083333333333333,0.5416666666666666,0.5368944077627956,43,44,PreprocessPipeline eb3dad4,ephys/configs/xml/SF08_A4x16-Lin_dataorder_20260908.xml,f06f917 (deployed),2026-10-06T03:00:16+00:00,0.9936,1.0,0.1521,0.6615,imu_nremgate,815.0,16.0,7.0
SF08,8_20260901_233239.239,imu_nremgate,/workdir/hc997/ephys_2026c/sleep/imu_nremgate/SF08/8_20260901_233239.239,538.3,0.807,0.1847,0.0083,0.0,0.0432,0.7916666666666666,0.5416666666666666,0.59593431556286,43,44,PreprocessPipeline eb3dad4,ephys/configs/xml/SF08_A4x16-Lin_dataorder_20260908.xml,f06f917 (deployed),2026-10-06T03:01:47+00:00,0.997,0.9998,0.0429,0.4735,,,,
SF08,8_20260901_233239.239,imu_remclean,/workdir/hc997/ephys_2026c/sleep/imu_remclean/SF08/8_20260901_233239.239,8.7,0.8103,0.1847,0.0051,0.0,0.0267,0.7916666666666666,0.5416666666666666,0.59593431556286,43,44,PreprocessPipeline eb3dad4,ephys/configs/xml/SF08_A4x16-Lin_dataorder_20260908.xml,f06f917 (deployed),2026-10-06T03:01:56+00:00,0.997,0.9998,0.0429,0.465,imu_nremgate,81.0,0.0,0.0
SF08,8_20260908_193958.035,imu_nremgate,/workdir/hc997/ephys_2026c/sleep/imu_nremgate/SF08/8_20260908_193958.035,793.7,0.7831,0.1929,0.0239,0.0,0.1103,0.5416666666666666,0.4583333333333333,0.4412920420035916,19,37,PreprocessPipeline eb3dad4,ephys/configs/xml/SF08_A4x16-Lin_dataorder_20260908.xml,f06f917 (deployed),2026-10-06T03:06:05+00:00,0.9903,0.9999,0.4839,0.9336,,,,
SF08,8_20260908_193958.035,imu_remclean,/workdir/hc997/ephys_2026c/sleep/imu_remclean/SF08/8_20260908_193958.035,15.3,0.7835,0.1929,0.0236,0.0,0.1088,0.5416666666666666,0.4583333333333333,0.4412920420035916,19,37,PreprocessPipeline eb3dad4,ephys/configs/xml/SF08_A4x16-Lin_dataorder_20260908.xml,f06f917 (deployed),2026-10-06T03:06:20+00:00,0.9907,0.9999,0.4702,0.9333,imu_nremgate,0.0,14.0,3.0
SF08,9_20260902_062432.012,imu_nremgate,/workdir/hc997/ephys_2026c/sleep/imu_nremgate/SF08/9_20260902_062432.012,34.9,0.2857,0.5188,0.1955,0.0,0.2737,0.5416666666666666,0.5416666666666666,0.2839932549735512,9,44,PreprocessPipeline eb3dad4,ephys/configs/xml/SF08_A4x16-Lin_dataorder_20260908.xml,f06f917 (deployed),2026-10-06T02:54:16+00:00,0.865,0.9987,0.7069,0.9333,,,,
SF08,9_20260902_062432.012,imu_remclean,/workdir/hc997/ephys_2026c/sleep/imu_remclean/SF08/9_20260902_062432.012,2.2,0.3441,0.5188,0.1371,0.0,0.2091,0.5416666666666666,0.5416666666666666,0.2839932549735512,9,44,PreprocessPipeline eb3dad4,ephys/configs/xml/SF08_A4x16-Lin_dataorder_20260908.xml,f06f917 (deployed),2026-10-06T02:54:18+00:00,0.9665,0.9987,0.2931,0.8938,imu_nremgate,134.0,64.0,32.0
SF08,9_20260906_194333.465,imu_nremgate,/workdir/hc997/ephys_2026c/sleep/imu_nremgate/SF08/9_20260906_194333.465,499.8,0.7624,0.2092,0.0284,0.0,0.1194,0.625,0.375,0.41249158917812223,43,36,PreprocessPipeline eb3dad4,ephys/configs/xml/SF08_A4x16-Lin_dataorder_20260908.xml,f06f917 (deployed),2026-10-06T03:02:11+00:00,0.9926,1.0,0.2629,0.825,,,,
SF08,9_20260906_194333.465,imu_remclean,/workdir/hc997/ephys_2026c/sleep/imu_remclean/SF08/9_20260906_194333.465,15.2,0.7681,0.2092,0.0227,0.0,0.0981,0.625,0.375,0.41249158917812223,43,36,PreprocessPipeline eb3dad4,ephys/configs/xml/SF08_A4x16-Lin_dataorder_20260908.xml,f06f917 (deployed),2026-10-06T03:02:26+00:00,0.9931,1.0,0.2457,0.8062,imu_nremgate,232.0,16.0,3.0
SF09,0_20260831_190404.508,imu_nremgate,/workdir/hc997/ephys_2026c/sleep/imu_nremgate/SF09/0_20260831_190404.508,5.2,0.5846,0.4154,0.0,0.0,0.0,0.20833333333333331,0.20833333333333331,0.5416666666666666,60,50,PreprocessPipeline eb3dad4,ephys/configs/xml/SF09_data_derived5_10_20260902_083015.335.xml,f06f917 (deployed),2026-10-06T02:54:03+00:00,0.3333,,0.0,0.4127,,,,
SF09,0_20260831_190404.508,imu_remclean,/workdir/hc997/ephys_2026c/sleep/imu_remclean/SF09/0_20260831_190404.508,0.7,0.5846,0.4154,0.0,0.0,0.0,0.20833333333333331,0.20833333333333331,0.5416666666666666,60,50,PreprocessPipeline eb3dad4,ephys/configs/xml/SF09_data_derived5_10_20260902_083015.335.xml,f06f917 (deployed),2026-10-06T02:54:04+00:00,0.3333,,0.0,0.4127,imu_nremgate,0.0,0.0,0.0
SF09,10_20260902_083015.335,imu_nremgate,/workdir/hc997/ephys_2026c/sleep/imu_nremgate/SF09/10_20260902_083015.335,344.5,0.32,0.5141,0.1659,0.0,0.244,0.625,0.625,0.4583333333333333,52,22,PreprocessPipeline eb3dad4,ephys/configs/xml/SF09_data_derived5_10_20260902_083015.335.xml,f06f917 (deployed),2026-10-06T02:59:47+00:00,0.9371,1.0,0.2369,0.7865,,,,
SF09,10_20260902_083015.335,imu_remclean,/workdir/hc997/ephys_2026c/sleep/imu_remclean/SF09/10_20260902_083015.335,10.6,0.3964,0.5141,0.0895,0.0,0.1483,0.625,0.625,0.4583333333333333,52,22,PreprocessPipeline eb3dad4,ephys/configs/xml/SF09_data_derived5_10_20260902_083015.335.xml,f06f917 (deployed),2026-10-06T02:59:58+00:00,0.9641,1.0,0.1708,0.7001,imu_nremgate,2242.0,70.0,17.0
SF09,11_20260902_165826.634,imu_nremgate,/workdir/hc997/ephys_2026c/sleep/imu_nremgate/SF09/11_20260902_165826.634,39.8,0.2015,0.6018,0.1967,0.0,0.2463,0.375,0.625,0.4583333333333333,52,22,PreprocessPipeline eb3dad4,ephys/configs/xml/SF09_data_derived5_10_20260902_083015.335.xml,f06f917 (deployed),2026-10-06T02:54:44+00:00,0.8013,0.9674,0.7259,0.9505,,,,
SF09,11_20260902_165826.634,imu_remclean,/workdir/hc997/ephys_2026c/sleep/imu_remclean/SF09/11_20260902_165826.634,1.9,0.226,0.6018,0.1722,0.0,0.2225,0.375,0.625,0.4583333333333333,52,22,PreprocessPipeline eb3dad4,ephys/configs/xml/SF09_data_derived5_10_20260902_083015.335.xml,f06f917 (deployed),2026-10-06T02:54:46+00:00,0.8344,0.9674,0.7185,0.9293,imu_nremgate,64.0,33.0,14.0
SF09,11_20260906_194634.836,imu_nremgate,/workdir/hc997/ephys_2026c/sleep/imu_nremgate/SF09/11_20260906_194634.836,476.9,0.777,0.223,0.0,0.0,0.0,0.29166666666666663,0.4583333333333333,0.4498448682692,49,56,PreprocessPipeline eb3dad4,ephys/configs/xml/SF09_data_derived5_10_20260902_083015.335.xml,f06f917 (deployed),2026-10-06T03:02:06+00:00,0.9825,0.9997,0.7145,0.9582,,,,
SF09,11_20260906_194634.836,imu_remclean,/workdir/hc997/ephys_2026c/sleep/imu_remclean/SF09/11_20260906_194634.836,15.1,0.777,0.223,0.0,0.0,0.0,0.29166666666666663,0.4583333333333333,0.4498448682692,49,56,PreprocessPipeline eb3dad4,ephys/configs/xml/SF09_data_derived5_10_20260902_083015.335.xml,f06f917 (deployed),2026-10-06T03:02:21+00:00,0.9825,0.9997,0.7145,0.9582,imu_nremgate,0.0,0.0,0.0
SF09,15_20260902_190508.575,imu_nremgate,/workdir/hc997/ephys_2026c/sleep/imu_nremgate/SF09/15_20260902_190508.575,220.6,0.7518,0.2471,0.0012,0.0,0.0047,0.5416666666666666,0.4583333333333333,0.4981167085038864,58,56,PreprocessPipeline eb3dad4,ephys/configs/xml/SF09_data_derived5_10_20260902_083015.335.xml,f06f917 (deployed),2026-10-06T02:57:59+00:00,0.9733,0.9999,0.5975,0.8788,,,,
SF09,15_20260902_190508.575,imu_remclean,/workdir/hc997/ephys_2026c/sleep/imu_remclean/SF09/15_20260902_190508.575,6.6,0.7519,0.2471,0.0011,0.0,0.0043,0.5416666666666666,0.4583333333333333,0.4981167085038864,58,56,PreprocessPipeline eb3dad4,ephys/configs/xml/SF09_data_derived5_10_20260902_083015.335.xml,f06f917 (deployed),2026-10-06T02:58:05+00:00,0.9734,0.9999,0.5975,0.8788,imu_nremgate,0.0,2.0,0.0
SF09,15_20260910_204912.017,imu_nremgate,/workdir/hc997/ephys_2026c/sleep/imu_nremgate/SF09/15_20260910_204912.017,448.7,0.7614,0.2205,0.0181,0.0,0.0759,0.625,0.4583333333333333,0.45660800786074207,22,56,PreprocessPipeline eb3dad4,ephys/configs/xml/SF09_data_derived5_10_20260902_083015.335.xml,f06f917 (deployed),2026-10-06T03:01:57+00:00,0.9934,1.0,0.3272,0.8678,,,,
SF09,15_20260910_204912.017,imu_remclean,/workdir/hc997/ephys_2026c/sleep/imu_remclean/SF09/15_20260910_204912.017,13.6,0.7634,0.2205,0.0161,0.0,0.0681,0.625,0.4583333333333333,0.45660800786074207,22,56,PreprocessPipeline eb3dad4,ephys/configs/xml/SF09_data_derived5_10_20260902_083015.335.xml,f06f917 (deployed),2026-10-06T03:02:11+00:00,0.9938,1.0,0.321,0.8611,imu_nremgate,75.0,7.0,0.0
SF09,16_20260903_001828.515,imu_nremgate,/workdir/hc997/ephys_2026c/sleep/imu_nremgate/SF09/16_20260903_001828.515,273.0,0.8148,0.1638,0.0214,0.0,0.1157,0.625,0.5416666666666666,0.4583333333333333,22,56,PreprocessPipeline eb3dad4,ephys/configs/xml/SF09_data_derived5_10_20260902_083015.335.xml,f06f917 (deployed),2026-10-06T02:59:18+00:00,0.9902,1.0,0.2217,0.7303,,,,
SF09,16_20260903_001828.515,imu_remclean,/workdir/hc997/ephys_2026c/sleep/imu_remclean/SF09/16_20260903_001828.515,8.3,0.8163,0.1638,0.0199,0.0,0.1084,0.625,0.5416666666666666,0.4583333333333333,22,56,PreprocessPipeline eb3dad4,ephys/configs/xml/SF09_data_derived5_10_20260902_083015.335.xml,f06f917 (deployed),2026-10-06T02:59:27+00:00,0.9905,1.0,0.2194,0.725,imu_nremgate,27.0,6.0,2.0
SF09,17_20260911_191947.524,imu_nremgate,/workdir/hc997/ephys_2026c/sleep/imu_nremgate/SF09/17_20260911_191947.524,618.8,0.668,0.298,0.034,0.0,0.1024,0.5416666666666666,0.5416666666666666,0.3955462886898945,56,56,PreprocessPipeline eb3dad4,ephys/configs/xml/SF09_data_derived5_10_20260902_083015.335.xml,f06f917 (deployed),2026-10-06T03:05:05+00:00,0.9646,0.9998,0.7127,0.9392,,,,
SF09,17_20260911_191947.524,imu_remclean,/workdir/hc997/ephys_2026c/sleep/imu_remclean/SF09/17_20260911_191947.524,18.0,0.6718,0.298,0.0302,0.0,0.092,0.5416666666666666,0.5416666666666666,0.3955462886898945,56,56,PreprocessPipeline eb3dad4,ephys/configs/xml/SF09_data_derived5_10_20260902_083015.335.xml,f06f917 (deployed),2026-10-06T03:05:23+00:00,0.9662,0.9998,0.7062,0.931,imu_nremgate,138.0,60.0,9.0
SF09,1_20260901_075532.964,imu_nremgate,/workdir/hc997/ephys_2026c/sleep/imu_nremgate/SF09/1_20260901_075532.964,215.4,0.1991,0.6342,0.1667,0.0,0.2082,0.4583333333333333,0.625,0.4583333333333333,52,52,PreprocessPipeline eb3dad4,ephys/configs/xml/SF09_data_derived5_10_20260902_083015.335.xml,f06f917 (deployed),2026-10-06T02:58:23+00:00,0.8535,0.9952,0.3842,0.8989,,,,
SF09,1_20260901_075532.964,imu_remclean,/workdir/hc997/ephys_2026c/sleep/imu_remclean/SF09/1_20260901_075532.964,6.8,0.2374,0.6342,0.1284,0.0,0.1684,0.4583333333333333,0.625,0.4583333333333333,52,52,PreprocessPipeline eb3dad4,ephys/configs/xml/SF09_data_derived5_10_20260902_083015.335.xml,f06f917 (deployed),2026-10-06T02:58:30+00:00,0.8807,0.9981,0.3687,0.8581,imu_nremgate,637.0,46.0,11.0
SF09,1_20260907_085726.079,imu_nremgate,/workdir/hc997/ephys_2026c/sleep/imu_nremgate/SF09/1_20260907_085726.079,4.9,0.8462,0.1538,0.0,0.0,0.0,0.625,0.29166666666666663,0.41819196203197606,54,56,PreprocessPipeline eb3dad4,ephys/configs/xml/SF09_data_derived5_10_20260902_083015.335.xml,f06f917 (deployed),2026-10-06T02:55:05+00:00,0.8361,0.8537,0.6667,0.4,,,,
SF09,1_20260907_085726.079,imu_remclean,/workdir/hc997/ephys_2026c/sleep/imu_remclean/SF09/1_20260907_085726.079,0.6,0.8462,0.1538,0.0,0.0,0.0,0.625,0.29166666666666663,0.41819196203197606,54,56,PreprocessPipeline eb3dad4,ephys/configs/xml/SF09_data_derived5_10_20260902_083015.335.xml,f06f917 (deployed),2026-10-06T02:55:06+00:00,0.8361,0.8537,0.6667,0.4,imu_nremgate,0.0,0.0,0.0
SF09,2_20260901_125743.131,imu_nremgate,/workdir/hc997/ephys_2026c/sleep/imu_nremgate/SF09/2_20260901_125743.131,180.1,0.2291,0.5933,0.1776,0.0,0.2304,0.4583333333333333,0.5416666666666666,0.4583333333333333,52,22,PreprocessPipeline eb3dad4,ephys/configs/xml/SF09_data_derived5_10_20260902_083015.335.xml,f06f917 (deployed),2026-10-06T02:58:06+00:00,0.9015,0.9986,0.3757,0.8978,,,,
SF09,2_20260901_125743.131,imu_remclean,/workdir/hc997/ephys_2026c/sleep/imu_remclean/SF09/2_20260901_125743.131,5.8,0.2526,0.5933,0.154,0.0,0.2061,0.4583333333333333,0.5416666666666666,0.4583333333333333,52,22,PreprocessPipeline eb3dad4,ephys/configs/xml/SF09_data_derived5_10_20260902_083015.335.xml,f06f917 (deployed),2026-10-06T02:58:11+00:00,0.9301,0.9993,0.3613,0.8752,imu_nremgate,298.0,42.0,23.0
SF09,2_20260903_075655.297,imu_nremgate,/workdir/hc997/ephys_2026c/sleep/imu_nremgate/SF09/2_20260903_075655.297,1157.2,0.1293,0.7179,0.1528,0.0,0.1755,0.375,0.5416666666666666,0.4583333333333333,52,22,PreprocessPipeline eb3dad4,ephys/configs/xml/SF09_data_derived5_10_20260902_083015.335.xml,f06f917 (deployed),2026-10-06T03:14:31+00:00,0.7619,0.9969,0.6836,0.9558,,,,
SF09,2_20260903_075655.297,imu_remclean,/workdir/hc997/ephys_2026c/sleep/imu_remclean/SF09/2_20260903_075655.297,10.1,0.1483,0.7179,0.1338,0.0,0.1571,0.375,0.5416666666666666,0.4583333333333333,52,22,PreprocessPipeline eb3dad4,ephys/configs/xml/SF09_data_derived5_10_20260902_083015.335.xml,f06f917 (deployed),2026-10-06T03:14:41+00:00,0.7918,1.0,0.6528,0.9386,imu_nremgate,454.0,104.0,37.0
SF09,2_20260907_085841.028,imu_nremgate,/workdir/hc997/ephys_2026c/sleep/imu_nremgate/SF09/2_20260907_085841.028,283.7,0.194,0.6394,0.1666,0.0,0.2067,0.4583333333333333,0.5416666666666666,0.375,52,56,PreprocessPipeline eb3dad4,ephys/configs/xml/SF09_data_derived5_10_20260902_083015.335.xml,f06f917 (deployed),2026-10-06T03:00:16+00:00,0.8518,0.9898,0.6224,0.9404,,,,
SF09,2_20260907_085841.028,imu_remclean,/workdir/hc997/ephys_2026c/sleep/imu_remclean/SF09/2_20260907_085841.028,10.2,0.206,0.6394,0.1546,0.0,0.1947,0.4583333333333333,0.5416666666666666,0.375,52,56,PreprocessPipeline eb3dad4,ephys/configs/xml/SF09_data_derived5_10_20260902_083015.335.xml,f06f917 (deployed),2026-10-06T03:00:26+00:00,0.8893,0.9898,0.5089,0.9343,imu_nremgate,144.0,179.0,21.0
SF09,2_20260909_090835.027,imu_nremgate,/workdir/hc997/ephys_2026c/sleep/imu_nremgate/SF09/2_20260909_090835.027,320.1,0.2483,0.5809,0.1707,0.0,0.2271,0.5416666666666666,0.7083333333333333,0.4583333333333333,52,22,PreprocessPipeline eb3dad4,ephys/configs/xml/SF09_data_derived5_10_20260902_083015.335.xml,f06f917 (deployed),2026-10-06T03:01:04+00:00,0.8653,0.9597,0.2894,0.8359,,,,
SF09,2_20260909_090835.027,imu_remclean,/workdir/hc997/ephys_2026c/sleep/imu_remclean/SF09/2_20260909_090835.027,10.9,0.3014,0.5809,0.1177,0.0,0.1684,0.5416666666666666,0.7083333333333333,0.4583333333333333,52,22,PreprocessPipeline eb3dad4,ephys/configs/xml/SF09_data_derived5_10_20260902_083015.335.xml,f06f917 (deployed),2026-10-06T03:01:15+00:00,0.9289,0.9992,0.2394,0.7835,imu_nremgate,1526.0,147.0,16.0
SF09,2_20260909_184248.375,imu_nremgate,/workdir/hc997/ephys_2026c/sleep/imu_nremgate/SF09/2_20260909_184248.375,510.2,0.8392,0.1548,0.006,0.0,0.0374,0.5416666666666666,0.4583333333333333,0.625,52,56,PreprocessPipeline eb3dad4,ephys/configs/xml/SF09_data_derived5_10_20260902_083015.335.xml,f06f917 (deployed),2026-10-06T03:04:19+00:00,0.9945,1.0,0.3351,0.823,,,,
SF09,2_20260909_184248.375,imu_remclean,/workdir/hc997/ephys_2026c/sleep/imu_remclean/SF09/2_20260909_184248.375,14.8,0.8437,0.1548,0.0015,0.0,0.0099,0.5416666666666666,0.4583333333333333,0.625,52,56,PreprocessPipeline eb3dad4,ephys/configs/xml/SF09_data_derived5_10_20260902_083015.335.xml,f06f917 (deployed),2026-10-06T03:04:34+00:00,0.9946,1.0,0.3299,0.7994,imu_nremgate,203.0,0.0,0.0
SF09,2_20260911_092224.167,imu_nremgate,/workdir/hc997/ephys_2026c/sleep/imu_nremgate/SF09/2_20260911_092224.167,319.0,0.1025,0.7367,0.1608,0.0,0.1791,0.4583333333333333,0.625,0.4583333333333333,22,22,PreprocessPipeline eb3dad4,ephys/configs/xml/SF09_data_derived5_10_20260902_083015.335.xml,f06f917 (deployed),2026-10-06T03:01:24+00:00,0.6393,1.0,0.6887,0.9572,,,,
SF09,2_20260911_092224.167,imu_remclean,/workdir/hc997/ephys_2026c/sleep/imu_remclean/SF09/2_20260911_092224.167,10.5,0.125,0.7367,0.1382,0.0,0.158,0.4583333333333333,0.625,0.4583333333333333,22,22,PreprocessPipeline eb3dad4,ephys/configs/xml/SF09_data_derived5_10_20260902_083015.335.xml,f06f917 (deployed),2026-10-06T03:01:35+00:00,0.6932,1.0,0.6411,0.9388,imu_nremgate,463.0,168.0,36.0
SF09,3_20260831_190834.640,imu_nremgate,/workdir/hc997/ephys_2026c/sleep/imu_nremgate/SF09/3_20260831_190834.640,200.2,0.9121,0.0845,0.0034,0.0,0.0389,0.7083333333333333,0.4583333333333333,0.5973771632645519,21,56,PreprocessPipeline eb3dad4,ephys/configs/xml/SF09_data_derived5_10_20260902_083015.335.xml,f06f917 (deployed),2026-10-06T02:59:55+00:00,0.9977,1.0,0.0813,0.515,,,,
SF09,3_20260831_190834.640,imu_remclean,/workdir/hc997/ephys_2026c/sleep/imu_remclean/SF09/3_20260831_190834.640,6.7,0.9121,0.0845,0.0034,0.0,0.0389,0.7083333333333333,0.4583333333333333,0.5973771632645519,21,56,PreprocessPipeline eb3dad4,ephys/configs/xml/SF09_data_derived5_10_20260902_083015.335.xml,f06f917 (deployed),2026-10-06T03:00:01+00:00,0.9977,1.0,0.0813,0.515,imu_nremgate,0.0,0.0,0.0
SF09,3_20260901_171502.588,imu_nremgate,/workdir/hc997/ephys_2026c/sleep/imu_nremgate/SF09/3_20260901_171502.588,33.2,0.1257,0.6695,0.2048,0.0,0.2342,0.375,0.7083333333333333,0.375,52,22,PreprocessPipeline eb3dad4,ephys/configs/xml/SF09_data_derived5_10_20260902_083015.335.xml,f06f917 (deployed),2026-10-06T02:57:11+00:00,0.6032,0.9964,0.8609,0.9671,,,,
SF09,3_20260901_171502.588,imu_remclean,/workdir/hc997/ephys_2026c/sleep/imu_remclean/SF09/3_20260901_171502.588,2.1,0.1615,0.6695,0.169,0.0,0.2016,0.375,0.7083333333333333,0.375,52,22,PreprocessPipeline eb3dad4,ephys/configs/xml/SF09_data_derived5_10_20260902_083015.335.xml,f06f917 (deployed),2026-10-06T02:57:13+00:00,0.7403,0.9964,0.7682,0.9552,imu_nremgate,33.0,87.0,22.0
SF09,3_20260903_175840.384,imu_nremgate,/workdir/hc997/ephys_2026c/sleep/imu_nremgate/SF09/3_20260903_175840.384,526.3,0.7598,0.2222,0.018,0.0,0.0749,0.4583333333333333,0.5416666666666666,0.5416666666666666,22,56,PreprocessPipeline eb3dad4,ephys/configs/xml/SF09_data_derived5_10_20260902_083015.335.xml,f06f917 (deployed),2026-10-06T03:05:34+00:00,0.975,0.9994,0.694,0.935,,,,
SF09,3_20260903_175840.384,imu_remclean,/workdir/hc997/ephys_2026c/sleep/imu_remclean/SF09/3_20260903_175840.384,15.4,0.7612,0.2222,0.0166,0.0,0.0696,0.4583333333333333,0.5416666666666666,0.5416666666666666,22,56,PreprocessPipeline eb3dad4,ephys/configs/xml/SF09_data_derived5_10_20260902_083015.335.xml,f06f917 (deployed),2026-10-06T03:05:49+00:00,0.9758,0.9994,0.6681,0.9324,imu_nremgate,14.0,38.0,13.0
SF09,3_20260905_094705.608,imu_nremgate,/workdir/hc997/ephys_2026c/sleep/imu_nremgate/SF09/3_20260905_094705.608,324.6,0.2218,0.6277,0.1504,0.0,0.1933,0.5416666666666666,0.625,0.4583333333333333,30,22,PreprocessPipeline eb3dad4,ephys/configs/xml/SF09_data_derived5_10_20260902_083015.335.xml,f06f917 (deployed),2026-10-06T03:02:18+00:00,0.846,0.969,0.3914,0.8767,,,,
SF09,3_20260905_094705.608,imu_remclean,/workdir/hc997/ephys_2026c/sleep/imu_remclean/SF09/3_20260905_094705.608,10.4,0.2742,0.6277,0.0981,0.0,0.1351,0.5416666666666666,0.625,0.4583333333333333,30,22,PreprocessPipeline eb3dad4,ephys/configs/xml/SF09_data_derived5_10_20260902_083015.335.xml,f06f917 (deployed),2026-10-06T03:02:29+00:00,0.8844,0.9919,0.3556,0.8211,imu_nremgate,1403.0,150.0,12.0
SF09,3_20260905_185422.206,imu_nremgate,/workdir/hc997/ephys_2026c/sleep/imu_nremgate/SF09/3_20260905_185422.206,423.9,0.8356,0.1537,0.0107,0.0,0.065,0.625,0.5416666666666666,0.5155241641015686,22,56,PreprocessPipeline eb3dad4,ephys/configs/xml/SF09_data_derived5_10_20260902_083015.335.xml,f06f917 (deployed),2026-10-06T03:04:02+00:00,0.9937,1.0,0.3081,0.827,,,,
SF09,3_20260905_185422.206,imu_remclean,/workdir/hc997/ephys_2026c/sleep/imu_remclean/SF09/3_20260905_185422.206,13.9,0.8388,0.1537,0.0075,0.0,0.0464,0.625,0.5416666666666666,0.5155241641015686,22,56,PreprocessPipeline eb3dad4,ephys/configs/xml/SF09_data_derived5_10_20260902_083015.335.xml,f06f917 (deployed),2026-10-06T03:04:16+00:00,0.9937,1.0,0.3081,0.81,imu_nremgate,140.0,0.0,0.0
SF09,3_20260907_175435.676,imu_nremgate,/workdir/hc997/ephys_2026c/sleep/imu_nremgate/SF09/3_20260907_175435.676,456.9,0.8344,0.1477,0.0179,0.0,0.1081,0.5416666666666666,0.375,0.44371688522004415,56,56,PreprocessPipeline eb3dad4,ephys/configs/xml/SF09_data_derived5_10_20260902_083015.335.xml,f06f917 (deployed),2026-10-06T03:04:50+00:00,0.992,1.0,0.3921,0.8902,,,,
SF09,3_20260907_175435.676,imu_remclean,/workdir/hc997/ephys_2026c/sleep/imu_remclean/SF09/3_20260907_175435.676,15.1,0.8347,0.1477,0.0176,0.0,0.1062,0.5416666666666666,0.375,0.44371688522004415,56,56,PreprocessPipeline eb3dad4,ephys/configs/xml/SF09_data_derived5_10_20260902_083015.335.xml,f06f917 (deployed),2026-10-06T03:05:05+00:00,0.9923,1.0,0.3755,0.8896,imu_nremgate,0.0,9.0,7.0
SF09,4_20260901_002514.385,imu_nremgate,/workdir/hc997/ephys_2026c/sleep/imu_nremgate/SF09/4_20260901_002514.385,94.9,0.7511,0.2237,0.0252,0.0,0.1012,0.7083333333333333,0.29166666666666663,0.5299911243780157,22,56,PreprocessPipeline eb3dad4,ephys/configs/xml/SF09_data_derived5_10_20260902_083015.335.xml,f06f917 (deployed),2026-10-06T02:59:40+00:00,0.999,1.0,0.0142,0.6408,,,,
SF09,4_20260901_002514.385,imu_remclean,/workdir/hc997/ephys_2026c/sleep/imu_remclean/SF09/4_20260901_002514.385,4.6,0.7511,0.2237,0.0252,0.0,0.1012,0.7083333333333333,0.29166666666666663,0.5299911243780157,22,56,PreprocessPipeline eb3dad4,ephys/configs/xml/SF09_data_derived5_10_20260902_083015.335.xml,f06f917 (deployed),2026-10-06T02:59:45+00:00,0.999,1.0,0.0142,0.6408,imu_nremgate,0.0,0.0,0.0
SF09,5_20260901_054317.203,imu_nremgate,/workdir/hc997/ephys_2026c/sleep/imu_nremgate/SF09/5_20260901_054317.203,4.5,0.88,0.12,0.0,0.0,0.0,0.7916666666666666,0.29166666666666663,0.33354904434152827,4,56,PreprocessPipeline eb3dad4,ephys/configs/xml/SF09_data_derived5_10_20260902_083015.335.xml,f06f917 (deployed),2026-10-06T02:58:16+00:00,0.95,,0.0,0.1429,,,,
SF09,5_20260901_054317.203,imu_remclean,/workdir/hc997/ephys_2026c/sleep/imu_remclean/SF09/5_20260901_054317.203,0.8,0.88,0.12,0.0,0.0,0.0,0.7916666666666666,0.29166666666666663,0.33354904434152827,4,56,PreprocessPipeline eb3dad4,ephys/configs/xml/SF09_data_derived5_10_20260902_083015.335.xml,f06f917 (deployed),2026-10-06T02:58:17+00:00,0.95,,0.0,0.1429,imu_nremgate,0.0,0.0,0.0
SF09,5_20260901_193330.365,imu_nremgate,/workdir/hc997/ephys_2026c/sleep/imu_nremgate/SF09/5_20260901_193330.365,134.5,0.9969,0.0031,0.0,0.0,0.0,0.0945945945945946,0.125,0.36728005170792977,38,22,PreprocessPipeline eb3dad4,ephys/configs/xml/SF09_data_derived5_10_20260902_083015.335.xml,f06f917 (deployed),2026-10-06T03:00:31+00:00,0.9998,0.9998,0.0112,0.104,,,,
SF09,5_20260901_193330.365,imu_remclean,/workdir/hc997/ephys_2026c/sleep/imu_remclean/SF09/5_20260901_193330.365,5.1,0.9969,0.0031,0.0,0.0,0.0,0.0945945945945946,0.125,0.36728005170792977,38,22,PreprocessPipeline eb3dad4,ephys/configs/xml/SF09_data_derived5_10_20260902_083015.335.xml,f06f917 (deployed),2026-10-06T03:00:37+00:00,0.9998,0.9998,0.0112,0.104,imu_nremgate,0.0,0.0,0.0
SF09,5_20260904_081426.496,imu_nremgate,/workdir/hc997/ephys_2026c/sleep/imu_nremgate/SF09/5_20260904_081426.496,382.2,0.2529,0.5806,0.1666,0.0,0.2229,0.4583333333333333,0.5416666666666666,0.375,52,22,PreprocessPipeline eb3dad4,ephys/configs/xml/SF09_data_derived5_10_20260902_083015.335.xml,f06f917 (deployed),2026-10-06T03:04:52+00:00,0.9102,0.9989,0.5161,0.9231,,,,
SF09,5_20260904_081426.496,imu_remclean,/workdir/hc997/ephys_2026c/sleep/imu_remclean/SF09/5_20260904_081426.496,14.1,0.2766,0.5806,0.1428,0.0,0.1974,0.4583333333333333,0.5416666666666666,0.375,52,22,PreprocessPipeline eb3dad4,ephys/configs/xml/SF09_data_derived5_10_20260902_083015.335.xml,f06f917 (deployed),2026-10-06T03:05:06+00:00,0.9453,0.9991,0.423,0.9029,imu_nremgate,623.0,289.0,54.0
SF09,6_20260901_232245.983,imu_nremgate,/workdir/hc997/ephys_2026c/sleep/imu_nremgate/SF09/6_20260901_232245.983,270.2,0.7897,0.1963,0.0139,0.0,0.0663,0.7083333333333333,0.4583333333333333,0.4888201710752258,22,22,PreprocessPipeline eb3dad4,ephys/configs/xml/SF09_data_derived5_10_20260902_083015.335.xml,f06f917 (deployed),2026-10-06T03:03:35+00:00,0.9945,0.9999,0.0781,0.6447,,,,
SF09,6_20260901_232245.983,imu_remclean,/workdir/hc997/ephys_2026c/sleep/imu_remclean/SF09/6_20260901_232245.983,9.1,0.7899,0.1963,0.0137,0.0,0.0655,0.7083333333333333,0.4583333333333333,0.4888201710752258,22,22,PreprocessPipeline eb3dad4,ephys/configs/xml/SF09_data_derived5_10_20260902_083015.335.xml,f06f917 (deployed),2026-10-06T03:03:45+00:00,0.9948,0.9999,0.0766,0.6447,imu_nremgate,0.0,5.0,0.0
SF09,6_20260908_072057.385,imu_nremgate,/workdir/hc997/ephys_2026c/sleep/imu_nremgate/SF09/6_20260908_072057.385,468.2,0.1791,0.6971,0.1238,0.0,0.1509,0.4583333333333333,0.7083333333333333,0.5416666666666666,52,22,PreprocessPipeline eb3dad4,ephys/configs/xml/SF09_data_derived5_10_20260902_083015.335.xml,f06f917 (deployed),2026-10-06T03:07:02+00:00,0.8194,0.9981,0.5251,0.8993,,,,
SF09,6_20260908_072057.385,imu_remclean,/workdir/hc997/ephys_2026c/sleep/imu_remclean/SF09/6_20260908_072057.385,14.0,0.2381,0.6971,0.0648,0.0,0.0851,0.4583333333333333,0.7083333333333333,0.5416666666666666,52,22,PreprocessPipeline eb3dad4,ephys/configs/xml/SF09_data_derived5_10_20260902_083015.335.xml,f06f917 (deployed),2026-10-06T03:07:16+00:00,0.831,0.9981,0.4973,0.8332,imu_nremgate,2436.0,29.0,1.0
SF09,6_20260910_082858.156,imu_nremgate,/workdir/hc997/ephys_2026c/sleep/imu_nremgate/SF09/6_20260910_082858.156,240.9,0.2731,0.536,0.191,0.0,0.2627,0.625,0.625,0.375,52,22,PreprocessPipeline eb3dad4,ephys/configs/xml/SF09_data_derived5_10_20260902_083015.335.xml,f06f917 (deployed),2026-10-06T03:03:16+00:00,0.9245,0.998,0.3235,0.8339,,,,
SF09,6_20260910_082858.156,imu_remclean,/workdir/hc997/ephys_2026c/sleep/imu_remclean/SF09/6_20260910_082858.156,7.9,0.3366,0.536,0.1274,0.0,0.1921,0.625,0.625,0.375,52,22,PreprocessPipeline eb3dad4,ephys/configs/xml/SF09_data_derived5_10_20260902_083015.335.xml,f06f917 (deployed),2026-10-06T03:03:24+00:00,0.9613,1.0,0.25,0.7654,imu_nremgate,1331.0,99.0,10.0
SF09,7_20260902_062601.722,imu_nremgate,/workdir/hc997/ephys_2026c/sleep/imu_nremgate/SF09/7_20260902_062601.722,30.8,0.1231,0.7223,0.1546,0.0,0.1763,0.375,0.5416666666666666,0.375,27,17,PreprocessPipeline eb3dad4,ephys/configs/xml/SF09_data_derived5_10_20260902_083015.335.xml,f06f917 (deployed),2026-10-06T02:59:47+00:00,0.701,1.0,0.651,0.9589,,,,
SF09,7_20260902_062601.722,imu_remclean,/workdir/hc997/ephys_2026c/sleep/imu_remclean/SF09/7_20260902_062601.722,2.0,0.1291,0.7223,0.1486,0.0,0.1706,0.375,0.5416666666666666,0.375,27,17,PreprocessPipeline eb3dad4,ephys/configs/xml/SF09_data_derived5_10_20260902_083015.335.xml,f06f917 (deployed),2026-10-06T02:59:49+00:00,0.7374,1.0,0.5906,0.9589,imu_nremgate,0.0,23.0,0.0
SF09,7_20260906_080216.656,imu_nremgate,/workdir/hc997/ephys_2026c/sleep/imu_nremgate/SF09/7_20260906_080216.656,396.5,0.1544,0.6963,0.1493,0.0,0.1765,0.4583333333333333,0.625,0.4583333333333333,58,56,PreprocessPipeline eb3dad4,ephys/configs/xml/SF09_data_derived5_10_20260902_083015.335.xml,f06f917 (deployed),2026-10-06T03:06:03+00:00,0.744,0.9978,0.5836,0.923,,,,
SF09,7_20260906_080216.656,imu_remclean,/workdir/hc997/ephys_2026c/sleep/imu_remclean/SF09/7_20260906_080216.656,13.6,0.1811,0.6963,0.1226,0.0,0.1497,0.4583333333333333,0.625,0.4583333333333333,58,56,PreprocessPipeline eb3dad4,ephys/configs/xml/SF09_data_derived5_10_20260902_083015.335.xml,f06f917 (deployed),2026-10-06T03:06:17+00:00,0.7784,1.0,0.5399,0.8972,imu_nremgate,908.0,125.0,28.0
SF09,8_20260904_202324.405,imu_nremgate,/workdir/hc997/ephys_2026c/sleep/imu_nremgate/SF09/8_20260904_202324.405,443.6,0.7812,0.1923,0.0265,0.0,0.121,0.625,0.4583333333333333,0.43401151930502757,22,56,PreprocessPipeline eb3dad4,ephys/configs/xml/SF09_data_derived5_10_20260902_083015.335.xml,f06f917 (deployed),2026-10-06T03:06:53+00:00,0.9914,1.0,0.2793,0.8135,,,,
SF09,8_20260904_202324.405,imu_remclean,/workdir/hc997/ephys_2026c/sleep/imu_remclean/SF09/8_20260904_202324.405,14.8,0.7818,0.1923,0.0258,0.0,0.1184,0.625,0.4583333333333333,0.43401151930502757,22,56,PreprocessPipeline eb3dad4,ephys/configs/xml/SF09_data_derived5_10_20260902_083015.335.xml,f06f917 (deployed),2026-10-06T03:07:08+00:00,0.992,1.0,0.275,0.813,imu_nremgate,13.0,15.0,0.0
SF09,9_20260908_194312.545,imu_nremgate,/workdir/hc997/ephys_2026c/sleep/imu_nremgate/SF09/9_20260908_194312.545,484.6,0.7676,0.2127,0.0197,0.0,0.0849,0.5416666666666666,0.4583333333333333,0.42387141054477123,22,56,PreprocessPipeline eb3dad4,ephys/configs/xml/SF09_data_derived5_10_20260902_083015.335.xml,f06f917 (deployed),2026-10-06T03:07:50+00:00,0.9911,0.9999,0.3729,0.9105,,,,
SF09,9_20260908_194312.545,imu_remclean,/workdir/hc997/ephys_2026c/sleep/imu_remclean/SF09/9_20260908_194312.545,14.9,0.7706,0.2127,0.0167,0.0,0.0728,0.5416666666666666,0.4583333333333333,0.42387141054477123,22,56,PreprocessPipeline eb3dad4,ephys/configs/xml/SF09_data_derived5_10_20260902_083015.335.xml,f06f917 (deployed),2026-10-06T03:08:05+00:00,0.9916,1.0,0.3729,0.8995,imu_nremgate,126.0,11.0,0.0
SF10,10_20260902_170101.421,imu_nremgate,/workdir/hc997/ephys_2026c/sleep/imu_nremgate/SF10/10_20260902_170101.421,33.1,0.2814,0.5384,0.1802,0.0,0.2508,0.4583333333333333,0.625,0.4583333333333333,10,21,PreprocessPipeline eb3dad4,ephys/configs/xml/SF10_A4x16-Lin_dataorder_20260908.xml,f06f917 (deployed),2026-10-06T03:00:22+00:00,0.9109,0.9958,0.6692,0.9456,,,,
SF10,10_20260902_170101.421,imu_remclean,/workdir/hc997/ephys_2026c/sleep/imu_remclean/SF10/10_20260902_170101.421,2.3,0.3161,0.5384,0.1456,0.0,0.2128,0.4583333333333333,0.625,0.4583333333333333,10,21,PreprocessPipeline eb3dad4,ephys/configs/xml/SF10_A4x16-Lin_dataorder_20260908.xml,f06f917 (deployed),2026-10-06T03:00:24+00:00,0.9193,0.9958,0.6385,0.9011,imu_nremgate,150.0,4.0,0.0
SF10,11_20260911_192207.153,imu_nremgate,/workdir/hc997/ephys_2026c/sleep/imu_nremgate/SF10/11_20260911_192207.153,475.7,0.7114,0.2528,0.0358,0.0,0.1241,0.625,0.4583333333333333,0.4433176893758626,38,22,PreprocessPipeline eb3dad4,ephys/configs/xml/SF10_A4x16-Lin_dataorder_20260908.xml,f06f917 (deployed),2026-10-06T03:07:54+00:00,0.9814,0.9999,0.4668,0.869,,,,
SF10,11_20260911_192207.153,imu_remclean,/workdir/hc997/ephys_2026c/sleep/imu_remclean/SF10/11_20260911_192207.153,17.0,0.7207,0.2528,0.0265,0.0,0.0949,0.625,0.4583333333333333,0.4433176893758626,38,22,PreprocessPipeline eb3dad4,ephys/configs/xml/SF10_A4x16-Lin_dataorder_20260908.xml,f06f917 (deployed),2026-10-06T03:08:11+00:00,0.9823,0.9999,0.45,0.8414,imu_nremgate,463.0,24.0,0.0
SF10,12_20260908_194550.363,imu_nremgate,/workdir/hc997/ephys_2026c/sleep/imu_nremgate/SF10/12_20260908_194550.363,457.7,0.7605,0.2176,0.022,0.0,0.0917,0.625,0.4583333333333333,0.4583333333333333,43,8,PreprocessPipeline eb3dad4,ephys/configs/xml/SF10_A4x16-Lin_dataorder_20260908.xml,f06f917 (deployed),2026-10-06T03:07:39+00:00,0.9888,0.9999,0.4877,0.9104,,,,
SF10,12_20260908_194550.363,imu_remclean,/workdir/hc997/ephys_2026c/sleep/imu_remclean/SF10/12_20260908_194550.363,15.0,0.7663,0.2176,0.0162,0.0,0.0693,0.625,0.4583333333333333,0.4583333333333333,43,8,PreprocessPipeline eb3dad4,ephys/configs/xml/SF10_A4x16-Lin_dataorder_20260908.xml,f06f917 (deployed),2026-10-06T03:07:54+00:00,0.9892,1.0,0.4672,0.8885,imu_nremgate,243.0,14.0,5.0
SF10,13_20260902_190711.525,imu_nremgate,/workdir/hc997/ephys_2026c/sleep/imu_nremgate/SF10/13_20260902_190711.525,184.4,0.7824,0.2073,0.0103,0.0,0.0474,0.4583333333333333,0.4583333333333333,0.5413457966243724,38,29,PreprocessPipeline eb3dad4,ephys/configs/xml/SF10_A4x16-Lin_dataorder_20260908.xml,f06f917 (deployed),2026-10-06T03:03:21+00:00,0.9837,0.9999,0.5408,0.9123,,,,
SF10,13_20260902_190711.525,imu_remclean,/workdir/hc997/ephys_2026c/sleep/imu_remclean/SF10/13_20260902_190711.525,6.4,0.7868,0.2073,0.0059,0.0,0.0278,0.4583333333333333,0.4583333333333333,0.5413457966243724,38,29,PreprocessPipeline eb3dad4,ephys/configs/xml/SF10_A4x16-Lin_dataorder_20260908.xml,f06f917 (deployed),2026-10-06T03:03:27+00:00,0.9839,0.9999,0.5408,0.8931,imu_nremgate,81.0,3.0,0.0
SF10,14_20260903_002530.902,imu_nremgate,/workdir/hc997/ephys_2026c/sleep/imu_nremgate/SF10/14_20260903_002530.902,189.7,0.8353,0.1457,0.019,0.0,0.1151,0.625,0.4583333333333333,0.40288669236901453,10,8,PreprocessPipeline eb3dad4,ephys/configs/xml/SF10_A4x16-Lin_dataorder_20260908.xml,f06f917 (deployed),2026-10-06T03:03:34+00:00,0.9922,0.9999,0.2315,0.7454,,,,
SF10,14_20260903_002530.902,imu_remclean,/workdir/hc997/ephys_2026c/sleep/imu_remclean/SF10/14_20260903_002530.902,6.7,0.8366,0.1457,0.0176,0.0,0.108,0.625,0.4583333333333333,0.40288669236901453,10,8,PreprocessPipeline eb3dad4,ephys/configs/xml/SF10_A4x16-Lin_dataorder_20260908.xml,f06f917 (deployed),2026-10-06T03:03:41+00:00,0.9932,0.9999,0.2199,0.7428,imu_nremgate,9.0,16.0,1.0
SF10,15_20260903_055614.833,imu_nremgate,/workdir/hc997/ephys_2026c/sleep/imu_nremgate/SF10/15_20260903_055614.833,24.1,0.8076,0.1924,0.0,0.0,0.0,0.375,0.11538461538461539,0.37655644223736096,11,16,PreprocessPipeline eb3dad4,ephys/configs/xml/SF10_A4x16-Lin_dataorder_20260908.xml,f06f917 (deployed),2026-10-06T03:00:50+00:00,0.9955,1.0,0.0,0.2047,,,,
SF10,15_20260903_055614.833,imu_remclean,/workdir/hc997/ephys_2026c/sleep/imu_remclean/SF10/15_20260903_055614.833,1.9,0.8076,0.1924,0.0,0.0,0.0,0.375,0.11538461538461539,0.37655644223736096,11,16,PreprocessPipeline eb3dad4,ephys/configs/xml/SF10_A4x16-Lin_dataorder_20260908.xml,f06f917 (deployed),2026-10-06T03:00:52+00:00,0.9955,1.0,0.0,0.2047,imu_nremgate,0.0,0.0,0.0
SF10,1_20260831_191045.259,imu_nremgate,/workdir/hc997/ephys_2026c/sleep/imu_nremgate/SF10/1_20260831_191045.259,21.1,0.6335,0.3665,0.0,0.0,0.0,0.4583333333333333,0.20833333333333331,0.5000858005399738,7,19,PreprocessPipeline eb3dad4,ephys/configs/xml/SF10_A4x16-Lin_dataorder_20260908.xml,f06f917 (deployed),2026-10-06T03:00:58+00:00,0.9942,1.0,0.1081,0.8564,,,,
SF10,1_20260831_191045.259,imu_remclean,/workdir/hc997/ephys_2026c/sleep/imu_remclean/SF10/1_20260831_191045.259,1.6,0.6335,0.3665,0.0,0.0,0.0,0.4583333333333333,0.20833333333333331,0.5000858005399738,7,19,PreprocessPipeline eb3dad4,ephys/configs/xml/SF10_A4x16-Lin_dataorder_20260908.xml,f06f917 (deployed),2026-10-06T03:00:59+00:00,0.9942,1.0,0.1081,0.8564,imu_nremgate,0.0,0.0,0.0
SF10,1_20260901_080143.036,imu_nremgate,/workdir/hc997/ephys_2026c/sleep/imu_nremgate/SF10/1_20260901_080143.036,167.6,0.1436,0.6525,0.2039,0.0,0.2381,0.4583333333333333,0.625,0.4583333333333333,10,32,PreprocessPipeline eb3dad4,ephys/configs/xml/SF10_A4x16-Lin_dataorder_20260908.xml,f06f917 (deployed),2026-10-06T03:03:40+00:00,0.8205,0.9827,0.5678,0.9482,,,,
SF10,1_20260901_080143.036,imu_remclean,/workdir/hc997/ephys_2026c/sleep/imu_remclean/SF10/1_20260901_080143.036,6.1,0.1613,0.6525,0.1862,0.0,0.222,0.4583333333333333,0.625,0.4583333333333333,10,32,PreprocessPipeline eb3dad4,ephys/configs/xml/SF10_A4x16-Lin_dataorder_20260908.xml,f06f917 (deployed),2026-10-06T03:03:46+00:00,0.8615,0.9827,0.508,0.9342,imu_nremgate,203.0,78.0,35.0
SF10,1_20260903_180043.639,imu_nremgate,/workdir/hc997/ephys_2026c/sleep/imu_nremgate/SF10/1_20260903_180043.639,4.0,0.6292,0.2022,0.1685,0.0,0.4545,0.29166666666666663,0.375,0.5416666666666666,26,8,PreprocessPipeline eb3dad4,ephys/configs/xml/SF10_A4x16-Lin_dataorder_20260908.xml,f06f917 (deployed),2026-10-06T03:01:03+00:00,0.9375,,0.0,0.4189,,,,
SF10,1_20260903_180043.639,imu_remclean,/workdir/hc997/ephys_2026c/sleep/imu_remclean/SF10/1_20260903_180043.639,0.8,0.6292,0.2022,0.1685,0.0,0.4545,0.29166666666666663,0.375,0.5416666666666666,26,8,PreprocessPipeline eb3dad4,ephys/configs/xml/SF10_A4x16-Lin_dataorder_20260908.xml,f06f917 (deployed),2026-10-06T03:01:04+00:00,0.9375,,0.0,0.4189,imu_nremgate,0.0,0.0,0.0
SF10,2_20260831_195630.973,imu_nremgate,/workdir/hc997/ephys_2026c/sleep/imu_nremgate/SF10/2_20260831_195630.973,163.8,0.798,0.1957,0.0064,0.0,0.0314,0.625,0.4583333333333333,0.521802778820986,47,22,PreprocessPipeline eb3dad4,ephys/configs/xml/SF10_A4x16-Lin_dataorder_20260908.xml,f06f917 (deployed),2026-10-06T03:03:48+00:00,0.9959,0.9999,0.2174,0.83,,,,
SF10,2_20260831_195630.973,imu_remclean,/workdir/hc997/ephys_2026c/sleep/imu_remclean/SF10/2_20260831_195630.973,5.9,0.798,0.1957,0.0064,0.0,0.0314,0.625,0.4583333333333333,0.521802778820986,47,22,PreprocessPipeline eb3dad4,ephys/configs/xml/SF10_A4x16-Lin_dataorder_20260908.xml,f06f917 (deployed),2026-10-06T03:03:54+00:00,0.9959,0.9999,0.2174,0.83,imu_nremgate,0.0,0.0,0.0
SF10,2_20260901_125856.163,imu_nremgate,/workdir/hc997/ephys_2026c/sleep/imu_nremgate/SF10/2_20260901_125856.163,134.8,0.1644,0.6195,0.216,0.0,0.2586,0.4583333333333333,0.625,0.4583333333333333,10,8,PreprocessPipeline eb3dad4,ephys/configs/xml/SF10_A4x16-Lin_dataorder_20260908.xml,f06f917 (deployed),2026-10-06T03:03:30+00:00,0.7825,0.9963,0.5266,0.9338,,,,
SF10,2_20260901_125856.163,imu_remclean,/workdir/hc997/ephys_2026c/sleep/imu_remclean/SF10/2_20260901_125856.163,5.5,0.1874,0.6195,0.1931,0.0,0.2376,0.4583333333333333,0.625,0.4583333333333333,10,8,PreprocessPipeline eb3dad4,ephys/configs/xml/SF10_A4x16-Lin_dataorder_20260908.xml,f06f917 (deployed),2026-10-06T03:03:36+00:00,0.8764,0.9991,0.4319,0.924,imu_nremgate,137.0,162.0,55.0
SF10,2_20260903_075920.109,imu_nremgate,/workdir/hc997/ephys_2026c/sleep/imu_nremgate/SF10/2_20260903_075920.109,302.6,0.2205,0.5827,0.1968,0.0,0.2525,0.4583333333333333,0.5416666666666666,0.4583333333333333,38,32,PreprocessPipeline eb3dad4,ephys/configs/xml/SF10_A4x16-Lin_dataorder_20260908.xml,f06f917 (deployed),2026-10-06T03:06:26+00:00,0.9089,0.999,0.4617,0.9385,,,,
SF10,2_20260903_075920.109,imu_remclean,/workdir/hc997/ephys_2026c/sleep/imu_remclean/SF10/2_20260903_075920.109,11.2,0.2453,0.5827,0.172,0.0,0.2279,0.4583333333333333,0.5416666666666666,0.4583333333333333,38,32,PreprocessPipeline eb3dad4,ephys/configs/xml/SF10_A4x16-Lin_dataorder_20260908.xml,f06f917 (deployed),2026-10-06T03:06:37+00:00,0.928,0.9995,0.403,0.9124,imu_nremgate,666.0,103.0,25.0
SF10,2_20260903_180222.843,imu_nremgate,/workdir/hc997/ephys_2026c/sleep/imu_nremgate/SF10/2_20260903_180222.843,467.4,0.7122,0.2576,0.0302,0.0,0.1051,0.4583333333333333,0.5416666666666666,0.5250465450922293,38,8,PreprocessPipeline eb3dad4,ephys/configs/xml/SF10_A4x16-Lin_dataorder_20260908.xml,f06f917 (deployed),2026-10-06T03:09:22+00:00,0.98,0.9997,0.6945,0.9393,,,,
SF10,2_20260903_180222.843,imu_remclean,/workdir/hc997/ephys_2026c/sleep/imu_remclean/SF10/2_20260903_180222.843,15.7,0.7153,0.2576,0.0272,0.0,0.0954,0.4583333333333333,0.5416666666666666,0.5250465450922293,38,8,PreprocessPipeline eb3dad4,ephys/configs/xml/SF10_A4x16-Lin_dataorder_20260908.xml,f06f917 (deployed),2026-10-06T03:09:38+00:00,0.981,0.9997,0.6729,0.9312,imu_nremgate,94.0,36.0,18.0
SF10,2_20260905_185709.365,imu_nremgate,/workdir/hc997/ephys_2026c/sleep/imu_nremgate/SF10/2_20260905_185709.365,270.6,0.8271,0.155,0.0179,0.0,0.1036,0.5416666666666666,0.4583333333333333,0.4332632132121659,23,8,PreprocessPipeline eb3dad4,ephys/configs/xml/SF10_A4x16-Lin_dataorder_20260908.xml,f06f917 (deployed),2026-10-06T03:06:27+00:00,0.9868,0.9998,0.6934,0.9378,,,,
SF10,2_20260905_185709.365,imu_remclean,/workdir/hc997/ephys_2026c/sleep/imu_remclean/SF10/2_20260905_185709.365,10.8,0.8276,0.155,0.0174,0.0,0.1009,0.5416666666666666,0.4583333333333333,0.4332632132121659,23,8,PreprocessPipeline eb3dad4,ephys/configs/xml/SF10_A4x16-Lin_dataorder_20260908.xml,f06f917 (deployed),2026-10-06T03:06:37+00:00,0.9872,0.9998,0.6791,0.9371,imu_nremgate,0.0,12.0,5.0
SF10,2_20260909_091105.736,imu_nremgate,/workdir/hc997/ephys_2026c/sleep/imu_nremgate/SF10/2_20260909_091105.736,308.3,0.1184,0.7076,0.174,0.0,0.1973,0.375,0.625,0.4583333333333333,38,8,PreprocessPipeline eb3dad4,ephys/configs/xml/SF10_A4x16-Lin_dataorder_20260908.xml,f06f917 (deployed),2026-10-06T03:07:19+00:00,0.7193,0.983,0.7134,0.9696,,,,
SF10,2_20260909_091105.736,imu_remclean,/workdir/hc997/ephys_2026c/sleep/imu_remclean/SF10/2_20260909_091105.736,10.6,0.1318,0.7076,0.1606,0.0,0.1849,0.375,0.625,0.4583333333333333,38,8,PreprocessPipeline eb3dad4,ephys/configs/xml/SF10_A4x16-Lin_dataorder_20260908.xml,f06f917 (deployed),2026-10-06T03:07:30+00:00,0.7727,0.9866,0.6706,0.9632,imu_nremgate,147.0,236.0,43.0
SF10,2_20260909_184517.395,imu_nremgate,/workdir/hc997/ephys_2026c/sleep/imu_nremgate/SF10/2_20260909_184517.395,373.0,0.8389,0.1526,0.0085,0.0,0.0526,0.4583333333333333,0.4583333333333333,0.5416666666666666,47,8,PreprocessPipeline eb3dad4,ephys/configs/xml/SF10_A4x16-Lin_dataorder_20260908.xml,f06f917 (deployed),2026-10-06T03:08:34+00:00,0.9844,0.9999,0.7259,0.945,,,,
SF10,2_20260909_184517.395,imu_remclean,/workdir/hc997/ephys_2026c/sleep/imu_remclean/SF10/2_20260909_184517.395,14.9,0.8393,0.1526,0.0081,0.0,0.0506,0.4583333333333333,0.4583333333333333,0.5416666666666666,47,8,PreprocessPipeline eb3dad4,ephys/configs/xml/SF10_A4x16-Lin_dataorder_20260908.xml,f06f917 (deployed),2026-10-06T03:08:49+00:00,0.9846,0.9999,0.7173,0.9443,imu_nremgate,0.0,10.0,5.0
SF10,2_20260911_092441.104,imu_nremgate,/workdir/hc997/ephys_2026c/sleep/imu_nremgate/SF10/2_20260911_092441.104,286.8,0.1809,0.6469,0.1722,0.0,0.2102,0.4583333333333333,0.625,0.4583333333333333,43,8,PreprocessPipeline eb3dad4,ephys/configs/xml/SF10_A4x16-Lin_dataorder_20260908.xml,f06f917 (deployed),2026-10-06T03:07:13+00:00,0.7981,0.9891,0.547,0.9281,,,,
SF10,2_20260911_092441.104,imu_remclean,/workdir/hc997/ephys_2026c/sleep/imu_remclean/SF10/2_20260911_092441.104,11.1,0.2191,0.6469,0.1339,0.0,0.1715,0.4583333333333333,0.625,0.4583333333333333,43,8,PreprocessPipeline eb3dad4,ephys/configs/xml/SF10_A4x16-Lin_dataorder_20260908.xml,f06f917 (deployed),2026-10-06T03:07:24+00:00,0.8284,0.9996,0.5029,0.8882,imu_nremgate,1130.0,83.0,29.0
SF10,3_20260901_171620.845,imu_nremgate,/workdir/hc997/ephys_2026c/sleep/imu_nremgate/SF10/3_20260901_171620.845,27.7,0.2459,0.5885,0.1656,0.0,0.2196,0.375,0.4583333333333333,0.4583333333333333,43,17,PreprocessPipeline eb3dad4,ephys/configs/xml/SF10_A4x16-Lin_dataorder_20260908.xml,f06f917 (deployed),2026-10-06T03:02:56+00:00,0.8834,0.9984,0.7807,0.9588,,,,
SF10,3_20260901_171620.845,imu_remclean,/workdir/hc997/ephys_2026c/sleep/imu_remclean/SF10/3_20260901_171620.845,1.8,0.2492,0.5885,0.1623,0.0,0.2161,0.375,0.4583333333333333,0.4583333333333333,43,17,PreprocessPipeline eb3dad4,ephys/configs/xml/SF10_A4x16-Lin_dataorder_20260908.xml,f06f917 (deployed),2026-10-06T03:02:58+00:00,0.8927,0.9984,0.7281,0.9585,imu_nremgate,0.0,12.0,1.0
SF10,3_20260906_055804.599,imu_nremgate,/workdir/hc997/ephys_2026c/sleep/imu_nremgate/SF10/3_20260906_055804.599,27.4,0.2776,0.6988,0.0236,0.0,0.0326,0.4583333333333333,0.625,0.7083333333333333,38,16,PreprocessPipeline eb3dad4,ephys/configs/xml/SF10_A4x16-Lin_dataorder_20260908.xml,f06f917 (deployed),2026-10-06T03:03:26+00:00,0.7692,0.993,0.7573,0.918,,,,
SF10,3_20260906_055804.599,imu_remclean,/workdir/hc997/ephys_2026c/sleep/imu_remclean/SF10/3_20260906_055804.599,1.7,0.2865,0.6988,0.0147,0.0,0.0206,0.4583333333333333,0.625,0.7083333333333333,38,16,PreprocessPipeline eb3dad4,ephys/configs/xml/SF10_A4x16-Lin_dataorder_20260908.xml,f06f917 (deployed),2026-10-06T03:03:27+00:00,0.7692,0.993,0.7573,0.9049,imu_nremgate,33.0,0.0,0.0
SF10,4_20260901_002730.117,imu_nremgate,/workdir/hc997/ephys_2026c/sleep/imu_nremgate/SF10/4_20260901_002730.117,77.6,0.844,0.1399,0.0161,0.0,0.1029,0.7083333333333333,0.29166666666666663,0.32761747132915553,38,17,PreprocessPipeline eb3dad4,ephys/configs/xml/SF10_A4x16-Lin_dataorder_20260908.xml,f06f917 (deployed),2026-10-06T03:04:31+00:00,0.9965,0.9999,0.125,0.6777,,,,
SF10,4_20260901_002730.117,imu_remclean,/workdir/hc997/ephys_2026c/sleep/imu_remclean/SF10/4_20260901_002730.117,3.7,0.844,0.1399,0.0161,0.0,0.1029,0.7083333333333333,0.29166666666666663,0.32761747132915553,38,17,PreprocessPipeline eb3dad4,ephys/configs/xml/SF10_A4x16-Lin_dataorder_20260908.xml,f06f917 (deployed),2026-10-06T03:04:34+00:00,0.9965,0.9999,0.125,0.6777,imu_nremgate,0.0,0.0,0.0
SF10,4_20260907_090135.869,imu_nremgate,/workdir/hc997/ephys_2026c/sleep/imu_nremgate/SF10/4_20260907_090135.869,265.5,0.1866,0.6684,0.145,0.0,0.1783,0.4583333333333333,0.4583333333333333,0.4583333333333333,38,8,PreprocessPipeline eb3dad4,ephys/configs/xml/SF10_A4x16-Lin_dataorder_20260908.xml,f06f917 (deployed),2026-10-06T03:07:49+00:00,0.896,0.999,0.635,0.9657,,,,
SF10,4_20260907_090135.869,imu_remclean,/workdir/hc997/ephys_2026c/sleep/imu_remclean/SF10/4_20260907_090135.869,9.5,0.1938,0.6684,0.1378,0.0,0.1709,0.4583333333333333,0.4583333333333333,0.4583333333333333,38,8,PreprocessPipeline eb3dad4,ephys/configs/xml/SF10_A4x16-Lin_dataorder_20260908.xml,f06f917 (deployed),2026-10-06T03:07:59+00:00,0.907,0.999,0.5891,0.9598,imu_nremgate,120.0,60.0,27.0
SF10,4_20260910_083040.133,imu_nremgate,/workdir/hc997/ephys_2026c/sleep/imu_nremgate/SF10/4_20260910_083040.133,3.6,1.0,0.0,0.0,0.0,0.0,0.7083333333333333,0.42307692307692313,0.5301899291417755,34,8,PreprocessPipeline eb3dad4,ephys/configs/xml/SF10_A4x16-Lin_dataorder_20260908.xml,f06f917 (deployed),2026-10-06T03:03:31+00:00,0.9692,0.9692,,,,,,
SF10,4_20260910_083040.133,imu_remclean,/workdir/hc997/ephys_2026c/sleep/imu_remclean/SF10/4_20260910_083040.133,0.7,1.0,0.0,0.0,0.0,0.0,0.7083333333333333,0.42307692307692313,0.5301899291417755,34,8,PreprocessPipeline eb3dad4,ephys/configs/xml/SF10_A4x16-Lin_dataorder_20260908.xml,f06f917 (deployed),2026-10-06T03:03:32+00:00,0.9692,0.9692,,,imu_nremgate,0.0,0.0,0.0
SF10,5_20260901_193554.435,imu_nremgate,/workdir/hc997/ephys_2026c/sleep/imu_nremgate/SF10/5_20260901_193554.435,130.2,0.9596,0.0399,0.0005,0.0,0.0136,0.625,0.29166666666666663,0.08372042516990247,38,22,PreprocessPipeline eb3dad4,ephys/configs/xml/SF10_A4x16-Lin_dataorder_20260908.xml,f06f917 (deployed),2026-10-06T03:05:38+00:00,0.9995,0.9999,0.2083,0.8914,,,,
SF10,5_20260901_193554.435,imu_remclean,/workdir/hc997/ephys_2026c/sleep/imu_remclean/SF10/5_20260901_193554.435,5.3,0.9601,0.0399,0.0,0.0,0.0,0.625,0.29166666666666663,0.08372042516990247,38,22,PreprocessPipeline eb3dad4,ephys/configs/xml/SF10_A4x16-Lin_dataorder_20260908.xml,f06f917 (deployed),2026-10-06T03:05:43+00:00,0.9995,0.9999,0.2083,0.8792,imu_nremgate,8.0,0.0,0.0
SF10,5_20260904_081730.895,imu_nremgate,/workdir/hc997/ephys_2026c/sleep/imu_nremgate/SF10/5_20260904_081730.895,400.8,0.2368,0.6219,0.1413,0.0,0.1852,0.4583333333333333,0.5416666666666666,0.4583333333333333,38,8,PreprocessPipeline eb3dad4,ephys/configs/xml/SF10_A4x16-Lin_dataorder_20260908.xml,f06f917 (deployed),2026-10-06T03:10:13+00:00,0.8808,0.9982,0.5983,0.941,,,,
SF10,5_20260904_081730.895,imu_remclean,/workdir/hc997/ephys_2026c/sleep/imu_remclean/SF10/5_20260904_081730.895,13.6,0.2585,0.6219,0.1196,0.0,0.1613,0.4583333333333333,0.5416666666666666,0.4583333333333333,38,8,PreprocessPipeline eb3dad4,ephys/configs/xml/SF10_A4x16-Lin_dataorder_20260908.xml,f06f917 (deployed),2026-10-06T03:10:26+00:00,0.8907,0.9982,0.5691,0.9161,imu_nremgate,770.0,85.0,28.0
SF10,5_20260907_175744.885,imu_nremgate,/workdir/hc997/ephys_2026c/sleep/imu_nremgate/SF10/5_20260907_175744.885,401.3,0.7843,0.1913,0.0244,0.0,0.1131,0.4583333333333333,0.4583333333333333,0.4583333333333333,38,8,PreprocessPipeline eb3dad4,ephys/configs/xml/SF10_A4x16-Lin_dataorder_20260908.xml,f06f917 (deployed),2026-10-06T03:10:17+00:00,0.9828,0.9999,0.6988,0.9283,,,,
SF10,5_20260907_175744.885,imu_remclean,/workdir/hc997/ephys_2026c/sleep/imu_remclean/SF10/5_20260907_175744.885,14.7,0.7875,0.1913,0.0211,0.0,0.0995,0.4583333333333333,0.4583333333333333,0.4583333333333333,38,8,PreprocessPipeline eb3dad4,ephys/configs/xml/SF10_A4x16-Lin_dataorder_20260908.xml,f06f917 (deployed),2026-10-06T03:10:32+00:00,0.9836,0.9999,0.6988,0.9161,imu_nremgate,112.0,29.0,6.0
SF10,5_20260910_083157.853,imu_nremgate,/workdir/hc997/ephys_2026c/sleep/imu_nremgate/SF10/5_20260910_083157.853,222.9,0.1162,0.7401,0.1436,0.0,0.1625,0.375,0.5416666666666666,0.4583333333333333,47,17,PreprocessPipeline eb3dad4,ephys/configs/xml/SF10_A4x16-Lin_dataorder_20260908.xml,f06f917 (deployed),2026-10-06T03:07:24+00:00,0.7094,0.9829,0.6877,0.9675,,,,
SF10,5_20260910_083157.853,imu_remclean,/workdir/hc997/ephys_2026c/sleep/imu_remclean/SF10/5_20260910_083157.853,8.0,0.134,0.7401,0.1259,0.0,0.1454,0.375,0.5416666666666666,0.4583333333333333,47,17,PreprocessPipeline eb3dad4,ephys/configs/xml/SF10_A4x16-Lin_dataorder_20260908.xml,f06f917 (deployed),2026-10-06T03:07:32+00:00,0.7318,0.9829,0.6537,0.951,imu_nremgate,323.0,69.0,11.0
SF10,6_20260901_233920.182,imu_nremgate,/workdir/hc997/ephys_2026c/sleep/imu_nremgate/SF10/6_20260901_233920.182,270.1,0.6889,0.2853,0.0259,0.0,0.0831,0.625,0.4583333333333333,0.4583333333333333,47,8,PreprocessPipeline eb3dad4,ephys/configs/xml/SF10_A4x16-Lin_dataorder_20260908.xml,f06f917 (deployed),2026-10-06T03:08:15+00:00,0.9922,0.9999,0.1838,0.772,,,,
SF10,6_20260901_233920.182,imu_remclean,/workdir/hc997/ephys_2026c/sleep/imu_remclean/SF10/6_20260901_233920.182,9.8,0.6922,0.2853,0.0225,0.0,0.0732,0.625,0.4583333333333333,0.4583333333333333,47,8,PreprocessPipeline eb3dad4,ephys/configs/xml/SF10_A4x16-Lin_dataorder_20260908.xml,f06f917 (deployed),2026-10-06T03:08:25+00:00,0.9926,0.9999,0.1804,0.764,imu_nremgate,88.0,6.0,0.0
SF10,6_20260906_080449.175,imu_nremgate,/workdir/hc997/ephys_2026c/sleep/imu_nremgate/SF10/6_20260906_080449.175,392.2,0.1325,0.7178,0.1497,0.0,0.1726,0.375,0.625,0.4583333333333333,38,8,PreprocessPipeline eb3dad4,ephys/configs/xml/SF10_A4x16-Lin_dataorder_20260908.xml,f06f917 (deployed),2026-10-06T03:10:18+00:00,0.6659,0.9632,0.7985,0.973,,,,
SF10,6_20260906_080449.175,imu_remclean,/workdir/hc997/ephys_2026c/sleep/imu_remclean/SF10/6_20260906_080449.175,13.4,0.1445,0.7178,0.1377,0.0,0.1609,0.375,0.625,0.4583333333333333,38,8,PreprocessPipeline eb3dad4,ephys/configs/xml/SF10_A4x16-Lin_dataorder_20260908.xml,f06f917 (deployed),2026-10-06T03:10:32+00:00,0.7071,0.9655,0.744,0.9678,imu_nremgate,127.0,281.0,69.0
SF10,7_20260905_093927.479,imu_nremgate,/workdir/hc997/ephys_2026c/sleep/imu_nremgate/SF10/7_20260905_093927.479,316.7,0.1772,0.6494,0.1735,0.0,0.2108,0.4583333333333333,0.5416666666666666,0.4583333333333333,38,32,PreprocessPipeline eb3dad4,ephys/configs/xml/SF10_A4x16-Lin_dataorder_20260908.xml,f06f917 (deployed),2026-10-06T03:09:11+00:00,0.8623,0.9965,0.6074,0.9476,,,,
SF10,7_20260905_093927.479,imu_remclean,/workdir/hc997/ephys_2026c/sleep/imu_remclean/SF10/7_20260905_093927.479,10.6,0.1945,0.6494,0.1561,0.0,0.1938,0.4583333333333333,0.5416666666666666,0.4583333333333333,38,32,PreprocessPipeline eb3dad4,ephys/configs/xml/SF10_A4x16-Lin_dataorder_20260908.xml,f06f917 (deployed),2026-10-06T03:09:21+00:00,0.879,0.9978,0.5489,0.9303,imu_nremgate,451.0,63.0,15.0
SF10,8_20260908_072352.245,imu_nremgate,/workdir/hc997/ephys_2026c/sleep/imu_nremgate/SF10/8_20260908_072352.245,399.1,0.1516,0.6651,0.1833,0.0,0.2161,0.4583333333333333,0.5416666666666666,0.4583333333333333,10,8,PreprocessPipeline eb3dad4,ephys/configs/xml/SF10_A4x16-Lin_dataorder_20260908.xml,f06f917 (deployed),2026-10-06T03:10:55+00:00,0.7963,0.9987,0.7624,0.9598,,,,
SF10,8_20260908_072352.245,imu_remclean,/workdir/hc997/ephys_2026c/sleep/imu_remclean/SF10/8_20260908_072352.245,14.3,0.1893,0.6651,0.1456,0.0,0.1796,0.4583333333333333,0.5416666666666666,0.4583333333333333,10,8,PreprocessPipeline eb3dad4,ephys/configs/xml/SF10_A4x16-Lin_dataorder_20260908.xml,f06f917 (deployed),2026-10-06T03:11:10+00:00,0.8362,0.9992,0.6679,0.9229,imu_nremgate,1294.0,216.0,63.0
SF10,9_20260902_083247.835,imu_nremgate,/workdir/hc997/ephys_2026c/sleep/imu_nremgate/SF10/9_20260902_083247.835,223.1,0.1793,0.6346,0.1861,0.0,0.2268,0.375,0.5416666666666666,0.4583333333333333,10,8,PreprocessPipeline eb3dad4,ephys/configs/xml/SF10_A4x16-Lin_dataorder_20260908.xml,f06f917 (deployed),2026-10-06T02:42:09+00:00,0.8126,0.9963,0.7421,0.956,,,,
SF10,9_20260902_083247.835,imu_remclean,/workdir/hc997/ephys_2026c/sleep/imu_remclean/SF10/9_20260902_083247.835,9.4,0.1935,0.6346,0.1719,0.0,0.2131,0.375,0.5416666666666666,0.4583333333333333,10,8,PreprocessPipeline eb3dad4,ephys/configs/xml/SF10_A4x16-Lin_dataorder_20260908.xml,f06f917 (deployed),2026-10-06T02:42:19+00:00,0.8397,0.9966,0.6667,0.9456,imu_nremgate,227.0,149.0,57.0
SF10,9_20260904_202620.386,imu_nremgate,/workdir/hc997/ephys_2026c/sleep/imu_nremgate/SF10/9_20260904_202620.386,374.7,0.8064,0.1768,0.0168,0.0,0.087,0.625,0.5416666666666666,0.5416666666666666,10,8,PreprocessPipeline eb3dad4,ephys/configs/xml/SF10_A4x16-Lin_dataorder_20260908.xml,f06f917 (deployed),2026-10-06T03:10:37+00:00,0.9886,0.9999,0.3527,0.8527,,,,
SF10,9_20260904_202620.386,imu_remclean,/workdir/hc997/ephys_2026c/sleep/imu_remclean/SF10/9_20260904_202620.386,12.7,0.8074,0.1768,0.0158,0.0,0.0822,0.625,0.5416666666666666,0.5416666666666666,10,8,PreprocessPipeline eb3dad4,ephys/configs/xml/SF10_A4x16-Lin_dataorder_20260908.xml,f06f917 (deployed),2026-10-06T03:10:49+00:00,0.989,1.0,0.349,0.8495,imu_nremgate,19.0,14.0,5.0
SF10,9_20260906_194921.983,imu_nremgate,/workdir/hc997/ephys_2026c/sleep/imu_nremgate/SF10/9_20260906_194921.983,374.4,0.7615,0.2105,0.028,0.0,0.1173,0.5416666666666666,0.375,0.42833002373591084,38,8,PreprocessPipeline eb3dad4,ephys/configs/xml/SF10_A4x16-Lin_dataorder_20260908.xml,f06f917 (deployed),2026-10-06T03:10:48+00:00,0.9882,1.0,0.4473,0.9054,,,,
SF10,9_20260906_194921.983,imu_remclean,/workdir/hc997/ephys_2026c/sleep/imu_remclean/SF10/9_20260906_194921.983,14.9,0.7645,0.2105,0.025,0.0,0.1062,0.5416666666666666,0.375,0.42833002373591084,38,8,PreprocessPipeline eb3dad4,ephys/configs/xml/SF10_A4x16-Lin_dataorder_20260908.xml,f06f917 (deployed),2026-10-06T03:11:03+00:00,0.9885,1.0,0.4351,0.8947,imu_nremgate,118.0,10.0,4.0
SF10,9_20260910_205611.775,imu_nremgate,/workdir/hc997/ephys_2026c/sleep/imu_nremgate/SF10/9_20260910_205611.775,389.2,0.7772,0.2043,0.0185,0.0,0.0832,0.4583333333333333,0.4583333333333333,0.4583333333333333,38,17,PreprocessPipeline eb3dad4,ephys/configs/xml/SF10_A4x16-Lin_dataorder_20260908.xml,f06f917 (deployed),2026-10-06T03:11:04+00:00,0.9846,0.9996,0.736,0.9687,,,,
SF10,9_20260910_205611.775,imu_remclean,/workdir/hc997/ephys_2026c/sleep/imu_remclean/SF10/9_20260910_205611.775,13.1,0.7775,0.2043,0.0182,0.0,0.0819,0.4583333333333333,0.4583333333333333,0.4583333333333333,38,17,PreprocessPipeline eb3dad4,ephys/configs/xml/SF10_A4x16-Lin_dataorder_20260908.xml,f06f917 (deployed),2026-10-06T03:11:17+00:00,0.9848,0.9996,0.7147,0.9686,imu_nremgate,0.0,11.0,2.0
SF11,12_20260902_083534.755,imu_nremgate,/workdir/hc997/ephys_2026c/sleep/imu_nremgate/SF11/12_20260902_083534.755,351.8,0.3485,0.4868,0.1647,0.0,0.2528,0.5416666666666666,0.5416666666666666,0.4583333333333333,28,35,PreprocessPipeline eb3dad4,ephys/configs/xml/SF07_A4x16-Lin_v1raw_rot+1_0.xml,f06f917 (deployed),2026-10-06T03:10:57+00:00,0.9658,1.0,0.2316,0.8118,,,,
SF11,12_20260902_083534.755,imu_remclean,/workdir/hc997/ephys_2026c/sleep/imu_remclean/SF11/12_20260902_083534.755,10.2,0.4076,0.4868,0.1055,0.0,0.1781,0.5416666666666666,0.5416666666666666,0.4583333333333333,28,35,PreprocessPipeline eb3dad4,ephys/configs/xml/SF07_A4x16-Lin_v1raw_rot+1_0.xml,f06f917 (deployed),2026-10-06T03:11:07+00:00,0.9731,1.0,0.2076,0.7379,imu_nremgate,1762.0,41.0,3.0
SF11,12_20260904_202856.246,imu_nremgate,/workdir/hc997/ephys_2026c/sleep/imu_nremgate/SF11/12_20260904_202856.246,510.6,0.6842,0.2679,0.0479,0.0,0.1517,0.5416666666666666,0.5416666666666666,0.4583333333333333,14,4,PreprocessPipeline eb3dad4,ephys/configs/xml/SF07_A4x16-Lin_v1raw_rot+1_0.xml,f06f917 (deployed),2026-10-06T03:13:37+00:00,0.9814,1.0,0.4127,0.8645,,,,
SF11,12_20260904_202856.246,imu_remclean,/workdir/hc997/ephys_2026c/sleep/imu_remclean/SF11/12_20260904_202856.246,13.7,0.6908,0.2679,0.0413,0.0,0.1336,0.5416666666666666,0.5416666666666666,0.4583333333333333,14,4,PreprocessPipeline eb3dad4,ephys/configs/xml/SF07_A4x16-Lin_v1raw_rot+1_0.xml,f06f917 (deployed),2026-10-06T03:13:51+00:00,0.9834,1.0,0.3951,0.8491,imu_nremgate,220.0,54.0,16.0
SF11,12_20260906_195111.187,imu_nremgate,/workdir/hc997/ephys_2026c/sleep/imu_nremgate/SF11/12_20260906_195111.187,4.3,0.7286,0.2714,0.0,0.0,0.0,0.375,0.125,0.2541645191325599,22,23,PreprocessPipeline eb3dad4,ephys/configs/xml/SF07_A4x16-Lin_v1raw_rot+1_0.xml,f06f917 (deployed),2026-10-06T03:05:27+00:00,0.9231,,0.0,0.4,,,,
SF11,12_20260906_195111.187,imu_remclean,/workdir/hc997/ephys_2026c/sleep/imu_remclean/SF11/12_20260906_195111.187,0.6,0.7286,0.2714,0.0,0.0,0.0,0.375,0.125,0.2541645191325599,22,23,PreprocessPipeline eb3dad4,ephys/configs/xml/SF07_A4x16-Lin_v1raw_rot+1_0.xml,f06f917 (deployed),2026-10-06T03:05:27+00:00,0.9231,,0.0,0.4,imu_nremgate,0.0,0.0,0.0
SF11,13_20260902_170443.451,imu_nremgate,/workdir/hc997/ephys_2026c/sleep/imu_nremgate/SF11/13_20260902_170443.451,33.8,0.3999,0.4159,0.1842,0.0,0.307,0.625,0.4583333333333333,0.375,58,28,PreprocessPipeline eb3dad4,ephys/configs/xml/SF07_A4x16-Lin_v1raw_rot+1_0.xml,f06f917 (deployed),2026-10-06T03:06:02+00:00,0.9589,0.9987,0.2456,0.7951,,,,
SF11,13_20260902_170443.451,imu_remclean,/workdir/hc997/ephys_2026c/sleep/imu_remclean/SF11/13_20260902_170443.451,2.1,0.4617,0.4159,0.1224,0.0,0.2274,0.625,0.4583333333333333,0.375,58,28,PreprocessPipeline eb3dad4,ephys/configs/xml/SF07_A4x16-Lin_v1raw_rot+1_0.xml,f06f917 (deployed),2026-10-06T03:06:04+00:00,0.9836,1.0,0.0789,0.7188,imu_nremgate,236.0,20.0,2.0
SF11,17_20260902_190852.526,imu_nremgate,/workdir/hc997/ephys_2026c/sleep/imu_nremgate/SF11/17_20260902_190852.526,420.4,0.8753,0.1114,0.0133,0.0,0.1065,0.7083333333333333,0.4583333333333333,0.42262787800331847,12,46,PreprocessPipeline eb3dad4,ephys/configs/xml/SF07_A4x16-Lin_v1raw_rot+1_0.xml,f06f917 (deployed),2026-10-06T03:12:34+00:00,0.9984,1.0,0.087,0.6545,,,,
SF11,17_20260902_190852.526,imu_remclean,/workdir/hc997/ephys_2026c/sleep/imu_remclean/SF11/17_20260902_190852.526,12.7,0.8829,0.1114,0.0056,0.0,0.0481,0.7083333333333333,0.4583333333333333,0.42262787800331847,12,46,PreprocessPipeline eb3dad4,ephys/configs/xml/SF07_A4x16-Lin_v1raw_rot+1_0.xml,f06f917 (deployed),2026-10-06T03:12:46+00:00,0.9988,1.0,0.0685,0.6147,imu_nremgate,283.0,11.0,2.0
SF11,18_20260903_055348.084,imu_nremgate,/workdir/hc997/ephys_2026c/sleep/imu_nremgate/SF11/18_20260903_055348.084,32.2,0.4372,0.4937,0.0691,0.0,0.1228,0.7083333333333333,0.5416666666666666,0.4583333333333333,7,35,PreprocessPipeline eb3dad4,ephys/configs/xml/SF07_A4x16-Lin_v1raw_rot+1_0.xml,f06f917 (deployed),2026-10-06T03:06:15+00:00,0.9918,0.9989,0.0357,0.7989,,,,
SF11,18_20260903_055348.084,imu_remclean,/workdir/hc997/ephys_2026c/sleep/imu_remclean/SF11/18_20260903_055348.084,1.6,0.4455,0.4937,0.0607,0.0,0.1095,0.7083333333333333,0.5416666666666666,0.4583333333333333,7,35,PreprocessPipeline eb3dad4,ephys/configs/xml/SF07_A4x16-Lin_v1raw_rot+1_0.xml,f06f917 (deployed),2026-10-06T03:06:17+00:00,0.9918,0.9989,0.0357,0.7865,imu_nremgate,30.0,0.0,0.0
SF11,1_20260831_191341.611,imu_nremgate,/workdir/hc997/ephys_2026c/sleep/imu_nremgate/SF11/1_20260831_191341.611,218.8,0.8585,0.1343,0.0071,0.0,0.0505,0.625,0.4583333333333333,0.3999146869262492,12,37,PreprocessPipeline eb3dad4,ephys/configs/xml/SF07_A4x16-Lin_v1raw_rot+1_0.xml,f06f917 (deployed),2026-10-06T03:09:28+00:00,0.9992,1.0,0.0495,0.6877,,,,
SF11,1_20260831_191341.611,imu_remclean,/workdir/hc997/ephys_2026c/sleep/imu_remclean/SF11/1_20260831_191341.611,6.0,0.8585,0.1343,0.0071,0.0,0.0505,0.625,0.4583333333333333,0.3999146869262492,12,37,PreprocessPipeline eb3dad4,ephys/configs/xml/SF07_A4x16-Lin_v1raw_rot+1_0.xml,f06f917 (deployed),2026-10-06T03:09:34+00:00,0.9992,1.0,0.0495,0.6877,imu_nremgate,0.0,0.0,0.0
SF11,2_20260901_002906.850,imu_nremgate,/workdir/hc997/ephys_2026c/sleep/imu_nremgate/SF11/2_20260901_002906.850,113.0,0.6878,0.2541,0.0581,0.0,0.186,0.5416666666666666,0.29166666666666663,0.33155239977022166,12,37,PreprocessPipeline eb3dad4,ephys/configs/xml/SF07_A4x16-Lin_v1raw_rot+1_0.xml,f06f917 (deployed),2026-10-06T03:07:57+00:00,0.9956,0.9998,0.1374,0.8533,,,,
SF11,2_20260901_002906.850,imu_remclean,/workdir/hc997/ephys_2026c/sleep/imu_remclean/SF11/2_20260901_002906.850,4.0,0.6879,0.2541,0.058,0.0,0.1858,0.5416666666666666,0.29166666666666663,0.33155239977022166,12,37,PreprocessPipeline eb3dad4,ephys/configs/xml/SF07_A4x16-Lin_v1raw_rot+1_0.xml,f06f917 (deployed),2026-10-06T03:08:01+00:00,0.9956,0.9998,0.1374,0.8533,imu_nremgate,0.0,1.0,0.0
SF11,2_20260901_075919.035,imu_nremgate,/workdir/hc997/ephys_2026c/sleep/imu_nremgate/SF11/2_20260901_075919.035,227.9,0.3149,0.5082,0.1769,0.0,0.2582,0.625,0.625,0.4583333333333333,12,35,PreprocessPipeline eb3dad4,ephys/configs/xml/SF07_A4x16-Lin_v1raw_rot+1_0.xml,f06f917 (deployed),2026-10-06T03:10:05+00:00,0.9696,1.0,0.1659,0.8257,,,,
SF11,2_20260901_075919.035,imu_remclean,/workdir/hc997/ephys_2026c/sleep/imu_remclean/SF11/2_20260901_075919.035,6.4,0.3585,0.5082,0.1333,0.0,0.2077,0.625,0.625,0.4583333333333333,12,35,PreprocessPipeline eb3dad4,ephys/configs/xml/SF07_A4x16-Lin_v1raw_rot+1_0.xml,f06f917 (deployed),2026-10-06T03:10:12+00:00,0.9778,1.0,0.1332,0.7736,imu_nremgate,770.0,20.0,7.0
SF11,2_20260905_185931.246,imu_nremgate,/workdir/hc997/ephys_2026c/sleep/imu_nremgate/SF11/2_20260905_185931.246,421.9,0.7946,0.1863,0.0191,0.0,0.093,0.5416666666666666,0.5416666666666666,0.40065379911342547,10,35,PreprocessPipeline eb3dad4,ephys/configs/xml/SF07_A4x16-Lin_v1raw_rot+1_0.xml,f06f917 (deployed),2026-10-06T03:13:19+00:00,0.988,0.9993,0.3348,0.8144,,,,
SF11,2_20260905_185931.246,imu_remclean,/workdir/hc997/ephys_2026c/sleep/imu_remclean/SF11/2_20260905_185931.246,14.0,0.7953,0.1863,0.0184,0.0,0.09,0.5416666666666666,0.5416666666666666,0.40065379911342547,10,35,PreprocessPipeline eb3dad4,ephys/configs/xml/SF07_A4x16-Lin_v1raw_rot+1_0.xml,f06f917 (deployed),2026-10-06T03:13:33+00:00,0.9886,0.9993,0.3274,0.8137,imu_nremgate,0.0,25.0,5.0
SF11,3_20260901_130404.084,imu_nremgate,/workdir/hc997/ephys_2026c/sleep/imu_nremgate/SF11/3_20260901_130404.084,176.4,0.3238,0.4958,0.1804,0.0,0.2668,0.5416666666666666,0.5416666666666666,0.4583333333333333,12,37,PreprocessPipeline eb3dad4,ephys/configs/xml/SF07_A4x16-Lin_v1raw_rot+1_0.xml,f06f917 (deployed),2026-10-06T03:09:17+00:00,0.9688,1.0,0.2627,0.8611,,,,
SF11,3_20260901_130404.084,imu_remclean,/workdir/hc997/ephys_2026c/sleep/imu_remclean/SF11/3_20260901_130404.084,5.4,0.3498,0.4958,0.1544,0.0,0.2375,0.5416666666666666,0.5416666666666666,0.4583333333333333,12,37,PreprocessPipeline eb3dad4,ephys/configs/xml/SF07_A4x16-Lin_v1raw_rot+1_0.xml,f06f917 (deployed),2026-10-06T03:09:22+00:00,0.972,1.0,0.2478,0.828,imu_nremgate,389.0,7.0,0.0
SF11,3_20260903_080159.850,imu_nremgate,/workdir/hc997/ephys_2026c/sleep/imu_nremgate/SF11/3_20260903_080159.850,333.1,0.2381,0.5661,0.1958,0.0,0.257,0.4583333333333333,0.5416666666666666,0.4583333333333333,43,37,PreprocessPipeline eb3dad4,ephys/configs/xml/SF07_A4x16-Lin_v1raw_rot+1_0.xml,f06f917 (deployed),2026-10-06T03:12:10+00:00,0.9524,0.9976,0.3186,0.8955,,,,
SF11,3_20260903_080159.850,imu_remclean,/workdir/hc997/ephys_2026c/sleep/imu_remclean/SF11/3_20260903_080159.850,9.3,0.2902,0.5661,0.1437,0.0,0.2025,0.4583333333333333,0.5416666666666666,0.4583333333333333,43,37,PreprocessPipeline eb3dad4,ephys/configs/xml/SF07_A4x16-Lin_v1raw_rot+1_0.xml,f06f917 (deployed),2026-10-06T03:12:20+00:00,0.9607,0.9994,0.3017,0.8342,imu_nremgate,1429.0,34.0,16.0
SF11,3_20260903_180527.746,imu_nremgate,/workdir/hc997/ephys_2026c/sleep/imu_nremgate/SF11/3_20260903_180527.746,4.8,0.358,0.1358,0.5062,0.0,0.7885,0.5416666666666666,0.125,0.375,2,12,PreprocessPipeline eb3dad4,ephys/configs/xml/SF07_A4x16-Lin_v1raw_rot+1_0.xml,f06f917 (deployed),2026-10-06T03:06:42+00:00,0.6667,,0.0,0.6456,,,,
SF11,3_20260903_180527.746,imu_remclean,/workdir/hc997/ephys_2026c/sleep/imu_remclean/SF11/3_20260903_180527.746,0.6,0.358,0.1358,0.5062,0.0,0.7885,0.5416666666666666,0.125,0.375,2,12,PreprocessPipeline eb3dad4,ephys/configs/xml/SF07_A4x16-Lin_v1raw_rot+1_0.xml,f06f917 (deployed),2026-10-06T03:06:43+00:00,0.6667,,0.0,0.6456,imu_nremgate,0.0,0.0,0.0
SF11,3_20260905_094205.930,imu_nremgate,/workdir/hc997/ephys_2026c/sleep/imu_nremgate/SF11/3_20260905_094205.930,218.4,0.219,0.6282,0.1528,0.0,0.1956,0.4583333333333333,0.4583333333333333,0.4583333333333333,40,38,PreprocessPipeline eb3dad4,ephys/configs/xml/SF07_A4x16-Lin_v1raw_rot+1_0.xml,f06f917 (deployed),2026-10-06T03:10:21+00:00,0.9252,0.9994,0.3488,0.9047,,,,
SF11,3_20260905_094205.930,imu_remclean,/workdir/hc997/ephys_2026c/sleep/imu_remclean/SF11/3_20260905_094205.930,6.5,0.2231,0.6282,0.1487,0.0,0.1914,0.4583333333333333,0.4583333333333333,0.4583333333333333,40,38,PreprocessPipeline eb3dad4,ephys/configs/xml/SF07_A4x16-Lin_v1raw_rot+1_0.xml,f06f917 (deployed),2026-10-06T03:10:28+00:00,0.9285,0.9994,0.3353,0.9005,imu_nremgate,67.0,9.0,3.0
SF11,4_20260901_171752.763,imu_nremgate,/workdir/hc997/ephys_2026c/sleep/imu_nremgate/SF11/4_20260901_171752.763,35.8,0.3028,0.5601,0.1371,0.0,0.1967,0.5416666666666666,0.625,0.5416666666666666,9,35,PreprocessPipeline eb3dad4,ephys/configs/xml/SF07_A4x16-Lin_v1raw_rot+1_0.xml,f06f917 (deployed),2026-10-06T03:07:44+00:00,0.9083,1.0,0.375,0.8477,,,,
SF11,4_20260901_171752.763,imu_remclean,/workdir/hc997/ephys_2026c/sleep/imu_remclean/SF11/4_20260901_171752.763,1.8,0.353,0.5601,0.087,0.0,0.1344,0.5416666666666666,0.625,0.5416666666666666,9,35,PreprocessPipeline eb3dad4,ephys/configs/xml/SF07_A4x16-Lin_v1raw_rot+1_0.xml,f06f917 (deployed),2026-10-06T03:07:45+00:00,0.9221,1.0,0.3281,0.7872,imu_nremgate,189.0,6.0,0.0
SF11,4_20260903_155503.475,imu_nremgate,/workdir/hc997/ephys_2026c/sleep/imu_nremgate/SF11/4_20260903_155503.475,8.2,0.113,0.5149,0.3721,0.0,0.4195,0.4583333333333333,0.625,0.375,43,40,PreprocessPipeline eb3dad4,ephys/configs/xml/SF07_A4x16-Lin_v1raw_rot+1_0.xml,f06f917 (deployed),2026-10-06T03:07:25+00:00,0.9231,,0.0,0.8976,,,,
SF11,4_20260903_155503.475,imu_remclean,/workdir/hc997/ephys_2026c/sleep/imu_remclean/SF11/4_20260903_155503.475,0.7,0.1523,0.5149,0.3328,0.0,0.3926,0.4583333333333333,0.625,0.375,43,40,PreprocessPipeline eb3dad4,ephys/configs/xml/SF07_A4x16-Lin_v1raw_rot+1_0.xml,f06f917 (deployed),2026-10-06T03:07:25+00:00,0.9231,,0.0,0.8576,imu_nremgate,25.0,0.0,0.0
SF11,4_20260903_180700.416,imu_nremgate,/workdir/hc997/ephys_2026c/sleep/imu_nremgate/SF11/4_20260903_180700.416,503.9,0.7644,0.2007,0.0349,0.0,0.1481,0.5416666666666666,0.5416666666666666,0.45741866241388046,12,35,PreprocessPipeline eb3dad4,ephys/configs/xml/SF07_A4x16-Lin_v1raw_rot+1_0.xml,f06f917 (deployed),2026-10-06T03:15:48+00:00,0.9908,0.9999,0.3551,0.8491,,,,
SF11,4_20260903_180700.416,imu_remclean,/workdir/hc997/ephys_2026c/sleep/imu_remclean/SF11/4_20260903_180700.416,14.7,0.7719,0.2007,0.0274,0.0,0.1202,0.5416666666666666,0.5416666666666666,0.45741866241388046,12,35,PreprocessPipeline eb3dad4,ephys/configs/xml/SF07_A4x16-Lin_v1raw_rot+1_0.xml,f06f917 (deployed),2026-10-06T03:16:03+00:00,0.9914,0.9999,0.3429,0.8223,imu_nremgate,361.0,12.0,0.0
SF11,5_20260906_080735.254,imu_nremgate,/workdir/hc997/ephys_2026c/sleep/imu_nremgate/SF11/5_20260906_080735.254,161.6,0.1656,0.6295,0.2048,0.0,0.2455,0.5416666666666666,0.5416666666666666,0.4583333333333333,14,53,PreprocessPipeline eb3dad4,ephys/configs/xml/SF07_A4x16-Lin_v1raw_rot+1_0.xml,f06f917 (deployed),2026-10-06T03:10:07+00:00,0.8499,1.0,0.3251,0.8899,,,,
SF11,5_20260906_080735.254,imu_remclean,/workdir/hc997/ephys_2026c/sleep/imu_remclean/SF11/5_20260906_080735.254,5.7,0.2415,0.6295,0.129,0.0,0.17,0.5416666666666666,0.5416666666666666,0.4583333333333333,14,53,PreprocessPipeline eb3dad4,ephys/configs/xml/SF07_A4x16-Lin_v1raw_rot+1_0.xml,f06f917 (deployed),2026-10-06T03:10:13+00:00,0.8812,1.0,0.2931,0.8094,imu_nremgate,1152.0,28.0,26.0
SF11,6_20260906_132454.539,imu_nremgate,/workdir/hc997/ephys_2026c/sleep/imu_nremgate/SF11/6_20260906_132454.539,7.8,1.0,0.0,0.0,0.0,0.0,0.59375,0.125,0.051771599467481486,57,56,PreprocessPipeline eb3dad4,ephys/configs/xml/SF07_A4x16-Lin_v1raw_rot+1_0.xml,f06f917 (deployed),2026-10-06T03:07:38+00:00,0.9946,0.9941,0.0,0.0,,,,
SF11,6_20260906_132454.539,imu_remclean,/workdir/hc997/ephys_2026c/sleep/imu_remclean/SF11/6_20260906_132454.539,0.6,1.0,0.0,0.0,0.0,0.0,0.59375,0.125,0.051771599467481486,57,56,PreprocessPipeline eb3dad4,ephys/configs/xml/SF07_A4x16-Lin_v1raw_rot+1_0.xml,f06f917 (deployed),2026-10-06T03:07:38+00:00,0.9946,0.9941,0.0,0.0,imu_nremgate,0.0,0.0,0.0
SF11,7_20260901_193749.076,imu_nremgate,/workdir/hc997/ephys_2026c/sleep/imu_nremgate/SF11/7_20260901_193749.076,170.2,0.9992,0.0008,0.0,0.0,0.0,0.8055555555555555,0.125,0.12741726604184245,16,18,PreprocessPipeline eb3dad4,ephys/configs/xml/SF07_A4x16-Lin_v1raw_rot+1_0.xml,f06f917 (deployed),2026-10-06T03:10:22+00:00,0.9998,0.9999,0.0,0.035,,,,
SF11,7_20260901_193749.076,imu_remclean,/workdir/hc997/ephys_2026c/sleep/imu_remclean/SF11/7_20260901_193749.076,4.7,0.9992,0.0008,0.0,0.0,0.0,0.8055555555555555,0.125,0.12741726604184245,16,18,PreprocessPipeline eb3dad4,ephys/configs/xml/SF07_A4x16-Lin_v1raw_rot+1_0.xml,f06f917 (deployed),2026-10-06T03:10:27+00:00,0.9998,0.9999,0.0,0.035,imu_nremgate,0.0,0.0,0.0
SF11,7_20260904_082050.456,imu_nremgate,/workdir/hc997/ephys_2026c/sleep/imu_nremgate/SF11/7_20260904_082050.456,225.9,0.172,0.659,0.169,0.0,0.2041,0.4583333333333333,0.5416666666666666,0.375,21,35,PreprocessPipeline eb3dad4,ephys/configs/xml/SF07_A4x16-Lin_v1raw_rot+1_0.xml,f06f917 (deployed),2026-10-06T03:11:24+00:00,0.8792,0.9974,0.6005,0.9658,,,,
SF11,7_20260904_082050.456,imu_remclean,/workdir/hc997/ephys_2026c/sleep/imu_remclean/SF11/7_20260904_082050.456,7.2,0.1908,0.659,0.1502,0.0,0.1856,0.4583333333333333,0.5416666666666666,0.375,21,35,PreprocessPipeline eb3dad4,ephys/configs/xml/SF07_A4x16-Lin_v1raw_rot+1_0.xml,f06f917 (deployed),2026-10-06T03:11:32+00:00,0.9062,0.9974,0.5191,0.9494,imu_nremgate,210.0,88.0,64.0
SF11,7_20260905_151133.499,imu_nremgate,/workdir/hc997/ephys_2026c/sleep/imu_nremgate/SF11/7_20260905_151133.499,110.6,0.2804,0.5308,0.1888,0.0,0.2624,0.5416666666666666,0.5416666666666666,0.375,7,37,PreprocessPipeline eb3dad4,ephys/configs/xml/SF07_A4x16-Lin_v1raw_rot+1_0.xml,f06f917 (deployed),2026-10-06T03:09:36+00:00,0.9417,0.9993,0.3156,0.8777,,,,
SF11,7_20260905_151133.499,imu_remclean,/workdir/hc997/ephys_2026c/sleep/imu_remclean/SF11/7_20260905_151133.499,3.8,0.3179,0.5308,0.1513,0.0,0.2218,0.5416666666666666,0.5416666666666666,0.375,7,37,PreprocessPipeline eb3dad4,ephys/configs/xml/SF07_A4x16-Lin_v1raw_rot+1_0.xml,f06f917 (deployed),2026-10-06T03:09:40+00:00,0.956,0.9993,0.2738,0.8342,imu_nremgate,366.0,26.0,6.0
SF11,8_20260901_232454.815,imu_nremgate,/workdir/hc997/ephys_2026c/sleep/imu_nremgate/SF11/8_20260901_232454.815,243.6,0.6769,0.2832,0.0399,0.0,0.1236,0.625,0.5416666666666666,0.45612920922776357,42,35,PreprocessPipeline eb3dad4,ephys/configs/xml/SF07_A4x16-Lin_v1raw_rot+1_0.xml,f06f917 (deployed),2026-10-06T03:11:58+00:00,0.9893,0.9999,0.2031,0.7805,,,,
SF11,8_20260901_232454.815,imu_remclean,/workdir/hc997/ephys_2026c/sleep/imu_remclean/SF11/8_20260901_232454.815,9.2,0.6846,0.2832,0.0323,0.0,0.1023,0.625,0.5416666666666666,0.45612920922776357,42,35,PreprocessPipeline eb3dad4,ephys/configs/xml/SF07_A4x16-Lin_v1raw_rot+1_0.xml,f06f917 (deployed),2026-10-06T03:12:07+00:00,0.9904,0.9999,0.1945,0.7629,imu_nremgate,178.0,15.0,5.0
SF11,9_20260902_063458.913,imu_nremgate,/workdir/hc997/ephys_2026c/sleep/imu_nremgate/SF11/9_20260902_063458.913,26.6,0.2592,0.5941,0.1467,0.0,0.198,0.625,0.375,0.4583333333333333,21,35,PreprocessPipeline eb3dad4,ephys/configs/xml/SF07_A4x16-Lin_v1raw_rot+1_0.xml,f06f917 (deployed),2026-10-06T03:08:26+00:00,0.948,1.0,0.082,0.8173,,,,
SF11,9_20260902_063458.913,imu_remclean,/workdir/hc997/ephys_2026c/sleep/imu_remclean/SF11/9_20260902_063458.913,1.7,0.3115,0.5941,0.0944,0.0,0.1371,0.625,0.375,0.4583333333333333,21,35,PreprocessPipeline eb3dad4,ephys/configs/xml/SF07_A4x16-Lin_v1raw_rot+1_0.xml,f06f917 (deployed),2026-10-06T03:08:27+00:00,0.948,1.0,0.082,0.7587,imu_nremgate,165.0,0.0,0.0
SF11,9_20260904_135650.425,imu_nremgate,/workdir/hc997/ephys_2026c/sleep/imu_nremgate/SF11/9_20260904_135650.425,211.1,0.3426,0.5319,0.1255,0.0,0.1909,0.4583333333333333,0.5416666666666666,0.4583333333333333,12,37,PreprocessPipeline eb3dad4,ephys/configs/xml/SF07_A4x16-Lin_v1raw_rot+1_0.xml,f06f917 (deployed),2026-10-06T03:11:32+00:00,0.9335,0.9991,0.5992,0.9371,,,,
SF11,9_20260904_135650.425,imu_remclean,/workdir/hc997/ephys_2026c/sleep/imu_remclean/SF11/9_20260904_135650.425,7.5,0.3507,0.5319,0.1173,0.0,0.1807,0.4583333333333333,0.5416666666666666,0.4583333333333333,12,37,PreprocessPipeline eb3dad4,ephys/configs/xml/SF07_A4x16-Lin_v1raw_rot+1_0.xml,f06f917 (deployed),2026-10-06T03:11:40+00:00,0.9394,0.9995,0.5796,0.9279,imu_nremgate,130.0,31.0,6.0
SF11,9_20260906_133337.885,imu_nremgate,/workdir/hc997/ephys_2026c/sleep/imu_nremgate/SF11/9_20260906_133337.885,225.7,0.2311,0.6393,0.1296,0.0,0.1686,0.4583333333333333,0.7083333333333333,0.5416666666666666,9,53,PreprocessPipeline eb3dad4,ephys/configs/xml/SF07_A4x16-Lin_v1raw_rot+1_0.xml,f06f917 (deployed),2026-10-06T03:11:50+00:00,0.7954,0.9773,0.4473,0.8691,,,,
SF11,9_20260906_133337.885,imu_remclean,/workdir/hc997/ephys_2026c/sleep/imu_remclean/SF11/9_20260906_133337.885,6.9,0.28,0.6393,0.0807,0.0,0.1121,0.4583333333333333,0.7083333333333333,0.5416666666666666,9,53,PreprocessPipeline eb3dad4,ephys/configs/xml/SF07_A4x16-Lin_v1raw_rot+1_0.xml,f06f917 (deployed),2026-10-06T03:11:57+00:00,0.8153,0.9822,0.4139,0.8137,imu_nremgate,944.0,16.0,9.0
SF12,0_20260901_080334.683,imu_nremgate,/workdir/hc997/ephys_2026c/sleep/imu_nremgate/SF12/0_20260901_080334.683,196.3,0.2595,0.5907,0.1498,0.0,0.2023,0.625,0.5416666666666666,0.5416666666666666,43,44,PreprocessPipeline eb3dad4,ephys/configs/xml/SF12_A4x16-Lin_dataorder_20260908.xml,f06f917 (deployed),2026-10-06T03:11:27+00:00,0.9612,0.9996,0.2882,0.8927,,,,
SF12,0_20260901_080334.683,imu_remclean,/workdir/hc997/ephys_2026c/sleep/imu_remclean/SF12/0_20260901_080334.683,6.6,0.2948,0.5907,0.1145,0.0,0.1624,0.625,0.5416666666666666,0.5416666666666666,43,44,PreprocessPipeline eb3dad4,ephys/configs/xml/SF12_A4x16-Lin_dataorder_20260908.xml,f06f917 (deployed),2026-10-06T03:11:34+00:00,0.9645,0.9996,0.2767,0.8497,imu_nremgate,643.0,11.0,0.0
SF12,0_20260911_093859.455,imu_nremgate,/workdir/hc997/ephys_2026c/sleep/imu_nremgate/SF12/0_20260911_093859.455,3.7,0.863,0.137,0.0,0.0,0.0,0.29166666666666663,0.29166666666666663,0.4583333333333333,42,51,PreprocessPipeline eb3dad4,ephys/configs/xml/SF12_A4x16-Lin_dataorder_20260908.xml,f06f917 (deployed),2026-10-06T03:08:29+00:00,0.8611,0.9394,,1.0,,,,
SF12,0_20260911_093859.455,imu_remclean,/workdir/hc997/ephys_2026c/sleep/imu_remclean/SF12/0_20260911_093859.455,0.8,0.863,0.137,0.0,0.0,0.0,0.29166666666666663,0.29166666666666663,0.4583333333333333,42,51,PreprocessPipeline eb3dad4,ephys/configs/xml/SF12_A4x16-Lin_dataorder_20260908.xml,f06f917 (deployed),2026-10-06T03:08:30+00:00,0.8611,0.9394,,1.0,imu_nremgate,0.0,0.0,0.0
SF12,10_20260906_195502.355,imu_nremgate,/workdir/hc997/ephys_2026c/sleep/imu_nremgate/SF12/10_20260906_195502.355,419.2,0.6758,0.2987,0.0255,0.0,0.0787,0.5416666666666666,0.4583333333333333,0.5348957440970095,12,44,PreprocessPipeline eb3dad4,ephys/configs/xml/SF12_A4x16-Lin_dataorder_20260908.xml,f06f917 (deployed),2026-10-06T03:15:27+00:00,0.9757,0.9997,0.6332,0.9367,,,,
SF12,10_20260906_195502.355,imu_remclean,/workdir/hc997/ephys_2026c/sleep/imu_remclean/SF12/10_20260906_195502.355,13.3,0.6778,0.2987,0.0235,0.0,0.073,0.5416666666666666,0.4583333333333333,0.5348957440970095,12,44,PreprocessPipeline eb3dad4,ephys/configs/xml/SF12_A4x16-Lin_dataorder_20260908.xml,f06f917 (deployed),2026-10-06T03:15:40+00:00,0.9766,0.9997,0.6136,0.9324,imu_nremgate,46.0,21.0,21.0
SF12,11_20260902_083748.804,imu_nremgate,/workdir/hc997/ephys_2026c/sleep/imu_nremgate/SF12/11_20260902_083748.804,341.0,0.2657,0.5809,0.1533,0.0,0.2088,0.5416666666666666,0.5416666666666666,0.4583333333333333,43,44,PreprocessPipeline eb3dad4,ephys/configs/xml/SF12_A4x16-Lin_dataorder_20260908.xml,f06f917 (deployed),2026-10-06T03:14:11+00:00,0.9036,0.9958,0.5134,0.9246,,,,
SF12,11_20260902_083748.804,imu_remclean,/workdir/hc997/ephys_2026c/sleep/imu_remclean/SF12/11_20260902_083748.804,10.9,0.2844,0.5809,0.1347,0.0,0.1882,0.5416666666666666,0.5416666666666666,0.4583333333333333,43,44,PreprocessPipeline eb3dad4,ephys/configs/xml/SF12_A4x16-Lin_dataorder_20260908.xml,f06f917 (deployed),2026-10-06T03:14:22+00:00,0.9265,0.9987,0.4535,0.9076,imu_nremgate,428.0,175.0,50.0
SF12,15_20260903_002228.142,imu_nremgate,/workdir/hc997/ephys_2026c/sleep/imu_nremgate/SF12/15_20260903_002228.142,255.3,0.7344,0.2303,0.0352,0.0,0.1327,0.7083333333333333,0.5416666666666666,0.4279485642264529,12,44,PreprocessPipeline eb3dad4,ephys/configs/xml/SF12_A4x16-Lin_dataorder_20260908.xml,f06f917 (deployed),2026-10-06T03:13:04+00:00,0.9886,0.9998,0.2514,0.7877,,,,
SF12,15_20260903_002228.142,imu_remclean,/workdir/hc997/ephys_2026c/sleep/imu_remclean/SF12/15_20260903_002228.142,8.0,0.7365,0.2303,0.0332,0.0,0.126,0.7083333333333333,0.5416666666666666,0.4279485642264529,12,44,PreprocessPipeline eb3dad4,ephys/configs/xml/SF12_A4x16-Lin_dataorder_20260908.xml,f06f917 (deployed),2026-10-06T03:13:13+00:00,0.9907,1.0,0.2401,0.7854,imu_nremgate,33.0,13.0,2.0
SF12,15_20260910_210518.445,imu_nremgate,/workdir/hc997/ephys_2026c/sleep/imu_nremgate/SF12/15_20260910_210518.445,372.9,0.7948,0.1888,0.0165,0.0,0.0803,0.4583333333333333,0.5416666666666666,0.4825499245069338,64,36,PreprocessPipeline eb3dad4,ephys/configs/xml/SF12_A4x16-Lin_dataorder_20260908.xml,f06f917 (deployed),2026-10-06T03:15:34+00:00,0.9823,0.9994,0.5652,0.8908,,,,
SF12,15_20260910_210518.445,imu_remclean,/workdir/hc997/ephys_2026c/sleep/imu_remclean/SF12/15_20260910_210518.445,11.6,0.7981,0.1888,0.0131,0.0,0.0648,0.4583333333333333,0.5416666666666666,0.4825499245069338,64,36,PreprocessPipeline eb3dad4,ephys/configs/xml/SF12_A4x16-Lin_dataorder_20260908.xml,f06f917 (deployed),2026-10-06T03:15:46+00:00,0.9823,0.9994,0.5652,0.8749,imu_nremgate,138.0,0.0,0.0
SF12,17_20260911_192428.023,imu_nremgate,/workdir/hc997/ephys_2026c/sleep/imu_nremgate/SF12/17_20260911_192428.023,453.8,0.8524,0.1363,0.0113,0.0,0.0764,0.23684210526315788,0.5416666666666666,0.54,52,56,PreprocessPipeline eb3dad4,ephys/configs/xml/SF12_A4x16-Lin_dataorder_20260908.xml,f06f917 (deployed),2026-10-06T03:16:56+00:00,0.9754,0.9986,0.4575,0.3824,,,,
SF12,17_20260911_192428.023,imu_remclean,/workdir/hc997/ephys_2026c/sleep/imu_remclean/SF12/17_20260911_192428.023,15.2,0.8631,0.1363,0.0005,0.0,0.0038,0.23684210526315788,0.5416666666666666,0.54,52,56,PreprocessPipeline eb3dad4,ephys/configs/xml/SF12_A4x16-Lin_dataorder_20260908.xml,f06f917 (deployed),2026-10-06T03:17:12+00:00,0.9764,0.999,0.4356,0.3523,imu_nremgate,562.0,0.0,0.0
SF12,1_20260901_131223.398,imu_nremgate,/workdir/hc997/ephys_2026c/sleep/imu_nremgate/SF12/1_20260901_131223.398,146.0,0.2283,0.5621,0.2096,0.0,0.2716,0.625,0.5416666666666666,0.375,43,44,PreprocessPipeline eb3dad4,ephys/configs/xml/SF12_A4x16-Lin_dataorder_20260908.xml,f06f917 (deployed),2026-10-06T03:12:00+00:00,0.9028,0.9968,0.4537,0.9016,,,,
SF12,1_20260901_131223.398,imu_remclean,/workdir/hc997/ephys_2026c/sleep/imu_remclean/SF12/1_20260901_131223.398,5.5,0.2566,0.5621,0.1813,0.0,0.2439,0.625,0.5416666666666666,0.375,43,44,PreprocessPipeline eb3dad4,ephys/configs/xml/SF12_A4x16-Lin_dataorder_20260908.xml,f06f917 (deployed),2026-10-06T03:12:06+00:00,0.9333,1.0,0.3981,0.8736,imu_nremgate,331.0,65.0,23.0
SF12,1_20260905_094345.171,imu_nremgate,/workdir/hc997/ephys_2026c/sleep/imu_nremgate/SF12/1_20260905_094345.171,4.0,0.6271,0.3729,0.0,0.0,0.0,0.7083333333333333,0.20833333333333331,0.25874375060003874,12,59,PreprocessPipeline eb3dad4,ephys/configs/xml/SF12_A4x16-Lin_dataorder_20260908.xml,f06f917 (deployed),2026-10-06T03:09:42+00:00,0.0,,0.0,0.3621,,,,
SF12,1_20260905_094345.171,imu_remclean,/workdir/hc997/ephys_2026c/sleep/imu_remclean/SF12/1_20260905_094345.171,0.5,0.6271,0.3729,0.0,0.0,0.0,0.7083333333333333,0.20833333333333331,0.25874375060003874,12,59,PreprocessPipeline eb3dad4,ephys/configs/xml/SF12_A4x16-Lin_dataorder_20260908.xml,f06f917 (deployed),2026-10-06T03:09:43+00:00,0.0,,0.0,0.3621,imu_nremgate,0.0,0.0,0.0
SF12,1_20260907_090326.668,imu_nremgate,/workdir/hc997/ephys_2026c/sleep/imu_nremgate/SF12/1_20260907_090326.668,3.2,0.4516,0.5484,0.0,0.0,0.0,0.5416666666666666,0.4583333333333333,0.21812077439968774,61,36,PreprocessPipeline eb3dad4,ephys/configs/xml/SF12_A4x16-Lin_dataorder_20260908.xml,f06f917 (deployed),2026-10-06T03:09:43+00:00,0.7778,,0.0,0.6111,,,,
SF12,1_20260907_090326.668,imu_remclean,/workdir/hc997/ephys_2026c/sleep/imu_remclean/SF12/1_20260907_090326.668,0.7,0.4516,0.5484,0.0,0.0,0.0,0.5416666666666666,0.4583333333333333,0.21812077439968774,61,36,PreprocessPipeline eb3dad4,ephys/configs/xml/SF12_A4x16-Lin_dataorder_20260908.xml,f06f917 (deployed),2026-10-06T03:09:44+00:00,0.7778,,0.0,0.6111,imu_nremgate,0.0,0.0,0.0
SF12,2_20260831_191613.417,imu_nremgate,/workdir/hc997/ephys_2026c/sleep/imu_nremgate/SF12/2_20260831_191613.417,181.8,0.8199,0.1738,0.0063,0.0,0.035,0.7916666666666666,0.5416666666666666,0.4131074822178078,43,44,PreprocessPipeline eb3dad4,ephys/configs/xml/SF12_A4x16-Lin_dataorder_20260908.xml,f06f917 (deployed),2026-10-06T03:12:45+00:00,0.9935,0.9999,0.1041,0.5702,,,,
SF12,2_20260831_191613.417,imu_remclean,/workdir/hc997/ephys_2026c/sleep/imu_remclean/SF12/2_20260831_191613.417,6.7,0.8262,0.1738,0.0,0.0,0.0,0.7916666666666666,0.5416666666666666,0.4131074822178078,43,44,PreprocessPipeline eb3dad4,ephys/configs/xml/SF12_A4x16-Lin_dataorder_20260908.xml,f06f917 (deployed),2026-10-06T03:12:51+00:00,0.9985,0.9999,0.0362,0.5596,imu_nremgate,90.0,20.0,9.0
SF12,2_20260901_171924.960,imu_nremgate,/workdir/hc997/ephys_2026c/sleep/imu_nremgate/SF12/2_20260901_171924.960,30.9,0.3415,0.489,0.1696,0.0,0.2575,0.5416666666666666,0.4583333333333333,0.375,43,54,PreprocessPipeline eb3dad4,ephys/configs/xml/SF12_A4x16-Lin_dataorder_20260908.xml,f06f917 (deployed),2026-10-06T03:10:15+00:00,0.9516,1.0,0.7746,0.9591,,,,
SF12,2_20260901_171924.960,imu_remclean,/workdir/hc997/ephys_2026c/sleep/imu_remclean/SF12/2_20260901_171924.960,1.9,0.3433,0.489,0.1677,0.0,0.2554,0.5416666666666666,0.4583333333333333,0.375,43,54,PreprocessPipeline eb3dad4,ephys/configs/xml/SF12_A4x16-Lin_dataorder_20260908.xml,f06f917 (deployed),2026-10-06T03:10:17+00:00,0.9563,1.0,0.7042,0.9591,imu_nremgate,0.0,6.0,1.0
SF12,2_20260905_094454.579,imu_nremgate,/workdir/hc997/ephys_2026c/sleep/imu_nremgate/SF12/2_20260905_094454.579,276.8,0.1454,0.6865,0.1681,0.0,0.1967,0.4583333333333333,0.5416666666666666,0.4583333333333333,31,44,PreprocessPipeline eb3dad4,ephys/configs/xml/SF12_A4x16-Lin_dataorder_20260908.xml,f06f917 (deployed),2026-10-06T03:14:49+00:00,0.7946,0.998,0.723,0.9666,,,,
SF12,2_20260905_094454.579,imu_remclean,/workdir/hc997/ephys_2026c/sleep/imu_remclean/SF12/2_20260905_094454.579,9.2,0.1589,0.6865,0.1546,0.0,0.1838,0.4583333333333333,0.5416666666666666,0.4583333333333333,31,44,PreprocessPipeline eb3dad4,ephys/configs/xml/SF12_A4x16-Lin_dataorder_20260908.xml,f06f917 (deployed),2026-10-06T03:14:58+00:00,0.8305,0.998,0.6424,0.9578,imu_nremgate,170.0,171.0,61.0
SF12,2_20260907_090439.409,imu_nremgate,/workdir/hc997/ephys_2026c/sleep/imu_nremgate/SF12/2_20260907_090439.409,283.7,0.1995,0.6422,0.1583,0.0,0.1978,0.5416666666666666,0.5416666666666666,0.4583333333333333,43,44,PreprocessPipeline eb3dad4,ephys/configs/xml/SF12_A4x16-Lin_dataorder_20260908.xml,f06f917 (deployed),2026-10-06T03:14:57+00:00,0.9154,0.9996,0.4432,0.929,,,,
SF12,2_20260907_090439.409,imu_remclean,/workdir/hc997/ephys_2026c/sleep/imu_remclean/SF12/2_20260907_090439.409,8.9,0.2125,0.6422,0.1453,0.0,0.1845,0.5416666666666666,0.5416666666666666,0.4583333333333333,43,44,PreprocessPipeline eb3dad4,ephys/configs/xml/SF12_A4x16-Lin_dataorder_20260908.xml,f06f917 (deployed),2026-10-06T03:15:06+00:00,0.9323,0.9996,0.4144,0.9166,imu_nremgate,306.0,60.0,7.0
SF12,2_20260907_180003.285,imu_nremgate,/workdir/hc997/ephys_2026c/sleep/imu_nremgate/SF12/2_20260907_180003.285,361.5,0.781,0.219,0.0,0.0,0.0,0.20833333333333331,0.4583333333333333,0.28694602750761394,59,44,PreprocessPipeline eb3dad4,ephys/configs/xml/SF12_A4x16-Lin_dataorder_20260908.xml,f06f917 (deployed),2026-10-06T03:16:18+00:00,0.977,0.9999,0.7616,0.9528,,,,
SF12,2_20260907_180003.285,imu_remclean,/workdir/hc997/ephys_2026c/sleep/imu_remclean/SF12/2_20260907_180003.285,13.1,0.781,0.219,0.0,0.0,0.0,0.20833333333333331,0.4583333333333333,0.28694602750761394,59,44,PreprocessPipeline eb3dad4,ephys/configs/xml/SF12_A4x16-Lin_dataorder_20260908.xml,f06f917 (deployed),2026-10-06T03:16:31+00:00,0.977,0.9999,0.7616,0.9528,imu_nremgate,0.0,0.0,0.0
SF12,2_20260909_091353.804,imu_nremgate,/workdir/hc997/ephys_2026c/sleep/imu_nremgate/SF12/2_20260909_091353.804,273.5,0.1877,0.6562,0.1561,0.0,0.1921,0.5416666666666666,0.625,0.4583333333333333,43,44,PreprocessPipeline eb3dad4,ephys/configs/xml/SF12_A4x16-Lin_dataorder_20260908.xml,f06f917 (deployed),2026-10-06T03:15:00+00:00,0.8298,0.9931,0.5168,0.9224,,,,
SF12,2_20260909_091353.804,imu_remclean,/workdir/hc997/ephys_2026c/sleep/imu_remclean/SF12/2_20260909_091353.804,9.8,0.2299,0.6562,0.1139,0.0,0.1479,0.5416666666666666,0.625,0.4583333333333333,43,44,PreprocessPipeline eb3dad4,ephys/configs/xml/SF12_A4x16-Lin_dataorder_20260908.xml,f06f917 (deployed),2026-10-06T03:15:10+00:00,0.8605,0.9976,0.4832,0.8777,imu_nremgate,1258.0,66.0,13.0
SF12,2_20260909_184027.605,imu_nremgate,/workdir/hc997/ephys_2026c/sleep/imu_nremgate/SF12/2_20260909_184027.605,6.1,0.6521,0.3479,0.0,0.0,0.0,0.375,0.29166666666666663,0.5262558786333702,10,1,PreprocessPipeline eb3dad4,ephys/configs/xml/SF12_A4x16-Lin_dataorder_20260908.xml,f06f917 (deployed),2026-10-06T03:10:33+00:00,0.6393,0.6393,,,,,,
SF12,2_20260909_184027.605,imu_remclean,/workdir/hc997/ephys_2026c/sleep/imu_remclean/SF12/2_20260909_184027.605,0.9,0.6521,0.3479,0.0,0.0,0.0,0.375,0.29166666666666663,0.5262558786333702,10,1,PreprocessPipeline eb3dad4,ephys/configs/xml/SF12_A4x16-Lin_dataorder_20260908.xml,f06f917 (deployed),2026-10-06T03:10:34+00:00,0.6393,0.6393,,,imu_nremgate,0.0,0.0,0.0
SF12,2_20260911_094554.396,imu_nremgate,/workdir/hc997/ephys_2026c/sleep/imu_nremgate/SF12/2_20260911_094554.396,3.4,0.9192,0.0,0.0808,0.0,1.0,0.625,0.20833333333333331,0.31618456316431576,42,27,PreprocessPipeline eb3dad4,ephys/configs/xml/SF12_A4x16-Lin_dataorder_20260908.xml,f06f917 (deployed),2026-10-06T03:10:31+00:00,0.9231,,0.0625,0.1714,,,,
SF12,2_20260911_094554.396,imu_remclean,/workdir/hc997/ephys_2026c/sleep/imu_remclean/SF12/2_20260911_094554.396,0.7,1.0,0.0,0.0,0.0,0.0,0.625,0.20833333333333331,0.31618456316431576,42,27,PreprocessPipeline eb3dad4,ephys/configs/xml/SF12_A4x16-Lin_dataorder_20260908.xml,f06f917 (deployed),2026-10-06T03:10:32+00:00,0.9692,,0.0,0.0,imu_nremgate,8.0,0.0,0.0
SF12,3_20260901_003050.862,imu_nremgate,/workdir/hc997/ephys_2026c/sleep/imu_nremgate/SF12/3_20260901_003050.862,155.8,0.5424,0.4184,0.0392,0.0,0.0856,0.625,0.625,0.4877220564821753,43,44,PreprocessPipeline eb3dad4,ephys/configs/xml/SF12_A4x16-Lin_dataorder_20260908.xml,f06f917 (deployed),2026-10-06T03:13:07+00:00,0.9768,0.9992,0.2834,0.8398,,,,
SF12,3_20260901_003050.862,imu_remclean,/workdir/hc997/ephys_2026c/sleep/imu_remclean/SF12/3_20260901_003050.862,5.5,0.5439,0.4184,0.0377,0.0,0.0826,0.625,0.625,0.4877220564821753,43,44,PreprocessPipeline eb3dad4,ephys/configs/xml/SF12_A4x16-Lin_dataorder_20260908.xml,f06f917 (deployed),2026-10-06T03:13:13+00:00,0.9788,1.0,0.2772,0.8389,imu_nremgate,10.0,11.0,3.0
SF12,3_20260903_080924.473,imu_nremgate,/workdir/hc997/ephys_2026c/sleep/imu_nremgate/SF12/3_20260903_080924.473,297.1,0.1857,0.5929,0.2214,0.0,0.2719,0.5416666666666666,0.5416666666666666,0.4583333333333333,31,44,PreprocessPipeline eb3dad4,ephys/configs/xml/SF12_A4x16-Lin_dataorder_20260908.xml,f06f917 (deployed),2026-10-06T03:15:29+00:00,0.8638,0.9974,0.6237,0.9328,,,,
SF12,3_20260903_080924.473,imu_remclean,/workdir/hc997/ephys_2026c/sleep/imu_remclean/SF12/3_20260903_080924.473,9.6,0.2264,0.5929,0.1808,0.0,0.2336,0.5416666666666666,0.5416666666666666,0.4583333333333333,31,44,PreprocessPipeline eb3dad4,ephys/configs/xml/SF12_A4x16-Lin_dataorder_20260908.xml,f06f917 (deployed),2026-10-06T03:15:38+00:00,0.8964,0.9994,0.5422,0.8907,imu_nremgate,1132.0,121.0,31.0
SF12,3_20260903_180935.835,imu_nremgate,/workdir/hc997/ephys_2026c/sleep/imu_nremgate/SF12/3_20260903_180935.835,382.9,0.7326,0.2506,0.0168,0.0,0.0627,0.5416666666666666,0.5416666666666666,0.5347893851836658,43,44,PreprocessPipeline eb3dad4,ephys/configs/xml/SF12_A4x16-Lin_dataorder_20260908.xml,f06f917 (deployed),2026-10-06T03:16:55+00:00,0.9691,0.9997,0.6813,0.9212,,,,
SF12,3_20260903_180935.835,imu_remclean,/workdir/hc997/ephys_2026c/sleep/imu_remclean/SF12/3_20260903_180935.835,13.5,0.7359,0.2506,0.0135,0.0,0.051,0.5416666666666666,0.5416666666666666,0.5347893851836658,43,44,PreprocessPipeline eb3dad4,ephys/configs/xml/SF12_A4x16-Lin_dataorder_20260908.xml,f06f917 (deployed),2026-10-06T03:17:09+00:00,0.9693,0.9997,0.6771,0.9093,imu_nremgate,140.0,9.0,3.0
SF12,3_20260905_190131.729,imu_nremgate,/workdir/hc997/ephys_2026c/sleep/imu_nremgate/SF12/3_20260905_190131.729,3.3,0.75,0.25,0.0,0.0,0.0,0.7083333333333333,0.375,0.29669600337625857,30,55,PreprocessPipeline eb3dad4,ephys/configs/xml/SF12_A4x16-Lin_dataorder_20260908.xml,f06f917 (deployed),2026-10-06T03:10:37+00:00,0.9444,,0.0,0.3256,,,,
SF12,3_20260905_190131.729,imu_remclean,/workdir/hc997/ephys_2026c/sleep/imu_remclean/SF12/3_20260905_190131.729,0.6,0.75,0.25,0.0,0.0,0.0,0.7083333333333333,0.375,0.29669600337625857,30,55,PreprocessPipeline eb3dad4,ephys/configs/xml/SF12_A4x16-Lin_dataorder_20260908.xml,f06f917 (deployed),2026-10-06T03:10:38+00:00,0.9444,,0.0,0.3256,imu_nremgate,0.0,0.0,0.0
SF12,4_20260901_054714.722,imu_nremgate,/workdir/hc997/ephys_2026c/sleep/imu_nremgate/SF12/4_20260901_054714.722,4.9,0.7315,0.2685,0.0,0.0,0.0,0.29166666666666663,0.125,0.23046509436586482,59,33,PreprocessPipeline eb3dad4,ephys/configs/xml/SF12_A4x16-Lin_dataorder_20260908.xml,f06f917 (deployed),2026-10-06T03:10:43+00:00,0.913,,0.0,0.3103,,,,
SF12,4_20260901_054714.722,imu_remclean,/workdir/hc997/ephys_2026c/sleep/imu_remclean/SF12/4_20260901_054714.722,0.7,0.7315,0.2685,0.0,0.0,0.0,0.29166666666666663,0.125,0.23046509436586482,59,33,PreprocessPipeline eb3dad4,ephys/configs/xml/SF12_A4x16-Lin_dataorder_20260908.xml,f06f917 (deployed),2026-10-06T03:10:43+00:00,0.913,,0.0,0.3103,imu_nremgate,0.0,0.0,0.0
SF12,4_20260901_194535.925,imu_nremgate,/workdir/hc997/ephys_2026c/sleep/imu_nremgate/SF12/4_20260901_194535.925,3.5,0.4308,0.5692,0.0,0.0,0.0,0.625,0.20833333333333331,0.1953252375931704,33,31,PreprocessPipeline eb3dad4,ephys/configs/xml/SF12_A4x16-Lin_dataorder_20260908.xml,f06f917 (deployed),2026-10-06T03:10:47+00:00,0.8462,,0.0,0.6792,,,,
SF12,4_20260901_194535.925,imu_remclean,/workdir/hc997/ephys_2026c/sleep/imu_remclean/SF12/4_20260901_194535.925,0.7,0.4308,0.5692,0.0,0.0,0.0,0.625,0.20833333333333331,0.1953252375931704,33,31,PreprocessPipeline eb3dad4,ephys/configs/xml/SF12_A4x16-Lin_dataorder_20260908.xml,f06f917 (deployed),2026-10-06T03:10:48+00:00,0.8462,,0.0,0.6792,imu_nremgate,0.0,0.0,0.0
SF12,4_20260905_190240.835,imu_nremgate,/workdir/hc997/ephys_2026c/sleep/imu_nremgate/SF12/4_20260905_190240.835,341.1,0.7659,0.2174,0.0167,0.0,0.0712,0.625,0.4583333333333333,0.436469245803762,12,44,PreprocessPipeline eb3dad4,ephys/configs/xml/SF12_A4x16-Lin_dataorder_20260908.xml,f06f917 (deployed),2026-10-06T03:16:29+00:00,0.9873,1.0,0.4348,0.8875,,,,
SF12,4_20260905_190240.835,imu_remclean,/workdir/hc997/ephys_2026c/sleep/imu_remclean/SF12/4_20260905_190240.835,12.8,0.7663,0.2174,0.0163,0.0,0.0696,0.625,0.4583333333333333,0.436469245803762,12,44,PreprocessPipeline eb3dad4,ephys/configs/xml/SF12_A4x16-Lin_dataorder_20260908.xml,f06f917 (deployed),2026-10-06T03:16:42+00:00,0.9876,1.0,0.4306,0.8869,imu_nremgate,0.0,10.0,7.0
SF12,4_20260909_184750.985,imu_nremgate,/workdir/hc997/ephys_2026c/sleep/imu_nremgate/SF12/4_20260909_184750.985,408.9,0.831,0.1558,0.0133,0.0,0.0785,0.5416666666666666,0.375,0.5086181701690854,12,44,PreprocessPipeline eb3dad4,ephys/configs/xml/SF12_A4x16-Lin_dataorder_20260908.xml,f06f917 (deployed),2026-10-06T03:17:38+00:00,0.994,1.0,0.3598,0.8665,,,,
SF12,4_20260909_184750.985,imu_remclean,/workdir/hc997/ephys_2026c/sleep/imu_remclean/SF12/4_20260909_184750.985,13.7,0.8337,0.1558,0.0106,0.0,0.0636,0.5416666666666666,0.375,0.5086181701690854,12,44,PreprocessPipeline eb3dad4,ephys/configs/xml/SF12_A4x16-Lin_dataorder_20260908.xml,f06f917 (deployed),2026-10-06T03:17:52+00:00,0.9941,1.0,0.3576,0.8522,imu_nremgate,125.0,0.0,0.0
SF12,5_20260904_082836.973,imu_nremgate,/workdir/hc997/ephys_2026c/sleep/imu_nremgate/SF12/5_20260904_082836.973,348.0,0.2541,0.6044,0.1415,0.0,0.1897,0.5416666666666666,0.5416666666666666,0.4583333333333333,33,44,PreprocessPipeline eb3dad4,ephys/configs/xml/SF12_A4x16-Lin_dataorder_20260908.xml,f06f917 (deployed),2026-10-06T03:16:51+00:00,0.8951,0.998,0.6679,0.9362,,,,
SF12,5_20260904_082836.973,imu_remclean,/workdir/hc997/ephys_2026c/sleep/imu_remclean/SF12/5_20260904_082836.973,11.8,0.2752,0.6044,0.1204,0.0,0.1661,0.5416666666666666,0.5416666666666666,0.4583333333333333,33,44,PreprocessPipeline eb3dad4,ephys/configs/xml/SF12_A4x16-Lin_dataorder_20260908.xml,f06f917 (deployed),2026-10-06T03:17:03+00:00,0.9017,0.998,0.6499,0.9105,imu_nremgate,768.0,62.0,19.0
SF12,5_20260908_072624.615,imu_nremgate,/workdir/hc997/ephys_2026c/sleep/imu_nremgate/SF12/5_20260908_072624.615,354.1,0.1637,0.6722,0.1641,0.0,0.1962,0.5416666666666666,0.625,0.4583333333333333,43,44,PreprocessPipeline eb3dad4,ephys/configs/xml/SF12_A4x16-Lin_dataorder_20260908.xml,f06f917 (deployed),2026-10-06T03:17:02+00:00,0.8185,0.9904,0.583,0.9365,,,,
SF12,5_20260908_072624.615,imu_remclean,/workdir/hc997/ephys_2026c/sleep/imu_remclean/SF12/5_20260908_072624.615,12.7,0.184,0.6722,0.1437,0.0,0.1762,0.5416666666666666,0.625,0.4583333333333333,43,44,PreprocessPipeline eb3dad4,ephys/configs/xml/SF12_A4x16-Lin_dataorder_20260908.xml,f06f917 (deployed),2026-10-06T03:17:14+00:00,0.8628,0.9978,0.5371,0.9201,imu_nremgate,552.0,249.0,47.0
SF12,6_20260901_195621.144,imu_nremgate,/workdir/hc997/ephys_2026c/sleep/imu_nremgate/SF12/6_20260901_195621.144,131.1,0.8126,0.1803,0.0071,0.0,0.0381,0.625,0.375,0.42324544363173955,12,44,PreprocessPipeline eb3dad4,ephys/configs/xml/SF12_A4x16-Lin_dataorder_20260908.xml,f06f917 (deployed),2026-10-06T03:13:21+00:00,0.995,0.9999,0.2991,0.8829,,,,
SF12,6_20260901_195621.144,imu_remclean,/workdir/hc997/ephys_2026c/sleep/imu_remclean/SF12/6_20260901_195621.144,4.3,0.813,0.1803,0.0067,0.0,0.036,0.625,0.375,0.42324544363173955,12,44,PreprocessPipeline eb3dad4,ephys/configs/xml/SF12_A4x16-Lin_dataorder_20260908.xml,f06f917 (deployed),2026-10-06T03:13:25+00:00,0.9954,0.9999,0.2617,0.8829,imu_nremgate,0.0,4.0,1.0
SF12,7_20260901_232651.122,imu_nremgate,/workdir/hc997/ephys_2026c/sleep/imu_nremgate/SF12/7_20260901_232651.122,235.8,0.6516,0.2988,0.0496,0.0,0.1425,0.7083333333333333,0.5416666666666666,0.4490548922876295,43,44,PreprocessPipeline eb3dad4,ephys/configs/xml/SF12_A4x16-Lin_dataorder_20260908.xml,f06f917 (deployed),2026-10-06T03:15:13+00:00,0.9862,1.0,0.2016,0.772,,,,
SF12,7_20260901_232651.122,imu_remclean,/workdir/hc997/ephys_2026c/sleep/imu_remclean/SF12/7_20260901_232651.122,7.9,0.6543,0.2988,0.0469,0.0,0.1356,0.7083333333333333,0.5416666666666666,0.4490548922876295,43,44,PreprocessPipeline eb3dad4,ephys/configs/xml/SF12_A4x16-Lin_dataorder_20260908.xml,f06f917 (deployed),2026-10-06T03:15:21+00:00,0.9885,1.0,0.1852,0.7684,imu_nremgate,48.0,19.0,3.0
SF12,7_20260906_080951.055,imu_nremgate,/workdir/hc997/ephys_2026c/sleep/imu_nremgate/SF12/7_20260906_080951.055,345.6,0.1177,0.7387,0.1436,0.0,0.1628,0.4583333333333333,0.625,0.4583333333333333,43,34,PreprocessPipeline eb3dad4,ephys/configs/xml/SF12_A4x16-Lin_dataorder_20260908.xml,f06f917 (deployed),2026-10-06T03:17:17+00:00,0.6461,0.9823,0.8698,0.9754,,,,
SF12,7_20260906_080951.055,imu_remclean,/workdir/hc997/ephys_2026c/sleep/imu_remclean/SF12/7_20260906_080951.055,12.0,0.1337,0.7387,0.1276,0.0,0.1473,0.4583333333333333,0.625,0.4583333333333333,43,34,PreprocessPipeline eb3dad4,ephys/configs/xml/SF12_A4x16-Lin_dataorder_20260908.xml,f06f917 (deployed),2026-10-06T03:17:29+00:00,0.6828,0.9836,0.8271,0.9642,imu_nremgate,358.0,231.0,44.0
SF12,8_20260902_063032.282,imu_nremgate,/workdir/hc997/ephys_2026c/sleep/imu_nremgate/SF12/8_20260902_063032.282,34.7,0.3264,0.5393,0.1344,0.0,0.1995,0.625,0.375,0.4583333333333333,43,50,PreprocessPipeline eb3dad4,ephys/configs/xml/SF12_A4x16-Lin_dataorder_20260908.xml,f06f917 (deployed),2026-10-06T03:12:08+00:00,0.9555,0.9978,0.2138,0.8469,,,,
SF12,8_20260902_063032.282,imu_remclean,/workdir/hc997/ephys_2026c/sleep/imu_remclean/SF12/8_20260902_063032.282,1.9,0.3555,0.5393,0.1052,0.0,0.1632,0.625,0.375,0.4583333333333333,43,50,PreprocessPipeline eb3dad4,ephys/configs/xml/SF12_A4x16-Lin_dataorder_20260908.xml,f06f917 (deployed),2026-10-06T03:12:10+00:00,0.959,0.9978,0.195,0.8102,imu_nremgate,114.0,3.0,0.0
SF12,8_20260904_203130.725,imu_nremgate,/workdir/hc997/ephys_2026c/sleep/imu_nremgate/SF12/8_20260904_203130.725,350.8,0.6858,0.2753,0.0388,0.0,0.1236,0.625,0.5416666666666666,0.43398503043765146,12,44,PreprocessPipeline eb3dad4,ephys/configs/xml/SF12_A4x16-Lin_dataorder_20260908.xml,f06f917 (deployed),2026-10-06T03:17:31+00:00,0.961,0.9991,0.6179,0.8979,,,,
SF12,8_20260904_203130.725,imu_remclean,/workdir/hc997/ephys_2026c/sleep/imu_remclean/SF12/8_20260904_203130.725,13.0,0.6895,0.2753,0.0352,0.0,0.1133,0.625,0.5416666666666666,0.43398503043765146,12,44,PreprocessPipeline eb3dad4,ephys/configs/xml/SF12_A4x16-Lin_dataorder_20260908.xml,f06f917 (deployed),2026-10-06T03:17:44+00:00,0.9638,0.9993,0.594,0.8922,imu_nremgate,85.0,63.0,10.0
SF12,8_20260908_194824.915,imu_nremgate,/workdir/hc997/ephys_2026c/sleep/imu_nremgate/SF12/8_20260908_194824.915,381.2,0.7771,0.1954,0.0275,0.0,0.1234,0.625,0.375,0.4333670557123152,12,35,PreprocessPipeline eb3dad4,ephys/configs/xml/SF12_A4x16-Lin_dataorder_20260908.xml,f06f917 (deployed),2026-10-06T03:18:19+00:00,0.9918,1.0,0.3057,0.8614,,,,
SF12,8_20260908_194824.915,imu_remclean,/workdir/hc997/ephys_2026c/sleep/imu_remclean/SF12/8_20260908_194824.915,13.7,0.7774,0.1954,0.0272,0.0,0.1223,0.625,0.375,0.4333670557123152,12,35,PreprocessPipeline eb3dad4,ephys/configs/xml/SF12_A4x16-Lin_dataorder_20260908.xml,f06f917 (deployed),2026-10-06T03:18:32+00:00,0.9919,1.0,0.2969,0.8609,imu_nremgate,0.0,8.0,5.0
SF12,8_20260910_083507.425,imu_nremgate,/workdir/hc997/ephys_2026c/sleep/imu_nremgate/SF12/8_20260910_083507.425,190.7,0.1451,0.6632,0.1917,0.0,0.2242,0.5416666666666666,0.5416666666666666,0.375,43,44,PreprocessPipeline eb3dad4,ephys/configs/xml/SF12_A4x16-Lin_dataorder_20260908.xml,f06f917 (deployed),2026-10-06T03:15:17+00:00,0.8656,0.9993,0.5537,0.9479,,,,
SF12,8_20260910_083507.425,imu_remclean,/workdir/hc997/ephys_2026c/sleep/imu_remclean/SF12/8_20260910_083507.425,7.2,0.1712,0.6632,0.1655,0.0,0.1997,0.5416666666666666,0.5416666666666666,0.375,43,44,PreprocessPipeline eb3dad4,ephys/configs/xml/SF12_A4x16-Lin_dataorder_20260908.xml,f06f917 (deployed),2026-10-06T03:15:24+00:00,0.8927,0.9993,0.4805,0.9217,imu_nremgate,506.0,69.0,20.0
