block_start_local,logger,n_tags,best_shortid,best_tag,r_best,second_tag,r_second,margin,confident,expected_tags,r_expected,agrees
2026-08-31 19:00,SF07,7,12409.0,3079,0.425,3062,0.4,0.024,False,3079,0.425,
2026-08-31 19:00,SF08,7,12378.0,305a,0.639,3077,0.549,0.09,False,3062,0.53,
2026-08-31 19:00,SF09,6,12407.0,3077,0.718,305a,0.463,0.255,True,3077,0.718,True
2026-08-31 19:00,SF10,6,12409.0,3079,0.427,3062,0.333,0.094,False,306b,0.245,
2026-08-31 19:00,SF11,6,12378.0,305a,0.662,3062,0.314,0.348,True,305a,0.662,True
2026-08-31 19:00,SF12,6,12377.0,3059,0.445,3062,0.16,0.285,False,3059,0.445,
2026-08-31 20:00,SF07,6,12409.0,3079,0.309,305a,0.179,0.131,False,3079,0.309,
2026-08-31 20:00,SF08,6,12377.0,3059,0.203,305a,0.116,0.087,False,3062,0.053,
2026-08-31 20:00,SF09,6,12407.0,3077,0.322,3079,0.157,0.165,False,3077,0.322,
2026-08-31 20:00,SF10,6,12378.0,305a,0.149,306b,0.135,0.014,False,306b,0.135,
2026-08-31 20:00,SF11,6,12378.0,305a,0.186,306b,-0.071,0.257,False,305a,0.186,
2026-08-31 20:00,SF12,6,12377.0,3059,0.506,3077,0.1,0.406,True,3059,0.506,True
2026-08-31 21:00,SF07,6,12409.0,3079,0.454,3059,0.271,0.183,False,3079,0.454,
2026-08-31 21:00,SF08,6,12386.0,3062,0.403,3059,0.129,0.274,False,3062,0.403,
2026-08-31 21:00,SF09,6,12407.0,3077,0.314,3059,0.109,0.206,False,3077,0.314,
2026-08-31 21:00,SF10,6,12395.0,306b,0.095,305a,0.065,0.03,False,306b,0.095,
2026-08-31 21:00,SF11,6,12378.0,305a,0.613,306b,0.042,0.571,True,305a,0.613,True
2026-08-31 21:00,SF12,6,12377.0,3059,0.393,3062,0.207,0.186,False,3059,0.393,
2026-08-31 22:00,SF07,6,12409.0,3079,0.407,3059,0.318,0.089,False,3079,0.407,
2026-08-31 22:00,SF08,6,12386.0,3062,0.311,3077,0.015,0.296,False,3062,0.311,
2026-08-31 22:00,SF09,6,12407.0,3077,0.54,3059,0.215,0.325,True,3077,0.54,True
2026-08-31 22:00,SF10,6,12377.0,3059,0.492,3079,0.379,0.112,False,306b,0.272,
2026-08-31 22:00,SF11,6,12378.0,305a,0.564,3077,0.085,0.479,True,305a,0.564,True
2026-08-31 22:00,SF12,6,12377.0,3059,0.626,3079,0.427,0.199,False,3059,0.626,
2026-08-31 23:00,SF07,6,12409.0,3079,0.287,3059,0.012,0.275,False,3079,0.287,
2026-08-31 23:00,SF08,6,12386.0,3062,0.231,3059,0.063,0.168,False,3062,0.231,
2026-08-31 23:00,SF09,6,12407.0,3077,0.675,3062,0.248,0.428,True,3077,0.675,True
2026-08-31 23:00,SF10,6,12395.0,306b,0.542,305a,0.227,0.315,True,306b,0.542,True
2026-08-31 23:00,SF11,6,12378.0,305a,0.586,306b,0.302,0.284,True,305a,0.586,True
2026-08-31 23:00,SF12,6,12377.0,3059,0.482,306b,0.198,0.284,False,3059,0.482,
2026-09-01 00:00,SF07,6,12407.0,3077,0.333,305a,0.263,0.069,False,3079,0.219,
2026-09-01 00:00,SF08,6,12377.0,3059,0.466,305a,0.4,0.066,False,3062,0.115,
2026-09-01 00:00,SF09,6,12407.0,3077,0.473,3079,0.141,0.332,False,3077,0.473,
2026-09-01 00:00,SF10,6,12377.0,3059,0.581,305a,0.448,0.133,False,306b,0.421,
2026-09-01 00:00,SF11,6,12378.0,305a,0.703,3059,0.356,0.347,True,305a,0.703,True
2026-09-01 00:00,SF12,6,12377.0,3059,0.642,305a,0.487,0.155,False,3059,0.642,
2026-09-01 01:00,SF07,6,12409.0,3079,0.204,305a,0.129,0.075,False,3079,0.204,
2026-09-01 01:00,SF08,6,12386.0,3062,0.619,3059,0.505,0.114,False,3062,0.619,
2026-09-01 01:00,SF09,6,12407.0,3077,0.618,306b,0.166,0.452,True,3077,0.618,True
2026-09-01 01:00,SF10,6,12395.0,306b,0.414,3059,0.139,0.275,False,306b,0.414,
2026-09-01 01:00,SF11,6,12378.0,305a,0.367,306b,0.049,0.318,False,305a,0.367,
2026-09-01 01:00,SF12,6,12377.0,3059,0.564,3062,0.356,0.208,False,3059,0.564,
2026-09-01 02:00,SF07,6,12409.0,3079,0.506,3062,0.101,0.406,True,3079,0.506,True
2026-09-01 02:00,SF08,6,12386.0,3062,0.363,3077,0.118,0.246,False,3062,0.363,
2026-09-01 02:00,SF09,6,12407.0,3077,0.363,305a,0.249,0.114,False,3077,0.363,
2026-09-01 02:00,SF10,6,12395.0,306b,0.485,3059,0.343,0.142,False,306b,0.485,
2026-09-01 02:00,SF11,6,12378.0,305a,0.389,306b,0.263,0.127,False,305a,0.389,
2026-09-01 02:00,SF12,6,12377.0,3059,0.636,306b,0.14,0.496,True,3059,0.636,True
2026-09-01 03:00,SF07,6,12409.0,3079,0.187,3077,0.144,0.043,False,3079,0.187,
2026-09-01 03:00,SF08,6,12386.0,3062,0.648,305a,0.342,0.305,True,3062,0.648,True
2026-09-01 03:00,SF09,6,12407.0,3077,0.363,3062,0.159,0.204,False,3077,0.363,
2026-09-01 03:00,SF12,6,12407.0,3077,0.24,3059,0.135,0.105,False,3059,0.135,
2026-09-01 04:00,SF07,0,,,,,,,False,3079,,
2026-09-01 04:00,SF12,0,,,,,,,False,3059,,
2026-09-01 05:00,SF07,6,12409.0,3079,0.635,306b,0.476,0.159,False,3079,0.635,
2026-09-01 06:00,SF07,6,12409.0,3079,0.478,3077,-0.043,0.521,False,3079,0.478,
2026-09-01 08:00,SF07,6,12409.0,3079,0.395,305a,0.192,0.203,False,3079,0.395,
2026-09-01 08:00,SF08,6,12386.0,3062,0.346,305a,0.263,0.083,False,3062,0.346,
2026-09-01 08:00,SF09,6,12378.0,305a,0.364,3079,0.29,0.074,False,3077,0.115,
2026-09-01 08:00,SF10,6,12386.0,3062,0.225,306b,0.1,0.125,False,306b,0.1,
2026-09-01 08:00,SF11,6,12386.0,3062,0.299,3079,0.263,0.036,False,305a,0.251,
2026-09-01 08:00,SF12,6,12386.0,3062,0.163,3077,0.093,0.07,False,3059,0.006,
2026-09-01 09:00,SF07,6,12409.0,3079,0.34,3059,0.223,0.118,False,3079,0.34,
2026-09-01 09:00,SF08,6,12386.0,3062,0.151,306b,0.144,0.007,False,3062,0.151,
2026-09-01 09:00,SF09,6,12409.0,3079,0.271,3077,0.227,0.044,False,3077,0.227,
2026-09-01 09:00,SF10,6,12395.0,306b,0.161,3079,0.136,0.025,False,306b,0.161,
2026-09-01 09:00,SF11,6,12409.0,3079,0.318,305a,0.274,0.043,False,305a,0.274,
2026-09-01 09:00,SF12,6,12395.0,306b,0.07,3059,0.049,0.02,False,3059,0.049,
2026-09-01 10:00,SF07,6,12409.0,3079,0.46,305a,0.215,0.245,False,3079,0.46,
2026-09-01 10:00,SF08,6,12386.0,3062,0.413,3059,0.21,0.203,False,3062,0.413,
2026-09-01 10:00,SF09,6,12409.0,3079,0.484,305a,0.47,0.014,False,3077,0.149,
2026-09-01 10:00,SF10,6,12395.0,306b,0.237,3079,0.228,0.009,False,306b,0.237,
2026-09-01 10:00,SF11,6,12378.0,305a,0.406,3079,0.344,0.062,False,305a,0.406,
2026-09-01 10:00,SF12,6,12395.0,306b,0.227,3062,0.203,0.025,False,3059,0.195,
2026-09-01 11:00,SF07,6,12409.0,3079,0.193,3077,0.079,0.114,False,3079,0.193,
2026-09-01 11:00,SF08,6,12386.0,3062,0.634,3077,0.306,0.328,True,3062,0.634,True
2026-09-01 11:00,SF09,6,12407.0,3077,0.281,305a,0.192,0.089,False,3077,0.281,
2026-09-01 11:00,SF10,6,12395.0,306b,0.364,3062,0.269,0.095,False,306b,0.364,
2026-09-01 11:00,SF11,6,12407.0,3077,0.288,3062,0.228,0.06,False,305a,0.027,
2026-09-01 11:00,SF12,6,12377.0,3059,0.352,306b,0.325,0.027,False,3059,0.352,
2026-09-01 12:00,SF07,6,12378.0,305a,0.104,3059,-0.022,0.126,False,3079,-0.145,
2026-09-01 12:00,SF08,6,12378.0,305a,0.293,306b,0.011,0.282,False,3062,-0.023,
2026-09-01 12:00,SF09,6,12409.0,3079,0.247,3059,0.184,0.063,False,3077,0.114,
2026-09-01 12:00,SF10,6,12377.0,3059,0.096,3062,0.088,0.009,False,306b,-0.081,
2026-09-01 12:00,SF11,6,12409.0,3079,0.282,306b,0.173,0.109,False,305a,0.069,
2026-09-01 12:00,SF12,6,12377.0,3059,0.336,3062,0.111,0.224,False,3059,0.336,
2026-09-01 13:00,SF07,6,12409.0,3079,0.435,3059,0.343,0.092,False,3079,0.435,
2026-09-01 13:00,SF09,6,12407.0,3077,0.39,3079,0.377,0.013,False,3077,0.39,
2026-09-01 13:00,SF10,6,12395.0,306b,0.143,305a,0.05,0.093,False,306b,0.143,
2026-09-01 13:00,SF11,6,12407.0,3077,0.509,3079,0.357,0.152,False,305a,0.124,
2026-09-01 13:00,SF12,6,12377.0,3059,0.272,305a,0.196,0.076,False,3059,0.272,
2026-09-01 14:00,SF07,6,12407.0,3077,0.193,305a,0.136,0.057,False,3079,-0.151,
2026-09-01 14:00,SF09,6,12378.0,305a,0.324,3077,0.196,0.128,False,3077,0.196,
2026-09-01 14:00,SF10,6,12377.0,3059,0.16,3062,0.128,0.032,False,306b,-0.041,
2026-09-01 14:00,SF11,6,12378.0,305a,0.379,3077,0.231,0.148,False,305a,0.379,
2026-09-01 14:00,SF12,6,12377.0,3059,0.439,3062,0.279,0.16,False,3059,0.439,
2026-09-01 15:00,SF07,6,12409.0,3079,0.173,305a,0.17,0.003,False,3079,0.173,
2026-09-01 15:00,SF08,6,12386.0,3062,0.153,305a,0.077,0.076,False,3062,0.153,
2026-09-01 15:00,SF09,6,12407.0,3077,0.392,3062,0.21,0.183,False,3077,0.392,
2026-09-01 15:00,SF10,6,12386.0,3062,0.559,305a,0.273,0.286,True,306b,-0.267,False
2026-09-01 15:00,SF11,6,12386.0,3062,0.22,3077,0.201,0.019,False,305a,0.196,
2026-09-01 15:00,SF12,6,12386.0,3062,0.305,305a,0.232,0.073,False,3059,0.143,
2026-09-01 16:00,SF07,6,12409.0,3079,0.075,305a,-0.011,0.086,False,3079,0.075,
2026-09-01 16:00,SF08,6,12407.0,3077,0.191,3059,0.181,0.01,False,3062,0.116,
2026-09-01 16:00,SF09,6,12407.0,3077,0.143,3059,0.009,0.133,False,3077,0.143,
2026-09-01 16:00,SF10,6,12377.0,3059,0.219,306b,0.057,0.162,False,306b,0.057,
2026-09-01 16:00,SF11,6,12395.0,306b,0.177,3079,0.087,0.091,False,305a,0.013,
2026-09-01 16:00,SF12,6,12395.0,306b,0.203,3062,0.014,0.189,False,3059,0.002,
2026-09-01 17:00,SF07,6,12407.0,3077,0.233,305a,0.194,0.039,False,3079,-0.093,
2026-09-01 17:00,SF08,6,12377.0,3059,0.259,306b,0.248,0.011,False,3062,0.032,
2026-09-01 17:00,SF09,6,12378.0,305a,0.217,3077,0.131,0.086,False,3077,0.131,
2026-09-01 17:00,SF10,6,12395.0,306b,0.4,3059,0.271,0.129,False,306b,0.4,
2026-09-01 17:00,SF11,6,12378.0,305a,0.256,3062,0.143,0.112,False,305a,0.256,
2026-09-01 17:00,SF12,6,12395.0,306b,0.396,3059,0.311,0.085,False,3059,0.311,
2026-09-01 19:00,SF07,6,12409.0,3079,0.367,3077,0.171,0.196,False,3079,0.367,
2026-09-01 20:00,SF07,6,12409.0,3079,0.397,3077,0.192,0.205,False,3079,0.397,
2026-09-01 20:00,SF08,6,12386.0,3062,0.169,3077,0.141,0.028,False,3062,0.169,
2026-09-01 20:00,SF09,6,12407.0,3077,0.459,3079,0.154,0.305,False,3077,0.459,
2026-09-01 20:00,SF10,6,12395.0,306b,0.511,305a,0.09,0.42,True,306b,0.511,True
2026-09-01 20:00,SF11,6,12378.0,305a,0.605,306b,0.088,0.517,True,305a,0.605,True
2026-09-01 20:00,SF12,6,12377.0,3059,0.433,3062,-0.021,0.455,False,3059,0.433,
2026-09-01 21:00,SF07,6,12409.0,3079,0.312,3077,0.078,0.234,False,3079,0.312,
2026-09-01 21:00,SF08,6,12386.0,3062,0.153,3077,0.048,0.105,False,3062,0.153,
2026-09-01 21:00,SF09,6,12407.0,3077,0.382,3059,0.331,0.051,False,3077,0.382,
2026-09-01 21:00,SF10,6,12395.0,306b,0.491,305a,0.26,0.231,False,306b,0.491,
2026-09-01 21:00,SF11,6,12378.0,305a,0.53,306b,0.252,0.278,True,305a,0.53,True
2026-09-01 21:00,SF12,6,12377.0,3059,0.323,3077,0.088,0.235,False,3059,0.323,
2026-09-01 22:00,SF07,6,12409.0,3079,0.501,3062,0.255,0.246,False,3079,0.501,
2026-09-01 22:00,SF08,6,12386.0,3062,0.25,3077,0.153,0.097,False,3062,0.25,
2026-09-01 22:00,SF09,6,12378.0,305a,0.121,306b,0.107,0.014,False,3077,0.074,
2026-09-01 22:00,SF10,6,12395.0,306b,0.587,3059,0.434,0.153,False,306b,0.587,
2026-09-01 22:00,SF11,6,12378.0,305a,0.532,3059,0.121,0.412,True,305a,0.532,True
2026-09-01 22:00,SF12,6,12377.0,3059,0.607,306b,0.373,0.234,False,3059,0.607,
2026-09-01 23:00,SF07,6,12386.0,3062,0.422,305a,0.209,0.213,False,3079,0.153,
2026-09-01 23:00,SF08,6,12386.0,3062,0.496,306b,0.29,0.207,False,3062,0.496,
2026-09-01 23:00,SF09,6,12407.0,3077,0.433,3059,0.166,0.267,False,3077,0.433,
2026-09-01 23:00,SF10,6,12386.0,3062,0.473,306b,0.46,0.013,False,306b,0.46,
2026-09-01 23:00,SF11,6,12378.0,305a,0.627,306b,0.354,0.273,True,305a,0.627,True
2026-09-01 23:00,SF12,6,12377.0,3059,0.638,3077,0.156,0.482,True,3059,0.638,True
2026-09-02 00:00,SF07,5,12409.0,3079,0.457,306b,0.183,0.274,False,3079,0.457,
2026-09-02 00:00,SF08,5,12386.0,3062,0.548,3077,0.189,0.358,True,3062,0.548,True
2026-09-02 00:00,SF09,5,12407.0,3077,0.475,3062,0.283,0.193,False,3077,0.475,
2026-09-02 00:00,SF10,5,12395.0,306b,0.525,3079,0.186,0.339,True,306b,0.525,True
2026-09-02 00:00,SF11,5,12395.0,306b,0.233,3077,0.152,0.081,False,,,
2026-09-02 00:00,SF12,5,12377.0,3059,0.486,3062,0.347,0.139,False,3059,0.486,
2026-09-02 01:00,SF07,5,12395.0,306b,0.346,3079,0.249,0.097,False,3079,0.249,
2026-09-02 01:00,SF08,5,12407.0,3077,0.651,3062,0.621,0.03,False,3062,0.621,
2026-09-02 01:00,SF09,5,12407.0,3077,0.694,3062,0.468,0.225,False,3077,0.694,
2026-09-02 01:00,SF10,5,12395.0,306b,0.557,3079,0.226,0.331,True,306b,0.557,True
2026-09-02 01:00,SF11,5,12407.0,3077,0.621,3062,0.495,0.127,False,,,
2026-09-02 01:00,SF12,5,12395.0,306b,0.216,3059,0.051,0.166,False,3059,0.051,
2026-09-02 02:00,SF07,5,12409.0,3079,0.311,306b,0.111,0.2,False,3079,0.311,
2026-09-02 02:00,SF08,5,12386.0,3062,0.472,3077,0.18,0.292,False,3062,0.472,
2026-09-02 02:00,SF09,5,12407.0,3077,0.287,3062,0.018,0.268,False,3077,0.287,
2026-09-02 02:00,SF10,5,12395.0,306b,0.364,3059,0.243,0.121,False,306b,0.364,
2026-09-02 02:00,SF11,5,12377.0,3059,0.059,306b,-0.037,0.096,False,,,
2026-09-02 02:00,SF12,5,12377.0,3059,0.357,3062,0.303,0.054,False,3059,0.357,
2026-09-02 03:00,SF07,5,12409.0,3079,0.208,3062,0.095,0.113,False,3079,0.208,
2026-09-02 03:00,SF08,5,12386.0,3062,0.319,3059,0.197,0.122,False,3062,0.319,
2026-09-02 03:00,SF09,5,12407.0,3077,0.267,3079,0.155,0.112,False,3077,0.267,
2026-09-02 03:00,SF10,5,12386.0,3062,0.223,3059,0.185,0.038,False,306b,0.148,
2026-09-02 03:00,SF11,5,12386.0,3062,0.1,3059,0.091,0.009,False,,,
2026-09-02 03:00,SF12,5,12409.0,3079,0.232,3059,0.194,0.038,False,3059,0.194,
2026-09-02 04:00,SF07,5,12409.0,3079,0.487,3077,0.221,0.266,False,3079,0.487,
2026-09-02 04:00,SF08,5,12407.0,3077,0.321,3079,0.292,0.029,False,3062,0.211,
2026-09-02 04:00,SF09,5,12409.0,3079,0.301,3062,0.178,0.123,False,3077,0.121,
2026-09-02 04:00,SF10,5,12395.0,306b,0.042,3077,-0.002,0.044,False,306b,0.042,
2026-09-02 04:00,SF11,5,12409.0,3079,0.262,306b,0.091,0.171,False,,,
2026-09-02 04:00,SF12,5,12377.0,3059,0.107,3062,0.061,0.047,False,3059,0.107,
2026-09-02 05:00,SF07,5,12409.0,3079,0.303,3077,0.147,0.155,False,3079,0.303,
2026-09-02 05:00,SF08,5,12409.0,3079,0.385,3062,0.082,0.303,False,3062,0.082,
2026-09-02 05:00,SF09,5,12407.0,3077,0.3,3079,0.056,0.244,False,3077,0.3,
2026-09-02 05:00,SF10,5,12395.0,306b,0.388,3079,0.132,0.256,False,306b,0.388,
2026-09-02 05:00,SF11,5,12407.0,3077,0.068,3079,0.05,0.018,False,,,
2026-09-02 05:00,SF12,5,12409.0,3079,0.398,3077,0.049,0.349,False,3059,-0.25,
2026-09-02 06:00,SF07,5,12377.0,3059,0.288,3079,0.2,0.088,False,3079,0.2,
2026-09-02 06:00,SF08,5,12407.0,3077,0.281,3062,0.135,0.146,False,3062,0.135,
2026-09-02 06:00,SF09,5,12409.0,3079,0.149,3077,0.141,0.008,False,3077,0.141,
2026-09-02 06:00,SF10,5,12395.0,306b,0.13,3079,-0.048,0.179,False,306b,0.13,
2026-09-02 06:00,SF11,5,12409.0,3079,0.342,3062,0.096,0.246,False,,,
2026-09-02 06:00,SF12,5,12377.0,3059,0.252,3077,0.215,0.037,False,3059,0.252,
2026-09-02 07:00,SF07,5,12377.0,3059,0.356,3079,0.32,0.036,False,3079,0.32,
2026-09-02 07:00,SF08,5,12409.0,3079,0.262,3059,0.25,0.012,False,3062,0.085,
2026-09-02 07:00,SF12,5,12409.0,3079,0.48,3059,0.298,0.183,False,3059,0.298,
2026-09-02 08:00,SF07,6,12386.0,3062,0.498,3058,0.361,0.137,False,3079,-0.062,
2026-09-02 08:00,SF08,6,12386.0,3062,0.393,3058,0.34,0.053,False,3062,0.393,
2026-09-02 09:00,SF07,6,12409.0,3079,0.179,306b,-0.018,0.197,False,3079,0.179,
2026-09-02 09:00,SF08,6,12409.0,3079,0.053,3058,0.013,0.041,False,3062,-0.216,
2026-09-02 09:00,SF09,6,12376.0,3058,0.118,3077,0.074,0.044,False,3077,0.074,
2026-09-02 09:00,SF10,6,12376.0,3058,0.113,3077,0.103,0.01,False,306b,-0.01,
2026-09-02 09:00,SF11,6,12407.0,3077,0.137,306b,0.123,0.014,False,3058,0.075,
2026-09-02 09:00,SF12,6,12377.0,3059,0.262,3077,0.078,0.185,False,3059,0.262,
2026-09-02 10:00,SF07,6,12407.0,3077,0.573,3079,0.494,0.078,False,3079,0.494,
2026-09-02 10:00,SF08,6,12386.0,3062,0.505,3077,0.479,0.026,False,3062,0.505,
2026-09-02 10:00,SF09,6,12407.0,3077,0.504,3079,0.343,0.16,False,3077,0.504,
2026-09-02 10:00,SF10,6,12377.0,3059,0.338,3077,0.324,0.014,False,306b,0.226,
2026-09-02 10:00,SF11,6,12407.0,3077,0.507,3079,0.465,0.042,False,3058,0.42,
2026-09-02 10:00,SF12,6,12377.0,3059,0.521,3062,0.245,0.275,True,3059,0.521,True
2026-09-02 11:00,SF07,6,12407.0,3077,0.2,3079,0.18,0.021,False,3079,0.18,
2026-09-02 11:00,SF08,6,12386.0,3062,0.094,3059,0.043,0.051,False,3062,0.094,
2026-09-02 11:00,SF09,6,12407.0,3077,0.313,3079,-0.004,0.317,False,3077,0.313,
2026-09-02 11:00,SF10,6,12407.0,3077,0.185,3079,0.099,0.086,False,306b,-0.017,
2026-09-02 11:00,SF11,6,12407.0,3077,0.436,3079,0.233,0.202,False,3058,0.159,
2026-09-02 11:00,SF12,6,12377.0,3059,0.406,3062,0.07,0.336,False,3059,0.406,
2026-09-02 12:00,SF07,6,12395.0,306b,0.063,3079,0.035,0.028,False,3079,0.035,
2026-09-02 12:00,SF08,6,12386.0,3062,0.42,3077,0.322,0.098,False,3062,0.42,
2026-09-02 12:00,SF09,6,12377.0,3059,0.135,3077,0.089,0.046,False,3077,0.089,
2026-09-02 12:00,SF10,6,12376.0,3058,0.294,306b,0.226,0.069,False,306b,0.226,
2026-09-02 12:00,SF11,6,12407.0,3077,0.188,3079,0.111,0.078,False,3058,0.088,
2026-09-02 12:00,SF12,6,12386.0,3062,0.133,3077,0.1,0.033,False,3059,0.049,
2026-09-02 13:00,SF07,6,12376.0,3058,0.235,3079,0.207,0.028,False,3079,0.207,
2026-09-02 13:00,SF08,6,12386.0,3062,0.256,3079,0.237,0.019,False,3062,0.256,
2026-09-02 13:00,SF09,6,12409.0,3079,0.237,3058,0.161,0.077,False,3077,0.037,
2026-09-02 13:00,SF10,6,12409.0,3079,0.258,306b,0.257,0.001,False,306b,0.257,
2026-09-02 13:00,SF11,6,12376.0,3058,0.254,306b,0.23,0.024,False,3058,0.254,
2026-09-02 13:00,SF12,6,12386.0,3062,0.224,3079,0.145,0.08,False,3059,0.138,
2026-09-02 14:00,SF07,6,12409.0,3079,0.348,3062,0.101,0.248,False,3079,0.348,
2026-09-02 14:00,SF08,6,12386.0,3062,0.294,3059,0.137,0.157,False,3062,0.294,
2026-09-02 14:00,SF09,6,12409.0,3079,0.269,3058,0.106,0.163,False,3077,0.08,
2026-09-02 14:00,SF10,6,12409.0,3079,0.192,3077,0.166,0.026,False,306b,0.034,
2026-09-02 14:00,SF11,6,12409.0,3079,0.149,3077,0.128,0.022,False,3058,0.121,
2026-09-02 14:00,SF12,6,12377.0,3059,0.371,3077,0.146,0.225,False,3059,0.371,
2026-09-02 15:00,SF07,6,12376.0,3058,0.179,306b,0.176,0.003,False,3079,0.16,
2026-09-02 15:00,SF08,6,12377.0,3059,0.385,3079,0.314,0.071,False,3062,0.162,
2026-09-02 15:00,SF09,6,12407.0,3077,0.151,306b,0.045,0.105,False,3077,0.151,
2026-09-02 15:00,SF10,6,12409.0,3079,0.197,306b,0.108,0.089,False,306b,0.108,
2026-09-02 15:00,SF11,6,12376.0,3058,0.2,306b,0.063,0.138,False,3058,0.2,
2026-09-02 15:00,SF12,6,12377.0,3059,0.192,306b,0.072,0.121,False,3059,0.192,
2026-09-02 16:00,SF07,6,12409.0,3079,0.13,3077,0.04,0.091,False,3079,0.13,
2026-09-02 16:00,SF08,6,12386.0,3062,0.147,306b,0.065,0.082,False,3062,0.147,
2026-09-02 16:00,SF09,6,12395.0,306b,0.089,3077,0.069,0.02,False,3077,0.069,
2026-09-02 16:00,SF10,6,12377.0,3059,0.154,3079,0.097,0.058,False,306b,0.042,
2026-09-02 16:00,SF11,6,12395.0,306b,0.177,3079,0.1,0.077,False,3058,0.081,
2026-09-02 16:00,SF12,6,12395.0,306b,0.045,3062,0.043,0.002,False,3059,-0.076,
2026-09-02 17:00,SF07,6,12376.0,3058,0.111,3059,0.065,0.047,False,3079,-0.269,
2026-09-02 17:00,SF08,6,12376.0,3058,0.251,3059,0.248,0.003,False,3062,-0.018,
2026-09-02 17:00,SF09,6,12395.0,306b,0.168,3077,0.103,0.066,False,3077,0.103,
2026-09-02 17:00,SF10,6,12395.0,306b,0.135,3059,0.08,0.055,False,306b,0.135,
2026-09-02 17:00,SF11,6,12376.0,3058,0.287,3059,0.143,0.144,False,3058,0.287,
2026-09-02 17:00,SF12,6,12377.0,3059,0.25,3058,0.141,0.109,False,3059,0.25,
2026-09-02 19:00,SF07,6,12407.0,3077,0.297,306b,0.215,0.082,False,3079,0.179,
2026-09-02 19:00,SF08,6,12407.0,3077,0.213,306b,0.139,0.074,False,3062,-0.039,
2026-09-02 19:00,SF09,6,12407.0,3077,0.304,3059,0.242,0.062,False,3077,0.304,
2026-09-02 19:00,SF10,6,12395.0,306b,0.483,3077,0.264,0.219,False,306b,0.483,
2026-09-02 19:00,SF11,6,12376.0,3058,0.319,3077,0.225,0.093,False,3058,0.319,
2026-09-02 19:00,SF12,6,12377.0,3059,0.131,3062,-0.079,0.21,False,3059,0.131,
2026-09-02 20:00,SF07,6,12409.0,3079,0.267,3059,0.1,0.167,False,3079,0.267,
2026-09-02 20:00,SF08,6,12386.0,3062,0.221,3059,0.162,0.059,False,3062,0.221,
2026-09-02 20:00,SF09,6,12407.0,3077,0.372,306b,0.155,0.217,False,3077,0.372,
2026-09-02 20:00,SF10,6,12395.0,306b,0.294,3079,0.053,0.242,False,306b,0.294,
2026-09-02 20:00,SF11,6,12376.0,3058,0.602,3079,0.186,0.416,True,3058,0.602,True
2026-09-02 20:00,SF12,6,12376.0,3058,,3059,,,False,3059,,
2026-09-02 21:00,SF07,6,12409.0,3079,0.301,3059,0.22,0.081,False,3079,0.301,
2026-09-02 21:00,SF08,6,12377.0,3059,0.481,306b,0.427,0.055,False,3062,0.374,
2026-09-02 21:00,SF09,6,12407.0,3077,0.448,3058,0.161,0.286,False,3077,0.448,
2026-09-02 21:00,SF10,6,12377.0,3059,0.478,306b,0.456,0.022,False,306b,0.456,
2026-09-02 21:00,SF11,6,12376.0,3058,0.319,3059,0.161,0.158,False,3058,0.319,
2026-09-02 21:00,SF12,6,12376.0,3058,,3059,,,False,3059,,
2026-09-02 22:00,SF07,6,12386.0,3062,0.323,3077,0.282,0.042,False,3079,0.275,
2026-09-02 22:00,SF08,6,12386.0,3062,0.382,3077,0.372,0.01,False,3062,0.382,
2026-09-02 22:00,SF09,6,12407.0,3077,0.481,3062,0.412,0.07,False,3077,0.481,
2026-09-02 22:00,SF10,6,12377.0,3059,0.497,3058,0.489,0.007,False,306b,0.401,
2026-09-02 22:00,SF11,6,12376.0,3058,0.543,306b,0.32,0.223,False,3058,0.543,
2026-09-02 22:00,SF12,6,12376.0,3058,,3059,,,False,3059,,
2026-09-02 23:00,SF07,6,12409.0,3079,0.377,3062,0.24,0.137,False,3079,0.377,
2026-09-02 23:00,SF08,6,12386.0,3062,0.445,3079,0.218,0.227,False,3062,0.445,
2026-09-02 23:00,SF09,6,12407.0,3077,0.596,306b,0.161,0.434,True,3077,0.596,True
2026-09-02 23:00,SF10,6,12395.0,306b,0.42,3077,0.357,0.063,False,306b,0.42,
2026-09-02 23:00,SF11,6,12376.0,3058,0.278,3062,0.011,0.268,False,3058,0.278,
2026-09-02 23:00,SF12,6,12376.0,3058,,3059,,,False,3059,,
2026-09-03 00:00,SF07,6,12409.0,3079,0.459,3059,0.096,0.362,False,3079,0.459,
2026-09-03 00:00,SF08,6,12386.0,3062,0.152,3079,0.074,0.078,False,3062,0.152,
2026-09-03 00:00,SF09,6,12407.0,3077,0.623,3058,0.361,0.262,True,3077,0.623,True
2026-09-03 00:00,SF10,6,12395.0,306b,0.393,3059,0.31,0.084,False,306b,0.393,
2026-09-03 00:00,SF11,6,12376.0,3058,0.53,3077,0.381,0.149,False,3058,0.53,
2026-09-03 00:00,SF12,6,12407.0,3077,0.57,3059,0.566,0.004,False,3059,0.566,
2026-09-03 01:00,SF07,6,12409.0,3079,0.393,3059,0.303,0.09,False,3079,0.393,
2026-09-03 01:00,SF08,6,12386.0,3062,0.427,306b,-0.044,0.47,False,3062,0.427,
2026-09-03 01:00,SF09,6,12407.0,3077,0.304,306b,0.091,0.213,False,3077,0.304,
2026-09-03 01:00,SF10,6,12395.0,306b,0.227,3059,0.227,0.0,False,306b,0.227,
2026-09-03 01:00,SF11,6,12376.0,3058,0.479,3059,0.331,0.148,False,3058,0.479,
2026-09-03 01:00,SF12,6,12377.0,3059,0.504,306b,0.199,0.306,True,3059,0.504,True
2026-09-03 02:00,SF07,6,12409.0,3079,0.657,306b,0.525,0.132,False,3079,0.657,
2026-09-03 02:00,SF08,6,12386.0,3062,0.557,3077,0.381,0.176,False,3062,0.557,
2026-09-03 02:00,SF09,6,12407.0,3077,0.536,3062,0.294,0.242,False,3077,0.536,
2026-09-03 02:00,SF10,6,12395.0,306b,0.619,3079,0.569,0.05,False,306b,0.619,
2026-09-03 02:00,SF11,6,12376.0,3058,0.453,306b,0.398,0.055,False,3058,0.453,
2026-09-03 02:00,SF12,6,12377.0,3059,0.424,3079,0.188,0.236,False,3059,0.424,
2026-09-03 03:00,SF07,6,12409.0,3079,0.453,306b,0.419,0.034,False,3079,0.453,
2026-09-03 03:00,SF08,6,12386.0,3062,0.492,306b,0.328,0.163,False,3062,0.492,
2026-09-03 03:00,SF09,6,12409.0,3079,0.155,3062,0.145,0.01,False,3077,0.062,
2026-09-03 03:00,SF10,6,12395.0,306b,0.512,3058,0.253,0.259,True,306b,0.512,True
2026-09-03 03:00,SF11,6,12395.0,306b,0.483,3058,0.3,0.182,False,3058,0.3,
2026-09-03 03:00,SF12,6,12409.0,3079,0.508,306b,0.413,0.095,False,3059,0.263,
2026-09-03 04:00,SF08,6,12386.0,3062,0.379,3079,0.037,0.341,False,3062,0.379,
2026-09-03 04:00,SF09,6,12407.0,3077,0.197,306b,0.164,0.033,False,3077,0.197,
2026-09-03 04:00,SF10,6,12395.0,306b,0.293,3058,0.12,0.173,False,306b,0.293,
2026-09-03 04:00,SF11,6,12376.0,3058,0.4,306b,0.087,0.313,False,3058,0.4,
2026-09-03 04:00,SF12,6,12377.0,3059,0.267,3062,0.164,0.103,False,3059,0.267,
2026-09-03 05:00,SF08,6,12386.0,3062,0.668,3058,0.118,0.55,True,3062,0.668,True
2026-09-03 05:00,SF09,6,12386.0,3062,0.425,3077,0.148,0.276,False,3077,0.148,
2026-09-03 05:00,SF10,6,12386.0,3062,0.346,306b,0.296,0.05,False,306b,0.296,
2026-09-03 05:00,SF11,6,12386.0,3062,0.318,3058,0.242,0.076,False,3058,0.242,
2026-09-03 05:00,SF12,6,12377.0,3059,0.166,3062,0.091,0.075,False,3059,0.166,
2026-09-03 06:00,SF08,6,12386.0,3062,0.273,306b,0.087,0.186,False,3062,0.273,
2026-09-03 06:00,SF09,6,12377.0,3059,0.116,3062,0.04,0.076,False,3077,0.023,
2026-09-03 06:00,SF10,6,12407.0,3077,0.034,3059,0.022,0.012,False,306b,-0.225,
2026-09-03 06:00,SF11,6,12377.0,3059,0.238,306b,0.184,0.055,False,3058,-0.064,
2026-09-03 06:00,SF12,6,12377.0,3059,0.202,306b,0.118,0.084,False,3059,0.202,
2026-09-03 08:00,SF07,6,12386.0,3062,0.293,306b,0.273,0.02,False,3079,0.212,
2026-09-03 08:00,SF08,6,12395.0,306b,0.331,3079,0.212,0.118,False,3062,0.147,
2026-09-03 08:00,SF09,6,12395.0,306b,0.291,3079,0.222,0.069,False,3077,0.176,
2026-09-03 08:00,SF10,6,12395.0,306b,0.419,3079,0.215,0.205,False,306b,0.419,
2026-09-03 08:00,SF11,6,12376.0,3058,0.18,3059,0.168,0.012,False,3058,0.18,
2026-09-03 08:00,SF12,6,12395.0,306b,0.403,3079,0.255,0.148,False,3059,0.186,
2026-09-03 09:00,SF07,6,12407.0,3077,0.188,3062,0.034,0.154,False,3079,-0.018,
2026-09-03 09:00,SF08,6,12395.0,306b,0.14,3079,-0.024,0.164,False,3062,-0.112,
2026-09-03 09:00,SF09,6,12409.0,3079,0.271,3058,0.036,0.235,False,3077,-0.017,
2026-09-03 09:00,SF10,6,12376.0,3058,0.26,3059,0.082,0.178,False,306b,0.007,
2026-09-03 09:00,SF11,6,12409.0,3079,0.159,3062,0.08,0.079,False,3058,0.005,
2026-09-03 09:00,SF12,6,12377.0,3059,-0.015,3079,-0.019,0.004,False,3059,-0.015,
2026-09-03 10:00,SF07,6,12376.0,3058,0.147,3079,0.135,0.012,False,3079,0.135,
2026-09-03 10:00,SF08,6,12395.0,306b,0.327,3059,0.205,0.122,False,3062,0.123,
2026-09-03 10:00,SF09,6,12409.0,3079,0.265,3077,0.261,0.004,False,3077,0.261,
2026-09-03 10:00,SF10,6,12386.0,3062,0.085,3058,0.079,0.006,False,306b,-0.163,
2026-09-03 10:00,SF11,6,12376.0,3058,0.341,306b,0.26,0.081,False,3058,0.341,
2026-09-03 10:00,SF12,6,12407.0,3077,0.194,3059,0.189,0.005,False,3059,0.189,
2026-09-03 11:00,SF07,6,12409.0,3079,0.339,3058,0.284,0.055,False,3079,0.339,
2026-09-03 11:00,SF08,6,12377.0,3059,0.421,3062,0.182,0.239,False,3062,0.182,
2026-09-03 11:00,SF09,6,12409.0,3079,0.258,3062,0.117,0.141,False,3077,0.063,
2026-09-03 11:00,SF10,6,12395.0,306b,0.269,3059,0.232,0.038,False,306b,0.269,
2026-09-03 11:00,SF11,6,12376.0,3058,0.449,3079,0.182,0.268,False,3058,0.449,
2026-09-03 11:00,SF12,6,12377.0,3059,0.505,3058,0.148,0.358,True,3059,0.505,True
2026-09-03 12:00,SF07,6,12409.0,3079,0.49,3077,0.136,0.355,False,3079,0.49,
2026-09-03 12:00,SF08,6,12377.0,3059,0.265,3077,0.11,0.155,False,3062,0.108,
2026-09-03 12:00,SF09,6,12409.0,3079,0.197,3077,0.002,0.196,False,3077,0.002,
2026-09-03 12:00,SF10,6,12395.0,306b,0.128,3058,0.123,0.005,False,306b,0.128,
2026-09-03 12:00,SF11,6,12409.0,3079,0.123,3059,0.121,0.002,False,3058,-0.037,
2026-09-03 12:00,SF12,6,12377.0,3059,0.156,3062,0.138,0.018,False,3059,0.156,
2026-09-03 13:00,SF07,6,12407.0,3077,0.316,3079,0.195,0.121,False,3079,0.195,
2026-09-03 13:00,SF08,6,12386.0,3062,0.097,3059,0.021,0.076,False,3062,0.097,
2026-09-03 13:00,SF09,6,12376.0,3058,0.06,3079,0.024,0.036,False,3077,-0.288,
2026-09-03 13:00,SF10,6,12407.0,3077,0.322,306b,0.296,0.026,False,306b,0.296,
2026-09-03 13:00,SF11,6,12377.0,3059,0.091,3058,0.085,0.006,False,3058,0.085,
2026-09-03 13:00,SF12,6,12395.0,306b,0.201,3059,0.11,0.091,False,3059,0.11,
2026-09-03 14:00,SF07,6,12386.0,3062,0.377,3077,0.271,0.106,False,3079,0.222,
2026-09-03 14:00,SF08,6,12395.0,306b,0.408,3059,0.384,0.024,False,3062,0.233,
2026-09-03 14:00,SF09,6,12376.0,3058,0.202,3077,0.182,0.02,False,3077,0.182,
2026-09-03 14:00,SF10,6,12377.0,3059,0.552,306b,0.427,0.125,False,306b,0.427,
2026-09-03 14:00,SF11,6,12409.0,3079,0.399,3058,0.316,0.083,False,3058,0.316,
2026-09-03 14:00,SF12,6,12395.0,306b,0.279,3059,0.273,0.006,False,3059,0.273,
2026-09-03 15:00,SF07,6,12409.0,3079,0.234,3077,0.208,0.025,False,3079,0.234,
2026-09-03 15:00,SF08,6,12409.0,3079,0.156,3058,0.146,0.01,False,3062,0.096,
2026-09-03 15:00,SF09,6,12376.0,3058,0.222,3062,0.109,0.112,False,3077,0.031,
2026-09-03 15:00,SF10,6,12377.0,3059,0.318,306b,0.174,0.144,False,306b,0.174,
2026-09-03 15:00,SF11,6,12407.0,3077,0.23,3059,0.134,0.097,False,3058,0.091,
2026-09-03 15:00,SF12,6,12377.0,3059,0.343,306b,0.286,0.057,False,3059,0.343,
2026-09-03 16:00,SF07,6,12409.0,3079,0.335,3062,0.178,0.157,False,3079,0.335,
2026-09-03 16:00,SF09,6,12407.0,3077,0.332,3062,0.304,0.029,False,3077,0.332,
2026-09-03 16:00,SF10,6,12395.0,306b,0.3,3077,0.239,0.061,False,306b,0.3,
2026-09-03 16:00,SF12,6,12377.0,3059,0.435,3058,0.214,0.221,False,3059,0.435,
2026-09-03 18:00,SF07,6,12409.0,3079,0.528,3059,0.119,0.409,True,3079,0.528,True
2026-09-03 18:00,SF08,6,12386.0,3062,0.485,306b,0.327,0.158,False,3062,0.485,
2026-09-03 18:00,SF09,6,12377.0,3059,0.292,3062,0.288,0.004,False,3077,0.224,
2026-09-03 18:00,SF10,6,12395.0,306b,0.487,3059,0.441,0.047,False,306b,0.487,
2026-09-03 18:00,SF11,6,12377.0,3059,0.465,3058,0.462,0.003,False,3058,0.462,
2026-09-03 18:00,SF12,6,12377.0,3059,0.674,3062,0.365,0.309,True,3059,0.674,True
2026-09-03 19:00,SF07,6,12409.0,3079,0.551,3062,0.474,0.077,False,3079,0.551,
2026-09-03 19:00,SF08,6,12386.0,3062,0.518,3059,0.262,0.256,True,3062,0.518,True
2026-09-03 19:00,SF09,6,12407.0,3077,0.649,306b,0.275,0.374,True,3077,0.649,True
2026-09-03 19:00,SF10,6,12395.0,306b,0.587,3059,0.355,0.233,False,306b,0.587,
2026-09-03 19:00,SF11,6,12376.0,3058,0.591,306b,0.315,0.276,True,3058,0.591,True
2026-09-03 19:00,SF12,6,12377.0,3059,0.687,306b,0.347,0.34,True,3059,0.687,True
2026-09-03 20:00,SF07,6,12409.0,3079,0.638,3059,0.048,0.59,True,3079,0.638,True
2026-09-03 20:00,SF08,6,12386.0,3062,0.251,3058,0.116,0.136,False,3062,0.251,
2026-09-03 20:00,SF09,6,12407.0,3077,0.469,3062,0.097,0.373,False,3077,0.469,
2026-09-03 20:00,SF10,6,12395.0,306b,0.709,3077,0.129,0.58,True,306b,0.709,True
2026-09-03 20:00,SF11,6,12376.0,3058,0.666,3059,0.18,0.486,True,3058,0.666,True
2026-09-03 20:00,SF12,6,12377.0,3059,0.742,3062,0.115,0.627,True,3059,0.742,True
2026-09-03 21:00,SF07,6,12409.0,3079,0.073,3062,0.023,0.05,False,3079,0.073,
2026-09-03 21:00,SF08,6,12386.0,3062,0.374,3059,0.297,0.077,False,3062,0.374,
2026-09-03 21:00,SF09,6,12407.0,3077,0.344,3059,0.157,0.187,False,3077,0.344,
2026-09-03 21:00,SF10,6,12395.0,306b,0.383,3079,0.07,0.313,False,306b,0.383,
2026-09-03 21:00,SF11,6,12376.0,3058,0.555,306b,0.215,0.34,True,3058,0.555,True
2026-09-03 21:00,SF12,6,12377.0,3059,0.501,3077,0.12,0.38,True,3059,0.501,True
2026-09-03 22:00,SF07,6,12409.0,3079,0.416,3058,0.192,0.224,False,3079,0.416,
2026-09-03 22:00,SF08,6,12386.0,3062,0.497,3058,0.163,0.334,False,3062,0.497,
2026-09-03 22:00,SF09,6,12407.0,3077,0.601,3059,0.333,0.269,True,3077,0.601,True
2026-09-03 22:00,SF10,6,12409.0,3079,0.347,306b,0.253,0.094,False,306b,0.253,
2026-09-03 22:00,SF11,6,12376.0,3058,0.587,3079,0.194,0.393,True,3058,0.587,True
2026-09-03 22:00,SF12,6,12377.0,3059,0.576,3058,0.273,0.303,True,3059,0.576,True
2026-09-03 23:00,SF07,6,12407.0,3077,0.126,3062,0.125,0.0,False,3079,-0.032,
2026-09-03 23:00,SF08,6,12407.0,3077,0.345,3062,0.233,0.112,False,3062,0.233,
2026-09-03 23:00,SF09,6,12407.0,3077,0.583,3062,0.16,0.423,True,3077,0.583,True
2026-09-03 23:00,SF10,6,12395.0,306b,0.332,3077,0.296,0.036,False,306b,0.332,
2026-09-03 23:00,SF11,6,12376.0,3058,0.414,3059,0.391,0.023,False,3058,0.414,
2026-09-03 23:00,SF12,6,12377.0,3059,0.513,3058,0.364,0.149,False,3059,0.513,
2026-09-04 00:00,SF07,6,12407.0,3077,0.308,3079,0.29,0.018,False,3079,0.29,
2026-09-04 00:00,SF08,6,12386.0,3062,0.442,3058,0.337,0.104,False,3062,0.442,
2026-09-04 00:00,SF09,6,12407.0,3077,0.547,3058,0.362,0.185,False,3077,0.547,
2026-09-04 00:00,SF10,6,12395.0,306b,0.687,3058,0.3,0.387,True,306b,0.687,True
2026-09-04 00:00,SF11,6,12376.0,3058,0.765,3062,0.234,0.531,True,3058,0.765,True
2026-09-04 00:00,SF12,6,12377.0,3059,0.612,306b,0.239,0.374,True,3059,0.612,True
2026-09-04 01:00,SF07,6,12409.0,3079,0.524,3059,0.216,0.308,True,3079,0.524,True
2026-09-04 01:00,SF08,6,12386.0,3062,0.391,3059,0.151,0.241,False,3062,0.391,
2026-09-04 01:00,SF09,6,12407.0,3077,0.599,306b,0.26,0.339,True,3077,0.599,True
2026-09-04 01:00,SF10,6,12395.0,306b,0.596,3077,0.26,0.337,True,306b,0.596,True
2026-09-04 01:00,SF11,6,12376.0,3058,0.604,3077,0.199,0.404,True,3058,0.604,True
2026-09-04 01:00,SF12,6,12377.0,3059,0.755,306b,0.27,0.486,True,3059,0.755,True
2026-09-04 02:00,SF07,6,12409.0,3079,0.366,306b,0.177,0.189,False,3079,0.366,
2026-09-04 02:00,SF08,6,12386.0,3062,0.499,306b,0.203,0.296,False,3062,0.499,
2026-09-04 02:00,SF09,6,12407.0,3077,0.665,3059,0.645,0.02,False,3077,0.665,
2026-09-04 02:00,SF10,6,12395.0,306b,0.63,3062,0.288,0.342,True,306b,0.63,True
2026-09-04 02:00,SF11,6,12376.0,3058,0.75,306b,0.178,0.572,True,3058,0.75,True
2026-09-04 02:00,SF12,6,12377.0,3059,0.82,3077,0.531,0.289,True,3059,0.82,True
2026-09-04 03:00,SF07,6,12386.0,3062,0.685,3079,0.566,0.119,False,3079,0.566,
2026-09-04 03:00,SF08,6,12386.0,3062,0.66,306b,0.391,0.269,True,3062,0.66,True
2026-09-04 03:00,SF09,6,12407.0,3077,0.672,3058,0.234,0.438,True,3077,0.672,True
2026-09-04 03:00,SF10,6,12395.0,306b,0.697,3062,0.399,0.297,True,306b,0.697,True
2026-09-04 03:00,SF11,6,12376.0,3058,0.647,3077,0.179,0.468,True,3058,0.647,True
2026-09-04 03:00,SF12,6,12377.0,3059,0.623,306b,0.063,0.559,True,3059,0.623,True
2026-09-04 04:00,SF07,6,12409.0,3079,0.282,3059,0.062,0.22,False,3079,0.282,
2026-09-04 04:00,SF08,6,12386.0,3062,0.297,306b,0.139,0.158,False,3062,0.297,
2026-09-04 04:00,SF09,6,12407.0,3077,0.34,3058,0.125,0.215,False,3077,0.34,
2026-09-04 04:00,SF10,6,12395.0,306b,0.548,3077,0.087,0.461,True,306b,0.548,True
2026-09-04 04:00,SF11,6,12376.0,3058,0.52,3079,0.074,0.446,True,3058,0.52,True
2026-09-04 04:00,SF12,6,12377.0,3059,0.487,3079,0.049,0.438,False,3059,0.487,
2026-09-04 05:00,SF07,6,12409.0,3079,0.494,306b,0.215,0.279,False,3079,0.494,
2026-09-04 05:00,SF08,6,12386.0,3062,0.492,3058,0.117,0.375,False,3062,0.492,
2026-09-04 05:00,SF09,6,12407.0,3077,0.418,3059,0.198,0.22,False,3077,0.418,
2026-09-04 05:00,SF10,6,12409.0,3079,0.289,3062,0.266,0.023,False,306b,0.251,
2026-09-04 05:00,SF11,6,12409.0,3079,0.335,3058,0.307,0.028,False,3058,0.307,
2026-09-04 05:00,SF12,6,12377.0,3059,0.561,3077,0.177,0.384,True,3059,0.561,True
2026-09-04 06:00,SF07,6,12376.0,3058,0.362,3079,0.308,0.055,False,3079,0.308,
2026-09-04 06:00,SF08,6,12395.0,306b,0.441,3079,0.379,0.061,False,3062,0.131,
2026-09-04 06:00,SF09,6,12377.0,3059,0.546,3058,0.348,0.197,False,3077,0.082,
2026-09-04 06:00,SF10,6,12376.0,3058,0.392,306b,0.347,0.044,False,306b,0.347,
2026-09-04 06:00,SF11,6,12376.0,3058,0.511,306b,0.283,0.228,False,3058,0.511,
2026-09-04 06:00,SF12,6,12377.0,3059,0.463,3079,0.286,0.177,False,3059,0.463,
2026-09-04 07:00,SF07,6,12386.0,3062,0.464,3058,0.392,0.072,False,3079,0.098,
2026-09-04 07:00,SF08,6,12395.0,306b,0.254,3059,0.222,0.032,False,3062,0.211,
2026-09-04 07:00,SF11,6,12386.0,3062,0.361,3059,0.337,0.025,False,3058,0.284,
2026-09-04 08:00,SF07,6,12409.0,3079,0.62,306b,0.125,0.496,True,3079,0.62,True
2026-09-04 08:00,SF08,6,12386.0,3062,0.616,3059,0.523,0.092,False,3062,0.616,
2026-09-04 08:00,SF09,6,12386.0,3062,0.454,3058,0.329,0.125,False,3077,-0.018,
2026-09-04 08:00,SF10,6,12409.0,3079,0.581,3059,0.491,0.09,False,306b,0.434,
2026-09-04 08:00,SF11,6,12409.0,3079,0.521,3059,0.513,0.009,False,3058,0.372,
2026-09-04 08:00,SF12,6,12377.0,3059,0.745,3062,0.669,0.076,False,3059,0.745,
2026-09-04 09:00,SF07,6,12409.0,3079,0.365,306b,0.22,0.145,False,3079,0.365,
2026-09-04 09:00,SF08,6,12376.0,3058,0.326,3062,0.191,0.135,False,3062,0.191,
2026-09-04 09:00,SF09,6,12386.0,3062,-0.005,306b,-0.013,0.008,False,3077,-0.055,
2026-09-04 09:00,SF10,6,12409.0,3079,0.321,3059,0.181,0.14,False,306b,0.175,
2026-09-04 09:00,SF11,6,12409.0,3079,0.081,3059,0.02,0.061,False,3058,-0.224,
2026-09-04 09:00,SF12,6,12376.0,3058,0.209,3059,0.197,0.013,False,3059,0.197,
2026-09-04 10:00,SF07,6,12395.0,306b,0.279,3079,0.147,0.132,False,3079,0.147,
2026-09-04 10:00,SF08,6,12377.0,3059,0.374,3058,0.272,0.102,False,3062,0.179,
2026-09-04 10:00,SF09,6,12377.0,3059,0.179,3058,0.092,0.086,False,3077,-0.02,
2026-09-04 10:00,SF10,6,12376.0,3058,0.291,3077,0.128,0.163,False,306b,-0.084,
2026-09-04 10:00,SF11,6,12407.0,3077,0.373,3079,-0.058,0.431,False,3058,-0.141,
2026-09-04 10:00,SF12,6,12395.0,306b,0.281,3079,0.185,0.097,False,3059,-0.172,
2026-09-04 11:00,SF07,6,12386.0,3062,0.29,3079,0.233,0.057,False,3079,0.233,
2026-09-04 11:00,SF08,6,12386.0,3062,0.338,3079,0.197,0.141,False,3062,0.338,
2026-09-04 11:00,SF09,6,12377.0,3059,0.163,306b,0.061,0.102,False,3077,0.05,
2026-09-04 11:00,SF10,6,12395.0,306b,0.287,3062,0.028,0.259,False,306b,0.287,
2026-09-04 11:00,SF11,6,12407.0,3077,0.209,306b,-0.033,0.242,False,3058,-0.036,
2026-09-04 11:00,SF12,6,12409.0,3079,0.492,3062,0.451,0.04,False,3059,0.367,
2026-09-04 12:00,SF07,6,12386.0,3062,0.44,3079,0.384,0.056,False,3079,0.384,
2026-09-04 12:00,SF08,6,12386.0,3062,0.604,3079,0.463,0.141,False,3062,0.604,
2026-09-04 12:00,SF09,6,12376.0,3058,0.206,3077,0.171,0.035,False,3077,0.171,
2026-09-04 12:00,SF10,6,12386.0,3062,0.423,3079,0.307,0.116,False,306b,0.173,
2026-09-04 12:00,SF11,6,12407.0,3077,0.273,3058,0.227,0.046,False,3058,0.227,
2026-09-04 12:00,SF12,6,12376.0,3058,0.128,306b,-0.04,0.169,False,3059,-0.163,
2026-09-04 13:00,SF07,6,12409.0,3079,0.432,3077,0.116,0.316,False,3079,0.432,
2026-09-04 13:00,SF08,6,12386.0,3062,0.292,3079,0.235,0.057,False,3062,0.292,
2026-09-04 13:00,SF09,6,12376.0,3058,0.264,3079,0.153,0.111,False,3077,0.022,
2026-09-04 13:00,SF10,6,12409.0,3079,0.413,306b,0.215,0.198,False,306b,0.215,
2026-09-04 13:00,SF11,6,12376.0,3058,0.164,3059,0.151,0.013,False,3058,0.164,
2026-09-04 13:00,SF12,6,12377.0,3059,0.372,3062,0.25,0.121,False,3059,0.372,
2026-09-04 14:00,SF07,6,12377.0,3059,0.364,3079,0.354,0.01,False,3079,0.354,
2026-09-04 14:00,SF08,6,12377.0,3059,0.323,306b,0.145,0.178,False,3062,0.11,
2026-09-04 14:00,SF09,6,12409.0,3079,0.436,3059,0.278,0.158,False,3077,0.088,
2026-09-04 14:00,SF10,6,12377.0,3059,0.33,3062,0.327,0.002,False,306b,0.188,
2026-09-04 14:00,SF11,6,12377.0,3059,0.443,3079,0.315,0.128,False,3058,0.235,
2026-09-04 14:00,SF12,6,12377.0,3059,0.344,3062,0.31,0.034,False,3059,0.344,
2026-09-04 15:00,SF07,6,12409.0,3079,0.179,3058,0.067,0.113,False,3079,0.179,
2026-09-04 15:00,SF08,6,12386.0,3062,0.258,3058,0.231,0.027,False,3062,0.258,
2026-09-04 15:00,SF09,6,12409.0,3079,0.321,306b,0.218,0.103,False,3077,0.206,
2026-09-04 15:00,SF10,6,12395.0,306b,0.496,3059,0.263,0.233,False,306b,0.496,
2026-09-04 15:00,SF11,6,12407.0,3077,0.243,3079,0.221,0.023,False,3058,-0.078,
2026-09-04 15:00,SF12,6,12377.0,3059,0.37,306b,0.187,0.184,False,3059,0.37,
2026-09-04 16:00,SF07,6,12409.0,3079,0.345,3058,0.133,0.212,False,3079,0.345,
2026-09-04 16:00,SF08,6,12386.0,3062,0.335,3059,0.233,0.102,False,3062,0.335,
2026-09-04 16:00,SF09,6,12376.0,3058,0.425,3077,0.284,0.141,False,3077,0.284,
2026-09-04 16:00,SF10,6,12395.0,306b,0.474,3062,0.299,0.175,False,306b,0.474,
2026-09-04 16:00,SF11,6,12376.0,3058,0.296,306b,0.176,0.12,False,3058,0.296,
2026-09-04 16:00,SF12,6,12395.0,306b,0.323,3062,0.308,0.014,False,3059,0.225,
2026-09-04 17:00,SF07,6,12407.0,3077,0.41,3079,0.174,0.235,False,3079,0.174,
2026-09-04 17:00,SF08,6,12386.0,3062,0.379,306b,0.244,0.135,False,3062,0.379,
2026-09-04 17:00,SF09,6,12407.0,3077,0.279,3079,0.178,0.101,False,3077,0.279,
2026-09-04 17:00,SF10,6,12395.0,306b,0.392,3062,0.259,0.133,False,306b,0.392,
2026-09-04 17:00,SF11,6,12376.0,3058,0.572,3079,0.197,0.375,True,3058,0.572,True
2026-09-04 17:00,SF12,6,12386.0,3062,0.461,3059,0.357,0.104,False,3059,0.357,
2026-09-04 18:00,SF07,6,12407.0,3077,0.422,3058,0.409,0.012,False,3079,0.133,
2026-09-04 18:00,SF08,6,12386.0,3062,0.559,3059,0.359,0.199,False,3062,0.559,
2026-09-04 18:00,SF09,6,12407.0,3077,0.652,3058,0.293,0.359,True,3077,0.652,True
2026-09-04 18:00,SF10,6,12407.0,3077,0.411,3079,0.269,0.142,False,306b,0.209,
2026-09-04 18:00,SF11,6,12376.0,3058,0.539,3077,0.362,0.177,False,3058,0.539,
2026-09-04 18:00,SF12,6,12386.0,3062,0.425,3059,0.355,0.07,False,3059,0.355,
2026-09-04 19:00,SF08,6,12386.0,3062,0.487,3058,0.478,0.009,False,3062,0.487,
2026-09-04 19:00,SF09,6,12407.0,3077,0.513,3062,0.132,0.381,True,3077,0.513,True
2026-09-04 19:00,SF10,6,12395.0,306b,0.499,3062,-0.034,0.533,False,306b,0.499,
2026-09-04 19:00,SF11,6,12376.0,3058,0.233,3079,0.208,0.025,False,3058,0.233,
2026-09-04 19:00,SF12,6,12377.0,3059,0.619,3062,0.234,0.385,True,3059,0.619,True
2026-09-04 20:00,SF07,6,12409.0,3079,0.634,3058,0.435,0.198,False,3079,0.634,
2026-09-04 20:00,SF08,6,12386.0,3062,0.589,3058,0.403,0.186,False,3062,0.589,
2026-09-04 20:00,SF09,6,12407.0,3077,0.784,3058,0.351,0.433,True,3077,0.784,True
2026-09-04 20:00,SF10,6,12395.0,306b,0.82,3058,0.418,0.402,True,306b,0.82,True
2026-09-04 20:00,SF11,6,12376.0,3058,0.716,306b,0.409,0.307,True,3058,0.716,True
2026-09-04 21:00,SF07,6,12409.0,3079,0.517,3062,0.19,0.328,True,3079,0.517,True
2026-09-04 21:00,SF08,6,12386.0,3062,0.501,3079,0.142,0.359,True,3062,0.501,True
2026-09-04 21:00,SF09,6,12407.0,3077,0.745,3079,0.105,0.639,True,3077,0.745,True
2026-09-04 21:00,SF10,6,12395.0,306b,0.754,3059,0.113,0.641,True,306b,0.754,True
2026-09-04 21:00,SF11,6,12376.0,3058,0.592,306b,0.123,0.469,True,3058,0.592,True
2026-09-04 21:00,SF12,6,12377.0,3059,0.754,306b,0.133,0.621,True,3059,0.754,True
2026-09-04 22:00,SF07,6,12409.0,3079,0.608,3062,0.127,0.482,True,3079,0.608,True
2026-09-04 22:00,SF08,6,12386.0,3062,0.378,3058,0.164,0.214,False,3062,0.378,
2026-09-04 22:00,SF09,6,12407.0,3077,0.649,3079,0.139,0.51,True,3077,0.649,True
2026-09-04 22:00,SF10,6,12395.0,306b,0.761,3058,0.167,0.594,True,306b,0.761,True
2026-09-04 22:00,SF11,6,12376.0,3058,0.624,306b,0.329,0.295,True,3058,0.624,True
2026-09-04 22:00,SF12,6,12377.0,3059,0.709,3079,0.178,0.53,True,3059,0.709,True
2026-09-04 23:00,SF07,6,12409.0,3079,0.574,3077,0.261,0.313,True,3079,0.574,True
2026-09-04 23:00,SF08,6,12386.0,3062,0.399,3059,0.305,0.095,False,3062,0.399,
2026-09-04 23:00,SF09,6,12407.0,3077,0.699,3079,0.248,0.45,True,3077,0.699,True
2026-09-04 23:00,SF10,6,12395.0,306b,0.782,3059,0.269,0.513,True,306b,0.782,True
2026-09-04 23:00,SF11,6,12376.0,3058,0.68,3059,0.342,0.337,True,3058,0.68,True
2026-09-04 23:00,SF12,6,12377.0,3059,0.728,3058,0.351,0.378,True,3059,0.728,True
2026-09-05 00:00,SF07,6,12409.0,3079,0.514,306b,0.471,0.043,False,3079,0.514,
2026-09-05 00:00,SF08,6,12386.0,3062,0.438,3059,0.278,0.159,False,3062,0.438,
2026-09-05 00:00,SF09,6,12407.0,3077,0.585,306b,0.458,0.127,False,3077,0.585,
2026-09-05 00:00,SF10,6,12395.0,306b,0.567,3077,0.475,0.091,False,306b,0.567,
2026-09-05 00:00,SF11,6,12395.0,306b,0.444,3058,0.348,0.096,False,3058,0.348,
2026-09-05 00:00,SF12,6,12377.0,3059,0.516,306b,0.442,0.073,False,3059,0.516,
2026-09-05 01:00,SF07,6,12409.0,3079,0.465,3059,0.023,0.442,False,3079,0.465,
2026-09-05 01:00,SF08,6,12386.0,3062,0.516,306b,0.086,0.43,True,3062,0.516,True
2026-09-05 01:00,SF09,6,12407.0,3077,0.725,3058,0.29,0.435,True,3077,0.725,True
2026-09-05 01:00,SF10,6,12395.0,306b,0.709,3058,0.137,0.572,True,306b,0.709,True
2026-09-05 01:00,SF11,6,12376.0,3058,0.698,3077,0.383,0.314,True,3058,0.698,True
2026-09-05 01:00,SF12,6,12377.0,3059,0.797,3058,0.235,0.561,True,3059,0.797,True
2026-09-05 02:00,SF07,6,12409.0,3079,0.351,3077,0.159,0.192,False,3079,0.351,
2026-09-05 02:00,SF08,6,12386.0,3062,0.446,3059,0.034,0.413,False,3062,0.446,
2026-09-05 02:00,SF09,6,12407.0,3077,0.599,3079,0.133,0.466,True,3077,0.599,True
2026-09-05 02:00,SF10,6,12395.0,306b,0.596,3058,0.13,0.466,True,306b,0.596,True
2026-09-05 02:00,SF11,6,12376.0,3058,0.466,3059,0.202,0.264,False,3058,0.466,
2026-09-05 02:00,SF12,6,12377.0,3059,0.728,3058,-0.0,0.728,True,3059,0.728,True
2026-09-05 03:00,SF07,6,12409.0,3079,0.345,3077,0.314,0.031,False,3079,0.345,
2026-09-05 03:00,SF08,6,12386.0,3062,0.534,3059,0.33,0.203,False,3062,0.534,
2026-09-05 03:00,SF09,6,12407.0,3077,0.695,3079,0.168,0.527,True,3077,0.695,True
2026-09-05 03:00,SF10,6,12395.0,306b,0.633,3059,0.13,0.502,True,306b,0.633,True
2026-09-05 03:00,SF11,6,12376.0,3058,0.485,3077,0.292,0.193,False,3058,0.485,
2026-09-05 03:00,SF12,6,12377.0,3059,0.592,3079,0.152,0.44,True,3059,0.592,True
2026-09-05 04:00,SF07,6,12409.0,3079,0.297,3059,0.092,0.205,False,3079,0.297,
2026-09-05 04:00,SF08,6,12409.0,3079,0.186,306b,0.034,0.152,False,3062,-0.001,
2026-09-05 04:00,SF09,6,12407.0,3077,0.508,306b,-0.004,0.511,True,3077,0.508,True
2026-09-05 04:00,SF10,6,12395.0,306b,0.586,3059,0.481,0.105,False,306b,0.586,
2026-09-05 04:00,SF11,6,12395.0,306b,0.556,3058,0.378,0.178,False,3058,0.378,
2026-09-05 04:00,SF12,6,12377.0,3059,0.541,306b,0.515,0.025,False,3059,0.541,
2026-09-05 05:00,SF07,6,12409.0,3079,0.504,3058,0.305,0.199,False,3079,0.504,
2026-09-05 05:00,SF08,6,12409.0,3079,0.479,3058,0.355,0.124,False,3062,0.002,
2026-09-05 05:00,SF09,6,12407.0,3077,0.449,3059,0.24,0.209,False,3077,0.449,
2026-09-05 05:00,SF10,6,12395.0,306b,0.58,3077,-0.127,0.707,True,306b,0.58,True
2026-09-05 05:00,SF11,6,12376.0,3058,0.368,3079,0.24,0.129,False,3058,0.368,
2026-09-05 05:00,SF12,6,12377.0,3059,0.547,3062,0.137,0.41,True,3059,0.547,True
2026-09-05 06:00,SF07,6,12377.0,3059,0.287,3079,0.278,0.009,False,3079,0.278,
2026-09-05 06:00,SF08,6,12395.0,306b,0.459,3079,0.328,0.131,False,3062,0.284,
2026-09-05 06:00,SF09,6,12407.0,3077,0.432,306b,0.4,0.032,False,3077,0.432,
2026-09-05 06:00,SF10,6,12395.0,306b,0.562,3077,0.373,0.189,False,306b,0.562,
2026-09-05 06:00,SF11,6,12395.0,306b,0.418,3077,0.327,0.091,False,3058,0.312,
2026-09-05 06:00,SF12,6,12409.0,3079,0.436,306b,0.398,0.038,False,3059,0.087,
2026-09-05 07:00,SF07,6,12386.0,3062,0.497,3079,0.279,0.218,False,3079,0.279,
2026-09-05 07:00,SF08,6,12386.0,3062,0.465,3058,0.362,0.104,False,3062,0.465,
2026-09-05 07:00,SF09,6,12386.0,3062,0.416,3058,0.325,0.091,False,3077,0.214,
2026-09-05 07:00,SF11,6,12376.0,3058,0.506,306b,0.505,0.001,False,3058,0.506,
2026-09-05 07:00,SF12,6,12376.0,3058,0.452,3062,0.443,0.009,False,3059,0.157,
2026-09-05 08:00,SF07,6,12386.0,3062,0.361,3059,0.242,0.119,False,3079,0.204,
2026-09-05 08:00,SF08,6,12376.0,3058,0.3,3062,0.289,0.011,False,3062,0.289,
2026-09-05 08:00,SF09,6,12409.0,3079,0.111,3062,0.06,0.051,False,3077,-0.197,
2026-09-05 08:00,SF11,6,12395.0,306b,0.035,3079,-0.004,0.039,False,3058,-0.154,
2026-09-05 08:00,SF12,6,12409.0,3079,0.439,3059,0.399,0.04,False,3059,0.399,
2026-09-05 10:00,SF07,6,12409.0,3079,0.543,3077,0.373,0.169,False,3079,0.543,
2026-09-05 10:00,SF08,6,12386.0,3062,0.475,3058,0.47,0.004,False,3062,0.475,
2026-09-05 10:00,SF09,6,12409.0,3079,0.48,3062,0.414,0.067,False,3077,0.304,
2026-09-05 10:00,SF10,6,12386.0,3062,0.418,306b,0.283,0.135,False,306b,0.283,
2026-09-05 10:00,SF11,6,12409.0,3079,0.503,3062,0.221,0.282,True,3058,0.081,False
2026-09-05 10:00,SF12,6,12395.0,306b,0.265,3059,0.215,0.05,False,3059,0.215,
2026-09-05 11:00,SF07,6,12407.0,3077,0.164,3062,0.107,0.057,False,3079,-0.214,
2026-09-05 11:00,SF08,6,12377.0,3059,0.224,3062,0.224,0.0,False,3062,0.224,
2026-09-05 11:00,SF09,6,12409.0,3079,0.069,3058,0.021,0.048,False,3077,-0.183,
2026-09-05 11:00,SF10,6,12407.0,3077,0.098,3059,0.047,0.051,False,306b,-0.13,
2026-09-05 11:00,SF11,6,12376.0,3058,0.172,3079,0.096,0.076,False,3058,0.172,
2026-09-05 11:00,SF12,6,12395.0,306b,0.289,3062,0.209,0.08,False,3059,0.206,
2026-09-05 12:00,SF07,6,12376.0,3058,0.328,3079,0.204,0.123,False,3079,0.204,
2026-09-05 12:00,SF08,6,12386.0,3062,0.27,306b,0.262,0.008,False,3062,0.27,
2026-09-05 12:00,SF09,6,12376.0,3058,0.117,3079,0.018,0.1,False,3077,-0.27,
2026-09-05 12:00,SF10,6,12377.0,3059,0.362,3062,0.235,0.127,False,306b,0.202,
2026-09-05 12:00,SF11,6,12376.0,3058,0.32,3079,0.135,0.185,False,3058,0.32,
2026-09-05 12:00,SF12,6,12377.0,3059,0.503,3062,0.18,0.323,True,3059,0.503,True
2026-09-05 13:00,SF07,6,12407.0,3077,0.265,3058,0.219,0.046,False,3079,0.186,
2026-09-05 13:00,SF08,6,12377.0,3059,0.604,306b,0.462,0.142,False,3062,0.361,
2026-09-05 13:00,SF09,6,12376.0,3058,0.266,3079,0.16,0.106,False,3077,0.036,
2026-09-05 13:00,SF10,6,12395.0,306b,0.628,3059,0.62,0.008,False,306b,0.628,
2026-09-05 13:00,SF11,6,12376.0,3058,0.333,3059,0.063,0.27,False,3058,0.333,
2026-09-05 13:00,SF12,6,12377.0,3059,0.413,3062,0.357,0.056,False,3059,0.413,
2026-09-05 14:00,SF07,6,12407.0,3077,0.295,3062,0.11,0.185,False,3079,0.042,
2026-09-05 14:00,SF08,6,12377.0,3059,0.303,3062,0.155,0.148,False,3062,0.155,
2026-09-05 14:00,SF09,6,12407.0,3077,0.263,3058,0.237,0.026,False,3077,0.263,
2026-09-05 14:00,SF10,6,12386.0,3062,0.297,3077,0.228,0.07,False,306b,-0.022,
2026-09-05 14:00,SF11,6,12407.0,3077,0.396,3062,0.218,0.178,False,3058,0.115,
2026-09-05 14:00,SF12,6,12377.0,3059,0.308,3062,0.124,0.184,False,3059,0.308,
2026-09-05 15:00,SF07,6,12407.0,3077,0.281,3079,0.272,0.009,False,3079,0.272,
2026-09-05 15:00,SF08,6,12386.0,3062,0.249,306b,0.164,0.085,False,3062,0.249,
2026-09-05 15:00,SF09,6,12407.0,3077,0.386,3058,0.073,0.313,False,3077,0.386,
2026-09-05 15:00,SF10,6,12386.0,3062,0.259,3059,0.248,0.011,False,306b,0.071,
2026-09-05 15:00,SF11,6,12376.0,3058,0.31,3077,0.196,0.114,False,3058,0.31,
2026-09-05 15:00,SF12,6,12386.0,3062,0.264,3059,0.138,0.126,False,3059,0.138,
2026-09-05 16:00,SF07,6,12409.0,3079,0.504,3058,0.226,0.278,True,3079,0.504,True
2026-09-05 16:00,SF08,6,12386.0,3062,0.413,306b,0.37,0.042,False,3062,0.413,
2026-09-05 16:00,SF09,6,12409.0,3079,0.232,3058,0.207,0.025,False,3077,0.069,
2026-09-05 16:00,SF10,6,12395.0,306b,0.361,3059,0.352,0.009,False,306b,0.361,
2026-09-05 16:00,SF11,6,12409.0,3079,0.233,3058,0.232,0.001,False,3058,0.232,
2026-09-05 16:00,SF12,6,12386.0,3062,0.471,306b,0.35,0.121,False,3059,0.217,
2026-09-05 17:00,SF07,6,12409.0,3079,0.309,3077,0.179,0.131,False,3079,0.309,
2026-09-05 17:00,SF08,6,12377.0,3059,0.26,306b,0.242,0.018,False,3062,0.141,
2026-09-05 17:00,SF09,6,12376.0,3058,0.296,3079,0.283,0.013,False,3077,0.145,
2026-09-05 17:00,SF10,6,12395.0,306b,0.303,3059,0.296,0.007,False,306b,0.303,
2026-09-05 17:00,SF11,6,12409.0,3079,0.183,3058,0.162,0.021,False,3058,0.162,
2026-09-05 17:00,SF12,6,12377.0,3059,0.413,3062,0.264,0.15,False,3059,0.413,
2026-09-05 19:00,SF07,6,12376.0,3058,0.338,3079,0.308,0.03,False,3079,0.308,
2026-09-05 19:00,SF08,6,12386.0,3062,0.503,306b,0.425,0.077,False,3062,0.503,
2026-09-05 19:00,SF09,6,12407.0,3077,0.661,3058,0.369,0.292,True,3077,0.661,True
2026-09-05 19:00,SF10,6,12395.0,306b,0.66,3058,0.469,0.191,False,306b,0.66,
2026-09-05 19:00,SF11,6,12376.0,3058,0.551,3059,0.442,0.108,False,3058,0.551,
2026-09-05 19:00,SF12,6,12377.0,3059,0.633,3058,0.331,0.302,True,3059,0.633,True
2026-09-05 20:00,SF07,6,12409.0,3079,0.619,3058,0.238,0.381,True,3079,0.619,True
2026-09-05 20:00,SF08,6,12407.0,3077,0.293,3062,0.268,0.026,False,3062,0.268,
2026-09-05 20:00,SF09,6,12407.0,3077,0.702,3058,0.225,0.477,True,3077,0.702,True
2026-09-05 20:00,SF10,6,12395.0,306b,0.774,3059,0.284,0.49,True,306b,0.774,True
2026-09-05 20:00,SF11,6,12376.0,3058,0.777,306b,0.299,0.478,True,3058,0.777,True
2026-09-05 20:00,SF12,6,12377.0,3059,0.78,3058,0.275,0.505,True,3059,0.78,True
2026-09-05 21:00,SF07,6,12409.0,3079,0.549,3058,0.224,0.324,True,3079,0.549,True
2026-09-05 21:00,SF08,6,12386.0,3062,0.415,3059,0.344,0.071,False,3062,0.415,
2026-09-05 21:00,SF09,6,12407.0,3077,0.727,3058,0.314,0.412,True,3077,0.727,True
2026-09-05 21:00,SF10,6,12395.0,306b,0.672,3058,0.109,0.563,True,306b,0.672,True
2026-09-05 21:00,SF11,6,12376.0,3058,0.808,3077,0.369,0.439,True,3058,0.808,True
2026-09-05 21:00,SF12,6,12377.0,3059,0.742,3058,0.226,0.516,True,3059,0.742,True
2026-09-05 22:00,SF07,6,12409.0,3079,0.597,3059,0.392,0.205,False,3079,0.597,
2026-09-05 22:00,SF08,6,12386.0,3062,0.547,306b,0.189,0.358,True,3062,0.547,True
2026-09-05 22:00,SF09,6,12407.0,3077,0.711,3059,0.329,0.382,True,3077,0.711,True
2026-09-05 22:00,SF10,6,12395.0,306b,0.8,3077,0.216,0.584,True,306b,0.8,True
2026-09-05 22:00,SF11,6,12376.0,3058,0.644,3079,0.227,0.417,True,3058,0.644,True
2026-09-05 22:00,SF12,6,12407.0,3077,0.517,3059,0.508,0.009,False,3059,0.508,
2026-09-05 23:00,SF07,6,12409.0,3079,0.594,306b,0.13,0.465,True,3079,0.594,True
2026-09-05 23:00,SF08,6,12386.0,3062,0.225,3077,0.224,0.001,False,3062,0.225,
2026-09-05 23:00,SF09,6,12407.0,3077,0.661,3059,0.126,0.534,True,3077,0.661,True
2026-09-05 23:00,SF10,6,12395.0,306b,0.77,3079,0.172,0.598,True,306b,0.77,True
2026-09-05 23:00,SF11,6,12376.0,3058,0.482,306b,0.153,0.329,False,3058,0.482,
2026-09-05 23:00,SF12,6,12377.0,3059,0.605,3077,0.128,0.477,True,3059,0.605,True
2026-09-06 00:00,SF07,6,12409.0,3079,0.57,3058,0.282,0.288,True,3079,0.57,True
2026-09-06 00:00,SF08,6,12395.0,306b,0.21,3077,0.191,0.02,False,3062,-0.018,
2026-09-06 00:00,SF09,6,12407.0,3077,0.679,3059,0.157,0.522,True,3077,0.679,True
2026-09-06 00:00,SF10,6,12395.0,306b,0.72,3077,0.133,0.587,True,306b,0.72,True
2026-09-06 00:00,SF11,6,12376.0,3058,0.7,3077,0.194,0.506,True,3058,0.7,True
2026-09-06 00:00,SF12,6,12377.0,3059,0.751,3062,0.288,0.463,True,3059,0.751,True
2026-09-06 01:00,SF07,6,12407.0,3077,0.598,3062,0.395,0.203,False,3079,0.369,
2026-09-06 01:00,SF08,6,12409.0,3079,0.413,3077,0.401,0.012,False,3062,0.172,
2026-09-06 01:00,SF09,6,12407.0,3077,0.685,3062,0.53,0.156,False,3077,0.685,
2026-09-06 01:00,SF10,6,12395.0,306b,0.688,3058,0.338,0.35,True,306b,0.688,True
2026-09-06 01:00,SF11,6,12376.0,3058,0.644,3079,0.298,0.346,True,3058,0.644,True
2026-09-06 01:00,SF12,6,12377.0,3059,0.661,3058,0.239,0.421,True,3059,0.661,True
2026-09-06 02:00,SF07,6,12409.0,3079,0.568,3062,0.26,0.308,True,3079,0.568,True
2026-09-06 02:00,SF08,6,12386.0,3062,0.523,3079,0.208,0.314,True,3062,0.523,True
2026-09-06 02:00,SF09,6,12407.0,3077,0.77,3062,0.129,0.641,True,3077,0.77,True
2026-09-06 02:00,SF10,6,12395.0,306b,0.563,3059,0.539,0.024,False,306b,0.563,
2026-09-06 02:00,SF11,6,12376.0,3058,0.74,3079,0.141,0.599,True,3058,0.74,True
2026-09-06 02:00,SF12,6,12377.0,3059,0.564,306b,0.488,0.076,False,3059,0.564,
2026-09-06 03:00,SF07,6,12409.0,3079,0.499,3062,0.263,0.237,False,3079,0.499,
2026-09-06 03:00,SF08,6,12377.0,3059,0.273,3077,0.214,0.06,False,3062,0.011,
2026-09-06 03:00,SF09,6,12407.0,3077,0.764,306b,0.226,0.538,True,3077,0.764,True
2026-09-06 03:00,SF10,6,12395.0,306b,0.733,3077,0.219,0.514,True,306b,0.733,True
2026-09-06 03:00,SF11,6,12376.0,3058,0.485,3079,0.1,0.385,False,3058,0.485,
2026-09-06 03:00,SF12,6,12377.0,3059,0.73,3077,-0.006,0.737,True,3059,0.73,True
2026-09-06 04:00,SF07,6,12409.0,3079,0.641,3077,0.27,0.371,True,3079,0.641,True
2026-09-06 04:00,SF08,6,12386.0,3062,0.468,3059,0.19,0.278,False,3062,0.468,
2026-09-06 04:00,SF09,6,12407.0,3077,0.639,3079,0.362,0.277,True,3077,0.639,True
2026-09-06 04:00,SF11,6,12376.0,3058,0.55,3077,0.073,0.477,True,3058,0.55,True
2026-09-06 04:00,SF12,6,12377.0,3059,0.688,3062,0.006,0.682,True,3059,0.688,True
2026-09-06 05:00,SF07,6,12409.0,3079,0.408,306b,0.034,0.374,False,3079,0.408,
2026-09-06 05:00,SF08,6,12377.0,3059,0.441,3062,0.411,0.03,False,3062,0.411,
2026-09-06 05:00,SF09,6,12407.0,3077,0.512,3059,0.139,0.374,True,3077,0.512,True
2026-09-06 05:00,SF11,6,12376.0,3058,0.558,3062,0.108,0.45,True,3058,0.558,True
2026-09-06 05:00,SF12,6,12377.0,3059,0.655,3062,0.347,0.308,True,3059,0.655,True
2026-09-06 06:00,SF07,6,12377.0,3059,0.255,3079,0.202,0.054,False,3079,0.202,
2026-09-06 06:00,SF08,6,12377.0,3059,0.249,3079,0.196,0.053,False,3062,0.161,
2026-09-06 06:00,SF09,6,12377.0,3059,0.355,3062,0.119,0.236,False,3077,-0.025,
2026-09-06 06:00,SF10,6,12377.0,3059,0.295,3062,0.132,0.163,False,306b,-0.137,
2026-09-06 06:00,SF11,6,12377.0,3059,0.284,3062,0.201,0.084,False,3058,-0.221,
2026-09-06 06:00,SF12,6,12377.0,3059,0.397,3062,0.152,0.245,False,3059,0.397,
2026-09-06 08:00,SF07,6,12386.0,3062,0.479,3079,0.465,0.014,False,3079,0.465,
2026-09-06 08:00,SF08,6,12386.0,3062,0.561,3059,0.374,0.187,False,3062,0.561,
2026-09-06 08:00,SF09,6,12409.0,3079,0.449,3062,0.364,0.085,False,3077,0.319,
2026-09-06 08:00,SF10,6,12377.0,3059,0.406,306b,0.311,0.095,False,306b,0.311,
2026-09-06 08:00,SF11,6,12386.0,3062,0.51,3077,0.394,0.116,False,3058,0.361,
2026-09-06 08:00,SF12,6,12377.0,3059,0.552,3077,0.453,0.099,False,3059,0.552,
2026-09-06 09:00,SF07,6,12376.0,3058,0.236,3059,0.213,0.022,False,3079,0.101,
2026-09-06 09:00,SF08,6,12377.0,3059,0.148,3058,0.14,0.008,False,3062,0.056,
2026-09-06 09:00,SF09,6,12407.0,3077,0.262,3079,0.193,0.069,False,3077,0.262,
2026-09-06 09:00,SF10,6,12377.0,3059,0.179,306b,0.134,0.045,False,306b,0.134,
2026-09-06 09:00,SF11,6,12376.0,3058,0.316,3079,0.172,0.144,False,3058,0.316,
2026-09-06 09:00,SF12,6,12377.0,3059,0.335,3077,0.214,0.121,False,3059,0.335,
2026-09-06 10:00,SF07,6,12395.0,306b,0.272,3077,0.037,0.235,False,3079,-0.001,
2026-09-06 10:00,SF08,6,12386.0,3062,0.241,306b,0.221,0.02,False,3062,0.241,
2026-09-06 10:00,SF09,6,12386.0,3062,0.345,3079,0.269,0.076,False,3077,-0.012,
2026-09-06 10:00,SF10,6,12409.0,3079,0.229,306b,0.207,0.022,False,306b,0.207,
2026-09-06 10:00,SF11,6,12407.0,3077,0.228,3058,0.178,0.05,False,3058,0.178,
2026-09-06 10:00,SF12,6,12386.0,3062,0.229,3058,0.201,0.028,False,3059,-0.228,
2026-09-06 11:00,SF07,6,12409.0,3079,0.315,306b,0.178,0.137,False,3079,0.315,
2026-09-06 11:00,SF08,6,12377.0,3059,0.367,306b,0.287,0.081,False,3062,0.179,
2026-09-06 11:00,SF09,6,12376.0,3058,0.365,3077,0.209,0.156,False,3077,0.209,
2026-09-06 11:00,SF10,6,12409.0,3079,0.393,306b,0.293,0.1,False,306b,0.293,
2026-09-06 11:00,SF11,6,12395.0,306b,0.238,3058,0.176,0.062,False,3058,0.176,
2026-09-06 11:00,SF12,6,12377.0,3059,0.337,3058,0.322,0.015,False,3059,0.337,
2026-09-06 12:00,SF07,6,12395.0,306b,0.435,3079,0.423,0.012,False,3079,0.423,
2026-09-06 12:00,SF08,6,12395.0,306b,0.609,3062,0.424,0.185,False,3062,0.424,
2026-09-06 12:00,SF09,6,12377.0,3059,0.48,3079,0.473,0.007,False,3077,0.223,
2026-09-06 12:00,SF10,6,12395.0,306b,0.652,3079,0.491,0.162,False,306b,0.652,
2026-09-06 12:00,SF11,6,12376.0,3058,0.391,3079,0.365,0.026,False,3058,0.391,
2026-09-06 12:00,SF12,6,12409.0,3079,0.345,3059,0.342,0.003,False,3059,0.342,
2026-09-06 13:00,SF07,6,12409.0,3079,0.732,3062,0.489,0.243,False,3079,0.732,
2026-09-06 13:00,SF08,6,12386.0,3062,0.532,3079,0.428,0.103,False,3062,0.532,
2026-09-06 13:00,SF09,6,12407.0,3077,0.524,306b,0.383,0.141,False,3077,0.524,
2026-09-06 13:00,SF10,6,12386.0,3062,0.292,3077,0.267,0.025,False,306b,0.255,
2026-09-06 13:00,SF11,6,12376.0,3058,0.63,3079,0.371,0.26,True,3058,0.63,True
2026-09-06 13:00,SF12,6,12386.0,3062,0.421,3059,0.371,0.049,False,3059,0.371,
2026-09-06 14:00,SF07,6,12377.0,3059,0.297,3079,0.225,0.071,False,3079,0.225,
2026-09-06 14:00,SF08,6,12395.0,306b,0.223,3079,0.191,0.032,False,3062,0.042,
2026-09-06 14:00,SF09,6,12407.0,3077,0.364,3058,0.248,0.116,False,3077,0.364,
2026-09-06 14:00,SF10,6,12377.0,3059,0.271,3077,0.167,0.104,False,306b,0.151,
2026-09-06 14:00,SF11,6,12377.0,3059,0.215,3079,0.175,0.04,False,3058,0.019,
2026-09-06 14:00,SF12,6,12377.0,3059,0.255,3062,0.117,0.138,False,3059,0.255,
2026-09-06 15:00,SF07,6,12395.0,306b,0.285,3059,0.25,0.035,False,3079,-0.01,
2026-09-06 15:00,SF08,6,12386.0,3062,0.479,306b,0.4,0.078,False,3062,0.479,
2026-09-06 15:00,SF09,6,12395.0,306b,0.348,3058,0.27,0.079,False,3077,0.27,
2026-09-06 15:00,SF10,6,12395.0,306b,0.372,3058,0.32,0.051,False,306b,0.372,
2026-09-06 15:00,SF11,6,12376.0,3058,0.308,3079,0.281,0.026,False,3058,0.308,
2026-09-06 15:00,SF12,6,12377.0,3059,0.331,3062,0.318,0.013,False,3059,0.331,
2026-09-06 16:00,SF07,6,12407.0,3077,0.335,306b,0.307,0.028,False,3079,0.23,
2026-09-06 16:00,SF08,6,12395.0,306b,0.216,3062,0.199,0.017,False,3062,0.199,
2026-09-06 16:00,SF09,6,12407.0,3077,0.185,306b,0.084,0.101,False,3077,0.185,
2026-09-06 16:00,SF10,6,12395.0,306b,0.561,3077,0.382,0.178,False,306b,0.561,
2026-09-06 16:00,SF11,6,12376.0,3058,0.271,3079,0.172,0.1,False,3058,0.271,
2026-09-06 16:00,SF12,6,12377.0,3059,0.297,3077,0.179,0.118,False,3059,0.297,
2026-09-06 17:00,SF07,6,12409.0,3079,0.369,3077,0.268,0.101,False,3079,0.369,
2026-09-06 17:00,SF08,6,12386.0,3062,0.397,3079,0.224,0.173,False,3062,0.397,
2026-09-06 17:00,SF09,6,12407.0,3077,0.367,3058,0.356,0.011,False,3077,0.367,
2026-09-06 17:00,SF10,6,12409.0,3079,0.211,3077,0.125,0.085,False,306b,0.009,
2026-09-06 17:00,SF11,6,12377.0,3059,0.293,3062,0.208,0.085,False,3058,0.128,
2026-09-06 17:00,SF12,6,12376.0,3058,0.406,3059,0.255,0.151,False,3059,0.255,
2026-09-06 18:00,SF07,6,12409.0,3079,0.429,3077,0.175,0.254,False,3079,0.429,
2026-09-06 18:00,SF08,6,12386.0,3062,0.535,3059,0.199,0.337,True,3062,0.535,True
2026-09-06 18:00,SF09,6,12407.0,3077,0.5,3079,0.418,0.083,False,3077,0.5,
2026-09-06 18:00,SF10,6,12376.0,3058,0.298,3077,0.271,0.027,False,306b,0.144,
2026-09-06 18:00,SF11,6,12376.0,3058,0.515,3077,0.312,0.204,False,3058,0.515,
2026-09-06 18:00,SF12,6,12407.0,3077,0.477,3058,0.465,0.012,False,3059,0.327,
2026-09-06 20:00,SF07,6,12409.0,3079,0.627,3062,0.201,0.426,True,3079,0.627,True
2026-09-06 20:00,SF08,6,12386.0,3062,0.59,306b,0.137,0.452,True,3062,0.59,True
2026-09-06 20:00,SF09,6,12407.0,3077,0.808,306b,0.152,0.656,True,3077,0.808,True
2026-09-06 20:00,SF10,6,12395.0,306b,0.816,3077,0.181,0.635,True,306b,0.816,True
2026-09-06 20:00,SF11,6,12376.0,3058,0.752,306b,0.201,0.551,True,3058,0.752,True
2026-09-06 20:00,SF12,6,12377.0,3059,0.774,3079,0.125,0.649,True,3059,0.774,True
2026-09-06 21:00,SF07,6,12409.0,3079,0.651,3058,0.199,0.452,True,3079,0.651,True
2026-09-06 21:00,SF08,6,12386.0,3062,0.64,3077,0.207,0.433,True,3062,0.64,True
2026-09-06 21:00,SF09,6,12407.0,3077,0.699,3062,0.147,0.552,True,3077,0.699,True
2026-09-06 21:00,SF10,6,12395.0,306b,0.794,3079,0.079,0.714,True,306b,0.794,True
2026-09-06 21:00,SF11,6,12376.0,3058,0.707,3079,0.128,0.578,True,3058,0.707,True
2026-09-06 21:00,SF12,6,12377.0,3059,0.743,3062,0.15,0.592,True,3059,0.743,True
2026-09-06 22:00,SF07,6,12409.0,3079,0.483,3059,0.324,0.159,False,3079,0.483,
2026-09-06 22:00,SF08,6,12386.0,3062,0.524,306b,-0.018,0.542,True,3062,0.524,True
2026-09-06 22:00,SF09,6,12407.0,3077,0.727,3058,0.542,0.185,False,3077,0.727,
2026-09-06 22:00,SF10,6,12395.0,306b,0.824,3079,0.147,0.676,True,306b,0.824,True
2026-09-06 22:00,SF11,6,12376.0,3058,0.624,3077,0.527,0.097,False,3058,0.624,
2026-09-06 22:00,SF12,6,12377.0,3059,0.616,3079,0.203,0.413,True,3059,0.616,True
2026-09-06 23:00,SF07,6,12409.0,3079,0.669,3077,0.122,0.547,True,3079,0.669,True
2026-09-06 23:00,SF08,6,12386.0,3062,0.712,3058,0.092,0.62,True,3062,0.712,True
2026-09-06 23:00,SF09,6,12407.0,3077,0.694,3079,0.071,0.623,True,3077,0.694,True
2026-09-06 23:00,SF10,6,12395.0,306b,0.719,3058,0.124,0.595,True,306b,0.719,True
2026-09-06 23:00,SF11,6,12376.0,3058,0.551,3062,0.178,0.373,True,3058,0.551,True
2026-09-06 23:00,SF12,6,12377.0,3059,0.746,3058,0.089,0.657,True,3059,0.746,True
2026-09-07 00:00,SF07,6,12409.0,3079,0.481,3077,0.381,0.1,False,3079,0.481,
2026-09-07 00:00,SF08,6,12386.0,3062,0.642,3058,-0.006,0.648,True,3062,0.642,True
2026-09-07 00:00,SF09,6,12407.0,3077,0.739,3059,0.348,0.391,True,3077,0.739,True
2026-09-07 00:00,SF10,6,12395.0,306b,0.691,3058,0.524,0.167,False,306b,0.691,
2026-09-07 00:00,SF11,6,12395.0,306b,0.517,3058,0.46,0.057,False,3058,0.46,
2026-09-07 00:00,SF12,6,12377.0,3059,0.629,3077,0.43,0.2,False,3059,0.629,
2026-09-07 01:00,SF07,6,12409.0,3079,0.727,3077,0.576,0.151,False,3079,0.727,
2026-09-07 01:00,SF08,6,12386.0,3062,0.611,306b,0.098,0.513,True,3062,0.611,True
2026-09-07 01:00,SF09,6,12407.0,3077,0.756,3079,0.587,0.169,False,3077,0.756,
2026-09-07 01:00,SF10,6,12395.0,306b,0.704,3062,-0.023,0.727,True,306b,0.704,True
2026-09-07 01:00,SF11,6,12376.0,3058,0.6,3079,0.152,0.449,True,3058,0.6,True
2026-09-07 01:00,SF12,6,12377.0,3059,0.777,3079,0.425,0.352,True,3059,0.777,True
2026-09-07 02:00,SF07,6,12409.0,3079,0.51,3058,0.034,0.476,True,3079,0.51,True
2026-09-07 02:00,SF08,6,12386.0,3062,0.55,3059,0.215,0.334,True,3062,0.55,True
2026-09-07 02:00,SF09,6,12407.0,3077,0.54,3059,0.066,0.475,True,3077,0.54,True
2026-09-07 02:00,SF10,6,12395.0,306b,0.799,3058,0.305,0.494,True,306b,0.799,True
2026-09-07 02:00,SF11,6,12376.0,3058,0.645,306b,0.405,0.24,False,3058,0.645,
2026-09-07 02:00,SF12,6,12377.0,3059,0.646,3077,0.242,0.404,True,3059,0.646,True
2026-09-07 03:00,SF07,6,12409.0,3079,0.421,3058,0.375,0.046,False,3079,0.421,
2026-09-07 03:00,SF08,6,12386.0,3062,0.585,306b,0.059,0.526,True,3062,0.585,True
2026-09-07 03:00,SF09,6,12407.0,3077,0.585,3059,0.225,0.36,True,3077,0.585,True
2026-09-07 03:00,SF10,6,12395.0,306b,0.608,3059,-0.068,0.677,True,306b,0.608,True
2026-09-07 03:00,SF11,6,12376.0,3058,0.455,3079,0.446,0.009,False,3058,0.455,
2026-09-07 03:00,SF12,6,12377.0,3059,0.628,306b,0.149,0.479,True,3059,0.628,True
2026-09-07 04:00,SF07,6,12409.0,3079,0.544,3059,0.1,0.444,True,3079,0.544,True
2026-09-07 04:00,SF08,6,12386.0,3062,0.425,3079,0.215,0.21,False,3062,0.425,
2026-09-07 04:00,SF09,6,12407.0,3077,0.555,3079,0.034,0.52,True,3077,0.555,True
2026-09-07 04:00,SF10,6,12395.0,306b,0.716,3077,0.093,0.623,True,306b,0.716,True
2026-09-07 04:00,SF11,6,12376.0,3058,0.525,3079,0.238,0.287,True,3058,0.525,True
2026-09-07 04:00,SF12,6,12377.0,3059,0.679,3058,0.195,0.483,True,3059,0.679,True
2026-09-07 05:00,SF07,6,12409.0,3079,0.664,3077,0.174,0.49,True,3079,0.664,True
2026-09-07 05:00,SF08,6,12386.0,3062,0.464,3058,0.307,0.158,False,3062,0.464,
2026-09-07 05:00,SF09,6,12407.0,3077,0.575,3079,0.13,0.445,True,3077,0.575,True
2026-09-07 05:00,SF10,6,12395.0,306b,0.7,3077,0.176,0.524,True,306b,0.7,True
2026-09-07 05:00,SF11,6,12376.0,3058,0.479,3059,0.389,0.09,False,3058,0.479,
2026-09-07 05:00,SF12,6,12377.0,3059,0.546,306b,0.44,0.106,False,3059,0.546,
2026-09-07 06:00,SF07,6,12409.0,3079,0.376,3077,0.345,0.031,False,3079,0.376,
2026-09-07 06:00,SF08,6,12407.0,3077,0.528,3079,0.331,0.197,False,3062,0.268,
2026-09-07 06:00,SF09,6,12407.0,3077,0.576,3079,0.378,0.198,False,3077,0.576,
2026-09-07 06:00,SF10,6,12395.0,306b,0.433,3077,0.272,0.161,False,306b,0.433,
2026-09-07 06:00,SF11,6,12409.0,3079,0.342,306b,0.251,0.091,False,3058,0.038,
2026-09-07 06:00,SF12,6,12377.0,3059,0.578,306b,0.236,0.341,True,3059,0.578,True
2026-09-07 07:00,SF07,6,12395.0,306b,0.341,3062,0.253,0.088,False,3079,0.164,
2026-09-07 07:00,SF08,6,12377.0,3059,0.368,3062,0.281,0.087,False,3062,0.281,
2026-09-07 07:00,SF09,6,12395.0,306b,0.254,3079,0.196,0.058,False,3077,0.123,
2026-09-07 07:00,SF10,6,12377.0,3059,0.24,306b,0.233,0.007,False,306b,0.233,
2026-09-07 07:00,SF11,6,12386.0,3062,0.317,3077,0.251,0.066,False,3058,-0.001,
2026-09-07 07:00,SF12,6,12377.0,3059,0.177,306b,0.177,0.0,False,3059,0.177,
2026-09-07 09:00,SF07,5,12386.0,3062,0.572,3079,0.511,0.061,False,3079,0.511,
2026-09-07 09:00,SF08,5,12407.0,3077,0.422,3062,0.304,0.118,False,3062,0.304,
2026-09-07 09:00,SF09,5,12407.0,3077,0.447,3079,0.288,0.159,False,3077,0.447,
2026-09-07 09:00,SF10,5,12395.0,306b,0.699,3062,0.62,0.079,False,306b,0.699,
2026-09-07 09:00,SF12,5,12377.0,3059,0.724,3079,0.597,0.127,False,3059,0.724,
2026-09-07 10:00,SF07,5,12409.0,3079,0.127,306b,0.097,0.03,False,3079,0.127,
2026-09-07 10:00,SF08,5,12407.0,3077,0.261,3062,0.154,0.107,False,3062,0.154,
2026-09-07 10:00,SF09,5,12395.0,306b,0.046,3077,0.045,0.002,False,3077,0.045,
2026-09-07 10:00,SF10,5,12377.0,3059,0.286,3079,-0.003,0.288,False,306b,-0.157,
2026-09-07 10:00,SF12,5,12377.0,3059,0.493,3077,0.049,0.444,False,3059,0.493,
2026-09-07 11:00,SF07,5,12386.0,3062,0.494,3079,0.297,0.198,False,3079,0.297,
2026-09-07 11:00,SF08,5,12386.0,3062,0.269,3079,0.152,0.117,False,3062,0.269,
2026-09-07 11:00,SF09,5,12386.0,3062,0.364,3079,0.313,0.051,False,3077,-0.2,
2026-09-07 11:00,SF10,5,12377.0,3059,0.443,3062,0.158,0.285,False,306b,-0.369,
2026-09-07 11:00,SF12,5,12377.0,3059,0.544,3062,0.074,0.47,True,3059,0.544,True
2026-09-07 12:00,SF07,5,12386.0,3062,0.075,306b,-0.05,0.125,False,3079,-0.101,
2026-09-07 12:00,SF08,5,12377.0,3059,0.276,3077,0.233,0.042,False,3062,0.151,
2026-09-07 12:00,SF09,5,12386.0,3062,0.1,3077,0.09,0.009,False,3077,0.09,
2026-09-07 12:00,SF10,5,12409.0,3079,0.258,3059,0.068,0.19,False,306b,0.028,
2026-09-07 12:00,SF12,5,12377.0,3059,0.61,3079,0.191,0.419,True,3059,0.61,True
2026-09-07 13:00,SF07,5,12386.0,3062,0.406,3079,0.201,0.205,False,3079,0.201,
2026-09-07 13:00,SF08,5,12407.0,3077,0.251,3059,0.24,0.011,False,3062,-0.066,
2026-09-07 13:00,SF09,5,12386.0,3062,0.36,3079,0.326,0.034,False,3077,0.02,
2026-09-07 13:00,SF10,5,12395.0,306b,0.509,3077,0.047,0.462,True,306b,0.509,True
2026-09-07 13:00,SF12,5,12377.0,3059,0.402,3062,0.102,0.3,False,3059,0.402,
2026-09-07 14:00,SF07,5,12386.0,3062,0.215,3077,0.161,0.054,False,3079,0.092,
2026-09-07 14:00,SF08,5,12386.0,3062,0.435,3077,0.181,0.254,False,3062,0.435,
2026-09-07 14:00,SF09,5,12407.0,3077,0.352,3062,0.172,0.18,False,3077,0.352,
2026-09-07 14:00,SF10,5,12377.0,3059,0.071,306b,0.044,0.027,False,306b,0.044,
2026-09-07 14:00,SF12,5,12377.0,3059,0.219,3079,0.054,0.165,False,3059,0.219,
2026-09-07 15:00,SF07,5,12407.0,3077,0.014,3079,-0.11,0.124,False,3079,-0.11,
2026-09-07 15:00,SF08,5,12386.0,3062,0.001,3077,-0.025,0.027,False,3062,0.001,
2026-09-07 15:00,SF09,5,12407.0,3077,0.356,306b,0.139,0.218,False,3077,0.356,
2026-09-07 15:00,SF10,5,12395.0,306b,0.155,3077,-0.085,0.24,False,306b,0.155,
2026-09-07 15:00,SF12,5,12409.0,3079,-0.117,3059,-0.12,0.003,False,3059,-0.12,
2026-09-07 16:00,SF07,5,12407.0,3077,0.099,3059,0.073,0.026,False,3079,-0.031,
2026-09-07 16:00,SF08,5,12407.0,3077,0.167,3062,0.091,0.076,False,3062,0.091,
2026-09-07 16:00,SF09,5,12395.0,306b,0.215,3077,0.138,0.077,False,3077,0.138,
2026-09-07 16:00,SF10,5,12395.0,306b,0.388,3062,0.154,0.234,False,306b,0.388,
2026-09-07 16:00,SF12,5,12377.0,3059,0.325,3077,0.066,0.259,False,3059,0.325,
2026-09-07 18:00,SF07,5,12377.0,3059,0.518,3079,0.399,0.119,False,3079,0.399,
2026-09-07 18:00,SF08,5,12386.0,3062,0.611,3059,0.419,0.192,False,3062,0.611,
2026-09-07 18:00,SF09,5,12407.0,3077,0.538,3059,0.455,0.083,False,3077,0.538,
2026-09-07 18:00,SF10,5,12377.0,3059,0.468,3077,0.426,0.042,False,306b,0.407,
2026-09-07 18:00,SF12,5,12377.0,3059,0.592,306b,0.5,0.092,False,3059,0.592,
2026-09-07 19:00,SF07,5,12409.0,3079,0.347,3059,0.237,0.11,False,3079,0.347,
2026-09-07 19:00,SF08,5,12386.0,3062,0.491,3059,0.241,0.25,False,3062,0.491,
2026-09-07 19:00,SF09,5,12407.0,3077,0.536,306b,0.288,0.247,False,3077,0.536,
2026-09-07 19:00,SF10,5,12395.0,306b,0.536,3077,0.268,0.268,True,306b,0.536,True
2026-09-07 19:00,SF12,5,12377.0,3059,0.611,3077,0.21,0.401,True,3059,0.611,True
2026-09-07 20:00,SF07,5,12409.0,3079,0.689,306b,0.073,0.616,True,3079,0.689,True
2026-09-07 20:00,SF08,5,12386.0,3062,0.569,306b,0.245,0.324,True,3062,0.569,True
2026-09-07 20:00,SF09,5,12407.0,3077,0.709,3062,0.084,0.625,True,3077,0.709,True
2026-09-07 20:00,SF10,5,12395.0,306b,0.768,3059,0.192,0.576,True,306b,0.768,True
2026-09-07 20:00,SF12,5,12377.0,3059,0.693,3062,0.158,0.535,True,3059,0.693,True
2026-09-07 21:00,SF07,5,12409.0,3079,0.43,3059,0.406,0.024,False,3079,0.43,
2026-09-07 21:00,SF08,5,12386.0,3062,0.612,3077,0.201,0.411,True,3062,0.612,True
2026-09-07 21:00,SF09,5,12407.0,3077,0.667,306b,0.231,0.436,True,3077,0.667,True
2026-09-07 21:00,SF10,5,12395.0,306b,0.657,3059,0.409,0.249,False,306b,0.657,
2026-09-07 21:00,SF12,5,12377.0,3059,0.622,306b,0.335,0.287,True,3059,0.622,True
2026-09-07 22:00,SF07,5,12409.0,3079,0.589,3062,0.128,0.461,True,3079,0.589,True
2026-09-07 22:00,SF08,5,12386.0,3062,0.478,306b,-0.033,0.511,False,3062,0.478,
2026-09-07 22:00,SF09,5,12407.0,3077,0.68,3079,0.102,0.578,True,3077,0.68,True
2026-09-07 22:00,SF10,5,12395.0,306b,0.828,3059,0.177,0.651,True,306b,0.828,True
2026-09-07 22:00,SF12,5,12377.0,3059,0.699,306b,0.17,0.529,True,3059,0.699,True
2026-09-07 23:00,SF07,5,12409.0,3079,0.43,3059,0.309,0.121,False,3079,0.43,
2026-09-07 23:00,SF08,5,12386.0,3062,0.576,306b,0.055,0.521,True,3062,0.576,True
2026-09-07 23:00,SF09,5,12407.0,3077,0.558,306b,0.372,0.187,False,3077,0.558,
2026-09-07 23:00,SF10,5,12395.0,306b,0.837,3059,0.201,0.637,True,306b,0.837,True
2026-09-07 23:00,SF12,5,12377.0,3059,0.753,3079,0.179,0.574,True,3059,0.753,True
2026-09-08 00:00,SF07,5,12409.0,3079,0.737,3059,0.31,0.427,True,3079,0.737,True
2026-09-08 00:00,SF08,5,12386.0,3062,0.511,3079,-0.008,0.52,True,3062,0.511,True
2026-09-08 00:00,SF09,5,12407.0,3077,0.68,306b,0.446,0.234,False,3077,0.68,
2026-09-08 00:00,SF10,5,12395.0,306b,0.797,3059,0.583,0.215,False,306b,0.797,
2026-09-08 00:00,SF12,5,12377.0,3059,0.74,306b,0.626,0.113,False,3059,0.74,
2026-09-08 01:00,SF07,5,12377.0,3059,0.535,3077,0.531,0.003,False,3079,0.443,
2026-09-08 01:00,SF08,5,12386.0,3062,0.497,3077,0.14,0.357,False,3062,0.497,
2026-09-08 01:00,SF09,5,12407.0,3077,0.578,3059,0.467,0.111,False,3077,0.578,
2026-09-08 01:00,SF10,5,12395.0,306b,0.634,3079,-0.111,0.745,True,306b,0.634,True
2026-09-08 01:00,SF12,5,12377.0,3059,0.672,3077,0.484,0.189,False,3059,0.672,
2026-09-08 02:00,SF07,5,12409.0,3079,0.451,3059,0.176,0.275,False,3079,0.451,
2026-09-08 02:00,SF08,5,12386.0,3062,0.414,3077,0.105,0.309,False,3062,0.414,
2026-09-08 02:00,SF09,5,12407.0,3077,0.632,3059,0.04,0.592,True,3077,0.632,True
2026-09-08 02:00,SF10,5,12395.0,306b,0.771,3079,-0.022,0.793,True,306b,0.771,True
2026-09-08 02:00,SF12,5,12377.0,3059,0.642,3077,0.27,0.372,True,3059,0.642,True
2026-09-08 03:00,SF07,5,12409.0,3079,0.474,3059,0.097,0.377,False,3079,0.474,
2026-09-08 03:00,SF08,5,12386.0,3062,0.521,3077,0.065,0.456,True,3062,0.521,True
2026-09-08 03:00,SF09,5,12407.0,3077,0.622,3062,0.0,0.622,True,3077,0.622,True
2026-09-08 03:00,SF10,5,12395.0,306b,0.617,3062,0.082,0.535,True,306b,0.617,True
2026-09-08 03:00,SF12,5,12377.0,3059,0.626,306b,0.085,0.541,True,3059,0.626,True
2026-09-08 04:00,SF07,5,12409.0,3079,0.278,3062,0.245,0.033,False,3079,0.278,
2026-09-08 04:00,SF08,5,12386.0,3062,0.556,3059,0.198,0.358,True,3062,0.556,True
2026-09-08 04:00,SF09,5,12407.0,3077,0.553,3079,0.056,0.496,True,3077,0.553,True
2026-09-08 04:00,SF10,5,12395.0,306b,0.518,3079,0.071,0.447,True,306b,0.518,True
2026-09-08 04:00,SF12,5,12377.0,3059,0.604,3079,0.193,0.411,True,3059,0.604,True
2026-09-08 05:00,SF07,5,12409.0,3079,0.403,3062,0.173,0.231,False,3079,0.403,
2026-09-08 05:00,SF08,5,12409.0,3079,0.348,3062,0.152,0.196,False,3062,0.152,
2026-09-08 05:00,SF09,5,12407.0,3077,0.573,3079,0.16,0.413,True,3077,0.573,True
2026-09-08 05:00,SF10,5,12395.0,306b,0.672,3059,0.174,0.498,True,306b,0.672,True
2026-09-08 05:00,SF12,5,12377.0,3059,0.559,306b,0.046,0.513,True,3059,0.559,True
2026-09-08 06:00,SF08,5,12377.0,3059,0.125,3077,0.107,0.018,False,3062,0.009,
2026-09-08 07:00,SF07,5,12377.0,3059,0.673,3062,0.667,0.005,False,3079,0.622,
2026-09-08 07:00,SF08,5,12386.0,3062,0.63,3079,0.62,0.01,False,3062,0.63,
2026-09-08 07:00,SF09,5,12409.0,3079,0.553,3062,0.544,0.009,False,3077,0.373,
2026-09-08 07:00,SF10,5,12395.0,306b,0.635,3059,0.63,0.005,False,306b,0.635,
2026-09-08 07:00,SF12,5,12377.0,3059,0.673,3062,0.559,0.114,False,3059,0.673,
2026-09-08 08:00,SF07,5,12377.0,3059,0.379,3077,0.343,0.036,False,3079,0.242,
2026-09-08 08:00,SF08,5,12377.0,3059,0.419,3077,0.295,0.124,False,3062,0.06,
2026-09-08 08:00,SF09,5,12386.0,3062,-0.102,306b,-0.149,0.047,False,3077,-0.351,
2026-09-08 08:00,SF10,5,12395.0,306b,0.411,3077,0.323,0.088,False,306b,0.411,
2026-09-08 08:00,SF12,5,12377.0,3059,0.49,3077,0.464,0.025,False,3059,0.49,
2026-09-08 09:00,SF07,5,12407.0,3077,0.356,3079,0.296,0.06,False,3079,0.296,
2026-09-08 09:00,SF08,5,12409.0,3079,0.142,306b,0.098,0.044,False,3062,0.016,
2026-09-08 09:00,SF09,5,12409.0,3079,0.331,3077,0.19,0.141,False,3077,0.19,
2026-09-08 09:00,SF10,5,12395.0,306b,0.225,3079,0.138,0.086,False,306b,0.225,
2026-09-08 09:00,SF12,5,12377.0,3059,0.258,3077,0.209,0.049,False,3059,0.258,
2026-09-08 10:00,SF07,5,12407.0,3077,0.168,3059,0.154,0.014,False,3079,-0.137,
2026-09-08 10:00,SF08,5,12386.0,3062,0.323,3059,0.068,0.255,False,3062,0.323,
2026-09-08 10:00,SF09,5,12407.0,3077,0.205,306b,0.152,0.054,False,3077,0.205,
2026-09-08 10:00,SF10,5,12395.0,306b,0.312,3077,0.231,0.081,False,306b,0.312,
2026-09-08 10:00,SF12,5,12377.0,3059,0.47,3077,0.087,0.383,False,3059,0.47,
2026-09-08 11:00,SF07,5,12409.0,3079,0.546,306b,0.119,0.428,True,3079,0.546,True
2026-09-08 11:00,SF08,5,12386.0,3062,0.36,306b,0.07,0.29,False,3062,0.36,
2026-09-08 11:00,SF09,5,12407.0,3077,0.024,306b,-0.001,0.025,False,3077,0.024,
2026-09-08 11:00,SF10,5,12409.0,3079,0.307,3062,0.167,0.14,False,306b,0.115,
2026-09-08 11:00,SF12,5,12386.0,3062,0.215,3059,0.2,0.015,False,3059,0.2,
2026-09-08 12:00,SF07,5,12395.0,306b,0.531,3079,0.148,0.384,True,3079,0.148,False
2026-09-08 12:00,SF08,5,12407.0,3077,0.13,306b,0.111,0.019,False,3062,-0.076,
2026-09-08 12:00,SF09,5,12407.0,3077,0.264,3059,0.187,0.077,False,3077,0.264,
2026-09-08 12:00,SF10,5,12407.0,3077,0.339,306b,0.219,0.12,False,306b,0.219,
2026-09-08 12:00,SF12,5,12407.0,3077,0.137,306b,-0.002,0.139,False,3059,-0.094,
2026-09-08 13:00,SF07,5,12409.0,3079,0.335,306b,0.161,0.174,False,3079,0.335,
2026-09-08 13:00,SF08,5,12377.0,3059,0.133,3062,0.107,0.025,False,3062,0.107,
2026-09-08 13:00,SF09,5,12409.0,3079,0.306,306b,0.197,0.108,False,3077,-0.056,
2026-09-08 13:00,SF10,5,12409.0,3079,0.302,3077,0.131,0.171,False,306b,0.099,
2026-09-08 13:00,SF12,5,12377.0,3059,0.32,3077,0.181,0.139,False,3059,0.32,
2026-09-08 14:00,SF07,5,12409.0,3079,0.477,3059,0.003,0.475,False,3079,0.477,
2026-09-08 14:00,SF08,5,12386.0,3062,0.122,3079,-0.056,0.178,False,3062,0.122,
2026-09-08 14:00,SF09,5,12407.0,3077,0.228,3079,0.087,0.142,False,3077,0.228,
2026-09-08 14:00,SF10,5,12409.0,3079,0.213,306b,0.194,0.019,False,306b,0.194,
2026-09-08 14:00,SF12,5,12377.0,3059,0.364,3077,0.174,0.19,False,3059,0.364,
2026-09-08 15:00,SF07,5,12395.0,306b,0.284,3062,0.245,0.039,False,3079,0.196,
2026-09-08 15:00,SF08,5,12386.0,3062,0.3,3079,0.141,0.16,False,3062,0.3,
2026-09-08 15:00,SF09,5,12395.0,306b,0.156,3079,0.154,0.002,False,3077,-0.042,
2026-09-08 15:00,SF10,5,12395.0,306b,0.427,3079,0.196,0.231,False,306b,0.427,
2026-09-08 15:00,SF12,5,12407.0,3077,0.093,306b,0.073,0.02,False,3059,0.02,
2026-09-08 16:00,SF07,5,12395.0,306b,0.398,3079,0.229,0.168,False,3079,0.229,
2026-09-08 16:00,SF08,5,12386.0,3062,0.279,3059,0.206,0.073,False,3062,0.279,
2026-09-08 16:00,SF09,5,12407.0,3077,0.3,306b,0.25,0.05,False,3077,0.3,
2026-09-08 16:00,SF10,5,12395.0,306b,0.233,3077,0.222,0.012,False,306b,0.233,
2026-09-08 16:00,SF12,5,12377.0,3059,0.414,3077,0.048,0.365,False,3059,0.414,
2026-09-08 17:00,SF07,5,12407.0,3077,0.318,3079,0.299,0.019,False,3079,0.299,
2026-09-08 17:00,SF08,5,12386.0,3062,0.533,306b,0.182,0.351,True,3062,0.533,True
2026-09-08 17:00,SF09,5,12407.0,3077,0.285,3059,0.17,0.115,False,3077,0.285,
2026-09-08 17:00,SF10,5,12409.0,3079,0.324,3077,0.156,0.168,False,306b,0.079,
2026-09-08 17:00,SF12,5,12386.0,3062,0.4,306b,0.125,0.275,False,3059,0.105,
2026-09-08 18:00,SF07,5,12409.0,3079,0.446,306b,0.444,0.002,False,3079,0.446,
2026-09-08 18:00,SF08,5,12386.0,3062,0.457,3059,0.264,0.193,False,3062,0.457,
2026-09-08 18:00,SF09,5,12395.0,306b,0.319,3077,0.288,0.031,False,3077,0.288,
2026-09-08 18:00,SF10,5,12395.0,306b,0.627,3079,0.274,0.352,True,306b,0.627,True
2026-09-08 18:00,SF12,5,12377.0,3059,0.62,3062,0.32,0.3,True,3059,0.62,True
2026-09-08 20:00,SF07,5,12409.0,3079,0.646,3059,0.242,0.404,True,3079,0.646,True
2026-09-08 20:00,SF08,5,12386.0,3062,0.662,306b,0.21,0.452,True,3062,0.662,True
2026-09-08 20:00,SF09,5,12407.0,3077,0.719,3079,0.187,0.532,True,3077,0.719,True
2026-09-08 20:00,SF10,5,12395.0,306b,0.689,3062,0.071,0.618,True,306b,0.689,True
2026-09-08 20:00,SF12,5,12377.0,3059,0.699,3079,0.176,0.523,True,3059,0.699,True
2026-09-08 21:00,SF07,5,12409.0,3079,0.623,306b,0.148,0.475,True,3079,0.623,True
2026-09-08 21:00,SF08,5,12386.0,3062,0.625,306b,0.165,0.459,True,3062,0.625,True
2026-09-08 21:00,SF09,5,12407.0,3077,0.679,306b,0.081,0.598,True,3077,0.679,True
2026-09-08 21:00,SF10,5,12395.0,306b,0.66,3079,0.227,0.433,True,306b,0.66,True
2026-09-08 21:00,SF12,5,12377.0,3059,0.646,3062,0.008,0.638,True,3059,0.646,True
2026-09-08 22:00,SF07,5,12409.0,3079,0.724,306b,0.492,0.232,False,3079,0.724,
2026-09-08 22:00,SF08,5,12386.0,3062,0.591,3079,0.29,0.301,True,3062,0.591,True
2026-09-08 22:00,SF09,5,12407.0,3077,0.76,3059,0.213,0.547,True,3077,0.76,True
2026-09-08 22:00,SF10,5,12395.0,306b,0.738,3079,0.542,0.196,False,306b,0.738,
2026-09-08 22:00,SF12,5,12377.0,3059,0.729,3077,0.252,0.477,True,3059,0.729,True
2026-09-08 23:00,SF07,5,12409.0,3079,0.591,306b,0.111,0.48,True,3079,0.591,True
2026-09-08 23:00,SF08,5,12386.0,3062,0.505,3059,0.166,0.339,True,3062,0.505,True
2026-09-08 23:00,SF09,5,12407.0,3077,0.737,3059,0.094,0.643,True,3077,0.737,True
2026-09-08 23:00,SF10,5,12395.0,306b,0.652,3079,0.269,0.382,True,306b,0.652,True
2026-09-08 23:00,SF12,5,12377.0,3059,0.755,3062,0.202,0.553,True,3059,0.755,True
2026-09-09 00:00,SF07,5,12409.0,3079,0.598,306b,0.464,0.134,False,3079,0.598,
2026-09-09 00:00,SF08,5,12386.0,3062,0.837,3079,-0.04,0.877,True,3062,0.837,True
2026-09-09 00:00,SF09,5,12407.0,3077,0.792,3059,0.442,0.35,True,3077,0.792,True
2026-09-09 00:00,SF10,5,12395.0,306b,0.722,3059,0.562,0.16,False,306b,0.722,
2026-09-09 00:00,SF12,5,12377.0,3059,0.806,306b,0.632,0.174,False,3059,0.806,
2026-09-09 01:00,SF07,5,12409.0,3079,0.538,3059,0.165,0.373,True,3079,0.538,True
2026-09-09 01:00,SF08,5,12386.0,3062,0.718,306b,0.03,0.688,True,3062,0.718,True
2026-09-09 01:00,SF09,5,12407.0,3077,0.736,3059,0.183,0.553,True,3077,0.736,True
2026-09-09 01:00,SF10,5,12395.0,306b,0.643,3062,-0.002,0.645,True,306b,0.643,True
2026-09-09 01:00,SF12,5,12377.0,3059,0.661,3077,0.263,0.398,True,3059,0.661,True
2026-09-09 02:00,SF07,5,12409.0,3079,0.555,3077,0.499,0.056,False,3079,0.555,
2026-09-09 02:00,SF08,5,12386.0,3062,0.527,3079,0.02,0.507,True,3062,0.527,True
2026-09-09 02:00,SF09,5,12407.0,3077,0.822,306b,0.56,0.263,True,3077,0.822,True
2026-09-09 02:00,SF10,5,12395.0,306b,0.808,3077,0.595,0.212,False,306b,0.808,
2026-09-09 02:00,SF12,5,12377.0,3059,0.533,3062,0.164,0.37,True,3059,0.533,True
2026-09-09 03:00,SF07,5,12409.0,3079,0.601,306b,0.115,0.486,True,3079,0.601,True
2026-09-09 03:00,SF08,5,12386.0,3062,0.667,306b,0.067,0.6,True,3062,0.667,True
2026-09-09 03:00,SF09,5,12407.0,3077,0.784,3059,0.17,0.613,True,3077,0.784,True
2026-09-09 03:00,SF10,5,12395.0,306b,0.612,3079,0.232,0.38,True,306b,0.612,True
2026-09-09 03:00,SF12,5,12377.0,3059,0.673,3079,0.175,0.497,True,3059,0.673,True
2026-09-09 04:00,SF07,5,12409.0,3079,0.651,3059,0.201,0.45,True,3079,0.651,True
2026-09-09 04:00,SF08,5,12386.0,3062,0.682,3077,0.042,0.64,True,3062,0.682,True
2026-09-09 04:00,SF09,5,12407.0,3077,0.585,3059,0.221,0.364,True,3077,0.585,True
2026-09-09 04:00,SF10,5,12395.0,306b,0.697,3079,0.023,0.673,True,306b,0.697,True
2026-09-09 04:00,SF12,5,12377.0,3059,0.695,3077,0.073,0.622,True,3059,0.695,True
2026-09-09 05:00,SF07,5,12409.0,3079,0.606,3059,0.136,0.47,True,3079,0.606,True
2026-09-09 05:00,SF08,5,12386.0,3062,0.482,3059,0.113,0.368,False,3062,0.482,
2026-09-09 05:00,SF09,5,12407.0,3077,0.619,3079,-0.013,0.632,True,3077,0.619,True
2026-09-09 05:00,SF10,5,12395.0,306b,0.653,3062,0.174,0.479,True,306b,0.653,True
2026-09-09 05:00,SF12,5,12377.0,3059,0.615,3079,0.158,0.458,True,3059,0.615,True
2026-09-09 06:00,SF07,5,12407.0,3077,0.678,3059,0.529,0.15,False,3079,0.509,
2026-09-09 06:00,SF08,5,12395.0,306b,0.507,3077,0.386,0.121,False,3062,0.314,
2026-09-09 06:00,SF09,5,12407.0,3077,0.671,3079,0.443,0.228,False,3077,0.671,
2026-09-09 06:00,SF10,5,12395.0,306b,0.513,3059,0.484,0.03,False,306b,0.513,
2026-09-09 06:00,SF12,5,12377.0,3059,0.637,306b,0.488,0.149,False,3059,0.637,
2026-09-09 07:00,SF07,5,12409.0,3079,0.18,3077,0.176,0.005,False,3079,0.18,
2026-09-09 07:00,SF08,5,12386.0,3062,0.38,3059,0.342,0.038,False,3062,0.38,
2026-09-09 07:00,SF09,5,12409.0,3079,0.172,3077,0.017,0.155,False,3077,0.017,
2026-09-09 07:00,SF10,5,12395.0,306b,0.239,3059,0.156,0.083,False,306b,0.239,
2026-09-09 07:00,SF12,5,12377.0,3059,0.247,3079,0.114,0.134,False,3059,0.247,
2026-09-09 09:00,SF07,5,12409.0,3079,0.634,306b,0.437,0.198,False,3079,0.634,
2026-09-09 09:00,SF08,5,12409.0,3079,0.552,3062,0.535,0.017,False,3062,0.535,
2026-09-09 09:00,SF09,5,12409.0,3079,0.527,306b,0.429,0.098,False,3077,0.224,
2026-09-09 09:00,SF10,5,12395.0,306b,0.442,3079,0.342,0.1,False,306b,0.442,
2026-09-09 09:00,SF12,5,12409.0,3079,0.346,306b,0.335,0.01,False,3059,0.134,
2026-09-09 10:00,SF07,5,12386.0,3062,0.32,3079,0.204,0.116,False,3079,0.204,
2026-09-09 10:00,SF08,5,12377.0,3059,0.304,3079,0.222,0.081,False,3062,0.16,
2026-09-09 10:00,SF09,5,12377.0,3059,0.241,306b,0.115,0.126,False,3077,0.014,
2026-09-09 10:00,SF10,5,12395.0,306b,0.351,3079,0.072,0.279,False,306b,0.351,
2026-09-09 10:00,SF12,5,12395.0,306b,0.281,3062,0.133,0.149,False,3059,0.081,
2026-09-09 11:00,SF07,5,12386.0,3062,0.245,3079,0.243,0.001,False,3079,0.243,
2026-09-09 11:00,SF08,5,12386.0,3062,0.339,3059,0.167,0.172,False,3062,0.339,
2026-09-09 11:00,SF09,5,12407.0,3077,0.329,3079,0.215,0.114,False,3077,0.329,
2026-09-09 11:00,SF10,5,12395.0,306b,0.36,3059,0.252,0.108,False,306b,0.36,
2026-09-09 11:00,SF12,5,12377.0,3059,0.264,3079,0.096,0.167,False,3059,0.264,
2026-09-09 12:00,SF07,5,12386.0,3062,0.325,3077,0.212,0.113,False,3079,-0.115,
2026-09-09 12:00,SF08,5,12386.0,3062,0.451,3077,0.323,0.128,False,3062,0.451,
2026-09-09 12:00,SF09,5,12395.0,306b,0.304,3077,0.232,0.072,False,3077,0.232,
2026-09-09 12:00,SF10,5,12386.0,3062,0.425,3077,0.215,0.21,False,306b,0.206,
2026-09-09 12:00,SF12,5,12395.0,306b,0.29,3077,0.131,0.158,False,3059,-0.192,
2026-09-09 13:00,SF07,5,12377.0,3059,0.254,3079,0.198,0.056,False,3079,0.198,
2026-09-09 13:00,SF08,5,12377.0,3059,0.558,3062,0.544,0.014,False,3062,0.544,
2026-09-09 13:00,SF09,5,12407.0,3077,0.299,306b,0.201,0.098,False,3077,0.299,
2026-09-09 13:00,SF10,5,12395.0,306b,0.289,3059,0.193,0.096,False,306b,0.289,
2026-09-09 13:00,SF12,5,12377.0,3059,0.69,3062,0.524,0.167,False,3059,0.69,
2026-09-09 14:00,SF07,5,12377.0,3059,0.276,3079,0.198,0.078,False,3079,0.198,
2026-09-09 14:00,SF08,5,12395.0,306b,0.238,3062,0.185,0.054,False,3062,0.185,
2026-09-09 14:00,SF09,5,12409.0,3079,0.265,306b,0.193,0.072,False,3077,-0.053,
2026-09-09 14:00,SF10,5,12377.0,3059,0.299,3062,0.223,0.076,False,306b,0.111,
2026-09-09 14:00,SF12,5,12377.0,3059,0.303,3062,0.29,0.014,False,3059,0.303,
2026-09-09 15:00,SF07,5,12409.0,3079,0.269,3062,0.124,0.145,False,3079,0.269,
2026-09-09 15:00,SF08,5,12386.0,3062,0.299,3059,0.214,0.085,False,3062,0.299,
2026-09-09 15:00,SF09,5,12395.0,306b,0.476,3077,0.351,0.124,False,3077,0.351,
2026-09-09 15:00,SF10,5,12395.0,306b,0.314,3059,0.224,0.09,False,306b,0.314,
2026-09-09 15:00,SF12,5,12409.0,3079,0.091,3059,-0.017,0.107,False,3059,-0.017,
2026-09-09 16:00,SF07,5,12395.0,306b,0.363,3079,0.244,0.119,False,3079,0.244,
2026-09-09 16:00,SF08,5,12386.0,3062,0.316,3077,0.227,0.089,False,3062,0.316,
2026-09-09 16:00,SF09,5,12386.0,3062,0.174,3077,0.171,0.003,False,3077,0.171,
2026-09-09 16:00,SF10,5,12407.0,3077,0.237,3059,0.146,0.091,False,306b,-0.07,
2026-09-09 16:00,SF12,5,12386.0,3062,0.186,3079,0.094,0.092,False,3059,0.049,
2026-09-09 17:00,SF07,5,12395.0,306b,0.219,3062,0.152,0.067,False,3079,0.117,
2026-09-09 17:00,SF08,5,12386.0,3062,0.449,306b,0.345,0.104,False,3062,0.449,
2026-09-09 17:00,SF09,5,12407.0,3077,0.362,306b,0.299,0.063,False,3077,0.362,
2026-09-09 17:00,SF10,5,12409.0,3079,0.164,306b,0.149,0.016,False,306b,0.149,
2026-09-09 17:00,SF12,5,12395.0,306b,0.359,3059,0.292,0.067,False,3059,0.292,
2026-09-09 19:00,SF07,5,12409.0,3079,0.114,3077,0.021,0.093,False,3079,0.114,
2026-09-09 19:00,SF08,5,12409.0,3079,0.355,3059,0.181,0.173,False,3062,0.152,
2026-09-09 19:00,SF09,5,12407.0,3077,0.606,3059,0.305,0.3,True,3077,0.606,True
2026-09-09 19:00,SF10,5,12395.0,306b,0.368,3077,0.302,0.066,False,306b,0.368,
2026-09-09 19:00,SF12,5,12377.0,3059,0.548,3077,0.472,0.076,False,3059,0.548,
2026-09-09 20:00,SF07,5,12409.0,3079,0.348,3077,0.106,0.241,False,3079,0.348,
2026-09-09 20:00,SF08,5,12386.0,3062,0.44,3059,0.024,0.416,False,3062,0.44,
2026-09-09 20:00,SF09,5,12407.0,3077,0.326,3062,0.06,0.266,False,3077,0.326,
2026-09-09 20:00,SF10,5,12395.0,306b,0.53,3062,0.012,0.518,True,306b,0.53,True
2026-09-09 20:00,SF12,5,12377.0,3059,0.41,3062,0.077,0.333,False,3059,0.41,
2026-09-09 21:00,SF07,5,12409.0,3079,0.523,3062,0.19,0.333,True,3079,0.523,True
2026-09-09 21:00,SF08,5,12386.0,3062,0.331,3079,0.091,0.24,False,3062,0.331,
2026-09-09 21:00,SF09,5,12395.0,306b,0.141,3077,0.043,0.098,False,3077,0.043,
2026-09-09 21:00,SF10,5,12395.0,306b,0.289,3077,-0.065,0.354,False,306b,0.289,
2026-09-09 21:00,SF12,5,12377.0,3059,0.604,3079,0.487,0.117,False,3059,0.604,
2026-09-09 22:00,SF07,5,12409.0,3079,0.668,3077,0.252,0.416,True,3079,0.668,True
2026-09-09 22:00,SF08,5,12386.0,3062,0.584,3079,0.146,0.438,True,3062,0.584,True
2026-09-09 22:00,SF09,5,12407.0,3077,0.629,306b,0.123,0.506,True,3077,0.629,True
2026-09-09 22:00,SF10,5,12395.0,306b,0.672,3079,-0.027,0.699,True,306b,0.672,True
2026-09-09 22:00,SF12,5,12377.0,3059,0.778,3062,0.027,0.751,True,3059,0.778,True
2026-09-09 23:00,SF07,5,12409.0,3079,0.624,3059,0.373,0.251,True,3079,0.624,True
2026-09-09 23:00,SF08,5,12386.0,3062,0.554,3059,-0.004,0.558,True,3062,0.554,True
2026-09-09 23:00,SF09,5,12407.0,3077,0.686,306b,0.282,0.404,True,3077,0.686,True
2026-09-09 23:00,SF10,5,12395.0,306b,0.75,3077,0.19,0.561,True,306b,0.75,True
2026-09-09 23:00,SF12,5,12377.0,3059,0.719,3062,0.196,0.522,True,3059,0.719,True
2026-09-10 00:00,SF07,5,12409.0,3079,0.479,306b,0.073,0.406,False,3079,0.479,
2026-09-10 00:00,SF08,5,12386.0,3062,0.641,3059,0.114,0.526,True,3062,0.641,True
2026-09-10 00:00,SF09,5,12407.0,3077,0.666,3059,0.047,0.619,True,3077,0.666,True
2026-09-10 00:00,SF10,5,12395.0,306b,0.714,3059,0.006,0.708,True,306b,0.714,True
2026-09-10 00:00,SF12,5,12377.0,3059,0.685,3062,0.084,0.601,True,3059,0.685,True
2026-09-10 01:00,SF07,5,12409.0,3079,0.613,3077,0.087,0.526,True,3079,0.613,True
2026-09-10 01:00,SF08,5,12386.0,3062,0.58,3077,0.068,0.513,True,3062,0.58,True
2026-09-10 01:00,SF09,5,12407.0,3077,0.588,306b,0.336,0.251,True,3077,0.588,True
2026-09-10 01:00,SF10,5,12395.0,306b,0.801,3077,0.166,0.635,True,306b,0.801,True
2026-09-10 01:00,SF12,5,12377.0,3059,0.648,306b,0.326,0.322,True,3059,0.648,True
2026-09-10 02:00,SF07,5,12409.0,3079,0.379,3077,0.165,0.213,False,3079,0.379,
2026-09-10 02:00,SF08,5,12386.0,3062,0.604,3079,0.099,0.505,True,3062,0.604,True
2026-09-10 02:00,SF09,5,12407.0,3077,0.621,306b,0.429,0.193,False,3077,0.621,
2026-09-10 02:00,SF10,5,12395.0,306b,0.779,3077,0.363,0.415,True,306b,0.779,True
2026-09-10 02:00,SF12,5,12377.0,3059,0.477,306b,0.288,0.188,False,3059,0.477,
2026-09-10 03:00,SF07,5,12409.0,3079,0.29,306b,0.154,0.136,False,3079,0.29,
2026-09-10 03:00,SF08,5,12386.0,3062,0.655,3059,0.28,0.376,True,3062,0.655,True
2026-09-10 03:00,SF09,5,12407.0,3077,0.621,306b,0.06,0.562,True,3077,0.621,True
2026-09-10 03:00,SF10,5,12395.0,306b,0.609,3059,0.264,0.345,True,306b,0.609,True
2026-09-10 03:00,SF12,5,12377.0,3059,0.685,3062,0.181,0.504,True,3059,0.685,True
2026-09-10 04:00,SF07,5,12409.0,3079,0.549,3077,0.176,0.373,True,3079,0.549,True
2026-09-10 04:00,SF08,5,12386.0,3062,0.655,3059,0.086,0.57,True,3062,0.655,True
2026-09-10 04:00,SF09,5,12407.0,3077,0.63,3079,0.14,0.49,True,3077,0.63,True
2026-09-10 04:00,SF10,5,12395.0,306b,0.635,3077,0.11,0.525,True,306b,0.635,True
2026-09-10 04:00,SF12,5,12377.0,3059,0.386,306b,0.16,0.227,False,3059,0.386,
2026-09-10 05:00,SF07,5,12409.0,3079,0.393,306b,0.189,0.204,False,3079,0.393,
2026-09-10 05:00,SF08,5,12386.0,3062,0.41,3077,0.14,0.27,False,3062,0.41,
2026-09-10 05:00,SF09,5,12407.0,3077,0.677,3059,0.181,0.496,True,3077,0.677,True
2026-09-10 05:00,SF10,5,12395.0,306b,0.686,3079,0.13,0.556,True,306b,0.686,True
2026-09-10 05:00,SF12,5,12377.0,3059,0.682,3077,0.109,0.573,True,3059,0.682,True
2026-09-10 06:00,SF07,5,12395.0,306b,0.565,3062,0.514,0.052,False,3079,0.486,
2026-09-10 06:00,SF08,5,12386.0,3062,0.57,3079,0.497,0.074,False,3062,0.57,
2026-09-10 06:00,SF09,5,12395.0,306b,0.404,3077,0.361,0.043,False,3077,0.361,
2026-09-10 06:00,SF10,5,12395.0,306b,0.651,3062,0.507,0.144,False,306b,0.651,
2026-09-10 06:00,SF12,5,12386.0,3062,0.504,306b,0.495,0.009,False,3059,0.363,
2026-09-10 07:00,SF12,5,12407.0,3077,0.398,3062,0.364,0.033,False,3059,0.305,
2026-09-10 08:00,SF07,5,12409.0,3079,0.72,3059,0.51,0.21,False,3079,0.72,
2026-09-10 08:00,SF08,5,12377.0,3059,0.702,3077,0.566,0.136,False,3062,0.526,
2026-09-10 08:00,SF09,5,12377.0,3059,0.652,3077,0.642,0.01,False,3077,0.642,
2026-09-10 09:00,SF07,5,12377.0,3059,0.09,3062,-0.003,0.093,False,3079,-0.138,
2026-09-10 09:00,SF08,5,12386.0,3062,0.173,3079,0.146,0.026,False,3062,0.173,
2026-09-10 09:00,SF09,5,12377.0,3059,-0.12,3062,-0.15,0.03,False,3077,-0.382,
2026-09-10 09:00,SF10,5,12407.0,3077,0.204,3062,0.196,0.008,False,306b,0.012,
2026-09-10 09:00,SF12,5,12377.0,3059,0.51,3077,0.302,0.208,False,3059,0.51,
2026-09-10 10:00,SF07,5,12409.0,3079,0.091,3062,0.006,0.085,False,3079,0.091,
2026-09-10 10:00,SF08,5,12377.0,3059,0.415,306b,0.368,0.046,False,3062,0.175,
2026-09-10 10:00,SF09,5,12409.0,3079,-0.159,306b,-0.208,0.049,False,3077,-0.35,
2026-09-10 10:00,SF10,5,12409.0,3079,0.154,3077,0.076,0.079,False,306b,0.056,
2026-09-10 10:00,SF12,5,12407.0,3077,0.145,3079,0.128,0.016,False,3059,0.053,
2026-09-10 11:00,SF07,5,12409.0,3079,0.285,3062,0.281,0.004,False,3079,0.285,
2026-09-10 11:00,SF08,5,12409.0,3079,0.178,3059,0.169,0.01,False,3062,0.046,
2026-09-10 11:00,SF09,5,12386.0,3062,0.402,3059,0.155,0.248,False,3077,-0.39,
2026-09-10 11:00,SF10,5,12407.0,3077,0.333,3059,0.196,0.137,False,306b,0.147,
2026-09-10 11:00,SF12,5,12386.0,3062,0.214,306b,0.102,0.112,False,3059,0.1,
2026-09-10 12:00,SF07,5,12409.0,3079,0.385,306b,0.106,0.279,False,3079,0.385,
2026-09-10 12:00,SF08,5,12407.0,3077,0.278,3062,0.086,0.192,False,3062,0.086,
2026-09-10 12:00,SF09,5,12407.0,3077,0.465,3079,0.207,0.259,False,3077,0.465,
2026-09-10 12:00,SF10,5,12377.0,3059,0.311,3077,0.302,0.009,False,306b,0.22,
2026-09-10 12:00,SF12,5,12409.0,3079,0.183,306b,0.136,0.047,False,3059,-0.022,
2026-09-10 13:00,SF07,5,12407.0,3077,0.229,3079,0.154,0.074,False,3079,0.154,
2026-09-10 13:00,SF08,5,12407.0,3077,0.177,3059,0.164,0.013,False,3062,-0.276,
2026-09-10 13:00,SF09,5,12377.0,3059,0.314,3077,0.097,0.218,False,3077,0.097,
2026-09-10 13:00,SF10,5,12377.0,3059,0.138,3077,0.117,0.021,False,306b,0.09,
2026-09-10 13:00,SF12,5,12377.0,3059,0.304,3077,0.204,0.1,False,3059,0.304,
2026-09-10 14:00,SF07,5,12409.0,3079,0.381,3077,0.172,0.208,False,3079,0.381,
2026-09-10 14:00,SF08,5,12386.0,3062,0.46,3079,0.348,0.112,False,3062,0.46,
2026-09-10 14:00,SF09,5,12409.0,3079,0.344,3077,0.343,0.001,False,3077,0.343,
2026-09-10 14:00,SF10,5,12386.0,3062,0.14,3077,0.134,0.006,False,306b,0.117,
2026-09-10 14:00,SF12,5,12377.0,3059,0.411,306b,0.206,0.204,False,3059,0.411,
2026-09-10 21:00,SF07,5,12409.0,3079,0.583,3077,0.089,0.494,True,3079,0.583,True
2026-09-10 21:00,SF08,5,12386.0,3062,0.543,3059,0.144,0.399,True,3062,0.543,True
2026-09-10 21:00,SF09,5,12407.0,3077,0.673,3079,0.192,0.482,True,3077,0.673,True
2026-09-10 21:00,SF10,5,12395.0,306b,0.788,3062,0.044,0.744,True,306b,0.788,True
2026-09-10 21:00,SF12,5,12377.0,3059,0.758,3079,0.048,0.711,True,3059,0.758,True
2026-09-10 22:00,SF07,5,12409.0,3079,0.616,3077,0.271,0.345,True,3079,0.616,True
2026-09-10 22:00,SF08,5,12386.0,3062,0.544,3077,0.275,0.269,True,3062,0.544,True
2026-09-10 22:00,SF09,5,12407.0,3077,0.714,3059,0.343,0.37,True,3077,0.714,True
2026-09-10 22:00,SF10,5,12395.0,306b,0.661,3077,0.346,0.315,True,306b,0.661,True
2026-09-10 22:00,SF12,5,12377.0,3059,0.663,3077,0.308,0.355,True,3059,0.663,True
2026-09-10 23:00,SF07,5,12409.0,3079,0.607,3077,0.262,0.345,True,3079,0.607,True
2026-09-10 23:00,SF08,5,12386.0,3062,0.802,3059,0.294,0.508,True,3062,0.802,True
2026-09-10 23:00,SF09,5,12407.0,3077,0.707,3079,0.289,0.418,True,3077,0.707,True
2026-09-10 23:00,SF10,5,12395.0,306b,0.738,3077,0.134,0.604,True,306b,0.738,True
2026-09-10 23:00,SF12,5,12377.0,3059,0.588,3062,0.451,0.137,False,3059,0.588,
2026-09-11 00:00,SF07,5,12409.0,3079,0.552,306b,0.077,0.476,True,3079,0.552,True
2026-09-11 00:00,SF08,5,12386.0,3062,0.758,3059,0.178,0.58,True,3062,0.758,True
2026-09-11 00:00,SF09,5,12407.0,3077,0.622,3059,0.232,0.389,True,3077,0.622,True
2026-09-11 00:00,SF10,5,12395.0,306b,0.793,3079,0.04,0.752,True,306b,0.793,True
2026-09-11 00:00,SF12,5,12377.0,3059,0.689,3077,0.191,0.498,True,3059,0.689,True
2026-09-11 01:00,SF07,5,12407.0,3077,0.566,3079,0.53,0.036,False,3079,0.53,
2026-09-11 01:00,SF08,5,12386.0,3062,0.646,3079,0.421,0.226,False,3062,0.646,
2026-09-11 01:00,SF09,5,12407.0,3077,0.688,3079,0.368,0.32,True,3077,0.688,True
2026-09-11 01:00,SF10,5,12395.0,306b,0.857,3077,0.288,0.569,True,306b,0.857,True
2026-09-11 01:00,SF12,5,12377.0,3059,0.688,3079,0.329,0.359,True,3059,0.688,True
2026-09-11 02:00,SF07,5,12409.0,3079,0.53,306b,0.117,0.413,True,3079,0.53,True
2026-09-11 02:00,SF08,5,12386.0,3062,0.751,3079,0.052,0.698,True,3062,0.751,True
2026-09-11 02:00,SF09,5,12407.0,3077,0.568,306b,0.222,0.346,True,3077,0.568,True
2026-09-11 02:00,SF10,5,12395.0,306b,0.502,3077,0.237,0.264,True,306b,0.502,True
2026-09-11 02:00,SF12,5,12377.0,3059,0.547,3079,0.19,0.357,True,3059,0.547,True
2026-09-11 03:00,SF07,5,12409.0,3079,0.529,3062,0.175,0.354,True,3079,0.529,True
2026-09-11 03:00,SF08,5,12386.0,3062,0.492,3077,0.121,0.371,False,3062,0.492,
2026-09-11 03:00,SF09,5,12407.0,3077,0.59,3062,0.144,0.446,True,3077,0.59,True
2026-09-11 03:00,SF10,5,12395.0,306b,0.76,3079,0.182,0.579,True,306b,0.76,True
2026-09-11 03:00,SF12,5,12377.0,3059,0.639,306b,0.118,0.521,True,3059,0.639,True
2026-09-11 04:00,SF07,5,12409.0,3079,0.618,306b,0.038,0.58,True,3079,0.618,True
2026-09-11 04:00,SF08,5,12386.0,3062,0.553,3079,0.073,0.48,True,3062,0.553,True
2026-09-11 04:00,SF09,5,12407.0,3077,0.536,306b,0.015,0.522,True,3077,0.536,True
2026-09-11 04:00,SF10,5,12395.0,306b,0.624,3079,0.217,0.408,True,306b,0.624,True
2026-09-11 04:00,SF12,5,12377.0,3059,0.658,3062,0.164,0.494,True,3059,0.658,True
2026-09-11 05:00,SF07,5,12409.0,3079,0.605,3062,0.151,0.454,True,3079,0.605,True
2026-09-11 05:00,SF08,5,12386.0,3062,0.648,3077,0.105,0.543,True,3062,0.648,True
2026-09-11 05:00,SF09,5,12407.0,3077,0.619,306b,0.144,0.475,True,3077,0.619,True
2026-09-11 05:00,SF10,5,12395.0,306b,0.81,3062,0.133,0.676,True,306b,0.81,True
2026-09-11 05:00,SF12,5,12377.0,3059,0.717,3062,0.034,0.683,True,3059,0.717,True
2026-09-11 06:00,SF07,5,12377.0,3059,0.523,3079,0.503,0.02,False,3079,0.503,
2026-09-11 06:00,SF08,5,12377.0,3059,0.569,3077,0.464,0.106,False,3062,0.388,
2026-09-11 06:00,SF09,5,12407.0,3077,0.553,3059,0.431,0.122,False,3077,0.553,
2026-09-11 06:00,SF10,5,12377.0,3059,0.558,3077,0.503,0.055,False,306b,0.437,
2026-09-11 06:00,SF12,5,12377.0,3059,0.674,3077,0.479,0.195,False,3059,0.674,
2026-09-11 07:00,SF07,5,12409.0,3079,0.182,3062,0.074,0.108,False,3079,0.182,
2026-09-11 07:00,SF08,5,12407.0,3077,0.294,306b,0.255,0.04,False,3062,0.01,
2026-09-11 07:00,SF09,5,12409.0,3079,0.328,3062,0.276,0.052,False,3077,0.014,
2026-09-11 07:00,SF10,5,12409.0,3079,0.256,3062,0.175,0.08,False,306b,-0.032,
2026-09-11 07:00,SF12,5,12409.0,3079,0.304,3077,0.249,0.054,False,3059,-0.062,
2026-09-11 09:00,SF07,4,12409.0,3079,0.645,3077,0.624,0.021,False,3079,0.645,
2026-09-11 09:00,SF08,4,12409.0,3079,0.572,306b,0.565,0.007,False,3062,0.55,
2026-09-11 09:00,SF09,4,12407.0,3077,0.687,3079,0.597,0.09,False,3077,0.687,
2026-09-11 09:00,SF10,4,12395.0,306b,0.607,3079,0.594,0.013,False,306b,0.607,
2026-09-11 10:00,SF07,5,12409.0,3079,0.233,3062,0.174,0.059,False,3079,0.233,
2026-09-11 10:00,SF08,5,12409.0,3079,0.244,3062,0.242,0.002,False,3062,0.242,
2026-09-11 10:00,SF09,5,12407.0,3077,0.358,3059,0.304,0.055,False,3077,0.358,
2026-09-11 10:00,SF10,5,12395.0,306b,0.37,3077,0.318,0.052,False,306b,0.37,
2026-09-11 11:00,SF07,5,12386.0,3062,0.095,3079,0.054,0.04,False,3079,0.054,
2026-09-11 11:00,SF08,5,12386.0,3062,0.315,3079,0.302,0.013,False,3062,0.315,
2026-09-11 11:00,SF09,5,12409.0,3079,0.247,306b,0.207,0.041,False,3077,0.111,
2026-09-11 11:00,SF10,5,12409.0,3079,0.285,306b,0.279,0.006,False,306b,0.279,
2026-09-11 12:00,SF07,5,12377.0,3059,0.21,3079,0.044,0.166,False,3079,0.044,
2026-09-11 12:00,SF08,5,12409.0,3079,0.323,3059,0.212,0.111,False,3062,-0.003,
2026-09-11 12:00,SF09,5,12407.0,3077,0.326,3079,0.228,0.098,False,3077,0.326,
2026-09-11 12:00,SF10,5,12395.0,306b,0.19,3077,0.185,0.005,False,306b,0.19,
2026-09-11 13:00,SF07,5,12409.0,3079,0.329,3062,0.265,0.064,False,3079,0.329,
2026-09-11 13:00,SF08,5,12409.0,3079,0.244,3077,0.192,0.052,False,3062,0.141,
2026-09-11 13:00,SF09,5,12377.0,3059,0.433,3077,0.416,0.017,False,3077,0.416,
2026-09-11 13:00,SF10,5,12395.0,306b,0.669,3062,0.226,0.443,True,306b,0.669,True
2026-09-11 14:00,SF07,5,12409.0,3079,0.562,306b,0.32,0.243,False,3079,0.562,
2026-09-11 14:00,SF08,5,12386.0,3062,0.393,3059,0.271,0.122,False,3062,0.393,
2026-09-11 14:00,SF09,5,12409.0,3079,0.243,3062,0.142,0.1,False,3077,-0.009,
2026-09-11 14:00,SF10,5,12409.0,3079,0.453,306b,0.409,0.044,False,306b,0.409,
2026-09-11 15:00,SF07,5,12409.0,3079,0.204,3077,0.176,0.028,False,3079,0.204,
2026-09-11 15:00,SF08,5,12386.0,3062,0.489,3079,0.348,0.141,False,3062,0.489,
2026-09-11 15:00,SF09,5,12386.0,3062,0.355,3079,0.24,0.115,False,3077,0.219,
2026-09-11 15:00,SF10,5,12386.0,3062,0.271,3079,0.261,0.01,False,306b,0.212,
2026-09-11 16:00,SF07,5,12409.0,3079,0.444,3077,0.312,0.132,False,3079,0.444,
2026-09-11 16:00,SF08,5,12407.0,3077,0.327,3062,0.303,0.024,False,3062,0.303,
2026-09-11 16:00,SF09,5,12407.0,3077,0.3,3062,0.286,0.014,False,3077,0.3,
2026-09-11 16:00,SF10,5,12395.0,306b,0.356,3062,0.306,0.05,False,306b,0.356,
2026-09-11 17:00,SF07,5,12386.0,3062,0.234,306b,0.205,0.029,False,3079,0.097,
2026-09-11 17:00,SF08,5,12386.0,3062,0.286,3059,0.219,0.067,False,3062,0.286,
2026-09-11 17:00,SF09,5,12409.0,3079,0.276,3077,0.245,0.031,False,3077,0.245,
2026-09-11 17:00,SF10,5,12395.0,306b,0.301,3059,0.188,0.113,False,306b,0.301,
2026-09-11 19:00,SF07,5,12409.0,3079,0.634,3062,0.397,0.237,False,3079,0.634,
2026-09-11 19:00,SF08,5,12386.0,3062,0.638,3079,0.373,0.265,True,3062,0.638,True
2026-09-11 19:00,SF09,5,12407.0,3077,0.65,306b,0.422,0.229,False,3077,0.65,
2026-09-11 19:00,SF10,5,12395.0,306b,0.785,3079,0.509,0.277,True,306b,0.785,True
2026-09-11 19:00,SF12,5,12377.0,3059,0.71,3077,0.378,0.332,True,3059,0.71,True
2026-09-11 20:00,SF07,5,12409.0,3079,0.78,3062,0.22,0.56,True,3079,0.78,True
2026-09-11 20:00,SF08,5,12386.0,3062,0.811,3079,0.161,0.651,True,3062,0.811,True
2026-09-11 20:00,SF09,5,12407.0,3077,0.694,3079,0.143,0.551,True,3077,0.694,True
2026-09-11 20:00,SF10,5,12395.0,306b,0.812,3062,0.213,0.599,True,306b,0.812,True
2026-09-11 20:00,SF12,5,12377.0,3059,0.784,306b,0.181,0.603,True,3059,0.784,True
2026-09-11 21:00,SF07,5,12409.0,3079,0.691,3062,0.078,0.613,True,3079,0.691,True
2026-09-11 21:00,SF08,5,12386.0,3062,0.69,3079,0.106,0.584,True,3062,0.69,True
2026-09-11 21:00,SF09,5,12407.0,3077,0.628,3059,0.159,0.469,True,3077,0.628,True
2026-09-11 21:00,SF10,5,12395.0,306b,0.787,3077,0.136,0.65,True,306b,0.787,True
2026-09-11 21:00,SF12,5,12377.0,3059,0.748,3077,0.069,0.679,True,3059,0.748,True
2026-09-11 22:00,SF07,5,12409.0,3079,0.641,306b,0.089,0.553,True,3079,0.641,True
2026-09-11 22:00,SF08,5,12386.0,3062,0.635,3059,0.112,0.523,True,3062,0.635,True
2026-09-11 22:00,SF09,5,12407.0,3077,0.733,306b,0.238,0.495,True,3077,0.733,True
2026-09-11 22:00,SF10,5,12395.0,306b,0.781,3059,0.214,0.567,True,306b,0.781,True
2026-09-11 22:00,SF12,5,12377.0,3059,0.711,3079,0.116,0.595,True,3059,0.711,True
2026-09-11 23:00,SF07,5,12409.0,3079,0.686,306b,0.193,0.493,True,3079,0.686,True
2026-09-11 23:00,SF08,5,12386.0,3062,0.752,3059,0.334,0.418,True,3062,0.752,True
2026-09-11 23:00,SF09,5,12407.0,3077,0.768,3079,0.038,0.73,True,3077,0.768,True
2026-09-11 23:00,SF10,5,12395.0,306b,0.761,3059,0.212,0.549,True,306b,0.761,True
2026-09-11 23:00,SF12,5,12377.0,3059,0.771,3062,0.461,0.31,True,3059,0.771,True
2026-09-12 00:00,SF07,5,12409.0,3079,0.753,306b,0.387,0.367,True,3079,0.753,True
2026-09-12 00:00,SF08,5,12386.0,3062,0.74,3079,0.389,0.351,True,3062,0.74,True
2026-09-12 00:00,SF09,5,12407.0,3077,0.765,3059,0.359,0.406,True,3077,0.765,True
2026-09-12 00:00,SF10,5,12395.0,306b,0.851,3059,0.514,0.337,True,306b,0.851,True
2026-09-12 00:00,SF12,5,12377.0,3059,0.831,306b,0.545,0.286,True,3059,0.831,True
2026-09-12 01:00,SF07,5,12409.0,3079,0.376,3077,0.206,0.171,False,3079,0.376,
2026-09-12 01:00,SF08,5,12386.0,3062,0.648,306b,0.084,0.564,True,3062,0.648,True
2026-09-12 01:00,SF09,5,12407.0,3077,0.763,306b,0.465,0.297,True,3077,0.763,True
2026-09-12 01:00,SF10,5,12395.0,306b,0.514,3077,0.274,0.24,False,306b,0.514,
2026-09-12 01:00,SF12,5,12377.0,3059,0.758,3079,0.171,0.587,True,3059,0.758,True
2026-09-12 02:00,SF07,5,12409.0,3079,0.624,3059,0.176,0.448,True,3079,0.624,True
2026-09-12 02:00,SF08,5,12386.0,3062,0.535,3079,0.136,0.399,True,3062,0.535,True
2026-09-12 02:00,SF09,5,12407.0,3077,0.485,3059,0.215,0.27,False,3077,0.485,
2026-09-12 02:00,SF10,5,12395.0,306b,0.625,3059,0.192,0.433,True,306b,0.625,True
2026-09-12 02:00,SF12,5,12377.0,3059,0.783,306b,0.237,0.546,True,3059,0.783,True
2026-09-12 03:00,SF07,5,12409.0,3079,0.668,306b,0.526,0.143,False,3079,0.668,
2026-09-12 03:00,SF08,5,12377.0,3059,0.622,3062,0.4,0.222,False,3062,0.4,
2026-09-12 03:00,SF09,5,12407.0,3077,0.683,3079,0.441,0.242,False,3077,0.683,
2026-09-12 03:00,SF10,5,12395.0,306b,0.762,3079,0.525,0.237,False,306b,0.762,
2026-09-12 03:00,SF12,5,12377.0,3059,0.787,3062,0.301,0.485,True,3059,0.787,True
2026-09-12 04:00,SF07,5,12409.0,3079,0.523,3059,0.097,0.425,True,3079,0.523,True
2026-09-12 04:00,SF08,5,12386.0,3062,0.625,3059,0.234,0.391,True,3062,0.625,True
2026-09-12 04:00,SF09,5,12407.0,3077,0.644,3062,0.137,0.507,True,3077,0.644,True
2026-09-12 04:00,SF10,5,12395.0,306b,0.741,3077,0.06,0.681,True,306b,0.741,True
2026-09-12 04:00,SF12,5,12377.0,3059,0.682,3079,0.208,0.473,True,3059,0.682,True
2026-09-12 05:00,SF07,5,12395.0,306b,0.155,3062,0.045,0.11,False,3079,0.021,
2026-09-12 05:00,SF08,5,12386.0,3062,0.37,306b,0.121,0.249,False,3062,0.37,
2026-09-12 05:00,SF09,5,12395.0,306b,0.181,3077,0.137,0.044,False,3077,0.137,
2026-09-12 05:00,SF10,5,12395.0,306b,0.339,3059,0.051,0.288,False,306b,0.339,
2026-09-12 05:00,SF12,5,12377.0,3059,0.231,306b,0.128,0.103,False,3059,0.231,
2026-09-12 06:00,SF07,5,12409.0,3079,-0.032,306b,-0.084,0.052,False,3079,-0.032,
2026-09-12 06:00,SF08,5,12386.0,3062,0.086,306b,-0.032,0.118,False,3062,0.086,
2026-09-12 06:00,SF09,5,12395.0,306b,0.334,3077,0.213,0.12,False,3077,0.213,
2026-09-12 06:00,SF10,5,12395.0,306b,0.192,3062,0.167,0.026,False,306b,0.192,
2026-09-12 06:00,SF12,5,12386.0,3062,-0.099,3079,-0.106,0.007,False,3059,-0.158,
2026-09-12 07:00,SF07,5,12386.0,3062,0.104,3079,0.003,0.101,False,3079,0.003,
2026-09-12 07:00,SF08,5,12386.0,3062,0.337,3079,0.227,0.11,False,3062,0.337,
2026-09-12 07:00,SF09,5,12386.0,3062,0.272,306b,0.14,0.132,False,3077,0.04,
2026-09-12 07:00,SF10,5,12386.0,3062,0.295,306b,0.289,0.006,False,306b,0.289,
2026-09-12 07:00,SF12,5,12409.0,3079,0.147,3077,0.126,0.02,False,3059,0.111,
2026-09-12 08:00,SF07,5,12386.0,3062,0.35,3079,0.22,0.13,False,3079,0.22,
2026-09-12 08:00,SF08,5,12386.0,3062,0.45,3059,0.15,0.3,False,3062,0.45,
2026-09-12 08:00,SF09,5,12407.0,3077,0.399,3059,0.345,0.054,False,3077,0.399,
2026-09-12 08:00,SF10,5,12395.0,306b,0.604,3059,0.33,0.274,True,306b,0.604,True
2026-09-12 08:00,SF12,5,12377.0,3059,0.573,306b,0.274,0.298,True,3059,0.573,True
2026-09-12 09:00,SF07,5,12409.0,3079,0.337,306b,0.249,0.088,False,3079,0.337,
2026-09-12 09:00,SF08,5,12386.0,3062,0.614,3059,0.316,0.299,True,3062,0.614,True
2026-09-12 09:00,SF09,5,12395.0,306b,0.407,3077,0.362,0.045,False,3077,0.362,
2026-09-12 09:00,SF10,5,12395.0,306b,0.522,3077,0.399,0.122,False,306b,0.522,
2026-09-12 09:00,SF12,5,12386.0,3062,0.411,3077,0.32,0.091,False,3059,0.288,
