animal,window,session,t0_s,channel,log_delta,log_theta,log_beta,log_gamma,log_ripple,mua_rate_hz,spike_band_mad_adc,ripple_events_per_min,log_ripple_env
SF07,A0 pre-0904 early,8_20260904_080936.435,1800,0,4.4053,4.5259,3.3999,2.7481,2.2088,18.085,57.4245,20.3,1.886
SF07,A0 pre-0904 early,8_20260904_080936.435,1800,1,4.4244,4.4656,3.3726,2.7285,2.2034,16.73,59.4353,21.7,1.8724
SF07,A0 pre-0904 early,8_20260904_080936.435,1800,2,4.4511,4.4816,3.3966,2.7523,2.2161,11.6433,66.1785,22.0,1.9031
SF07,A0 pre-0904 early,8_20260904_080936.435,1800,3,4.4674,4.4966,3.4481,2.8002,2.2168,13.8983,63.897,21.0,1.8921
SF07,A0 pre-0904 early,8_20260904_080936.435,1800,4,4.4264,4.4656,3.3767,2.7307,2.204,16.4217,60.6318,22.2,1.8711
SF07,A0 pre-0904 early,8_20260904_080936.435,1800,5,4.4325,4.4597,3.3835,2.7312,2.2013,15.9033,61.5583,22.5,1.8688
SF07,A0 pre-0904 early,8_20260904_080936.435,1800,6,4.4776,4.4611,3.3902,2.745,2.2078,12.855,63.9212,22.8,1.8891
SF07,A0 pre-0904 early,8_20260904_080936.435,1800,7,4.4152,4.4768,3.3805,2.7329,2.2065,13.6333,64.9657,21.7,1.8815
SF07,A0 pre-0904 early,8_20260904_080936.435,1800,8,4.4451,4.4556,3.3931,2.7411,2.2083,12.445,66.1388,22.7,1.8852
SF07,A0 pre-0904 early,8_20260904_080936.435,1800,9,4.4591,4.4451,3.3808,2.7234,2.2003,14.5833,63.6127,24.0,1.8698
SF07,A0 pre-0904 early,8_20260904_080936.435,1800,10,4.4529,4.4479,3.384,2.7281,2.2023,14.7283,63.0709,23.8,1.8719
SF07,A0 pre-0904 early,8_20260904_080936.435,1800,11,4.4378,4.4959,3.3927,2.7508,2.2203,11.525,68.9386,22.3,1.9046
SF07,A0 pre-0904 early,8_20260904_080936.435,1800,12,4.4631,4.4528,3.3895,2.7381,2.2044,13.1333,63.7496,23.5,1.8843
SF07,A0 pre-0904 early,8_20260904_080936.435,1800,13,4.4215,4.461,3.3815,2.7299,2.2007,16.9333,59.9365,22.6,1.8676
SF07,A0 pre-0904 early,8_20260904_080936.435,1800,14,4.4308,4.4649,3.3804,2.7305,2.2022,16.6,60.0786,22.7,1.8691
SF07,A0 pre-0904 early,8_20260904_080936.435,1800,15,4.4119,4.5203,3.3955,2.7498,2.2193,18.5667,57.7122,20.3,1.8947
SF07,A0 pre-0904 early,8_20260904_080936.435,1800,16,4.4076,4.4936,3.3776,2.7327,2.1998,17.8083,57.1205,20.6,1.8751
SF07,A0 pre-0904 early,8_20260904_080936.435,1800,17,4.4584,4.4811,3.4317,2.7851,2.2139,17.32,59.162,21.3,1.8817
SF07,A0 pre-0904 early,8_20260904_080936.435,1800,18,4.4389,4.4904,3.3911,2.7404,2.2017,17.1867,58.7974,22.4,1.8692
SF07,A0 pre-0904 early,8_20260904_080936.435,1800,19,4.4326,4.5242,3.4001,2.7488,2.2102,18.265,57.1767,20.6,1.8823
SF07,A0 pre-0904 early,8_20260904_080936.435,1800,20,4.4576,4.4707,3.3849,2.733,2.197,17.83,58.3919,22.8,1.8642
SF07,A0 pre-0904 early,8_20260904_080936.435,1800,21,4.4279,4.4974,3.3893,2.739,2.2019,17.345,58.4688,22.4,1.8693
SF07,A0 pre-0904 early,8_20260904_080936.435,1800,22,4.4669,4.4529,3.3776,2.723,2.1919,16.5467,59.0343,23.2,1.8614
SF07,A0 pre-0904 early,8_20260904_080936.435,1800,23,4.4429,4.4808,3.3878,2.736,2.1987,16.68,60.023,22.8,1.865
SF07,A0 pre-0904 early,8_20260904_080936.435,1800,24,4.4675,4.4689,3.3839,2.731,2.1966,17.2733,59.4421,22.9,1.863
SF07,A0 pre-0904 early,8_20260904_080936.435,1800,25,4.4525,4.4561,3.3816,2.7281,2.1958,13.1217,65.0387,24.2,1.8666
SF07,A0 pre-0904 early,8_20260904_080936.435,1800,26,4.4578,4.4792,3.3866,2.7367,2.1977,15.83,61.0866,23.0,1.8669
SF07,A0 pre-0904 early,8_20260904_080936.435,1800,27,4.438,4.4662,3.3846,2.7297,2.1963,16.8467,59.56,22.6,1.8631
SF07,A0 pre-0904 early,8_20260904_080936.435,1800,28,4.4245,4.4997,3.3914,2.7415,2.2026,18.435,56.1506,21.7,1.8733
SF07,A0 pre-0904 early,8_20260904_080936.435,1800,29,4.4581,4.4851,3.3885,2.7378,2.2002,16.6767,60.0604,22.9,1.8669
SF07,A0 pre-0904 early,8_20260904_080936.435,1800,30,4.4736,4.531,3.4212,2.7701,2.2209,18.46,57.3679,20.4,1.8971
SF07,A0 pre-0904 early,8_20260904_080936.435,1800,31,4.4344,4.4974,3.3863,2.7379,2.2021,18.5767,56.1522,21.8,1.8711
SF07,A0 pre-0904 early,8_20260904_080936.435,1800,32,4.4384,4.5043,3.3894,2.7456,2.2206,16.0567,65.0067,20.2,1.8931
SF07,A0 pre-0904 early,8_20260904_080936.435,1800,33,4.4842,4.5188,3.4717,2.8267,2.2278,16.8,61.1177,21.3,1.8984
SF07,A0 pre-0904 early,8_20260904_080936.435,1800,34,4.5409,4.5718,3.5285,2.881,2.2484,20.0817,64.911,19.3,1.9265
SF07,A0 pre-0904 early,8_20260904_080936.435,1800,35,4.4479,4.4806,3.4318,2.7897,2.2229,12.9383,66.4042,23.9,1.8987
SF07,A0 pre-0904 early,8_20260904_080936.435,1800,36,4.5054,4.532,3.4841,2.8413,2.2318,18.3867,58.5545,20.2,1.9029
SF07,A0 pre-0904 early,8_20260904_080936.435,1800,37,4.4764,4.4586,3.4073,2.7586,2.2157,15.7183,62.5961,23.8,1.8797
SF07,A0 pre-0904 early,8_20260904_080936.435,1800,38,4.4778,4.5111,3.4635,2.8193,2.2284,13.9,65.6473,21.5,1.9006
SF07,A0 pre-0904 early,8_20260904_080936.435,1800,39,4.5118,4.5442,3.5054,2.8595,2.2373,16.7817,62.1651,20.1,1.9116
SF07,A0 pre-0904 early,8_20260904_080936.435,1800,40,4.4812,4.4898,3.4465,2.8027,2.2228,12.98,64.1694,23.5,1.9014
SF07,A0 pre-0904 early,8_20260904_080936.435,1800,41,4.4716,4.5001,3.456,2.8111,2.2305,11.815,69.2514,20.1,1.9089
SF07,A0 pre-0904 early,8_20260904_080936.435,1800,42,4.4687,4.4735,3.4238,2.7771,2.2166,14.7483,63.8017,22.5,1.8838
SF07,A0 pre-0904 early,8_20260904_080936.435,1800,43,4.5306,4.5662,3.5292,2.8847,2.248,15.9983,69.6634,19.3,1.9245
SF07,A0 pre-0904 early,8_20260904_080936.435,1800,44,4.4757,4.4525,3.4043,2.7525,2.2154,14.8683,63.3643,23.4,1.8807
SF07,A0 pre-0904 early,8_20260904_080936.435,1800,45,4.526,4.5579,3.5202,2.8742,2.2426,16.16,65.8016,19.8,1.9174
SF07,A0 pre-0904 early,8_20260904_080936.435,1800,46,4.46,4.4678,3.4194,2.7701,2.2175,16.7833,60.732,22.5,1.8802
SF07,A0 pre-0904 early,8_20260904_080936.435,1800,47,4.4477,4.4839,3.3788,2.7342,2.2128,13.5883,65.9207,21.2,1.8846
SF07,A0 pre-0904 early,8_20260904_080936.435,1800,48,4.3445,4.5095,3.5932,2.9549,2.2282,17.1517,59.538,17.9,1.93
SF07,A0 pre-0904 early,8_20260904_080936.435,1800,49,4.6089,4.6003,3.6346,2.9889,2.2648,16.2417,66.557,17.5,1.9473
SF07,A0 pre-0904 early,8_20260904_080936.435,1800,50,4.5135,4.5485,3.5674,2.9222,2.2418,16.32,68.0895,19.7,1.9205
SF07,A0 pre-0904 early,8_20260904_080936.435,1800,51,4.5462,4.5429,3.5585,2.9155,2.2477,16.685,67.1928,19.7,1.9217
SF07,A0 pre-0904 early,8_20260904_080936.435,1800,52,4.4783,4.4955,3.4835,2.8432,2.224,16.56,64.2183,20.1,1.8966
SF07,A0 pre-0904 early,8_20260904_080936.435,1800,53,4.4997,4.4982,3.484,2.84,2.2311,15.1717,68.3632,21.1,1.8977
SF07,A0 pre-0904 early,8_20260904_080936.435,1800,54,4.4713,4.443,3.416,2.7694,2.2023,16.0017,61.2268,21.9,1.8778
SF07,A0 pre-0904 early,8_20260904_080936.435,1800,55,4.4852,4.4548,3.4251,2.7735,2.2227,15.985,63.8018,22.7,1.8871
SF07,A0 pre-0904 early,8_20260904_080936.435,1800,56,4.4588,4.4574,3.4326,2.7867,2.2043,14.7217,63.4285,22.8,1.8812
SF07,A0 pre-0904 early,8_20260904_080936.435,1800,57,4.4993,4.4861,3.4824,2.8365,2.2372,11.9333,69.815,21.7,1.9186
SF07,A0 pre-0904 early,8_20260904_080936.435,1800,58,4.4908,4.5152,3.5089,2.8667,2.2332,19.4583,63.7255,20.6,1.9062
SF07,A0 pre-0904 early,8_20260904_080936.435,1800,59,4.5291,4.53,3.5403,2.8963,2.245,17.8283,65.1343,19.7,1.9179
SF07,A0 pre-0904 early,8_20260904_080936.435,1800,60,4.5379,4.5607,3.5815,2.938,2.2483,13.3233,75.8577,19.6,1.9269
SF07,A0 pre-0904 early,8_20260904_080936.435,1800,61,4.5675,4.5869,3.6128,2.9674,2.2588,15.21,69.1231,18.8,1.9377
SF07,A0 pre-0904 early,8_20260904_080936.435,1800,62,4.5798,4.6019,3.6457,3.0015,2.2708,17.9483,62.3617,17.1,1.9562
SF07,A0 pre-0904 early,8_20260904_080936.435,1800,63,4.8678,4.6231,3.6566,3.0082,2.2797,16.1833,65.5204,16.6,1.9655
SF07,A pre-0904,8_20260904_080936.435,19191,0,4.6947,4.5619,3.5183,2.6509,1.3576,6.1967,43.1574,40.4,1.5236
SF07,A pre-0904,8_20260904_080936.435,19191,1,4.7527,4.5632,3.5025,2.6255,1.3032,6.6133,41.868,38.5,1.4999
SF07,A pre-0904,8_20260904_080936.435,19191,2,4.7557,4.5679,3.5098,2.6385,1.3598,4.2667,48.2462,32.2,1.5561
SF07,A pre-0904,8_20260904_080936.435,19191,3,4.739,4.5789,3.5583,2.6932,1.3442,7.6833,40.1661,36.5,1.5262
SF07,A pre-0904,8_20260904_080936.435,19191,4,4.7625,4.5671,3.5082,2.6299,1.2993,6.335,43.4653,37.6,1.4972
SF07,A pre-0904,8_20260904_080936.435,19191,5,4.7744,4.5789,3.5189,2.6306,1.2807,8.01,41.3935,37.8,1.4841
SF07,A pre-0904,8_20260904_080936.435,19191,6,4.8233,4.5817,3.5157,2.6291,1.2921,5.29,46.075,35.1,1.5011
SF07,A pre-0904,8_20260904_080936.435,19191,7,4.7344,4.5633,3.5065,2.6289,1.3322,6.7467,46.4246,36.8,1.5238
SF07,A pre-0904,8_20260904_080936.435,19191,8,4.804,4.5946,3.5324,2.6417,1.3305,4.215,49.1915,28.5,1.5481
SF07,A pre-0904,8_20260904_080936.435,19191,9,4.847,4.6131,3.534,2.6324,1.3095,4.96,45.7271,29.8,1.5323
SF07,A pre-0904,8_20260904_080936.435,19191,10,4.8174,4.602,3.5281,2.6256,1.2747,6.3817,42.6568,35.5,1.4898
SF07,A pre-0904,8_20260904_080936.435,19191,11,4.7526,4.5674,3.5074,2.6363,1.3695,5.1,47.6843,36.2,1.5456
SF07,A pre-0904,8_20260904_080936.435,19191,12,4.8213,4.5852,3.5195,2.6304,1.3133,4.6517,45.9282,31.9,1.5286
SF07,A pre-0904,8_20260904_080936.435,19191,13,4.7588,4.5737,3.5154,2.6288,1.2834,7.3817,41.9814,38.2,1.4871
SF07,A pre-0904,8_20260904_080936.435,19191,14,4.7607,4.5712,3.5137,2.6308,1.2904,6.7583,41.9674,37.7,1.4915
SF07,A pre-0904,8_20260904_080936.435,19191,15,4.7086,4.576,3.5176,2.6526,1.3969,7.99,41.3555,38.9,1.5457
SF07,A pre-0904,8_20260904_080936.435,19191,16,4.7262,4.5566,3.5118,2.6443,1.3378,6.06,44.0445,37.3,1.5225
SF07,A pre-0904,8_20260904_080936.435,19191,17,4.7624,4.5813,3.5511,2.6795,1.3269,6.8333,42.0806,35.5,1.5183
SF07,A pre-0904,8_20260904_080936.435,19191,18,4.7345,4.5666,3.5256,2.6486,1.2952,5.8183,44.8414,38.2,1.4949
SF07,A pre-0904,8_20260904_080936.435,19191,19,4.711,4.5642,3.52,2.6521,1.3433,6.1083,43.8287,39.4,1.5162
SF07,A pre-0904,8_20260904_080936.435,19191,20,4.7749,4.5738,3.5284,2.6444,1.2702,6.4783,43.7266,37.3,1.4811
SF07,A pre-0904,8_20260904_080936.435,19191,21,4.7252,4.5641,3.5232,2.6514,1.3366,4.0817,49.8515,31.8,1.5433
SF07,A pre-0904,8_20260904_080936.435,19191,22,4.8373,4.6011,3.54,2.6444,1.2636,6.7083,41.7455,35.0,1.4847
SF07,A pre-0904,8_20260904_080936.435,19191,23,4.7531,4.5728,3.5274,2.6448,1.2732,6.8133,43.2897,37.6,1.4822
SF07,A pre-0904,8_20260904_080936.435,19191,24,4.8015,4.5823,3.5312,2.6441,1.2649,6.7867,42.8612,37.0,1.478
SF07,A pre-0904,8_20260904_080936.435,19191,25,4.8054,4.5859,3.5354,2.6517,1.3407,3.55,52.0758,25.4,1.5607
SF07,A pre-0904,8_20260904_080936.435,19191,26,4.7627,4.5662,3.5239,2.6462,1.2874,6.295,43.7962,37.4,1.4906
SF07,A pre-0904,8_20260904_080936.435,19191,27,4.779,4.5855,3.5347,2.6447,1.2709,5.76,44.1688,35.2,1.4875
SF07,A pre-0904,8_20260904_080936.435,19191,28,4.714,4.5612,3.5222,2.6516,1.3321,5.355,45.6522,35.2,1.5241
SF07,A pre-0904,8_20260904_080936.435,19191,29,4.7642,4.5708,3.5253,2.6454,1.277,7.5033,42.2173,36.9,1.4825
SF07,A pre-0904,8_20260904_080936.435,19191,30,4.7375,4.569,3.5246,2.6614,1.3971,5.6733,45.1297,38.7,1.5493
SF07,A pre-0904,8_20260904_080936.435,19191,31,4.7332,4.5607,3.5171,2.6456,1.3173,5.28,45.7397,35.4,1.5159
SF07,A pre-0904,8_20260904_080936.435,19191,32,4.7474,4.569,3.511,2.6438,1.3832,6.6117,46.2439,38.1,1.542
SF07,A pre-0904,8_20260904_080936.435,19191,33,4.7531,4.5865,3.5743,2.7175,1.381,6.79,42.702,36.2,1.5462
SF07,A pre-0904,8_20260904_080936.435,19191,34,4.7846,4.6148,3.6204,2.7854,1.5009,10.2567,42.768,35.4,1.6062
SF07,A pre-0904,8_20260904_080936.435,19191,35,4.7659,4.593,3.5552,2.6835,1.3725,4.4867,48.8205,27.4,1.5722
SF07,A pre-0904,8_20260904_080936.435,19191,36,4.7666,4.5916,3.5851,2.7373,1.4212,5.14,47.0156,34.9,1.5775
SF07,A pre-0904,8_20260904_080936.435,19191,37,4.8491,4.6064,3.5435,2.65,1.3022,7.2117,41.7321,34.7,1.507
SF07,A pre-0904,8_20260904_080936.435,19191,38,4.7458,4.5832,3.5665,2.7058,1.3674,6.3817,43.7532,36.7,1.5402
SF07,A pre-0904,8_20260904_080936.435,19191,39,4.7565,4.5987,3.6046,2.7617,1.4638,4.5133,50.1662,31.4,1.6109
SF07,A pre-0904,8_20260904_080936.435,19191,40,4.7865,4.5947,3.5694,2.7137,1.4525,3.585,51.4158,20.2,1.6391
SF07,A pre-0904,8_20260904_080936.435,19191,41,4.7513,4.5871,3.5672,2.7082,1.4127,4.18,50.1175,24.6,1.6017
SF07,A pre-0904,8_20260904_080936.435,19191,42,4.8033,4.5966,3.55,2.6671,1.3151,6.4767,43.6109,34.5,1.5124
SF07,A pre-0904,8_20260904_080936.435,19191,43,4.7647,4.6115,3.6205,2.7856,1.4876,13.5933,46.3268,35.6,1.6019
SF07,A pre-0904,8_20260904_080936.435,19191,44,4.848,4.612,3.5516,2.6595,1.3736,4.1667,51.1386,23.2,1.5841
SF07,A pre-0904,8_20260904_080936.435,19191,45,4.7667,4.6059,3.6144,2.7741,1.4632,8.2483,43.6961,35.8,1.5891
SF07,A pre-0904,8_20260904_080936.435,19191,46,4.8021,4.5997,3.5511,2.6653,1.327,5.405,45.5751,31.4,1.5316
SF07,A pre-0904,8_20260904_080936.435,19191,47,4.7718,4.5663,3.5043,2.6298,1.3444,5.7733,46.6791,36.7,1.5245
SF07,A pre-0904,8_20260904_080936.435,19191,48,4.7983,4.6447,3.7038,2.8926,1.5622,10.6033,43.1265,29.6,1.6538
SF07,A pre-0904,8_20260904_080936.435,19191,49,4.8006,4.6401,3.6934,2.8762,1.5323,15.18,45.5269,30.3,1.6377
SF07,A pre-0904,8_20260904_080936.435,19191,50,4.7849,4.6193,3.6575,2.8223,1.4716,22.74,49.7117,31.8,1.608
SF07,A pre-0904,8_20260904_080936.435,19191,51,4.7792,4.6171,3.6461,2.8068,1.4621,15.8317,47.9391,31.5,1.607
SF07,A pre-0904,8_20260904_080936.435,19191,52,4.8077,4.6085,3.6012,2.7447,1.3871,11.01,44.7846,33.3,1.5579
SF07,A pre-0904,8_20260904_080936.435,19191,53,4.8028,4.6085,3.5925,2.7282,1.3726,8.5217,47.7463,33.0,1.5509
SF07,A pre-0904,8_20260904_080936.435,19191,54,4.862,4.6118,3.5602,2.6717,1.3649,4.615,48.1425,26.8,1.5719
SF07,A pre-0904,8_20260904_080936.435,19191,55,4.8596,4.6235,3.5592,2.6591,1.3392,5.9233,45.9089,29.3,1.5426
SF07,A pre-0904,8_20260904_080936.435,19191,56,4.8233,4.6109,3.5686,2.6854,1.3535,4.7183,49.6212,28.6,1.5527
SF07,A pre-0904,8_20260904_080936.435,19191,57,4.8158,4.6058,3.579,2.7102,1.3885,4.09,50.4674,27.1,1.5774
SF07,A pre-0904,8_20260904_080936.435,19191,58,4.7696,4.6083,3.617,2.7654,1.4267,14.7617,46.5217,29.9,1.5891
SF07,A pre-0904,8_20260904_080936.435,19191,59,4.7812,4.614,3.6361,2.7898,1.456,16.4917,47.1268,29.9,1.6085
SF07,A pre-0904,8_20260904_080936.435,19191,60,4.7961,4.6267,3.6664,2.8374,1.4964,19.6333,52.7107,30.1,1.622
SF07,A pre-0904,8_20260904_080936.435,19191,61,4.7494,4.6323,3.6802,2.8557,1.5092,10.04,48.8858,30.9,1.6255
SF07,A pre-0904,8_20260904_080936.435,19191,62,4.8432,4.6633,3.7206,2.9127,1.5898,18.13,41.2548,28.3,1.6697
SF07,A pre-0904,8_20260904_080936.435,19191,63,4.8425,4.6703,3.7206,2.912,1.6143,9.7017,43.7609,28.9,1.6802
SF07,B0 post-0904 +30min,11_20260904_140054.476,1800,0,4.9281,4.5822,3.5313,2.6385,1.575,8.6883,41.6055,74.7,1.5551
SF07,B0 post-0904 +30min,11_20260904_140054.476,1800,1,4.9864,4.5744,3.4966,2.5963,1.5095,8.225,41.0665,77.7,1.5121
SF07,B0 post-0904 +30min,11_20260904_140054.476,1800,2,4.9894,4.5753,3.5004,2.6052,1.544,5.8633,48.7093,66.5,1.5661
SF07,B0 post-0904 +30min,11_20260904_140054.476,1800,3,4.9637,4.5889,3.5538,2.6654,1.549,8.505,41.1782,72.9,1.545
SF07,B0 post-0904 +30min,11_20260904_140054.476,1800,4,4.9923,4.5795,3.5028,2.6009,1.5072,7.61,43.073,76.4,1.5129
SF07,B0 post-0904 +30min,11_20260904_140054.476,1800,5,5.0017,4.5917,3.5152,2.6054,1.4953,8.9867,41.025,75.8,1.5025
SF07,B0 post-0904 +30min,11_20260904_140054.476,1800,6,5.0418,4.5939,3.5133,2.6055,1.4968,7.9683,43.5085,76.1,1.5053
SF07,B0 post-0904 +30min,11_20260904_140054.476,1800,7,4.9689,4.574,3.4969,2.5983,1.5352,6.165,49.3268,69.4,1.5506
SF07,B0 post-0904 +30min,11_20260904_140054.476,1800,8,5.0206,4.6052,3.525,2.6097,1.512,5.5867,48.8939,67.2,1.5425
SF07,B0 post-0904 +30min,11_20260904_140054.476,1800,9,5.0523,4.6223,3.5289,2.6069,1.499,6.6333,45.2974,67.7,1.5287
SF07,B0 post-0904 +30min,11_20260904_140054.476,1800,10,5.0323,4.6132,3.5258,2.6049,1.494,7.3133,43.472,73.4,1.5151
SF07,B0 post-0904 +30min,11_20260904_140054.476,1800,11,4.9824,4.5747,3.494,2.6024,1.562,5.4933,50.9085,67.5,1.5701
SF07,B0 post-0904 +30min,11_20260904_140054.476,1800,12,5.037,4.5936,3.517,2.6094,1.5191,5.8817,46.5791,65.1,1.5512
SF07,B0 post-0904 +30min,11_20260904_140054.476,1800,13,4.99,4.5878,3.5121,2.6037,1.4991,7.785,42.6142,76.4,1.5065
SF07,B0 post-0904 +30min,11_20260904_140054.476,1800,14,4.9909,4.5827,3.5084,2.6029,1.5048,7.1633,44.2906,74.9,1.5124
SF07,B0 post-0904 +30min,11_20260904_140054.476,1800,15,4.9559,4.5887,3.5059,2.6212,1.581,10.1417,37.8801,76.8,1.5551
SF07,B0 post-0904 +30min,11_20260904_140054.476,1800,16,4.951,4.5724,3.5212,2.6294,1.555,8.2283,42.5475,80.5,1.5379
SF07,B0 post-0904 +30min,11_20260904_140054.476,1800,17,4.9811,4.5914,3.5464,2.6535,1.5338,7.9617,42.4809,73.0,1.5356
SF07,B0 post-0904 +30min,11_20260904_140054.476,1800,18,4.9579,4.5791,3.5289,2.6279,1.521,8.715,41.9484,80.9,1.5122
SF07,B0 post-0904 +30min,11_20260904_140054.476,1800,19,4.9388,4.5783,3.5288,2.6354,1.5604,6.825,45.8295,75.7,1.5476
SF07,B0 post-0904 +30min,11_20260904_140054.476,1800,20,4.9887,4.587,3.5338,2.6285,1.5054,7.8583,44.8684,79.6,1.5042
SF07,B0 post-0904 +30min,11_20260904_140054.476,1800,21,4.9501,4.5757,3.524,2.6271,1.5329,6.0317,50.4092,70.7,1.5485
SF07,B0 post-0904 +30min,11_20260904_140054.476,1800,22,5.0339,4.6113,3.5411,2.6271,1.5048,8.2883,43.1227,77.3,1.503
SF07,B0 post-0904 +30min,11_20260904_140054.476,1800,23,4.9731,4.5847,3.5315,2.6283,1.5031,6.9567,47.2592,74.3,1.5173
SF07,B0 post-0904 +30min,11_20260904_140054.476,1800,24,5.0089,4.5947,3.5356,2.6281,1.4911,8.6183,42.6537,78.2,1.4986
SF07,B0 post-0904 +30min,11_20260904_140054.476,1800,25,5.0077,4.5961,3.5414,2.6554,1.6098,4.0233,57.534,40.9,1.6638
SF07,B0 post-0904 +30min,11_20260904_140054.476,1800,26,4.978,4.575,3.5269,2.6287,1.5419,6.5033,48.6958,76.8,1.5313
SF07,B0 post-0904 +30min,11_20260904_140054.476,1800,27,4.9902,4.5983,3.5375,2.6274,1.4877,7.22,44.6371,73.8,1.5043
SF07,B0 post-0904 +30min,11_20260904_140054.476,1800,28,4.9398,4.5725,3.5265,2.6304,1.5449,8.12,43.6204,78.5,1.5343
SF07,B0 post-0904 +30min,11_20260904_140054.476,1800,29,4.9815,4.5831,3.5295,2.6273,1.4979,7.6667,44.6723,76.5,1.5058
SF07,B0 post-0904 +30min,11_20260904_140054.476,1800,30,4.9689,4.5891,3.536,2.649,1.6001,9.9517,40.4042,75.3,1.5666
SF07,B0 post-0904 +30min,11_20260904_140054.476,1800,31,4.9564,4.5713,3.5207,2.6247,1.5254,6.9867,46.2013,76.8,1.5308
SF07,B0 post-0904 +30min,11_20260904_140054.476,1800,32,4.9793,4.5766,3.5007,2.615,1.5856,5.4183,52.9934,66.6,1.5901
SF07,B0 post-0904 +30min,11_20260904_140054.476,1800,33,4.9765,4.5984,3.5723,2.6912,1.5827,8.6833,41.6782,73.0,1.5669
SF07,B0 post-0904 +30min,11_20260904_140054.476,1800,34,5.0206,4.6305,3.5966,2.7273,1.6685,10.9183,37.8546,69.5,1.6104
SF07,B0 post-0904 +30min,11_20260904_140054.476,1800,35,4.979,4.5982,3.5508,2.6653,1.5862,4.9133,50.5279,50.9,1.6227
SF07,B0 post-0904 +30min,11_20260904_140054.476,1800,36,4.9881,4.6025,3.58,2.708,1.6177,5.4433,51.8561,66.1,1.6028
SF07,B0 post-0904 +30min,11_20260904_140054.476,1800,37,5.0457,4.611,3.5374,2.6309,1.5241,6.7117,47.0306,67.0,1.5444
SF07,B0 post-0904 +30min,11_20260904_140054.476,1800,38,4.9677,4.5908,3.5618,2.6796,1.5792,6.0917,47.7116,67.2,1.5779
SF07,B0 post-0904 +30min,11_20260904_140054.476,1800,39,4.9875,4.6127,3.5978,2.7258,1.6296,9.0483,45.4669,69.8,1.5975
SF07,B0 post-0904 +30min,11_20260904_140054.476,1800,40,4.9999,4.6034,3.5614,2.6815,1.6013,4.8117,52.7558,47.1,1.6403
SF07,B0 post-0904 +30min,11_20260904_140054.476,1800,41,4.9691,4.5945,3.554,2.6634,1.5512,7.0833,44.5018,69.8,1.5529
SF07,B0 post-0904 +30min,11_20260904_140054.476,1800,42,5.0109,4.6043,3.545,2.6443,1.5236,8.3183,42.4071,72.1,1.5309
SF07,B0 post-0904 +30min,11_20260904_140054.476,1800,43,5.0038,4.6271,3.6022,2.7346,1.66,11.0333,42.4553,67.9,1.6117
SF07,B0 post-0904 +30min,11_20260904_140054.476,1800,44,5.04,4.612,3.5462,2.6497,1.589,4.615,50.7714,42.4,1.642
SF07,B0 post-0904 +30min,11_20260904_140054.476,1800,45,4.9991,4.62,3.603,2.7342,1.6519,14.7333,49.1503,67.4,1.6132
SF07,B0 post-0904 +30min,11_20260904_140054.476,1800,46,5.0097,4.609,3.5458,2.6421,1.5239,7.465,44.5857,70.6,1.5347
SF07,B0 post-0904 +30min,11_20260904_140054.476,1800,47,4.9977,4.5753,3.4976,2.6036,1.5601,4.9867,51.1496,65.1,1.5758
SF07,B0 post-0904 +30min,11_20260904_140054.476,1800,48,5.0563,4.6783,3.7025,2.8621,1.7343,12.365,40.931,56.7,1.6756
SF07,B0 post-0904 +30min,11_20260904_140054.476,1800,49,5.0464,4.6678,3.6941,2.8516,1.72,14.29,43.8733,57.0,1.6669
SF07,B0 post-0904 +30min,11_20260904_140054.476,1800,50,5.0073,4.6361,3.6563,2.7967,1.6561,11.6767,47.7562,60.4,1.6271
SF07,B0 post-0904 +30min,11_20260904_140054.476,1800,51,5.0003,4.6319,3.6446,2.7836,1.6429,18.0367,48.9312,58.2,1.6248
SF07,B0 post-0904 +30min,11_20260904_140054.476,1800,52,5.0134,4.62,3.6014,2.7263,1.5867,11.77,42.6364,65.2,1.5815
SF07,B0 post-0904 +30min,11_20260904_140054.476,1800,53,5.0097,4.619,3.5909,2.7093,1.5715,9.815,45.841,65.2,1.5708
SF07,B0 post-0904 +30min,11_20260904_140054.476,1800,54,5.0525,4.6197,3.5623,2.6704,1.6142,6.5817,49.6464,60.7,1.6046
SF07,B0 post-0904 +30min,11_20260904_140054.476,1800,55,5.0463,4.6262,3.552,2.6457,1.5574,5.8583,49.5006,56.7,1.5873
SF07,B0 post-0904 +30min,11_20260904_140054.476,1800,56,5.0215,4.621,3.5702,2.6788,1.5881,6.6033,50.7819,66.4,1.5801
SF07,B0 post-0904 +30min,11_20260904_140054.476,1800,57,5.0154,4.6126,3.5764,2.6902,1.5703,5.71,51.1879,62.2,1.5788
SF07,B0 post-0904 +30min,11_20260904_140054.476,1800,58,4.9861,4.6238,3.6213,2.7521,1.6221,14.7517,47.4656,56.0,1.6192
SF07,B0 post-0904 +30min,11_20260904_140054.476,1800,59,4.9953,4.6287,3.6366,2.7706,1.6316,18.2717,47.056,57.2,1.6203
SF07,B0 post-0904 +30min,11_20260904_140054.476,1800,60,5.0227,4.6432,3.6645,2.8114,1.6712,9.71,47.9085,61.1,1.6358
SF07,B0 post-0904 +30min,11_20260904_140054.476,1800,61,4.9974,4.6564,3.6803,2.8332,1.6935,11.5383,42.7754,59.8,1.6481
SF07,B0 post-0904 +30min,11_20260904_140054.476,1800,62,5.0932,4.6911,3.7034,2.862,1.758,13.18,40.7403,57.1,1.6867
SF07,B0 post-0904 +30min,11_20260904_140054.476,1800,63,5.102,4.7027,3.6973,2.8513,1.7932,12.16,41.0431,59.1,1.6968
SF07,B post-0904 +5.3h,11_20260904_140054.476,18999,0,4.2689,4.3275,3.3568,2.8005,2.4684,18.1,89.8252,7.5,2.118
SF07,B post-0904 +5.3h,11_20260904_140054.476,18999,1,4.2594,4.2574,3.356,2.7952,2.4595,17.955,89.7924,7.2,2.1109
SF07,B post-0904 +5.3h,11_20260904_140054.476,18999,2,4.2674,4.2632,3.3606,2.8015,2.4636,15.7517,94.2138,7.6,2.1148
SF07,B post-0904 +5.3h,11_20260904_140054.476,18999,3,4.2947,4.2772,3.4127,2.843,2.4725,18.6283,90.6845,7.6,2.1185
SF07,B post-0904 +5.3h,11_20260904_140054.476,18999,4,4.2608,4.2573,3.3628,2.7993,2.4611,18.335,90.0643,7.5,2.1114
SF07,B post-0904 +5.3h,11_20260904_140054.476,18999,5,4.2708,4.2513,3.3753,2.8042,2.4602,17.9083,91.2374,7.4,2.1109
SF07,B post-0904 +5.3h,11_20260904_140054.476,18999,6,4.2995,4.2439,3.3749,2.8064,2.4617,18.2167,91.4699,7.4,2.1117
SF07,B post-0904 +5.3h,11_20260904_140054.476,18999,7,4.2522,4.2632,3.3593,2.7996,2.4632,15.2967,95.4988,7.5,2.1149
SF07,B post-0904 +5.3h,11_20260904_140054.476,18999,8,4.2841,4.2426,3.3845,2.8076,2.4593,17.4383,91.2768,7.4,2.1113
SF07,B post-0904 +5.3h,11_20260904_140054.476,18999,9,4.291,4.228,3.3839,2.8033,2.4571,18.1633,91.0176,7.2,2.1096
SF07,B post-0904 +5.3h,11_20260904_140054.476,18999,10,4.2956,4.2355,3.3868,2.8077,2.4587,16.9633,92.5345,7.5,2.1112
SF07,B post-0904 +5.3h,11_20260904_140054.476,18999,11,4.26,4.2789,3.353,2.7991,2.4688,15.7383,94.251,7.3,2.1182
SF07,B post-0904 +5.3h,11_20260904_140054.476,18999,12,4.2959,4.2411,3.3782,2.8055,2.4589,19.035,89.0719,7.1,2.1103
SF07,B post-0904 +5.3h,11_20260904_140054.476,18999,13,4.2595,4.2533,3.3714,2.8018,2.4586,19.14,88.3114,7.6,2.1098
SF07,B post-0904 +5.3h,11_20260904_140054.476,18999,14,4.2691,4.2561,3.3677,2.7999,2.4587,18.2667,89.8434,7.2,2.11
SF07,B post-0904 +5.3h,11_20260904_140054.476,18999,15,4.2388,4.3008,3.3544,2.8031,2.4715,18.975,87.9395,7.4,2.1197
SF07,B post-0904 +5.3h,11_20260904_140054.476,18999,16,4.2835,4.3048,3.3525,2.7974,2.4622,16.9183,91.6377,7.5,2.1135
SF07,B post-0904 +5.3h,11_20260904_140054.476,18999,17,4.295,4.2638,3.4061,2.8368,2.4698,17.8383,92.0467,7.3,2.117
SF07,B post-0904 +5.3h,11_20260904_140054.476,18999,18,4.2969,4.2907,3.3687,2.8034,2.4607,17.745,91.5147,7.4,2.1112
SF07,B post-0904 +5.3h,11_20260904_140054.476,18999,19,4.2808,4.3168,3.3559,2.7997,2.4665,17.3283,91.6232,7.5,2.1159
SF07,B post-0904 +5.3h,11_20260904_140054.476,18999,20,4.323,4.2723,3.3773,2.8076,2.4587,17.4617,92.9141,7.3,2.1101
SF07,B post-0904 +5.3h,11_20260904_140054.476,18999,21,4.2844,4.2954,3.3633,2.8005,2.46,17.8417,90.2293,7.5,2.111
SF07,B post-0904 +5.3h,11_20260904_140054.476,18999,22,4.3317,4.2498,3.3831,2.8075,2.4544,18.0117,90.6541,7.6,2.1078
SF07,B post-0904 +5.3h,11_20260904_140054.476,18999,23,4.3087,4.2785,3.374,2.8063,2.4586,16.6183,94.5375,7.5,2.11
SF07,B post-0904 +5.3h,11_20260904_140054.476,18999,24,4.331,4.2698,3.3793,2.808,2.4582,17.9267,91.9734,7.5,2.1095
SF07,B post-0904 +5.3h,11_20260904_140054.476,18999,25,4.3173,4.2546,3.3841,2.8111,2.4561,15.7783,95.5511,7.6,2.1102
SF07,B post-0904 +5.3h,11_20260904_140054.476,18999,26,4.3227,4.2813,3.3686,2.8045,2.4585,16.09,94.0481,7.4,2.111
SF07,B post-0904 +5.3h,11_20260904_140054.476,18999,27,4.3041,4.2642,3.3811,2.8084,2.4569,15.9067,95.78,7.8,2.1099
SF07,B post-0904 +5.3h,11_20260904_140054.476,18999,28,4.284,4.3036,3.3605,2.7998,2.4624,18.1083,89.742,7.7,2.1125
SF07,B post-0904 +5.3h,11_20260904_140054.476,18999,29,4.3176,4.2814,3.3704,2.8045,2.4589,17.1983,92.83,7.4,2.1099
SF07,B post-0904 +5.3h,11_20260904_140054.476,18999,30,4.2946,4.3354,3.3584,2.8062,2.4747,17.8633,90.801,7.3,2.1214
SF07,B post-0904 +5.3h,11_20260904_140054.476,18999,31,4.2879,4.2959,3.3579,2.7984,2.4599,17.09,91.9346,7.6,2.1113
SF07,B post-0904 +5.3h,11_20260904_140054.476,18999,32,4.284,4.2933,3.3598,2.8062,2.4735,15.4933,95.9212,7.3,2.1213
SF07,B post-0904 +5.3h,11_20260904_140054.476,18999,33,4.3031,4.2969,3.429,2.8605,2.4815,17.9767,93.1628,7.4,2.124
SF07,B post-0904 +5.3h,11_20260904_140054.476,18999,34,4.3255,4.3443,3.4389,2.8721,2.4894,19.4067,89.593,7.2,2.1304
SF07,B post-0904 +5.3h,11_20260904_140054.476,18999,35,4.301,4.2708,3.4177,2.8433,2.4733,16.455,94.5279,7.4,2.1203
SF07,B post-0904 +5.3h,11_20260904_140054.476,18999,36,4.3299,4.3143,3.451,2.884,2.4891,14.5183,99.4939,7.7,2.1325
SF07,B post-0904 +5.3h,11_20260904_140054.476,18999,37,4.3187,4.2394,3.4008,2.8298,2.4736,18.5467,93.0666,7.3,2.1185
SF07,B post-0904 +5.3h,11_20260904_140054.476,18999,38,4.3041,4.2937,3.4293,2.8612,2.4822,16.5433,96.1516,7.0,2.1252
SF07,B post-0904 +5.3h,11_20260904_140054.476,18999,39,4.3191,4.3202,3.4544,2.8841,2.4895,16.4633,97.4944,7.1,2.1297
SF07,B post-0904 +5.3h,11_20260904_140054.476,18999,40,4.3191,4.277,3.435,2.8646,2.4803,15.18,95.2038,7.3,2.1283
SF07,B post-0904 +5.3h,11_20260904_140054.476,18999,41,4.3082,4.2861,3.4321,2.8661,2.4825,14.2783,97.2788,6.9,2.13
SF07,B post-0904 +5.3h,11_20260904_140054.476,18999,42,4.3091,4.2552,3.4065,2.8352,2.4731,17.9017,93.7554,7.5,2.1186
SF07,B post-0904 +5.3h,11_20260904_140054.476,18999,43,4.3185,4.3382,3.449,2.8814,2.4914,18.6617,92.3935,7.3,2.1313
SF07,B post-0904 +5.3h,11_20260904_140054.476,18999,44,4.3174,4.231,3.3987,2.8232,2.4716,18.1,93.6643,7.4,2.1175
SF07,B post-0904 +5.3h,11_20260904_140054.476,18999,45,4.3209,4.329,3.455,2.8846,2.4908,17.03,96.9941,7.3,2.1309
SF07,B post-0904 +5.3h,11_20260904_140054.476,18999,46,4.3042,4.2509,3.4086,2.8357,2.4755,18.575,93.3432,7.2,2.1193
SF07,B post-0904 +5.3h,11_20260904_140054.476,18999,47,4.3188,4.2847,3.3846,2.8337,2.4784,12.5767,97.807,7.4,2.1312
SF07,B post-0904 +5.3h,11_20260904_140054.476,18999,48,4.4117,4.3897,3.5837,2.9946,2.5069,18.0933,94.9783,7.3,2.1426
SF07,B post-0904 +5.3h,11_20260904_140054.476,18999,49,4.397,4.3788,3.5767,2.9887,2.5065,17.9217,95.977,7.2,2.1417
SF07,B post-0904 +5.3h,11_20260904_140054.476,18999,50,4.3722,4.3344,3.5306,2.9454,2.4965,17.05,98.1374,7.3,2.1345
SF07,B post-0904 +5.3h,11_20260904_140054.476,18999,51,4.3716,4.3249,3.5202,2.9384,2.496,17.79,97.1982,7.9,2.1337
SF07,B post-0904 +5.3h,11_20260904_140054.476,18999,52,4.3527,4.2778,3.4699,2.9028,2.4912,18.63,95.3572,7.1,2.1301
SF07,B post-0904 +5.3h,11_20260904_140054.476,18999,53,4.3431,4.2835,3.4648,2.8908,2.4882,17.1267,99.2247,7.6,2.1278
SF07,B post-0904 +5.3h,11_20260904_140054.476,18999,54,4.3656,4.2551,3.4407,2.8704,2.4839,15.17,100.2228,7.1,2.1291
SF07,B post-0904 +5.3h,11_20260904_140054.476,18999,55,4.3256,4.2417,3.4272,2.8522,2.4817,16.0733,97.5794,7.3,2.126
SF07,B post-0904 +5.3h,11_20260904_140054.476,18999,56,4.3413,4.2695,3.4484,2.8736,2.4842,15.815,98.0532,7.1,2.1278
SF07,B post-0904 +5.3h,11_20260904_140054.476,18999,57,4.3456,4.2706,3.4557,2.884,2.4867,15.9433,99.2242,7.3,2.1289
SF07,B post-0904 +5.3h,11_20260904_140054.476,18999,58,4.3514,4.2985,3.4946,2.9187,2.4941,18.2117,97.8935,7.2,2.1325
SF07,B post-0904 +5.3h,11_20260904_140054.476,18999,59,4.3651,4.3144,3.5117,2.9313,2.4958,17.5667,97.9637,7.6,2.134
SF07,B post-0904 +5.3h,11_20260904_140054.476,18999,60,4.3837,4.3473,3.5448,2.9608,2.5005,17.0433,98.3758,7.4,2.1372
SF07,B post-0904 +5.3h,11_20260904_140054.476,18999,61,4.3612,4.3675,3.5606,2.975,2.5042,18.0633,97.0462,7.3,2.14
SF07,B post-0904 +5.3h,11_20260904_140054.476,18999,62,4.422,4.404,3.5827,2.9934,2.5102,17.82,95.7522,7.2,2.1452
SF07,B post-0904 +5.3h,11_20260904_140054.476,18999,63,4.4547,4.4248,3.5877,2.9955,2.5148,16.985,97.2112,6.8,2.1495
SF07,C night-end 0905 08:24,14_20260904_201825.406,43573,0,5.1113,4.6761,3.5064,2.5864,1.3143,4.7283,36.2448,42.5,1.4792
SF07,C night-end 0905 08:24,14_20260904_201825.406,43573,1,5.2112,4.6754,3.5124,2.5807,1.2572,4.0233,40.83,30.0,1.482
SF07,C night-end 0905 08:24,14_20260904_201825.406,43573,2,5.2134,4.6794,3.5141,2.5831,1.2745,3.8417,41.93,32.0,1.4885
SF07,C night-end 0905 08:24,14_20260904_201825.406,43573,3,5.1801,4.6949,3.5811,2.6536,1.2928,5.9167,32.6663,39.9,1.4758
SF07,C night-end 0905 08:24,14_20260904_201825.406,43573,4,5.2165,4.6746,3.515,2.5841,1.2666,3.56,43.7072,26.6,1.4971
SF07,C night-end 0905 08:24,14_20260904_201825.406,43573,5,5.2341,4.679,3.5248,2.5775,1.1899,5.675,34.1877,29.5,1.4262
SF07,C night-end 0905 08:24,14_20260904_201825.406,43573,6,5.2696,4.6793,3.525,2.5779,1.1869,5.2133,35.2656,28.1,1.427
SF07,C night-end 0905 08:24,14_20260904_201825.406,43573,7,5.1923,4.6825,3.5176,2.5861,1.2883,3.9467,42.4231,32.8,1.4955
SF07,C night-end 0905 08:24,14_20260904_201825.406,43573,8,5.2628,4.6925,3.5397,2.5803,1.1801,5.4467,35.37,25.8,1.4274
SF07,C night-end 0905 08:24,14_20260904_201825.406,43573,9,5.2964,4.704,3.548,2.5784,1.1781,4.7417,37.4927,24.2,1.4334
SF07,C night-end 0905 08:24,14_20260904_201825.406,43573,10,5.2752,4.6956,3.542,2.5799,1.1911,4.4433,40.314,23.8,1.4449
SF07,C night-end 0905 08:24,14_20260904_201825.406,43573,11,5.2038,4.6986,3.5206,2.5956,1.3238,4.9433,38.3746,41.0,1.4901
SF07,C night-end 0905 08:24,14_20260904_201825.406,43573,12,5.2708,4.6823,3.5295,2.5768,1.1791,5.5217,34.3861,26.1,1.4241
SF07,C night-end 0905 08:24,14_20260904_201825.406,43573,13,5.2188,4.6775,3.5231,2.5835,1.2476,4.4333,43.8599,25.0,1.4884
SF07,C night-end 0905 08:24,14_20260904_201825.406,43573,14,5.223,4.6761,3.5184,2.5769,1.2017,5.4967,33.248,32.6,1.4304
SF07,C night-end 0905 08:24,14_20260904_201825.406,43573,15,5.1783,4.7262,3.5361,2.6226,1.3927,5.3833,34.6679,44.3,1.5126
SF07,C night-end 0905 08:24,14_20260904_201825.406,43573,16,5.1341,4.6526,3.4922,2.5698,1.2603,4.6683,36.8574,39.6,1.4571
SF07,C night-end 0905 08:24,14_20260904_201825.406,43573,17,5.1962,4.6893,3.5699,2.6369,1.2602,5.7417,34.1848,35.6,1.4634
SF07,C night-end 0905 08:24,14_20260904_201825.406,43573,18,5.1884,4.6701,3.5181,2.5847,1.2098,5.03,35.5764,32.3,1.4347
SF07,C night-end 0905 08:24,14_20260904_201825.406,43573,19,5.1675,4.6966,3.528,2.6047,1.3072,5.5867,35.5073,41.4,1.4738
SF07,C night-end 0905 08:24,14_20260904_201825.406,43573,20,5.2171,4.6683,3.5246,2.5836,1.1795,5.7633,35.9335,28.5,1.4199
SF07,C night-end 0905 08:24,14_20260904_201825.406,43573,21,5.187,4.6788,3.52,2.5878,1.219,5.3467,35.7196,34.7,1.436
SF07,C night-end 0905 08:24,14_20260904_201825.406,43573,22,5.2619,4.6794,3.5309,2.5804,1.1683,4.79,36.5174,24.7,1.4255
SF07,C night-end 0905 08:24,14_20260904_201825.406,43573,23,5.2129,4.6756,3.527,2.5879,1.1882,6.11,36.3432,29.6,1.4238
SF07,C night-end 0905 08:24,14_20260904_201825.406,43573,24,5.2397,4.6753,3.5287,2.5857,1.1737,5.66,34.3176,27.2,1.4166
SF07,C night-end 0905 08:24,14_20260904_201825.406,43573,25,5.2562,4.6813,3.5378,2.5943,1.2223,3.735,43.6951,20.0,1.4808
SF07,C night-end 0905 08:24,14_20260904_201825.406,43573,26,5.2065,4.6661,3.519,2.5837,1.1985,5.2017,36.1386,32.0,1.4278
SF07,C night-end 0905 08:24,14_20260904_201825.406,43573,27,5.2326,4.6825,3.534,2.5878,1.1738,5.1317,36.6514,25.4,1.4202
SF07,C night-end 0905 08:24,14_20260904_201825.406,43573,28,5.1552,4.6686,3.5136,2.5879,1.2625,4.8333,38.6884,36.2,1.4674
SF07,C night-end 0905 08:24,14_20260904_201825.406,43573,29,5.215,4.6733,3.5234,2.587,1.2008,4.66,38.1386,29.9,1.4345
SF07,C night-end 0905 08:24,14_20260904_201825.406,43573,30,5.1666,4.6891,3.5332,2.6253,1.3757,4.3833,40.65,40.9,1.5285
SF07,C night-end 0905 08:24,14_20260904_201825.406,43573,31,5.1913,4.677,3.5165,2.5876,1.2315,6.0367,32.2933,36.4,1.4388
SF07,C night-end 0905 08:24,14_20260904_201825.406,43573,32,5.2002,4.7066,3.5293,2.6138,1.3742,3.8683,41.7929,41.4,1.527
SF07,C night-end 0905 08:24,14_20260904_201825.406,43573,33,5.1848,4.7122,3.6057,2.6882,1.3596,5.03,36.4171,42.1,1.5107
SF07,C night-end 0905 08:24,14_20260904_201825.406,43573,34,5.2359,4.7702,3.6392,2.736,1.5276,6.25,32.2742,48.5,1.5734
SF07,C night-end 0905 08:24,14_20260904_201825.406,43573,35,5.202,4.6962,3.57,2.6283,1.2338,6.2767,31.5594,33.9,1.4506
SF07,C night-end 0905 08:24,14_20260904_201825.406,43573,36,5.1928,4.7284,3.634,2.7405,1.5126,2.3767,50.508,30.2,1.6445
SF07,C night-end 0905 08:24,14_20260904_201825.406,43573,37,5.2707,4.6996,3.5739,2.6328,1.3353,3.89,42.2988,24.0,1.5402
SF07,C night-end 0905 08:24,14_20260904_201825.406,43573,38,5.1805,4.7026,3.5909,2.6686,1.3278,4.6233,37.9939,39.4,1.5028
SF07,C night-end 0905 08:24,14_20260904_201825.406,43573,39,5.1939,4.7347,3.6458,2.7451,1.5034,3.1183,47.9792,37.0,1.6285
SF07,C night-end 0905 08:24,14_20260904_201825.406,43573,40,5.2163,4.6926,3.5676,2.6317,1.2426,6.5017,30.6082,34.4,1.4537
SF07,C night-end 0905 08:24,14_20260904_201825.406,43573,41,5.1875,4.6968,3.5771,2.646,1.2752,6.0367,32.1688,37.9,1.4683
SF07,C night-end 0905 08:24,14_20260904_201825.406,43573,42,5.2269,4.6939,3.5677,2.6267,1.2632,3.9667,40.3276,29.1,1.4888
SF07,C night-end 0905 08:24,14_20260904_201825.406,43573,43,5.2105,4.7579,3.6396,2.737,1.4949,4.44,39.3686,46.0,1.5699
SF07,C night-end 0905 08:24,14_20260904_201825.406,43573,44,5.2697,4.703,3.5692,2.6052,1.2097,5.1217,36.0552,25.9,1.4516
SF07,C night-end 0905 08:24,14_20260904_201825.406,43573,45,5.2023,4.7467,3.6419,2.7362,1.4645,5.3933,34.3634,47.4,1.5532
SF07,C night-end 0905 08:24,14_20260904_201825.406,43573,46,5.2289,4.6959,3.5688,2.6208,1.245,4.4017,40.0826,26.8,1.4779
SF07,C night-end 0905 08:24,14_20260904_201825.406,43573,47,5.2205,4.6988,3.5472,2.638,1.4518,2.7917,48.4467,22.8,1.6332
SF07,C night-end 0905 08:24,14_20260904_201825.406,43573,48,4.9471,4.6555,3.6668,2.7968,1.5245,6.26,31.6826,45.5,1.5965
SF07,C night-end 0905 08:24,14_20260904_201825.406,43573,49,5.2331,4.7798,3.7349,2.8563,1.5661,6.1533,33.5831,47.7,1.6155
SF07,C night-end 0905 08:24,14_20260904_201825.406,43573,50,5.0404,4.6053,3.5655,2.6711,1.3648,3.785,41.3597,41.6,1.5378
SF07,C night-end 0905 08:24,14_20260904_201825.406,43573,51,5.1815,4.7228,3.6656,2.7599,1.4281,4.9067,41.597,41.2,1.5603
SF07,C night-end 0905 08:24,14_20260904_201825.406,43573,52,5.1219,4.6551,3.5767,2.6585,1.2959,7.5367,37.3868,38.2,1.4952
SF07,C night-end 0905 08:24,14_20260904_201825.406,43573,53,5.2144,4.7075,3.6184,2.6899,1.3083,5.1233,38.8661,35.6,1.4985
SF07,C night-end 0905 08:24,14_20260904_201825.406,43573,54,5.206,4.6758,3.5696,2.6239,1.2372,5.005,37.8727,29.1,1.468
SF07,C night-end 0905 08:24,14_20260904_201825.406,43573,55,5.2615,4.7083,3.5908,2.6286,1.2456,4.7033,39.0282,25.2,1.4792
SF07,C night-end 0905 08:24,14_20260904_201825.406,43573,56,5.1915,4.6865,3.5825,2.6428,1.257,5.1083,38.0371,31.9,1.4756
SF07,C night-end 0905 08:24,14_20260904_201825.406,43573,57,5.2239,4.7029,3.6109,2.68,1.3338,3.6517,44.4402,28.0,1.5402
SF07,C night-end 0905 08:24,14_20260904_201825.406,43573,58,5.1632,4.7049,3.6322,2.7175,1.3676,8.285,36.7217,38.0,1.5341
SF07,C night-end 0905 08:24,14_20260904_201825.406,43573,59,5.1866,4.7206,3.6605,2.7504,1.4132,7.61,40.0597,39.5,1.5556
SF07,C night-end 0905 08:24,14_20260904_201825.406,43573,60,5.1676,4.7189,3.6643,2.7718,1.4561,4.7183,39.3078,44.9,1.5651
SF07,C night-end 0905 08:24,14_20260904_201825.406,43573,61,5.1843,4.7679,3.7206,2.8361,1.5343,5.8083,35.6992,45.5,1.6008
SF07,C night-end 0905 08:24,14_20260904_201825.406,43573,62,5.2234,4.7794,3.7217,2.8447,1.6147,7.7167,34.9992,46.7,1.6379
SF07,C night-end 0905 08:24,14_20260904_201825.406,43573,63,5.2835,4.8215,3.7533,2.8787,1.7257,34.5717,41.3914,44.2,1.6973
SF07,D pre-0905,2_20260905_093310.289,12690,0,4.7807,4.6205,3.5602,2.6267,1.259,1.1483,43.2337,30.0,1.5363
SF07,D pre-0905,2_20260905_093310.289,12690,1,4.8455,4.6338,3.5493,2.5988,1.0478,2.3183,36.5602,32.2,1.4146
SF07,D pre-0905,2_20260905_093310.289,12690,2,4.8454,4.6381,3.5553,2.6067,1.1118,1.3667,43.6301,31.2,1.4515
SF07,D pre-0905,2_20260905_093310.289,12690,3,4.8051,4.6556,3.6254,2.6951,1.1745,2.7067,35.544,38.1,1.4587
SF07,D pre-0905,2_20260905_093310.289,12690,4,4.8662,4.6378,3.5519,2.6014,1.0295,2.2917,37.066,29.8,1.4121
SF07,D pre-0905,2_20260905_093310.289,12690,5,4.8737,4.6491,3.5594,2.6031,0.9793,2.425,36.5311,24.6,1.3972
SF07,D pre-0905,2_20260905_093310.289,12690,6,4.9468,4.6611,3.5589,2.6005,0.9661,2.9633,33.3389,23.6,1.3916
SF07,D pre-0905,2_20260905_093310.289,12690,7,4.8212,4.6334,3.5612,2.6135,1.1331,1.5817,41.3796,33.6,1.4552
SF07,D pre-0905,2_20260905_093310.289,12690,8,4.9102,4.6724,3.5734,2.6068,0.9479,2.8383,34.2878,20.8,1.3915
SF07,D pre-0905,2_20260905_093310.289,12690,9,4.9634,4.6936,3.5812,2.6043,0.9518,1.9733,39.3209,16.5,1.406
SF07,D pre-0905,2_20260905_093310.289,12690,10,4.9181,4.6776,3.5761,2.6079,0.9975,1.4517,43.0321,14.6,1.4344
SF07,D pre-0905,2_20260905_093310.289,12690,11,4.8664,4.6495,3.5742,2.632,1.2353,1.365,42.4192,36.5,1.4961
SF07,D pre-0905,2_20260905_093310.289,12690,12,4.9561,4.6671,3.5629,2.6012,0.9515,3.4133,32.9617,22.8,1.3885
SF07,D pre-0905,2_20260905_093310.289,12690,13,4.8548,4.643,3.5579,2.6036,0.9855,3.0433,33.265,27.0,1.394
SF07,D pre-0905,2_20260905_093310.289,12690,14,4.8598,4.6417,3.5558,2.6037,1.0071,2.9017,34.1614,29.5,1.4011
SF07,D pre-0905,2_20260905_093310.289,12690,15,4.7758,4.6604,3.6029,2.6641,1.3585,2.4283,36.7488,47.0,1.4998
SF07,D pre-0905,2_20260905_093310.289,12690,16,4.8236,4.6243,3.5554,2.615,1.125,1.9167,38.3713,36.1,1.4327
SF07,D pre-0905,2_20260905_093310.289,12690,17,4.8466,4.6577,3.6077,2.6684,1.1015,3.2483,32.672,33.3,1.4347
SF07,D pre-0905,2_20260905_093310.289,12690,18,4.8389,4.6332,3.5621,2.6198,1.0484,1.3383,44.0561,25.7,1.4358
SF07,D pre-0905,2_20260905_093310.289,12690,19,4.797,4.6307,3.5659,2.626,1.1879,1.3817,42.708,36.1,1.4675
SF07,D pre-0905,2_20260905_093310.289,12690,20,4.8866,4.6491,3.5688,2.62,0.9629,1.89,41.0149,22.4,1.3949
SF07,D pre-0905,2_20260905_093310.289,12690,21,4.8337,4.6298,3.5589,2.6132,1.0205,2.475,35.5985,32.4,1.3991
SF07,D pre-0905,2_20260905_093310.289,12690,22,4.9719,4.6869,3.5868,2.6263,0.9427,1.775,39.6473,15.4,1.4031
SF07,D pre-0905,2_20260905_093310.289,12690,23,4.8467,4.6428,3.5676,2.6192,0.9721,2.0033,40.9031,24.0,1.3954
SF07,D pre-0905,2_20260905_093310.289,12690,24,4.9339,4.663,3.5735,2.6208,0.9477,1.9933,39.5888,22.1,1.3891
SF07,D pre-0905,2_20260905_093310.289,12690,25,4.9244,4.6687,3.5802,2.6256,0.9863,1.3583,43.2989,14.0,1.4302
SF07,D pre-0905,2_20260905_093310.289,12690,26,4.8853,4.6404,3.5623,2.6181,1.0148,1.725,40.7491,26.9,1.4157
SF07,D pre-0905,2_20260905_093310.289,12690,27,4.8844,4.6596,3.5783,2.6234,0.9523,1.6483,41.3985,19.4,1.3995
SF07,D pre-0905,2_20260905_093310.289,12690,28,4.8043,4.6236,3.562,2.6225,1.1124,1.5783,41.3216,33.7,1.444
SF07,D pre-0905,2_20260905_093310.289,12690,29,4.8823,4.6452,3.5645,2.6182,0.9909,1.7233,41.5451,25.5,1.4029
SF07,D pre-0905,2_20260905_093310.289,12690,30,4.858,4.6483,3.5759,2.6382,1.2697,2.3033,36.9278,43.1,1.4755
SF07,D pre-0905,2_20260905_093310.289,12690,31,4.8351,4.6276,3.5555,2.6131,1.0572,1.7483,40.0602,32.0,1.4181
SF07,D pre-0905,2_20260905_093310.289,12690,32,4.8533,4.6524,3.5819,2.6447,1.2798,1.9467,39.1582,43.1,1.4814
SF07,D pre-0905,2_20260905_093310.289,12690,33,4.8421,4.6706,3.6551,2.7333,1.2749,2.115,38.9352,39.8,1.4966
SF07,D pre-0905,2_20260905_093310.289,12690,34,4.9046,4.7136,3.7013,2.7873,1.5241,3.905,35.2768,49.9,1.568
SF07,D pre-0905,2_20260905_093310.289,12690,35,4.8476,4.6644,3.6069,2.661,1.1182,1.6733,41.468,23.1,1.4778
SF07,D pre-0905,2_20260905_093310.289,12690,36,4.8733,4.6877,3.6892,2.7938,1.4982,0.6717,56.9895,28.0,1.6654
SF07,D pre-0905,2_20260905_093310.289,12690,37,4.9604,4.6875,3.6025,2.6519,1.184,1.2283,48.1358,10.9,1.5406
SF07,D pre-0905,2_20260905_093310.289,12690,38,4.8231,4.6626,3.6403,2.7149,1.2241,2.6433,35.9587,39.1,1.4763
SF07,D pre-0905,2_20260905_093310.289,12690,39,4.8424,4.6814,3.6869,2.786,1.4329,1.0917,48.0721,37.3,1.6024
SF07,D pre-0905,2_20260905_093310.289,12690,40,4.8771,4.6646,3.6084,2.6711,1.1573,1.435,43.7126,25.7,1.4921
SF07,D pre-0905,2_20260905_093310.289,12690,41,4.8389,4.6608,3.6192,2.6818,1.1344,2.82,34.9231,35.5,1.4469
SF07,D pre-0905,2_20260905_093310.289,12690,42,4.9075,4.6725,3.5995,2.6479,1.0583,2.3267,37.7936,25.1,1.4348
SF07,D pre-0905,2_20260905_093310.289,12690,43,4.8497,4.6963,3.6923,2.7801,1.4822,1.3017,44.5012,43.5,1.5906
SF07,D pre-0905,2_20260905_093310.289,12690,44,4.9588,4.6942,3.5993,2.6316,1.0321,1.7567,41.6097,17.8,1.444
SF07,D pre-0905,2_20260905_093310.289,12690,45,4.8691,4.6896,3.6858,2.7731,1.4119,1.79,41.3437,45.8,1.5442
SF07,D pre-0905,2_20260905_093310.289,12690,46,4.8915,4.6744,3.5991,2.6439,1.0381,2.6033,35.9167,24.1,1.4291
SF07,D pre-0905,2_20260905_093310.289,12690,47,4.8944,4.6483,3.5678,2.6261,1.2069,1.525,42.5724,35.1,1.4875
SF07,D pre-0905,2_20260905_093310.289,12690,48,4.921,4.7471,3.7882,2.9117,1.5702,3.985,38.3623,39.5,1.6379
SF07,D pre-0905,2_20260905_093310.289,12690,49,4.9037,4.7396,3.7856,2.9079,1.5347,2.4117,41.9294,39.6,1.6213
SF07,D pre-0905,2_20260905_093310.289,12690,50,4.8784,4.7016,3.7263,2.8323,1.4028,4.2983,42.4834,37.0,1.5662
SF07,D pre-0905,2_20260905_093310.289,12690,51,4.8543,4.7037,3.7211,2.8231,1.4325,0.9783,48.711,30.8,1.6175
SF07,D pre-0905,2_20260905_093310.289,12690,52,4.9045,4.6914,3.6606,2.7343,1.2372,4.4483,41.1274,30.7,1.5084
SF07,D pre-0905,2_20260905_093310.289,12690,53,4.903,4.692,3.6561,2.7273,1.2466,2.4617,44.371,26.6,1.5332
SF07,D pre-0905,2_20260905_093310.289,12690,54,4.9847,4.6992,3.6175,2.6584,1.0856,2.2883,39.8638,23.5,1.4545
SF07,D pre-0905,2_20260905_093310.289,12690,55,4.9476,4.7046,3.6194,2.653,1.1507,1.4733,45.4768,14.4,1.5147
SF07,D pre-0905,2_20260905_093310.289,12690,56,4.9223,4.6936,3.6292,2.6783,1.1198,2.0833,41.1342,26.3,1.4665
SF07,D pre-0905,2_20260905_093310.289,12690,57,4.9229,4.6911,3.6384,2.6991,1.1846,1.4933,45.0486,25.9,1.5056
SF07,D pre-0905,2_20260905_093310.289,12690,58,4.832,4.6853,3.6753,2.7554,1.2704,2.8733,39.2722,34.0,1.5164
SF07,D pre-0905,2_20260905_093310.289,12690,59,4.8703,4.695,3.6917,2.7782,1.3164,2.9633,41.3879,34.0,1.5322
SF07,D pre-0905,2_20260905_093310.289,12690,60,4.8912,4.7127,3.7454,2.8596,1.4535,3.3433,41.4037,38.9,1.5813
SF07,D pre-0905,2_20260905_093310.289,12690,61,4.7993,4.7202,3.7759,2.8947,1.5096,5.675,38.6178,39.9,1.6046
SF07,D pre-0905,2_20260905_093310.289,12690,62,4.9945,4.7712,3.8026,2.9274,1.6465,6.9983,42.0336,39.2,1.674
SF07,D pre-0905,2_20260905_093310.289,12690,63,4.9721,4.7808,3.8134,2.9452,1.7856,35.8667,48.4777,35.4,1.7481
SF07,E0 post-0905 +30min,6_20260905_133118.469,1800,0,4.6164,4.4946,3.5112,2.6886,2.0609,7.5,53.1663,79.0,1.7358
SF07,E0 post-0905 +30min,6_20260905_133118.469,1800,1,4.6658,4.4941,3.4974,2.6659,2.046,9.665,48.8307,86.3,1.6733
SF07,E0 post-0905 +30min,6_20260905_133118.469,1800,2,4.6656,4.4978,3.5036,2.6711,2.0533,8.7633,51.5471,85.6,1.6817
SF07,E0 post-0905 +30min,6_20260905_133118.469,1800,3,4.6341,4.5158,3.576,2.7508,2.0686,12.255,44.99,81.0,1.7
SF07,E0 post-0905 +30min,6_20260905_133118.469,1800,4,4.6834,4.4963,3.4986,2.6663,2.0457,11.155,46.6203,87.4,1.6637
SF07,E0 post-0905 +30min,6_20260905_133118.469,1800,5,4.6897,4.5053,3.5042,2.6678,2.0399,12.5317,43.4155,90.0,1.6506
SF07,E0 post-0905 +30min,6_20260905_133118.469,1800,6,4.7595,4.5155,3.5014,2.666,2.0413,11.32,46.396,88.9,1.6514
SF07,E0 post-0905 +30min,6_20260905_133118.469,1800,7,4.6488,4.5016,3.5163,2.6843,2.0568,8.0667,50.9116,82.3,1.7132
SF07,E0 post-0905 +30min,6_20260905_133118.469,1800,8,4.7234,4.5238,3.5128,2.6708,2.0377,13.4567,41.973,92.3,1.6436
SF07,E0 post-0905 +30min,6_20260905_133118.469,1800,9,4.7739,4.5402,3.517,2.6678,2.0358,10.455,47.2291,91.7,1.6487
SF07,E0 post-0905 +30min,6_20260905_133118.469,1800,10,4.7306,4.5322,3.526,2.6896,2.0538,7.0483,54.0048,82.7,1.7106
SF07,E0 post-0905 +30min,6_20260905_133118.469,1800,11,4.6939,4.5144,3.5225,2.6942,2.0704,8.5067,50.5139,84.1,1.7183
SF07,E0 post-0905 +30min,6_20260905_133118.469,1800,12,4.767,4.5192,3.5043,2.6654,2.0368,13.9333,41.7701,90.3,1.6439
SF07,E0 post-0905 +30min,6_20260905_133118.469,1800,13,4.6722,4.4999,3.5024,2.667,2.04,12.8933,42.8815,89.3,1.6506
SF07,E0 post-0905 +30min,6_20260905_133118.469,1800,14,4.678,4.5005,3.5012,2.6674,2.042,12.9883,42.9852,87.8,1.6528
SF07,E0 post-0905 +30min,6_20260905_133118.469,1800,15,4.6167,4.5328,3.554,2.7267,2.0945,11.3067,46.6447,81.2,1.7323
SF07,E0 post-0905 +30min,6_20260905_133118.469,1800,16,4.6504,4.4908,3.4983,2.6703,2.0485,10.4567,47.1294,86.5,1.6757
SF07,E0 post-0905 +30min,6_20260905_133118.469,1800,17,4.6685,4.5144,3.5559,2.7267,2.0589,13.6733,42.3152,84.5,1.6822
SF07,E0 post-0905 +30min,6_20260905_133118.469,1800,18,4.6608,4.4955,3.5043,2.6735,2.0416,9.8,49.2412,88.1,1.6582
SF07,E0 post-0905 +30min,6_20260905_133118.469,1800,19,4.6224,4.4994,3.5098,2.683,2.0599,8.805,51.2853,83.2,1.6968
SF07,E0 post-0905 +30min,6_20260905_133118.469,1800,20,4.7021,4.5064,3.5097,2.6762,2.0343,9.5217,50.1514,90.4,1.6472
SF07,E0 post-0905 +30min,6_20260905_133118.469,1800,21,4.6554,4.4925,3.5016,2.6695,2.0402,11.325,45.7789,87.7,1.6553
SF07,E0 post-0905 +30min,6_20260905_133118.469,1800,22,4.7801,4.5349,3.5225,2.6801,2.0298,10.0083,47.9837,93.4,1.6436
SF07,E0 post-0905 +30min,6_20260905_133118.469,1800,23,4.6649,4.5012,3.5086,2.6746,2.0354,10.3367,48.3404,89.8,1.6463
SF07,E0 post-0905 +30min,6_20260905_133118.469,1800,24,4.7452,4.5183,3.5132,2.6769,2.0335,9.7767,49.3475,91.1,1.6438
SF07,E0 post-0905 +30min,6_20260905_133118.469,1800,25,4.7346,4.5175,3.5163,2.6796,2.0324,8.2783,51.8549,88.9,1.6594
SF07,E0 post-0905 +30min,6_20260905_133118.469,1800,26,4.7029,4.5018,3.5028,2.6722,2.0374,10.1833,48.5444,89.6,1.6486
SF07,E0 post-0905 +30min,6_20260905_133118.469,1800,27,4.698,4.5116,3.5158,2.6778,2.0326,9.825,49.5326,91.7,1.6418
SF07,E0 post-0905 +30min,6_20260905_133118.469,1800,28,4.6294,4.4921,3.5053,2.6805,2.0496,8.7533,51.098,85.2,1.6819
SF07,E0 post-0905 +30min,6_20260905_133118.469,1800,29,4.6987,4.5042,3.5056,2.6749,2.0385,7.7933,54.1002,87.1,1.6669
SF07,E0 post-0905 +30min,6_20260905_133118.469,1800,30,4.6851,4.5188,3.5164,2.6938,2.0747,11.0717,46.9889,82.0,1.7106
SF07,E0 post-0905 +30min,6_20260905_133118.469,1800,31,4.6553,4.4947,3.5087,2.6846,2.0512,7.3883,52.7203,78.5,1.7148
SF07,E0 post-0905 +30min,6_20260905_133118.469,1800,32,4.6891,4.5226,3.5357,2.7127,2.0833,9.2333,50.7514,80.5,1.725
SF07,E0 post-0905 +30min,6_20260905_133118.469,1800,33,4.6769,4.5366,3.6129,2.7907,2.0899,11.3683,47.2501,80.3,1.7277
SF07,E0 post-0905 +30min,6_20260905_133118.469,1800,34,4.7546,4.5931,3.6602,2.8394,2.1354,13.4817,45.7048,77.2,1.7795
SF07,E0 post-0905 +30min,6_20260905_133118.469,1800,35,4.6705,4.5236,3.5591,2.7299,2.0645,8.7667,50.6688,81.1,1.714
SF07,E0 post-0905 +30min,6_20260905_133118.469,1800,36,4.715,4.5574,3.6467,2.8482,2.1359,4.9817,66.4665,64.0,1.8342
SF07,E0 post-0905 +30min,6_20260905_133118.469,1800,37,4.7725,4.542,3.5452,2.7111,2.063,7.9467,51.8747,80.1,1.7149
SF07,E0 post-0905 +30min,6_20260905_133118.469,1800,38,4.6576,4.5271,3.5953,2.7707,2.0823,11.805,46.2894,81.8,1.7144
SF07,E0 post-0905 +30min,6_20260905_133118.469,1800,39,4.6852,4.5501,3.6453,2.8355,2.1195,6.8733,57.3621,71.0,1.8009
SF07,E0 post-0905 +30min,6_20260905_133118.469,1800,40,4.7007,4.5253,3.5567,2.7257,2.0636,12.2,44.9786,84.2,1.6839
SF07,E0 post-0905 +30min,6_20260905_133118.469,1800,41,4.6641,4.5226,3.5724,2.7432,2.0696,12.9833,43.867,83.6,1.6928
SF07,E0 post-0905 +30min,6_20260905_133118.469,1800,42,4.7293,4.5371,3.5671,2.7388,2.066,8.8433,47.5932,76.7,1.7501
SF07,E0 post-0905 +30min,6_20260905_133118.469,1800,43,4.6996,4.5712,3.6495,2.8325,2.1255,7.8517,53.3375,75.2,1.7905
SF07,E0 post-0905 +30min,6_20260905_133118.469,1800,44,4.7714,4.549,3.5468,2.7075,2.0586,8.7633,49.6521,84.5,1.7022
SF07,E0 post-0905 +30min,6_20260905_133118.469,1800,45,4.7102,4.5602,3.639,2.8206,2.1113,9.4383,50.8245,78.1,1.7597
SF07,E0 post-0905 +30min,6_20260905_133118.469,1800,46,4.7091,4.5297,3.5458,2.7113,2.0598,11.1933,46.5462,85.4,1.6801
SF07,E0 post-0905 +30min,6_20260905_133118.469,1800,47,4.719,4.5153,3.5202,2.6924,2.0704,9.2517,50.7758,82.7,1.7106
SF07,E0 post-0905 +30min,6_20260905_133118.469,1800,48,4.7951,4.6318,3.7625,2.9655,2.1582,10.7667,50.2873,66.4,1.8293
SF07,E0 post-0905 +30min,6_20260905_133118.469,1800,49,4.7682,4.6197,3.759,2.9627,2.1504,10.49,50.5931,68.3,1.8189
SF07,E0 post-0905 +30min,6_20260905_133118.469,1800,50,4.7221,4.5738,3.6995,2.8945,2.1184,10.0933,50.7356,74.1,1.7753
SF07,E0 post-0905 +30min,6_20260905_133118.469,1800,51,4.6942,4.5689,3.6782,2.8666,2.1107,8.86,53.7195,72.5,1.7675
SF07,E0 post-0905 +30min,6_20260905_133118.469,1800,52,4.7357,4.5611,3.6262,2.8055,2.092,10.6667,49.8011,75.6,1.737
SF07,E0 post-0905 +30min,6_20260905_133118.469,1800,53,4.7276,4.5576,3.6174,2.7956,2.0873,10.7,51.9844,76.9,1.7327
SF07,E0 post-0905 +30min,6_20260905_133118.469,1800,54,4.7969,4.5601,3.5679,2.7345,2.0677,10.7433,49.1458,83.1,1.6938
SF07,E0 post-0905 +30min,6_20260905_133118.469,1800,55,4.7575,4.5632,3.5692,2.7373,2.0805,7.8017,55.4309,78.6,1.7347
SF07,E0 post-0905 +30min,6_20260905_133118.469,1800,56,4.7418,4.556,3.5829,2.752,2.0718,10.2033,50.1383,82.0,1.7018
SF07,E0 post-0905 +30min,6_20260905_133118.469,1800,57,4.7479,4.5576,3.6013,2.7799,2.0902,7.3783,54.8905,72.9,1.7624
SF07,E0 post-0905 +30min,6_20260905_133118.469,1800,58,4.6695,4.5555,3.6416,2.8238,2.0974,10.7917,50.5238,75.1,1.745
SF07,E0 post-0905 +30min,6_20260905_133118.469,1800,59,4.707,4.5652,3.6595,2.8446,2.1036,12.4167,50.566,74.1,1.7528
SF07,E0 post-0905 +30min,6_20260905_133118.469,1800,60,4.745,4.5917,3.7233,2.9217,2.1301,11.19,48.8445,72.6,1.7877
SF07,E0 post-0905 +30min,6_20260905_133118.469,1800,61,4.6637,4.5966,3.7467,2.9471,2.141,11.9533,47.7543,71.0,1.8031
SF07,E0 post-0905 +30min,6_20260905_133118.469,1800,62,4.8567,4.653,3.775,2.9792,2.1868,18.1133,54.5037,61.9,1.8619
SF07,E0 post-0905 +30min,6_20260905_133118.469,1800,63,4.8318,4.66,3.7853,3.001,2.2448,44.1817,64.803,47.4,1.9306
SF07,E post-0905 +4.3h,6_20260905_133118.469,15475,0,4.4413,4.6838,3.5342,2.661,1.4328,5.9683,49.3006,29.4,1.5856
SF07,E post-0905 +4.3h,6_20260905_133118.469,15475,1,4.467,4.6616,3.5462,2.6468,1.3367,5.295,46.568,28.0,1.5599
SF07,E post-0905 +4.3h,6_20260905_133118.469,15475,2,4.4728,4.668,3.5463,2.6421,1.3023,6.2383,45.9159,34.1,1.5203
SF07,E post-0905 +4.3h,6_20260905_133118.469,15475,3,4.4579,4.6875,3.6237,2.7286,1.328,7.5733,42.0086,36.0,1.5313
SF07,E post-0905 +4.3h,6_20260905_133118.469,15475,4,4.4771,4.6598,3.5459,2.633,1.2488,9.4867,36.9181,35.9,1.4763
SF07,E post-0905 +4.3h,6_20260905_133118.469,15475,5,4.4796,4.6623,3.5628,2.6417,1.2719,6.5333,43.6433,30.7,1.5117
SF07,E post-0905 +4.3h,6_20260905_133118.469,15475,6,4.5415,4.6691,3.5626,2.6349,1.2215,10.4717,35.6836,34.6,1.4602
SF07,E post-0905 +4.3h,6_20260905_133118.469,15475,7,4.4496,4.6672,3.5508,2.6486,1.3132,7.015,42.7831,34.7,1.5215
SF07,E post-0905 +4.3h,6_20260905_133118.469,15475,8,4.5047,4.675,3.581,2.6403,1.217,9.4567,36.4689,33.8,1.4616
SF07,E post-0905 +4.3h,6_20260905_133118.469,15475,9,4.5433,4.6871,3.5948,2.6396,1.2187,8.16,39.5765,32.0,1.4679
SF07,E post-0905 +4.3h,6_20260905_133118.469,15475,10,4.5102,4.6779,3.5867,2.6434,1.2564,6.2633,44.467,29.4,1.5049
SF07,E post-0905 +4.3h,6_20260905_133118.469,15475,11,4.4955,4.693,3.5586,2.6706,1.3584,8.52,39.6741,35.6,1.5359
SF07,E post-0905 +4.3h,6_20260905_133118.469,15475,12,4.542,4.6706,3.5689,2.6351,1.2166,9.9667,35.8275,34.5,1.4585
SF07,E post-0905 +4.3h,6_20260905_133118.469,15475,13,4.466,4.6593,3.5564,2.6346,1.2236,11.1883,33.7918,35.3,1.4589
SF07,E post-0905 +4.3h,6_20260905_133118.469,15475,14,4.4714,4.66,3.5535,2.6353,1.2387,8.88,37.2015,36.4,1.4722
SF07,E post-0905 +4.3h,6_20260905_133118.469,15475,15,4.4585,4.723,3.5832,2.7102,1.4644,8.1383,42.1086,33.4,1.5892
SF07,E post-0905 +4.3h,6_20260905_133118.469,15475,16,4.46,4.668,3.5231,2.6386,1.3296,7.8467,41.4232,36.2,1.5146
SF07,E post-0905 +4.3h,6_20260905_133118.469,15475,17,4.4775,4.6825,3.6099,2.7008,1.2793,10.04,36.3191,37.4,1.4955
SF07,E post-0905 +4.3h,6_20260905_133118.469,15475,18,4.4583,4.6565,3.5377,2.6351,1.2504,9.1833,38.2032,37.0,1.4696
SF07,E post-0905 +4.3h,6_20260905_133118.469,15475,19,4.4426,4.6795,3.5301,2.6464,1.3403,6.7367,43.7912,34.5,1.5337
SF07,E post-0905 +4.3h,6_20260905_133118.469,15475,20,4.4918,4.6581,3.5523,2.6416,1.249,7.485,43.7191,35.2,1.4665
SF07,E post-0905 +4.3h,6_20260905_133118.469,15475,21,4.4544,4.6571,3.5322,2.6312,1.2476,8.3933,38.9068,36.5,1.4767
SF07,E post-0905 +4.3h,6_20260905_133118.469,15475,22,4.5484,4.675,3.5753,2.6502,1.2511,7.6633,41.1583,34.0,1.4717
SF07,E post-0905 +4.3h,6_20260905_133118.469,15475,23,4.4659,4.6579,3.5494,2.6386,1.2326,6.98,42.7562,33.9,1.4741
SF07,E post-0905 +4.3h,6_20260905_133118.469,15475,24,4.5239,4.6663,3.5584,2.6426,1.2312,7.7317,42.0754,34.6,1.4617
SF07,E post-0905 +4.3h,6_20260905_133118.469,15475,25,4.5146,4.6631,3.567,2.6508,1.269,5.3717,48.2885,29.1,1.5128
SF07,E post-0905 +4.3h,6_20260905_133118.469,15475,26,4.4944,4.6571,3.5392,2.6352,1.2415,8.925,42.3327,36.3,1.4686
SF07,E post-0905 +4.3h,6_20260905_133118.469,15475,27,4.4854,4.6622,3.5626,2.6437,1.2303,6.495,44.4706,33.1,1.4764
SF07,E post-0905 +4.3h,6_20260905_133118.469,15475,28,4.4397,4.6618,3.5333,2.6443,1.3212,7.0033,43.5912,34.5,1.5209
SF07,E post-0905 +4.3h,6_20260905_133118.469,15475,29,4.4912,4.6605,3.5441,2.6358,1.2307,7.5933,42.6478,34.9,1.4684
SF07,E post-0905 +4.3h,6_20260905_133118.469,15475,30,4.501,4.7061,3.5375,2.6661,1.4186,6.9417,44.2365,31.2,1.5751
SF07,E post-0905 +4.3h,6_20260905_133118.469,15475,31,4.4586,4.659,3.5289,2.6381,1.3256,5.9417,47.1844,34.0,1.5287
SF07,E post-0905 +4.3h,6_20260905_133118.469,15475,32,4.5136,4.7023,3.5704,2.6977,1.4404,5.3267,48.7332,29.8,1.6003
SF07,E post-0905 +4.3h,6_20260905_133118.469,15475,33,4.5011,4.7086,3.6515,2.7728,1.3822,8.8633,39.9898,37.3,1.5536
SF07,E post-0905 +4.3h,6_20260905_133118.469,15475,34,4.5877,4.7565,3.6832,2.8308,1.554,10.22,40.035,32.0,1.6382
SF07,E post-0905 +4.3h,6_20260905_133118.469,15475,35,4.4791,4.6916,3.619,2.6984,1.2968,7.0583,43.2399,33.2,1.5209
SF07,E post-0905 +4.3h,6_20260905_133118.469,15475,36,4.544,4.7275,3.6836,2.8315,1.5678,3.5083,60.2567,20.4,1.7055
SF07,E post-0905 +4.3h,6_20260905_133118.469,15475,37,4.5734,4.7087,3.6415,2.7223,1.4363,5.6867,43.0957,17.4,1.6467
SF07,E post-0905 +4.3h,6_20260905_133118.469,15475,38,4.4822,4.7013,3.6384,2.7526,1.3532,9.02,39.7565,36.2,1.5379
SF07,E post-0905 +4.3h,6_20260905_133118.469,15475,39,4.5199,4.7207,3.6733,2.8115,1.464,5.8833,47.2393,32.3,1.6123
SF07,E post-0905 +4.3h,6_20260905_133118.469,15475,40,4.506,4.6927,3.6129,2.6976,1.2735,10.105,35.8036,37.1,1.4918
SF07,E post-0905 +4.3h,6_20260905_133118.469,15475,41,4.4743,4.6926,3.6227,2.7184,1.3014,9.7733,37.4641,36.6,1.5082
SF07,E post-0905 +4.3h,6_20260905_133118.469,15475,42,4.5184,4.6939,3.6138,2.6882,1.282,7.18,42.0589,32.9,1.5107
SF07,E post-0905 +4.3h,6_20260905_133118.469,15475,43,4.5452,4.7418,3.6787,2.8286,1.57,5.1933,48.2315,27.2,1.6853
SF07,E post-0905 +4.3h,6_20260905_133118.469,15475,44,4.5532,4.7036,3.63,2.6718,1.2648,7.12,42.577,31.1,1.5053
SF07,E post-0905 +4.3h,6_20260905_133118.469,15475,45,4.5429,4.7321,3.6729,2.8133,1.4798,6.855,43.9233,33.0,1.6132
SF07,E post-0905 +4.3h,6_20260905_133118.469,15475,46,4.5043,4.6948,3.6198,2.6886,1.2797,7.4283,41.3138,32.9,1.5106
SF07,E post-0905 +4.3h,6_20260905_133118.469,15475,47,4.5155,4.6872,3.5585,2.6659,1.3574,6.6033,44.3082,33.2,1.5499
SF07,E post-0905 +4.3h,6_20260905_133118.469,15475,48,4.6444,4.7748,3.7927,2.9711,1.6179,8.4467,47.7279,24.4,1.7045
SF07,E post-0905 +4.3h,6_20260905_133118.469,15475,49,4.6122,4.7659,3.7839,2.9575,1.5702,8.27,43.372,27.2,1.676
SF07,E post-0905 +4.3h,6_20260905_133118.469,15475,50,4.5768,4.7485,3.7614,2.9128,1.5409,5.7183,49.4078,27.2,1.6584
SF07,E post-0905 +4.3h,6_20260905_133118.469,15475,51,4.5411,4.738,3.7263,2.857,1.4446,10.7117,52.0579,32.3,1.6047
SF07,E post-0905 +4.3h,6_20260905_133118.469,15475,52,4.554,4.7261,3.6922,2.7943,1.3754,7.8167,45.0326,34.5,1.5631
SF07,E post-0905 +4.3h,6_20260905_133118.469,15475,53,4.5427,4.7226,3.6892,2.7848,1.3972,5.96,48.0358,29.3,1.5957
SF07,E post-0905 +4.3h,6_20260905_133118.469,15475,54,4.5835,4.7194,3.6637,2.7206,1.3097,7.0067,44.8259,32.6,1.5283
SF07,E post-0905 +4.3h,6_20260905_133118.469,15475,55,4.5488,4.7211,3.6656,2.7035,1.278,8.9117,40.1131,33.9,1.5079
SF07,E post-0905 +4.3h,6_20260905_133118.469,15475,56,4.5444,4.7224,3.6711,2.7428,1.3581,6.1033,47.3349,31.1,1.5613
SF07,E post-0905 +4.3h,6_20260905_133118.469,15475,57,4.5558,4.7199,3.6813,2.7747,1.4578,5.12,48.7362,19.9,1.6503
SF07,E post-0905 +4.3h,6_20260905_133118.469,15475,58,4.5079,4.7252,3.6999,2.8108,1.3973,9.85,46.6893,32.8,1.5785
SF07,E post-0905 +4.3h,6_20260905_133118.469,15475,59,4.5383,4.7314,3.7121,2.8314,1.4127,9.5,47.1193,33.3,1.5847
SF07,E post-0905 +4.3h,6_20260905_133118.469,15475,60,4.59,4.7566,3.7633,2.9184,1.5051,8.82,43.8939,31.6,1.6341
SF07,E post-0905 +4.3h,6_20260905_133118.469,15475,61,4.5316,4.7609,3.7798,2.9442,1.5415,11.0983,43.6916,28.5,1.6568
SF07,E post-0905 +4.3h,6_20260905_133118.469,15475,62,4.6935,4.787,3.7999,2.985,1.6996,18.8633,53.8607,20.5,1.7528
SF07,E post-0905 +4.3h,6_20260905_133118.469,15475,63,4.6832,4.7879,3.8045,3.0039,1.8684,45.7417,66.3036,14.0,1.8492
SF07,F test-0906 12:44,1_20260906_123931.995,300,0,4.3031,4.4536,3.3225,2.6946,2.1847,9.2617,77.9413,24.5,1.9182
SF07,F test-0906 12:44,1_20260906_123931.995,300,1,4.3042,4.3687,3.3249,2.6801,2.173,10.7083,74.8266,26.5,1.8955
SF07,F test-0906 12:44,1_20260906_123931.995,300,2,4.3245,4.3866,3.3425,2.7001,2.1822,9.4117,78.6002,26.7,1.9064
SF07,F test-0906 12:44,1_20260906_123931.995,300,3,4.3811,4.3929,3.4247,2.7771,2.1911,10.2133,76.1416,26.5,1.9141
SF07,F test-0906 12:44,1_20260906_123931.995,300,4,4.3028,4.3618,3.3223,2.6753,2.1726,10.42,75.1986,27.5,1.8945
SF07,F test-0906 12:44,1_20260906_123931.995,300,5,4.3068,4.3502,3.3292,2.674,2.1713,10.0283,76.6903,26.9,1.8944
SF07,F test-0906 12:44,1_20260906_123931.995,300,6,4.337,4.3422,3.322,2.6681,2.1691,12.525,70.3036,26.8,1.8876
SF07,F test-0906 12:44,1_20260906_123931.995,300,7,4.3347,4.4086,3.3769,2.7364,2.1977,8.5083,78.391,25.1,1.9328
SF07,F test-0906 12:44,1_20260906_123931.995,300,8,4.3106,4.3408,3.3295,2.6663,2.168,12.155,71.275,26.9,1.8861
SF07,F test-0906 12:44,1_20260906_123931.995,300,9,4.3217,4.3327,3.3271,2.6593,2.1656,11.545,72.3439,26.2,1.8862
SF07,F test-0906 12:44,1_20260906_123931.995,300,10,4.3197,4.3371,3.3297,2.6662,2.1686,9.6367,76.8765,26.9,1.891
SF07,F test-0906 12:44,1_20260906_123931.995,300,11,4.3412,4.4376,3.3729,2.7385,2.1966,10.4867,75.4659,25.5,1.9209
SF07,F test-0906 12:44,1_20260906_123931.995,300,12,4.3286,4.3368,3.3221,2.6638,2.1656,11.7633,72.0693,26.9,1.8865
SF07,F test-0906 12:44,1_20260906_123931.995,300,13,4.2882,4.3488,3.3221,2.6673,2.1668,11.63,71.4754,27.4,1.8879
SF07,F test-0906 12:44,1_20260906_123931.995,300,14,4.3021,4.3555,3.3236,2.6716,2.1703,11.6967,71.2336,26.8,1.8906
SF07,F test-0906 12:44,1_20260906_123931.995,300,15,4.3707,4.5065,3.4294,2.7947,2.2228,9.905,78.5261,22.8,1.9508
SF07,F test-0906 12:44,1_20260906_123931.995,300,16,4.2973,4.4015,3.2952,2.6646,2.171,10.5133,74.8593,26.7,1.8979
SF07,F test-0906 12:44,1_20260906_123931.995,300,17,4.3524,4.3677,3.3896,2.7389,2.1824,11.1283,73.8481,26.7,1.9038
SF07,F test-0906 12:44,1_20260906_123931.995,300,18,4.3065,4.3697,3.3124,2.6652,2.1708,9.445,76.926,26.8,1.8985
SF07,F test-0906 12:44,1_20260906_123931.995,300,19,4.3061,4.431,3.3111,2.6805,2.1799,10.9267,74.0774,26.8,1.905
SF07,F test-0906 12:44,1_20260906_123931.995,300,20,4.3197,4.3448,3.3062,2.6509,2.1599,10.975,74.3524,26.2,1.8818
SF07,F test-0906 12:44,1_20260906_123931.995,300,21,4.2864,4.374,3.2979,2.6549,2.1644,10.5933,73.9838,27.3,1.8889
SF07,F test-0906 12:44,1_20260906_123931.995,300,22,4.3337,4.333,3.3133,2.6512,2.158,10.2117,74.7772,27.4,1.8822
SF07,F test-0906 12:44,1_20260906_123931.995,300,23,4.3032,4.3515,3.3035,2.6499,2.1597,10.995,74.2897,27.2,1.8818
SF07,F test-0906 12:44,1_20260906_123931.995,300,24,4.3358,4.3452,3.3148,2.6606,2.1657,8.8167,77.9727,26.6,1.8945
SF07,F test-0906 12:44,1_20260906_123931.995,300,25,4.3258,4.3377,3.3212,2.6657,2.1674,8.1067,80.3357,26.2,1.9027
SF07,F test-0906 12:44,1_20260906_123931.995,300,26,4.3235,4.3581,3.3014,2.652,2.1628,11.8683,71.1652,27.0,1.8842
SF07,F test-0906 12:44,1_20260906_123931.995,300,27,4.302,4.3404,3.3138,2.6567,2.1634,8.7583,79.289,27.0,1.8914
SF07,F test-0906 12:44,1_20260906_123931.995,300,28,4.2961,4.395,3.3043,2.6661,2.1717,11.165,73.4459,26.5,1.8949
SF07,F test-0906 12:44,1_20260906_123931.995,300,29,4.3171,4.3571,3.3021,2.6507,2.162,11.5283,72.6399,26.5,1.8827
SF07,F test-0906 12:44,1_20260906_123931.995,300,30,4.3486,4.4839,3.3386,2.7206,2.2053,9.7267,77.6588,23.5,1.9334
SF07,F test-0906 12:44,1_20260906_123931.995,300,31,4.297,4.3807,3.296,2.6565,2.1668,10.7017,73.284,26.9,1.8908
SF07,F test-0906 12:44,1_20260906_123931.995,300,32,4.3907,4.4764,3.4192,2.7861,2.221,7.875,83.8663,23.6,1.9501
SF07,F test-0906 12:44,1_20260906_123931.995,300,33,4.4077,4.421,3.4636,2.8193,2.2063,11.0033,75.5538,25.0,1.9261
SF07,F test-0906 12:44,1_20260906_123931.995,300,34,4.4829,4.5049,3.5304,2.8872,2.2406,10.5417,77.3718,22.6,1.9659
SF07,F test-0906 12:44,1_20260906_123931.995,300,35,4.3316,4.3677,3.3829,2.7281,2.1853,11.8467,73.202,26.6,1.9016
SF07,F test-0906 12:44,1_20260906_123931.995,300,36,4.4314,4.4371,3.4781,2.8391,2.2138,9.1067,80.2631,24.9,1.9372
SF07,F test-0906 12:44,1_20260906_123931.995,300,37,4.3772,4.356,3.3751,2.7172,2.1888,10.27,74.8137,26.9,1.9092
SF07,F test-0906 12:44,1_20260906_123931.995,300,38,4.3993,4.4146,3.4539,2.8079,2.2042,10.4683,76.9094,25.7,1.9242
SF07,F test-0906 12:44,1_20260906_123931.995,300,39,4.4216,4.442,3.4811,2.8383,2.2121,10.38,76.9328,25.6,1.9335
SF07,F test-0906 12:44,1_20260906_123931.995,300,40,4.3624,4.3707,3.3859,2.7358,2.1876,12.1967,72.3583,27.1,1.9038
SF07,F test-0906 12:44,1_20260906_123931.995,300,41,4.3607,4.39,3.4118,2.7622,2.1926,12.0983,72.9419,26.3,1.9101
SF07,F test-0906 12:44,1_20260906_123931.995,300,42,4.3524,4.3602,3.3727,2.7183,2.183,12.0683,71.9841,26.8,1.8997
SF07,F test-0906 12:44,1_20260906_123931.995,300,43,4.4603,4.4888,3.5219,2.8823,2.2361,8.9017,78.5324,22.1,1.967
SF07,F test-0906 12:44,1_20260906_123931.995,300,44,4.359,4.347,3.365,2.7046,2.1837,10.5883,75.4441,25.9,1.9019
SF07,F test-0906 12:44,1_20260906_123931.995,300,45,4.4413,4.4648,3.4956,2.8504,2.2214,9.8383,79.1879,24.9,1.9456
SF07,F test-0906 12:44,1_20260906_123931.995,300,46,4.3497,4.3592,3.3745,2.7175,2.1855,10.735,75.1617,26.9,1.9028
SF07,F test-0906 12:44,1_20260906_123931.995,300,47,4.3524,4.4156,3.3563,2.7202,2.1909,11.7783,72.8897,26.1,1.9108
SF07,F test-0906 12:44,1_20260906_123931.995,300,48,4.5454,4.4938,3.6439,3.0009,2.2609,12.8067,85.4273,19.6,1.989
SF07,F test-0906 12:44,1_20260906_123931.995,300,49,4.5376,4.4916,3.6394,2.9941,2.2516,9.945,81.412,22.4,1.9758
SF07,F test-0906 12:44,1_20260906_123931.995,300,50,4.4864,4.4555,3.5946,2.943,2.2291,11.455,75.8469,23.8,1.9511
SF07,F test-0906 12:44,1_20260906_123931.995,300,51,4.4669,4.4408,3.5639,2.9135,2.2237,10.8567,77.3369,24.0,1.9436
SF07,F test-0906 12:44,1_20260906_123931.995,300,52,4.4303,4.4098,3.4936,2.8434,2.212,10.0983,78.5384,25.2,1.9314
SF07,F test-0906 12:44,1_20260906_123931.995,300,53,4.4022,4.3975,3.4737,2.8184,2.2072,10.8383,76.097,25.3,1.9244
SF07,F test-0906 12:44,1_20260906_123931.995,300,54,4.3941,4.3778,3.4326,2.7714,2.1972,10.5317,77.3918,26.4,1.9139
SF07,F test-0906 12:44,1_20260906_123931.995,300,55,4.3636,4.3771,3.4242,2.7581,2.1968,10.9217,76.4793,26.1,1.9114
SF07,F test-0906 12:44,1_20260906_123931.995,300,56,4.4046,4.3917,3.4624,2.8135,2.2171,8.0733,81.2595,23.9,1.9501
SF07,F test-0906 12:44,1_20260906_123931.995,300,57,4.4055,4.389,3.4629,2.808,2.2076,9.2483,79.4005,25.2,1.9276
SF07,F test-0906 12:44,1_20260906_123931.995,300,58,4.4168,4.417,3.5162,2.8684,2.2227,8.125,84.3847,24.0,1.948
SF07,F test-0906 12:44,1_20260906_123931.995,300,59,4.4496,4.4298,3.5447,2.8921,2.2211,10.1667,80.1795,24.0,1.9397
SF07,F test-0906 12:44,1_20260906_123931.995,300,60,4.5265,4.4739,3.6254,2.9765,2.2423,8.4983,80.1403,22.4,1.9766
SF07,F test-0906 12:44,1_20260906_123931.995,300,61,4.4872,4.4829,3.6268,2.9791,2.2422,10.7217,77.3263,22.9,1.9659
SF07,F test-0906 12:44,1_20260906_123931.995,300,62,4.5793,4.4989,3.6584,3.0228,2.2887,12.9867,92.488,16.2,2.0168
SF07,F test-0906 12:44,1_20260906_123931.995,300,63,4.5839,4.491,3.6569,3.0325,2.3112,12.8517,98.4874,14.2,2.0393
SF11,A0 pre-0904 early,7_20260904_082050.456,1800,0,5.6928,4.8449,3.605,2.6576,1.172,3.0367,42.0922,1.9,1.5388
SF11,A0 pre-0904 early,7_20260904_082050.456,1800,1,4.6184,4.0023,2.8703,1.9618,0.6505,0.4233,38.8056,2.4,1.2875
SF11,A0 pre-0904 early,7_20260904_082050.456,1800,2,5.6717,4.8633,3.6516,2.6898,1.1855,1.3517,41.8391,3.2,1.5483
SF11,A0 pre-0904 early,7_20260904_082050.456,1800,3,5.4786,4.9441,3.8997,2.9235,1.2635,1.535,38.2179,13.9,1.5527
SF11,A0 pre-0904 early,7_20260904_082050.456,1800,4,5.7044,4.8059,3.5276,2.6393,1.3157,0.92,49.5138,1.0,1.6253
SF11,A0 pre-0904 early,7_20260904_082050.456,1800,5,5.1892,4.4479,3.2226,2.3114,0.9796,0.3517,49.1039,2.0,1.4535
SF11,A0 pre-0904 early,7_20260904_082050.456,1800,6,5.6258,4.7712,3.4856,2.6014,1.3264,4.06,44.4775,1.5,1.6116
SF11,A0 pre-0904 early,7_20260904_082050.456,1800,7,5.4438,4.6361,3.369,2.4756,1.1631,0.495,50.5775,1.5,1.5404
SF11,A0 pre-0904 early,7_20260904_082050.456,1800,8,5.5957,4.7593,3.4835,2.5909,1.3021,3.2017,44.5468,1.4,1.6026
SF11,A0 pre-0904 early,7_20260904_082050.456,1800,9,5.686,4.8054,3.5053,2.6362,1.4034,5.825,48.1248,1.2,1.6492
SF11,A0 pre-0904 early,7_20260904_082050.456,1800,10,5.5082,4.6867,3.4188,2.5231,1.1313,1.71,38.0001,2.1,1.5152
SF11,A0 pre-0904 early,7_20260904_082050.456,1800,11,5.6457,4.8493,3.6412,2.7219,1.3984,4.405,47.3736,1.5,1.6443
SF11,A0 pre-0904 early,7_20260904_082050.456,1800,12,5.359,4.6271,3.3976,2.4875,1.0717,1.095,40.7815,2.4,1.4864
SF11,A0 pre-0904 early,7_20260904_082050.456,1800,13,5.7737,4.8574,3.5379,2.6827,1.4332,12.695,45.5704,0.9,1.6596
SF11,A0 pre-0904 early,7_20260904_082050.456,1800,14,5.1428,4.5991,3.4825,2.5022,0.9122,1.5017,31.5052,10.5,1.3852
SF11,A0 pre-0904 early,7_20260904_082050.456,1800,15,5.7651,4.8969,3.6387,2.6983,1.2065,1.7533,40.6114,2.7,1.5547
SF11,A0 pre-0904 early,7_20260904_082050.456,1800,16,5.6757,4.7686,3.4858,2.5947,1.2396,2.4167,42.1673,1.4,1.5837
SF11,A0 pre-0904 early,7_20260904_082050.456,1800,17,5.4826,4.8354,3.7258,2.7608,1.1403,1.1767,39.4256,6.7,1.5137
SF11,A0 pre-0904 early,7_20260904_082050.456,1800,18,5.7063,4.8133,3.5138,2.6443,1.4523,6.4433,45.3188,1.5,1.6768
SF11,A0 pre-0904 early,7_20260904_082050.456,1800,19,5.5866,4.9175,3.8132,2.8205,1.2024,4.6917,34.3819,13.1,1.5201
SF11,A0 pre-0904 early,7_20260904_082050.456,1800,20,5.6443,4.8221,3.5929,2.6929,1.5213,13.41,49.0667,0.6,1.7109
SF11,A0 pre-0904 early,7_20260904_082050.456,1800,21,5.5599,4.9288,3.8581,2.8694,1.2678,6.3517,34.2816,15.8,1.5471
SF11,A0 pre-0904 early,7_20260904_082050.456,1800,22,5.7776,4.8584,3.5372,2.694,1.4936,24.9133,49.4931,1.3,1.6898
SF11,A0 pre-0904 early,7_20260904_082050.456,1800,23,5.7615,4.8908,3.6434,2.7168,1.3312,2.1383,48.1596,1.8,1.631
SF11,A0 pre-0904 early,7_20260904_082050.456,1800,24,5.8039,4.8743,3.57,2.7003,1.3734,7.625,46.4122,1.1,1.639
SF11,A0 pre-0904 early,7_20260904_082050.456,1800,25,5.6079,4.9028,3.7651,2.7717,1.2252,6.0933,43.3386,6.7,1.5525
SF11,A0 pre-0904 early,7_20260904_082050.456,1800,26,5.6998,4.8643,3.6444,2.6888,1.2132,1.455,44.0519,2.0,1.5681
SF11,A0 pre-0904 early,7_20260904_082050.456,1800,27,5.6954,4.8253,3.5466,2.6677,1.5126,13.305,50.8167,1.5,1.6952
SF11,A0 pre-0904 early,7_20260904_082050.456,1800,28,5.645,4.9045,3.7374,2.7516,1.2436,14.6117,48.9804,4.9,1.5617
SF11,A0 pre-0904 early,7_20260904_082050.456,1800,29,5.701,4.8974,3.6993,2.729,1.2291,11.9167,44.1017,3.4,1.5638
SF11,A0 pre-0904 early,7_20260904_082050.456,1800,30,5.5382,4.9338,3.8875,2.9081,1.3448,1.9317,38.6605,15.8,1.5875
SF11,A0 pre-0904 early,7_20260904_082050.456,1800,31,5.7589,4.844,3.5334,2.677,1.4031,2.4983,47.1197,1.5,1.6598
SF11,A0 pre-0904 early,7_20260904_082050.456,1800,32,5.5809,4.9095,3.8085,2.8212,1.2238,2.5233,31.5321,16.2,1.5259
SF11,A0 pre-0904 early,7_20260904_082050.456,1800,33,5.7834,4.8819,3.6251,2.732,1.1645,1.5283,41.5889,2.9,1.5316
SF11,A0 pre-0904 early,7_20260904_082050.456,1800,34,5.4949,4.9654,3.9443,2.9638,1.2978,2.055,34.6094,16.8,1.5596
SF11,A0 pre-0904 early,7_20260904_082050.456,1800,35,5.6075,4.8792,3.713,2.7704,1.2265,1.06,44.0915,2.7,1.5703
SF11,A0 pre-0904 early,7_20260904_082050.456,1800,36,5.5747,4.8812,3.7389,2.7752,1.1156,1.575,40.0587,7.8,1.4901
SF11,A0 pre-0904 early,7_20260904_082050.456,1800,37,5.8269,4.8263,3.5433,2.7275,1.3666,1.91,48.9563,1.2,1.6383
SF11,A0 pre-0904 early,7_20260904_082050.456,1800,38,5.7152,4.8582,3.6249,2.7161,1.1584,1.44,39.8517,2.6,1.5366
SF11,A0 pre-0904 early,7_20260904_082050.456,1800,39,5.802,4.7991,3.5184,2.7027,1.3774,1.4383,45.8136,1.0,1.6484
SF11,A0 pre-0904 early,7_20260904_082050.456,1800,40,5.7918,4.8323,3.5538,2.7115,1.2793,4.7683,42.6159,1.5,1.5902
SF11,A0 pre-0904 early,7_20260904_082050.456,1800,41,5.8083,4.8777,3.6084,2.7338,1.2132,1.5883,42.1772,2.5,1.5581
SF11,A0 pre-0904 early,7_20260904_082050.456,1800,42,5.7626,4.7734,3.4959,2.6946,1.4287,12.0567,44.8792,1.7,1.6559
SF11,A0 pre-0904 early,7_20260904_082050.456,1800,43,5.6486,4.8746,3.6791,2.74,1.1899,1.6167,39.0898,2.7,1.5527
SF11,A0 pre-0904 early,7_20260904_082050.456,1800,44,5.8046,4.8513,3.5763,2.7158,1.2202,2.5217,40.4874,2.1,1.5568
SF11,A0 pre-0904 early,7_20260904_082050.456,1800,45,5.5285,4.9184,3.8277,2.8472,1.2358,1.39,39.9877,7.5,1.5622
SF11,A0 pre-0904 early,7_20260904_082050.456,1800,46,5.7011,4.8798,3.6615,2.7401,1.1055,1.9433,37.8434,4.5,1.493
SF11,A0 pre-0904 early,7_20260904_082050.456,1800,47,5.6405,4.8878,3.7181,2.7411,1.2403,1.285,43.6379,4.8,1.5733
SF11,A0 pre-0904 early,7_20260904_082050.456,1800,48,5.4971,4.6235,3.3755,2.4441,0.9315,1.225,36.0432,2.9,1.423
SF11,A0 pre-0904 early,7_20260904_082050.456,1800,49,5.5494,4.8987,3.7954,2.8157,1.212,1.5467,39.7738,8.0,1.5486
SF11,A0 pre-0904 early,7_20260904_082050.456,1800,50,5.6814,4.7544,3.4756,2.5959,1.1618,1.5933,38.9429,2.6,1.5345
SF11,A0 pre-0904 early,7_20260904_082050.456,1800,51,5.5146,4.9488,3.9197,2.9381,1.3044,1.8533,38.5919,15.6,1.5688
SF11,A0 pre-0904 early,7_20260904_082050.456,1800,52,5.6279,4.7038,3.4315,2.5643,1.1667,2.8267,39.3867,3.1,1.531
SF11,A0 pre-0904 early,7_20260904_082050.456,1800,53,5.7203,4.8343,3.615,2.6814,1.1538,1.4517,39.7909,3.2,1.5306
SF11,A0 pre-0904 early,7_20260904_082050.456,1800,54,5.6837,4.7488,3.4775,2.618,1.2443,1.505,40.4751,1.9,1.5821
SF11,A0 pre-0904 early,7_20260904_082050.456,1800,55,5.5586,4.9014,3.8115,2.8354,1.1884,1.7467,37.2902,10.9,1.5195
SF11,A0 pre-0904 early,7_20260904_082050.456,1800,56,5.758,4.826,3.549,2.6707,1.2278,2.9033,40.0613,2.5,1.5608
SF11,A0 pre-0904 early,7_20260904_082050.456,1800,57,5.6479,4.7464,3.4892,2.6172,1.2644,5.6817,40.4028,2.5,1.5763
SF11,A0 pre-0904 early,7_20260904_082050.456,1800,58,5.6626,4.809,3.5911,2.6552,1.1204,1.5383,38.3162,2.5,1.5174
SF11,A0 pre-0904 early,7_20260904_082050.456,1800,59,5.6221,4.8355,3.658,2.7052,1.0829,1.8267,36.2381,6.1,1.48
SF11,A0 pre-0904 early,7_20260904_082050.456,1800,60,5.6189,4.8743,3.7074,2.7385,1.1101,2.3633,37.0597,5.9,1.4918
SF11,A0 pre-0904 early,7_20260904_082050.456,1800,61,5.6458,4.8075,3.564,2.6643,1.1743,5.7533,35.7792,2.3,1.5339
SF11,A0 pre-0904 early,7_20260904_082050.456,1800,62,5.5101,4.9049,3.851,2.8737,1.2446,1.4283,40.066,13.3,1.5477
SF11,A0 pre-0904 early,7_20260904_082050.456,1800,63,5.4789,4.6858,3.4851,2.5421,1.038,1.1683,39.0301,2.1,1.4812
SF11,A pre-0904,7_20260904_082050.456,18576,0,5.2883,4.7442,3.5966,2.7183,1.2104,4.8833,45.6599,2.8,1.5636
SF11,A pre-0904,7_20260904_082050.456,18576,1,4.4803,4.1033,3.0221,2.215,0.8789,1.0067,39.0066,6.0,1.3951
SF11,A pre-0904,7_20260904_082050.456,18576,2,5.2443,4.767,3.6343,2.7326,1.1376,2.54,40.7201,5.4,1.5213
SF11,A pre-0904,7_20260904_082050.456,18576,3,5.0929,4.8362,3.804,2.9121,1.1811,2.215,37.6297,15.0,1.5192
SF11,A pre-0904,7_20260904_082050.456,18576,4,5.2767,4.6639,3.4757,2.6673,1.3029,1.4983,49.7577,1.3,1.6179
SF11,A pre-0904,7_20260904_082050.456,18576,5,4.8645,4.3755,3.2239,2.4098,1.0939,0.5567,49.1121,3.4,1.5096
SF11,A pre-0904,7_20260904_082050.456,18576,6,5.2833,4.6879,3.4969,2.6899,1.4406,7.6133,50.7762,2.7,1.6649
SF11,A pre-0904,7_20260904_082050.456,18576,7,5.0806,4.5304,3.3431,2.5375,1.2183,0.6683,51.55,2.8,1.5709
SF11,A pre-0904,7_20260904_082050.456,18576,8,5.2474,4.6726,3.5101,2.6805,1.3857,3.595,47.7252,1.5,1.6503
SF11,A pre-0904,7_20260904_082050.456,18576,9,5.2961,4.669,3.4645,2.6703,1.4141,4.8383,50.0413,2.9,1.6593
SF11,A pre-0904,7_20260904_082050.456,18576,10,5.1527,4.573,3.3758,2.5837,1.2291,2.8433,43.4714,3.1,1.5671
SF11,A pre-0904,7_20260904_082050.456,18576,11,5.2714,4.7442,3.6542,2.7872,1.4069,4.3883,49.9333,1.5,1.656
SF11,A pre-0904,7_20260904_082050.456,18576,12,4.9918,4.4948,3.3278,2.5241,1.1473,1.215,48.2389,3.2,1.529
SF11,A pre-0904,7_20260904_082050.456,18576,13,5.3485,4.6964,3.4757,2.6931,1.4149,7.695,50.4813,3.2,1.6534
SF11,A pre-0904,7_20260904_082050.456,18576,14,4.8434,4.5254,3.4513,2.5555,0.936,1.6317,38.4994,9.3,1.4086
SF11,A pre-0904,7_20260904_082050.456,18576,15,5.298,4.7454,3.5808,2.7148,1.1938,2.145,43.7917,3.7,1.5522
SF11,A pre-0904,7_20260904_082050.456,18576,16,5.3069,4.6864,3.5082,2.6933,1.3199,2.9667,44.192,1.5,1.6277
SF11,A pre-0904,7_20260904_082050.456,18576,17,5.0779,4.7309,3.6572,2.7742,1.1103,1.5433,39.7187,7.5,1.5058
SF11,A pre-0904,7_20260904_082050.456,18576,18,5.3423,4.6963,3.4947,2.6946,1.4845,7.3083,48.4362,3.6,1.695
SF11,A pre-0904,7_20260904_082050.456,18576,19,5.1545,4.8005,3.7408,2.8254,1.1481,11.2283,39.7338,12.2,1.5078
SF11,A pre-0904,7_20260904_082050.456,18576,20,5.2744,4.7265,3.6104,2.7526,1.5175,11.3833,52.7395,1.5,1.7161
SF11,A pre-0904,7_20260904_082050.456,18576,21,5.1307,4.8096,3.7726,2.8666,1.2009,3.3333,41.1701,12.9,1.5322
SF11,A pre-0904,7_20260904_082050.456,18576,22,5.361,4.6991,3.482,2.7108,1.4793,19.485,52.5165,3.5,1.687
SF11,A pre-0904,7_20260904_082050.456,18576,23,5.3039,4.7452,3.5862,2.7311,1.2861,3.5433,49.3625,1.3,1.6061
SF11,A pre-0904,7_20260904_082050.456,18576,24,5.3601,4.7088,3.5104,2.7196,1.3584,6.3517,48.7472,2.3,1.6372
SF11,A pre-0904,7_20260904_082050.456,18576,25,5.1619,4.7791,3.6962,2.7737,1.1371,19.2283,45.604,7.5,1.5148
SF11,A pre-0904,7_20260904_082050.456,18576,26,5.257,4.7432,3.6132,2.7233,1.2251,1.5683,45.6437,2.7,1.5805
SF11,A pre-0904,7_20260904_082050.456,18576,27,5.321,4.7026,3.5373,2.7159,1.53,7.8733,54.6598,2.0,1.7157
SF11,A pre-0904,7_20260904_082050.456,18576,28,5.1955,4.7737,3.691,2.7883,1.329,2.1567,52.5802,4.5,1.6259
SF11,A pre-0904,7_20260904_082050.456,18576,29,5.2402,4.7616,3.6478,2.7408,1.1867,2.9533,46.5446,2.9,1.5533
SF11,A pre-0904,7_20260904_082050.456,18576,30,5.1415,4.8241,3.813,2.9211,1.32,1.4717,43.2367,11.2,1.6008
SF11,A pre-0904,7_20260904_082050.456,18576,31,5.3432,4.6988,3.483,2.7085,1.4025,7.8983,50.1007,3.0,1.6557
SF11,A pre-0904,7_20260904_082050.456,18576,32,5.1494,4.7909,3.7303,2.8206,1.1539,2.5917,37.9973,14.0,1.5085
SF11,A pre-0904,7_20260904_082050.456,18576,33,5.3322,4.7376,3.5715,2.7402,1.1369,1.7467,43.9361,3.7,1.5249
SF11,A pre-0904,7_20260904_082050.456,18576,34,5.1222,4.8622,3.852,2.9608,1.2232,2.76,35.0482,16.1,1.5329
SF11,A pre-0904,7_20260904_082050.456,18576,35,5.1724,4.759,3.65,2.7789,1.2409,1.265,47.9267,2.7,1.5867
SF11,A pre-0904,7_20260904_082050.456,18576,36,5.1488,4.7593,3.6609,2.7717,1.1114,1.5233,44.5698,8.5,1.5049
SF11,A pre-0904,7_20260904_082050.456,18576,37,5.4039,4.6707,3.4784,2.7355,1.3203,2.2083,47.325,1.6,1.6192
SF11,A pre-0904,7_20260904_082050.456,18576,38,5.2664,4.7212,3.5634,2.7154,1.1316,1.92,39.9063,3.5,1.5283
SF11,A pre-0904,7_20260904_082050.456,18576,39,5.3784,4.6417,3.4464,2.7015,1.3419,1.7817,46.6063,1.4,1.6364
SF11,A pre-0904,7_20260904_082050.456,18576,40,5.3498,4.6809,3.4953,2.7219,1.2479,4.3233,44.8404,1.9,1.581
SF11,A pre-0904,7_20260904_082050.456,18576,41,5.3525,4.7231,3.5459,2.7339,1.2137,1.475,45.8612,2.3,1.5682
SF11,A pre-0904,7_20260904_082050.456,18576,42,5.3245,4.6143,3.4165,2.6609,1.2917,1.8017,45.3112,2.6,1.6036
SF11,A pre-0904,7_20260904_082050.456,18576,43,5.2169,4.751,3.6158,2.7385,1.1345,1.8883,40.7772,4.0,1.5271
SF11,A pre-0904,7_20260904_082050.456,18576,44,5.366,4.6994,3.5191,2.7264,1.1952,4.0583,43.3816,2.4,1.5532
SF11,A pre-0904,7_20260904_082050.456,18576,45,5.113,4.8093,3.7451,2.8431,1.1392,1.7233,40.5644,11.0,1.5115
SF11,A pre-0904,7_20260904_082050.456,18576,46,5.2646,4.7538,3.6087,2.7509,1.0673,2.4717,39.358,7.9,1.48
SF11,A pre-0904,7_20260904_082050.456,18576,47,5.1743,4.7619,3.6638,2.7546,1.1771,1.7183,43.4633,5.2,1.5469
SF11,A pre-0904,7_20260904_082050.456,18576,48,5.071,4.5062,3.3475,2.493,0.9639,1.515,38.4412,3.7,1.4423
SF11,A pre-0904,7_20260904_082050.456,18576,49,5.1242,4.7779,3.7033,2.799,1.1778,1.7667,41.2485,7.4,1.5451
SF11,A pre-0904,7_20260904_082050.456,18576,50,5.2118,4.5811,3.4012,2.5906,1.1282,2.0383,39.0503,2.6,1.5248
SF11,A pre-0904,7_20260904_082050.456,18576,51,5.1245,4.829,3.8017,2.902,1.2032,1.7667,41.705,13.3,1.5364
SF11,A pre-0904,7_20260904_082050.456,18576,52,5.1934,4.5393,3.3612,2.5679,1.1662,4.1,41.942,2.2,1.5437
SF11,A pre-0904,7_20260904_082050.456,18576,53,5.2856,4.6789,3.533,2.6775,1.1484,1.7217,41.4958,4.0,1.537
SF11,A pre-0904,7_20260904_082050.456,18576,54,5.2278,4.5877,3.4155,2.6234,1.2166,1.9867,40.6107,2.9,1.5743
SF11,A pre-0904,7_20260904_082050.456,18576,55,5.1257,4.7902,3.7346,2.8377,1.1331,2.0333,38.9533,12.1,1.5053
SF11,A pre-0904,7_20260904_082050.456,18576,56,5.3051,4.6697,3.4938,2.6863,1.2152,3.0317,43.9447,2.4,1.5646
SF11,A pre-0904,7_20260904_082050.456,18576,57,5.2367,4.5945,3.4197,2.6302,1.2822,6.8183,44.494,2.8,1.5974
SF11,A pre-0904,7_20260904_082050.456,18576,58,5.2193,4.6844,3.5424,2.6688,1.0973,1.8717,40.1041,3.9,1.5088
SF11,A pre-0904,7_20260904_082050.456,18576,59,5.1693,4.7266,3.6223,2.7342,1.0726,2.03,40.1002,6.8,1.484
SF11,A pre-0904,7_20260904_082050.456,18576,60,5.1829,4.7508,3.642,2.7424,1.082,3.2117,40.7209,7.5,1.4868
SF11,A pre-0904,7_20260904_082050.456,18576,61,5.2411,4.6707,3.5157,2.6836,1.1656,3.975,41.7028,3.1,1.5377
SF11,A pre-0904,7_20260904_082050.456,18576,62,5.1231,4.8126,3.7829,2.8911,1.1866,1.8983,40.3045,13.3,1.5243
SF11,A pre-0904,7_20260904_082050.456,18576,63,5.0774,4.6106,3.4835,2.6028,1.0276,1.6967,39.4096,5.2,1.4741
SF11,B0 post-0904 +30min,9_20260904_135650.425,1800,0,5.5873,4.8135,3.6216,2.6741,1.1258,3.6217,43.7812,3.4,1.523
SF11,B0 post-0904 +30min,9_20260904_135650.425,1800,1,4.655,4.0187,2.9585,2.1218,0.8393,0.055,38.7493,6.3,1.3808
SF11,B0 post-0904 +30min,9_20260904_135650.425,1800,2,5.5448,4.8288,3.6668,2.7037,1.1047,0.5833,40.7469,4.4,1.5072
SF11,B0 post-0904 +30min,9_20260904_135650.425,1800,3,5.3574,4.8568,3.9064,2.9639,1.2523,0.4867,35.7045,20.3,1.5374
SF11,B0 post-0904 +30min,9_20260904_135650.425,1800,4,5.5694,4.7426,3.5095,2.6289,1.2491,0.4167,47.2364,0.8,1.5985
SF11,B0 post-0904 +30min,9_20260904_135650.425,1800,5,5.0819,4.3623,3.1777,2.3066,1.0178,0.03,48.9286,1.4,1.4844
SF11,B0 post-0904 +30min,9_20260904_135650.425,1800,6,5.5779,4.7768,3.5244,2.6607,1.3919,18.3983,48.9283,1.5,1.6437
SF11,B0 post-0904 +30min,9_20260904_135650.425,1800,7,5.3325,4.5672,3.3359,2.4685,1.1423,0.0683,50.3783,0.6,1.5437
SF11,B0 post-0904 +30min,9_20260904_135650.425,1800,8,5.5338,4.7743,3.5704,2.6746,1.3704,8.935,48.6,1.8,1.6342
SF11,B0 post-0904 +30min,9_20260904_135650.425,1800,9,5.5816,4.7477,3.4829,2.6294,1.3451,6.1317,48.8201,1.3,1.6348
SF11,B0 post-0904 +30min,9_20260904_135650.425,1800,10,5.4017,4.6021,3.3568,2.4938,1.1122,1.01,41.6083,1.4,1.5183
SF11,B0 post-0904 +30min,9_20260904_135650.425,1800,11,5.5333,4.7842,3.6205,2.6994,1.3469,5.6067,49.9309,1.6,1.6268
SF11,B0 post-0904 +30min,9_20260904_135650.425,1800,12,5.1973,4.4733,3.2638,2.3975,1.018,0.2083,46.9667,1.5,1.475
SF11,B0 post-0904 +30min,9_20260904_135650.425,1800,13,5.6497,4.7919,3.5114,2.659,1.3262,9.8667,47.6202,1.9,1.6173
SF11,B0 post-0904 +30min,9_20260904_135650.425,1800,14,4.8517,4.2238,3.1167,2.1777,0.7024,0.1717,47.3127,17.8,1.2728
SF11,B0 post-0904 +30min,9_20260904_135650.425,1800,15,5.6029,4.8288,3.6163,2.678,1.135,0.315,42.5397,2.4,1.5278
SF11,B0 post-0904 +30min,9_20260904_135650.425,1800,16,5.5925,4.7679,3.5347,2.6399,1.2381,1.21,42.8448,1.1,1.5893
SF11,B0 post-0904 +30min,9_20260904_135650.425,1800,17,5.3746,4.7973,3.7786,2.8369,1.1039,0.355,36.6766,14.7,1.4773
SF11,B0 post-0904 +30min,9_20260904_135650.425,1800,18,5.6144,4.7812,3.5139,2.6641,1.4142,7.27,46.7194,1.5,1.6674
SF11,B0 post-0904 +30min,9_20260904_135650.425,1800,19,5.4463,4.834,3.7958,2.835,1.1676,1.4033,34.4647,18.1,1.5014
SF11,B0 post-0904 +30min,9_20260904_135650.425,1800,20,5.5375,4.7749,3.5798,2.687,1.4625,10.095,50.9597,1.3,1.6881
SF11,B0 post-0904 +30min,9_20260904_135650.425,1800,21,5.4178,4.8425,3.8423,2.8928,1.2549,1.0133,36.0509,21.4,1.5395
SF11,B0 post-0904 +30min,9_20260904_135650.425,1800,22,5.653,4.7965,3.5168,2.6779,1.3843,20.5733,49.6818,2.0,1.6445
SF11,B0 post-0904 +30min,9_20260904_135650.425,1800,23,5.611,4.8354,3.6197,2.692,1.195,3.735,45.0193,1.8,1.5586
SF11,B0 post-0904 +30min,9_20260904_135650.425,1800,24,5.661,4.8134,3.5558,2.6849,1.3108,12.1067,46.2892,1.1,1.6128
SF11,B0 post-0904 +30min,9_20260904_135650.425,1800,25,5.4568,4.8187,3.744,2.775,1.1117,13.3433,38.6982,13.5,1.487
SF11,B0 post-0904 +30min,9_20260904_135650.425,1800,26,5.5555,4.8063,3.641,2.6923,1.1936,0.4267,44.4498,1.9,1.5684
SF11,B0 post-0904 +30min,9_20260904_135650.425,1800,27,5.5973,4.7716,3.5295,2.6687,1.4522,8.645,52.048,1.7,1.6852
SF11,B0 post-0904 +30min,9_20260904_135650.425,1800,28,5.4804,4.8246,3.7189,2.7471,1.117,21.9117,41.1722,8.3,1.5024
SF11,B0 post-0904 +30min,9_20260904_135650.425,1800,29,5.542,4.8233,3.6861,2.7224,1.1548,10.425,42.7616,4.5,1.5315
SF11,B0 post-0904 +30min,9_20260904_135650.425,1800,30,5.4058,4.8572,3.8892,2.9502,1.3609,1.6033,42.9872,20.3,1.5936
SF11,B0 post-0904 +30min,9_20260904_135650.425,1800,31,5.6352,4.8022,3.5282,2.6749,1.3207,5.9883,47.7297,1.5,1.6187
SF11,B0 post-0904 +30min,9_20260904_135650.425,1800,32,5.4468,4.8353,3.7992,2.8417,1.1978,0.91,31.7439,20.1,1.5122
SF11,B0 post-0904 +30min,9_20260904_135650.425,1800,33,5.6219,4.8152,3.6124,2.7226,1.0685,0.29,42.575,2.8,1.4974
SF11,B0 post-0904 +30min,9_20260904_135650.425,1800,34,5.3786,4.8806,3.9602,3.0242,1.3434,2.41,35.7261,21.5,1.5773
SF11,B0 post-0904 +30min,9_20260904_135650.425,1800,35,5.4513,4.7984,3.705,2.7807,1.2256,0.1483,46.8228,2.6,1.5808
SF11,B0 post-0904 +30min,9_20260904_135650.425,1800,36,5.422,4.7887,3.7228,2.7821,1.1157,0.1667,43.6948,8.5,1.5094
SF11,B0 post-0904 +30min,9_20260904_135650.425,1800,37,5.6879,4.7733,3.5339,2.714,1.2607,1.4533,47.6171,0.9,1.5912
SF11,B0 post-0904 +30min,9_20260904_135650.425,1800,38,5.553,4.7856,3.6078,2.7029,1.089,0.29,38.9204,2.5,1.5137
SF11,B0 post-0904 +30min,9_20260904_135650.425,1800,39,5.6604,4.744,3.4989,2.6823,1.2693,0.6117,45.26,0.5,1.6023
SF11,B0 post-0904 +30min,9_20260904_135650.425,1800,40,5.6407,4.7782,3.5458,2.6992,1.1811,3.545,43.4311,1.5,1.5485
SF11,B0 post-0904 +30min,9_20260904_135650.425,1800,41,5.6433,4.8056,3.591,2.7179,1.1745,0.18,44.7257,1.1,1.5592
SF11,B0 post-0904 +30min,9_20260904_135650.425,1800,42,5.6207,4.7145,3.4732,2.661,1.2555,1.5617,45.7049,0.8,1.5851
SF11,B0 post-0904 +30min,9_20260904_135650.425,1800,43,5.4922,4.7978,3.6684,2.7425,1.1282,0.3733,42.4321,3.5,1.531
SF11,B0 post-0904 +30min,9_20260904_135650.425,1800,44,5.6633,4.7985,3.5709,2.7121,1.1304,1.215,39.8163,2.3,1.5204
SF11,B0 post-0904 +30min,9_20260904_135650.425,1800,45,5.3803,4.8302,3.8353,2.8837,1.195,0.2083,41.009,11.3,1.5339
SF11,B0 post-0904 +30min,9_20260904_135650.425,1800,46,5.5517,4.809,3.6502,2.7361,1.0186,0.815,38.4862,4.9,1.4619
SF11,B0 post-0904 +30min,9_20260904_135650.425,1800,47,5.4766,4.8257,3.7267,2.7568,1.1155,0.435,40.2316,11.5,1.4963
SF11,B0 post-0904 +30min,9_20260904_135650.425,1800,48,5.3159,4.5326,3.3411,2.4192,0.8567,0.1483,36.9371,2.3,1.3973
SF11,B0 post-0904 +30min,9_20260904_135650.425,1800,49,5.409,4.8057,3.7695,2.8134,1.1497,0.1983,39.9292,9.3,1.5162
SF11,B0 post-0904 +30min,9_20260904_135650.425,1800,50,5.4932,4.6683,3.4401,2.5611,1.0614,0.7533,37.7088,1.1,1.5008
SF11,B0 post-0904 +30min,9_20260904_135650.425,1800,51,5.3901,4.8463,3.8895,2.9431,1.2745,0.2633,40.0687,16.7,1.5549
SF11,B0 post-0904 +30min,9_20260904_135650.425,1800,52,5.4854,4.6365,3.4071,2.5454,1.0955,0.435,41.6207,1.2,1.5157
SF11,B0 post-0904 +30min,9_20260904_135650.425,1800,53,5.5624,4.7471,3.5688,2.6428,1.0534,0.19,39.0109,1.8,1.4939
SF11,B0 post-0904 +30min,9_20260904_135650.425,1800,54,5.5139,4.6795,3.4607,2.5965,1.1402,0.88,38.9007,1.0,1.5397
SF11,B0 post-0904 +30min,9_20260904_135650.425,1800,55,5.4114,4.8095,3.7947,2.8492,1.1722,0.27,38.6804,13.7,1.5196
SF11,B0 post-0904 +30min,9_20260904_135650.425,1800,56,5.5961,4.759,3.531,2.6497,1.1241,0.36,41.7491,1.8,1.5245
SF11,B0 post-0904 +30min,9_20260904_135650.425,1800,57,5.5041,4.6852,3.4712,2.6087,1.1853,1.4517,42.1043,0.9,1.5592
SF11,B0 post-0904 +30min,9_20260904_135650.425,1800,58,5.5174,4.7471,3.5822,2.6509,1.0464,0.2517,38.6848,3.1,1.4901
SF11,B0 post-0904 +30min,9_20260904_135650.425,1800,59,5.4708,4.7655,3.6615,2.7212,1.0383,0.2833,38.1846,8.6,1.466
SF11,B0 post-0904 +30min,9_20260904_135650.425,1800,60,5.4725,4.7953,3.6909,2.7353,1.0197,0.4467,37.329,8.2,1.453
SF11,B0 post-0904 +30min,9_20260904_135650.425,1800,61,5.5348,4.7572,3.553,2.6567,1.0853,1.6067,37.4117,2.8,1.4998
SF11,B0 post-0904 +30min,9_20260904_135650.425,1800,62,5.3942,4.8248,3.8584,2.9164,1.2506,0.2,40.2958,15.0,1.5491
SF11,B0 post-0904 +30min,9_20260904_135650.425,1800,63,5.3518,4.6481,3.5085,2.5728,0.9827,0.2033,37.9481,3.3,1.4568
SF11,B post-0904 +5.5h,9_20260904_135650.425,19821,0,4.5488,4.3184,3.3203,2.7643,2.115,16.3867,77.3084,13.3,1.9531
SF11,B post-0904 +5.5h,9_20260904_135650.425,19821,1,3.8587,3.7201,2.8341,2.3537,1.7839,12.3367,60.839,13.0,1.7922
SF11,B post-0904 +5.5h,9_20260904_135650.425,19821,2,4.5716,4.3601,3.3701,2.8037,2.1213,16.1017,77.1061,13.6,1.9577
SF11,B post-0904 +5.5h,9_20260904_135650.425,19821,3,4.7571,4.5928,3.6102,2.984,2.1322,15.5067,74.5967,13.7,1.9677
SF11,B post-0904 +5.5h,9_20260904_135650.425,19821,4,4.486,4.2437,3.2417,2.718,2.0939,14.975,77.5614,13.3,1.9512
SF11,B post-0904 +5.5h,9_20260904_135650.425,19821,5,4.0847,3.9319,2.9743,2.46,1.8614,8.7033,65.4013,13.1,1.8386
SF11,B post-0904 +5.5h,9_20260904_135650.425,19821,6,4.4351,4.2406,3.2351,2.7606,2.1506,14.1733,85.7103,11.4,1.9886
SF11,B post-0904 +5.5h,9_20260904_135650.425,19821,7,4.2637,4.0904,3.1039,2.5975,1.9891,10.145,71.5303,13.0,1.9017
SF11,B post-0904 +5.5h,9_20260904_135650.425,19821,8,4.4405,4.2482,3.2348,2.7929,2.1647,14.675,88.7114,11.3,1.9931
SF11,B post-0904 +5.5h,9_20260904_135650.425,19821,9,4.4316,4.2214,3.2123,2.7354,2.1348,14.3383,83.536,11.4,1.9782
SF11,B post-0904 +5.5h,9_20260904_135650.425,19821,10,4.3499,4.1493,3.1468,2.6571,2.0554,15.0383,73.8241,12.5,1.9325
SF11,B post-0904 +5.5h,9_20260904_135650.425,19821,11,4.4348,4.2579,3.2484,2.8137,2.1589,14.7267,86.1823,11.8,1.9888
SF11,B post-0904 +5.5h,9_20260904_135650.425,19821,12,4.171,4.0072,3.0231,2.5326,1.9424,11.3983,73.4942,12.3,1.8755
SF11,B post-0904 +5.5h,9_20260904_135650.425,19821,13,4.4896,4.2531,3.2365,2.7593,2.1583,16.47,86.5487,11.6,1.9874
SF11,B post-0904 +5.5h,9_20260904_135650.425,19821,14,4.0802,3.4959,2.5084,1.9779,1.3856,5.14,58.1756,13.1,1.6026
SF11,B post-0904 +5.5h,9_20260904_135650.425,19821,15,4.5673,4.3284,3.3288,2.7843,2.1351,16.8167,78.1265,13.9,1.965
SF11,B post-0904 +5.5h,9_20260904_135650.425,19821,16,4.5212,4.263,3.2601,2.7258,2.0965,15.4383,73.766,12.9,1.9521
SF11,B post-0904 +5.5h,9_20260904_135650.425,19821,17,4.6925,4.509,3.5102,2.8958,2.1147,17.0467,72.7378,14.1,1.9531
SF11,B post-0904 +5.5h,9_20260904_135650.425,19821,18,4.4677,4.2434,3.2153,2.7478,2.1596,14.51,85.0784,11.8,1.9931
SF11,B post-0904 +5.5h,9_20260904_135650.425,19821,19,4.7072,4.4957,3.531,2.9334,2.1479,14.8717,78.1763,12.8,1.9784
SF11,B post-0904 +5.5h,9_20260904_135650.425,19821,20,4.4457,4.2544,3.2398,2.7891,2.1809,14.2517,90.1183,11.5,2.0082
SF11,B post-0904 +5.5h,9_20260904_135650.425,19821,21,4.7135,4.5147,3.5581,2.9444,2.134,14.9583,76.086,12.3,1.9715
SF11,B post-0904 +5.5h,9_20260904_135650.425,19821,22,4.4878,4.2572,3.237,2.7663,2.1662,20.66,86.3074,12.5,1.9928
SF11,B post-0904 +5.5h,9_20260904_135650.425,19821,23,4.5681,4.3217,3.3267,2.7821,2.1374,15.0,80.6174,13.5,1.969
SF11,B post-0904 +5.5h,9_20260904_135650.425,19821,24,4.5279,4.2793,3.2699,2.7665,2.1462,17.0683,82.0929,12.8,1.9762
SF11,B post-0904 +5.5h,9_20260904_135650.425,19821,25,4.6398,4.4417,3.4598,2.8664,2.135,15.9017,81.2129,13.4,1.9635
SF11,B post-0904 +5.5h,9_20260904_135650.425,19821,26,4.5767,4.3412,3.3517,2.7847,2.1151,15.5567,75.7148,13.5,1.9588
SF11,B post-0904 +5.5h,9_20260904_135650.425,19821,27,4.4728,4.2441,3.236,2.764,2.1627,13.8283,83.1681,11.3,1.9986
SF11,B post-0904 +5.5h,9_20260904_135650.425,19821,28,4.6334,4.4185,3.4341,2.8515,2.1392,13.6367,81.1211,13.5,1.9724
SF11,B post-0904 +5.5h,9_20260904_135650.425,19821,29,4.6032,4.3738,3.3814,2.8093,2.1347,15.5483,77.9125,13.3,1.9663
SF11,B post-0904 +5.5h,9_20260904_135650.425,19821,30,4.7593,4.56,3.6286,3.0292,2.1525,15.035,76.8392,12.8,1.9831
SF11,B post-0904 +5.5h,9_20260904_135650.425,19821,31,4.4995,4.267,3.2541,2.763,2.1502,14.6183,82.3345,12.2,1.9833
SF11,B post-0904 +5.5h,9_20260904_135650.425,19821,32,4.6792,4.4886,3.5288,2.9361,2.1415,20.1017,70.9494,13.3,1.9683
SF11,B post-0904 +5.5h,9_20260904_135650.425,19821,33,4.5969,4.3166,3.3275,2.773,2.1133,16.1317,76.1147,13.8,1.9512
SF11,B post-0904 +5.5h,9_20260904_135650.425,19821,34,4.7924,4.6229,3.6573,3.0283,2.1416,17.5383,72.3951,13.5,1.9728
SF11,B post-0904 +5.5h,9_20260904_135650.425,19821,35,4.6356,4.4333,3.4404,2.8521,2.1348,13.495,77.782,13.1,1.9747
SF11,B post-0904 +5.5h,9_20260904_135650.425,19821,36,4.6624,4.4652,3.4589,2.8504,2.1165,16.6633,74.6303,13.9,1.9525
SF11,B post-0904 +5.5h,9_20260904_135650.425,19821,37,4.55,4.2456,3.2533,2.7636,2.1362,14.2067,79.7847,12.3,1.9748
SF11,B post-0904 +5.5h,9_20260904_135650.425,19821,38,4.5899,4.3296,3.3396,2.7669,2.1114,15.87,74.1628,13.4,1.9551
SF11,B post-0904 +5.5h,9_20260904_135650.425,19821,39,4.5222,4.2288,3.2212,2.7326,2.129,14.65,77.5348,12.9,1.9717
SF11,B post-0904 +5.5h,9_20260904_135650.425,19821,40,4.5424,4.2608,3.2642,2.745,2.116,15.73,76.0372,13.7,1.9592
SF11,B post-0904 +5.5h,9_20260904_135650.425,19821,41,4.5861,4.2988,3.3132,2.7661,2.1239,14.605,77.6826,13.4,1.9642
SF11,B post-0904 +5.5h,9_20260904_135650.425,19821,42,4.4999,4.2225,3.2073,2.7098,2.1149,14.9017,75.8582,13.2,1.9658
SF11,B post-0904 +5.5h,9_20260904_135650.425,19821,43,4.6235,4.3969,3.3961,2.8016,2.1231,15.2117,75.9416,13.7,1.9613
SF11,B post-0904 +5.5h,9_20260904_135650.425,19821,44,4.5765,4.2724,3.2816,2.751,2.109,16.4167,75.1205,13.7,1.9517
SF11,B post-0904 +5.5h,9_20260904_135650.425,19821,45,4.7402,4.5606,3.5615,2.9291,2.1307,16.0667,74.9757,14.0,1.9656
SF11,B post-0904 +5.5h,9_20260904_135650.425,19821,46,4.6152,4.3631,3.3649,2.7939,2.1134,15.8917,76.5205,14.0,1.9511
SF11,B post-0904 +5.5h,9_20260904_135650.425,19821,47,4.6298,4.4259,3.4468,2.8637,2.1336,16.1633,75.1029,13.6,1.9664
SF11,B post-0904 +5.5h,9_20260904_135650.425,19821,48,4.4681,4.1853,3.1736,2.593,1.983,15.9567,66.9701,13.4,1.8863
SF11,B post-0904 +5.5h,9_20260904_135650.425,19821,49,4.689,4.5012,3.5023,2.8831,2.1303,16.0583,74.4954,13.5,1.964
SF11,B post-0904 +5.5h,9_20260904_135650.425,19821,50,4.4906,4.2314,3.2171,2.6771,2.0816,16.5933,71.6947,13.9,1.9399
SF11,B post-0904 +5.5h,9_20260904_135650.425,19821,51,4.798,4.6105,3.6463,3.0207,2.1508,17.3567,73.9254,13.7,1.978
SF11,B post-0904 +5.5h,9_20260904_135650.425,19821,52,4.4456,4.2073,3.1764,2.6781,2.1088,16.2133,76.3773,13.2,1.9559
SF11,B post-0904 +5.5h,9_20260904_135650.425,19821,53,4.635,4.3098,3.3104,2.7314,2.1018,16.47,72.738,13.7,1.9465
SF11,B post-0904 +5.5h,9_20260904_135650.425,19821,54,4.4762,4.2261,3.2071,2.6841,2.0978,16.0867,72.7906,13.3,1.949
SF11,B post-0904 +5.5h,9_20260904_135650.425,19821,55,4.718,4.5305,3.5421,2.9245,2.1344,16.3033,74.7259,14.2,1.9663
SF11,B post-0904 +5.5h,9_20260904_135650.425,19821,56,4.5652,4.2747,3.2601,2.7238,2.1136,15.61,75.9846,13.5,1.9548
SF11,B post-0904 +5.5h,9_20260904_135650.425,19821,57,4.4993,4.257,3.2206,2.7031,2.127,16.16,75.9623,12.8,1.969
SF11,B post-0904 +5.5h,9_20260904_135650.425,19821,58,4.5711,4.3254,3.3204,2.7383,2.0955,16.605,72.688,14.0,1.9431
SF11,B post-0904 +5.5h,9_20260904_135650.425,19821,59,4.6001,4.3976,3.4039,2.8039,2.1064,15.7467,74.0907,14.1,1.9519
SF11,B post-0904 +5.5h,9_20260904_135650.425,19821,60,4.6298,4.4134,3.4084,2.8101,2.1194,16.845,76.0968,13.8,1.9536
SF11,B post-0904 +5.5h,9_20260904_135650.425,19821,61,4.5128,4.2564,3.2536,2.6973,2.0703,16.085,72.1806,13.5,1.9318
SF11,B post-0904 +5.5h,9_20260904_135650.425,19821,62,4.772,4.578,3.6087,2.9898,2.1441,17.0683,74.5594,13.8,1.9728
SF11,B post-0904 +5.5h,9_20260904_135650.425,19821,63,4.5121,4.2928,3.2851,2.6948,2.057,16.3967,70.5457,14.1,1.9234
SF11,C night-end 0905 08:32,12_20260904_202856.246,43369,0,5.5703,4.734,3.5769,2.6958,1.2053,1.1833,42.899,2.3,1.567
SF11,C night-end 0905 08:32,12_20260904_202856.246,43369,1,4.702,4.0247,3.0161,2.2271,0.9193,0.55,41.0446,7.5,1.4139
SF11,C night-end 0905 08:32,12_20260904_202856.246,43369,2,5.546,4.7618,3.6208,2.7204,1.1306,1.2117,42.7133,4.6,1.516
SF11,C night-end 0905 08:32,12_20260904_202856.246,43369,3,5.3259,4.837,3.8403,2.9293,1.2172,1.495,36.2243,17.7,1.5247
SF11,C night-end 0905 08:32,12_20260904_202856.246,43369,4,5.6087,4.7048,3.4993,2.6817,1.2598,2.1717,44.587,3.1,1.58
SF11,C night-end 0905 08:32,12_20260904_202856.246,43369,5,5.1274,4.3213,3.177,2.3734,1.1175,0.4383,46.7259,3.8,1.5168
SF11,C night-end 0905 08:32,12_20260904_202856.246,43369,6,5.5305,4.6613,3.4869,2.6892,1.461,11.8967,46.1681,3.7,1.6803
SF11,C night-end 0905 08:32,12_20260904_202856.246,43369,7,5.3345,4.4925,3.3107,2.5108,1.2361,0.4817,48.6878,4.3,1.5752
SF11,C night-end 0905 08:32,12_20260904_202856.246,43369,8,5.5358,4.7103,3.5727,2.7476,1.4807,12.41,50.4049,3.2,1.6792
SF11,C night-end 0905 08:32,12_20260904_202856.246,43369,9,5.5763,4.6729,3.4646,2.6798,1.4661,9.195,50.3976,4.1,1.677
SF11,C night-end 0905 08:32,12_20260904_202856.246,43369,10,5.3644,4.4821,3.2915,2.5045,1.2065,1.93,39.7728,2.2,1.564
SF11,C night-end 0905 08:32,12_20260904_202856.246,43369,11,5.5196,4.7302,3.6401,2.7972,1.4389,8.515,49.3035,2.6,1.6668
SF11,C night-end 0905 08:32,12_20260904_202856.246,43369,12,5.215,4.3871,3.2159,2.4239,1.1299,0.57,49.0369,2.5,1.5261
SF11,C night-end 0905 08:32,12_20260904_202856.246,43369,13,5.6353,4.7077,3.4797,2.7002,1.4413,14.0833,48.5842,3.9,1.6576
SF11,C night-end 0905 08:32,12_20260904_202856.246,43369,14,4.7554,3.9751,2.8595,2.0314,0.7673,0.2233,49.1605,2.1,1.3547
SF11,C night-end 0905 08:32,12_20260904_202856.246,43369,15,5.6097,4.7554,3.5772,2.7105,1.1904,1.1867,43.4796,3.1,1.5488
SF11,C night-end 0905 08:32,12_20260904_202856.246,43369,16,5.617,4.7204,3.5246,2.6984,1.2615,1.9767,44.3174,2.1,1.5882
SF11,C night-end 0905 08:32,12_20260904_202856.246,43369,17,5.3273,4.7461,3.697,2.7919,1.1019,1.085,39.0521,12.7,1.4856
SF11,C night-end 0905 08:32,12_20260904_202856.246,43369,18,5.5993,4.6894,3.4758,2.6981,1.4853,9.73,47.3886,4.1,1.6868
SF11,C night-end 0905 08:32,12_20260904_202856.246,43369,19,5.4232,4.7776,3.7333,2.811,1.1788,1.0083,42.9495,8.8,1.5343
SF11,C night-end 0905 08:32,12_20260904_202856.246,43369,20,5.5255,4.7006,3.5732,2.747,1.5258,12.0817,48.007,2.0,1.7172
SF11,C night-end 0905 08:32,12_20260904_202856.246,43369,21,5.3875,4.7823,3.7697,2.8517,1.2199,1.1383,40.5481,13.9,1.5447
SF11,C night-end 0905 08:32,12_20260904_202856.246,43369,22,5.6332,4.7028,3.4748,2.7085,1.4558,15.4917,49.9234,4.1,1.6659
SF11,C night-end 0905 08:32,12_20260904_202856.246,43369,23,5.6108,4.7563,3.5825,2.725,1.2614,1.435,46.9097,1.8,1.5914
SF11,C night-end 0905 08:32,12_20260904_202856.246,43369,24,5.6427,4.7239,3.5144,2.7112,1.3146,4.1733,46.0422,2.6,1.609
SF11,C night-end 0905 08:32,12_20260904_202856.246,43369,25,5.438,4.7483,3.6581,2.727,1.12,1.0967,39.6108,4.2,1.5193
SF11,C night-end 0905 08:32,12_20260904_202856.246,43369,26,5.5509,4.7438,3.6028,2.7059,1.1658,0.99,44.9464,2.3,1.5442
SF11,C night-end 0905 08:32,12_20260904_202856.246,43369,27,5.573,4.6847,3.4964,2.6969,1.498,4.7567,49.1572,3.3,1.6904
SF11,C night-end 0905 08:32,12_20260904_202856.246,43369,28,5.4847,4.7694,3.6674,2.7491,1.1721,6.7467,45.0018,4.8,1.5335
SF11,C night-end 0905 08:32,12_20260904_202856.246,43369,29,5.5306,4.7551,3.6319,2.7293,1.1744,1.2467,42.9905,3.6,1.5468
SF11,C night-end 0905 08:32,12_20260904_202856.246,43369,30,5.3574,4.7623,3.7606,2.854,1.3001,1.055,37.7825,4.9,1.6129
SF11,C night-end 0905 08:32,12_20260904_202856.246,43369,31,5.6278,4.7116,3.4921,2.7145,1.404,2.3367,46.5168,2.6,1.6588
SF11,C night-end 0905 08:32,12_20260904_202856.246,43369,32,5.4247,4.7813,3.7384,2.8196,1.1429,2.755,29.6141,15.7,1.4913
SF11,C night-end 0905 08:32,12_20260904_202856.246,43369,33,5.6056,4.753,3.5786,2.7371,1.1626,1.3183,45.0383,3.7,1.5336
SF11,C night-end 0905 08:32,12_20260904_202856.246,43369,34,5.3313,4.8342,3.8464,2.9317,1.2385,1.1783,39.6105,17.5,1.5403
SF11,C night-end 0905 08:32,12_20260904_202856.246,43369,35,5.4365,4.7612,3.6587,2.771,1.1875,0.8283,45.5564,4.9,1.5528
SF11,C night-end 0905 08:32,12_20260904_202856.246,43369,36,5.4004,4.7671,3.688,2.7847,1.074,1.3467,38.7259,11.4,1.4693
SF11,C night-end 0905 08:32,12_20260904_202856.246,43369,37,5.6689,4.6912,3.4935,2.7421,1.3811,1.055,49.3632,2.0,1.6504
SF11,C night-end 0905 08:32,12_20260904_202856.246,43369,38,5.5447,4.739,3.5829,2.7281,1.1717,0.95,42.7285,2.3,1.547
SF11,C night-end 0905 08:32,12_20260904_202856.246,43369,39,5.6567,4.669,3.4631,2.7212,1.3776,2.7717,46.9176,3.6,1.6415
SF11,C night-end 0905 08:32,12_20260904_202856.246,43369,40,5.6288,4.6994,3.505,2.7218,1.2912,2.92,46.9864,2.0,1.6029
SF11,C night-end 0905 08:32,12_20260904_202856.246,43369,41,5.6296,4.744,3.562,2.7439,1.2731,1.0383,46.0134,1.7,1.6002
SF11,C night-end 0905 08:32,12_20260904_202856.246,43369,42,5.6072,4.6363,3.4343,2.6933,1.3887,2.7017,48.8318,2.8,1.6428
SF11,C night-end 0905 08:32,12_20260904_202856.246,43369,43,5.476,4.7557,3.6292,2.7489,1.1636,0.9883,41.3873,3.7,1.541
SF11,C night-end 0905 08:32,12_20260904_202856.246,43369,44,5.6356,4.7146,3.525,2.7234,1.2315,2.5333,44.8235,3.3,1.5659
SF11,C night-end 0905 08:32,12_20260904_202856.246,43369,45,5.3532,4.8144,3.7879,2.8726,1.1826,1.195,38.4769,12.6,1.524
SF11,C night-end 0905 08:32,12_20260904_202856.246,43369,46,5.5235,4.7515,3.606,2.7366,1.0774,1.1783,41.6441,6.1,1.4833
SF11,C night-end 0905 08:32,12_20260904_202856.246,43369,47,5.4736,4.7702,3.6805,2.7686,1.201,1.115,41.8475,5.9,1.555
SF11,C night-end 0905 08:32,12_20260904_202856.246,43369,48,5.3702,4.5259,3.3544,2.492,0.9459,0.91,37.8467,2.7,1.4294
SF11,C night-end 0905 08:32,12_20260904_202856.246,43369,49,5.3974,4.7787,3.7344,2.8194,1.1811,1.08,39.8129,8.7,1.538
SF11,C night-end 0905 08:32,12_20260904_202856.246,43369,50,5.5141,4.6088,3.4155,2.6093,1.1924,2.7017,39.4186,2.6,1.5578
SF11,C night-end 0905 08:32,12_20260904_202856.246,43369,51,5.3561,4.8457,3.8864,2.9801,1.3052,1.6683,36.2655,17.3,1.5714
SF11,C night-end 0905 08:32,12_20260904_202856.246,43369,52,5.434,4.5349,3.3566,2.5631,1.1885,1.82,40.5995,2.9,1.5526
SF11,C night-end 0905 08:32,12_20260904_202856.246,43369,53,5.5741,4.71,3.5538,2.6906,1.1544,1.1367,39.3645,2.9,1.5355
SF11,C night-end 0905 08:32,12_20260904_202856.246,43369,54,5.5789,4.651,3.4412,2.6702,1.3164,7.27,44.2712,3.2,1.6062
SF11,C night-end 0905 08:32,12_20260904_202856.246,43369,55,5.3962,4.7954,3.7696,2.8558,1.1578,1.4617,37.8675,13.3,1.5065
SF11,C night-end 0905 08:32,12_20260904_202856.246,43369,56,5.5774,4.6776,3.4909,2.672,1.2139,0.9617,43.8064,2.8,1.5679
SF11,C night-end 0905 08:32,12_20260904_202856.246,43369,57,5.4814,4.6037,3.4313,2.6269,1.2791,1.4133,44.403,3.6,1.588
SF11,C night-end 0905 08:32,12_20260904_202856.246,43369,58,5.4877,4.683,3.5511,2.6746,1.1343,1.1383,39.7428,2.8,1.5317
SF11,C night-end 0905 08:32,12_20260904_202856.246,43369,59,5.463,4.7191,3.6149,2.7192,1.0852,1.045,40.8854,5.9,1.4925
SF11,C night-end 0905 08:32,12_20260904_202856.246,43369,60,5.4643,4.7531,3.6509,2.7392,1.059,1.6017,40.0233,7.4,1.4699
SF11,C night-end 0905 08:32,12_20260904_202856.246,43369,61,5.5497,4.6975,3.5216,2.6895,1.1906,2.385,41.0097,2.8,1.5443
SF11,C night-end 0905 08:32,12_20260904_202856.246,43369,62,5.3607,4.8004,3.8138,2.9056,1.2411,1.165,38.8299,12.9,1.5547
SF11,C night-end 0905 08:32,12_20260904_202856.246,43369,63,5.3787,4.6289,3.502,2.609,1.0283,1.0633,38.7673,3.9,1.4723
SF11,D pre-0905,3_20260905_094205.930,18544,0,5.2051,4.7105,3.5085,2.771,1.7036,4.6583,44.2307,45.8,1.663
SF11,D pre-0905,3_20260905_094205.930,18544,1,5.1814,4.6778,3.5288,2.7349,1.6501,4.3483,39.6912,52.1,1.5565
SF11,D pre-0905,3_20260905_094205.930,18544,2,5.1677,4.7419,3.5571,2.805,1.6871,5.5867,40.2956,52.2,1.6214
SF11,D pre-0905,3_20260905_094205.930,18544,3,4.9651,4.8876,3.727,2.9561,1.7062,5.0867,40.7684,49.3,1.6311
SF11,D pre-0905,3_20260905_094205.930,18544,4,5.2418,4.655,3.4187,2.7618,1.732,4.51,47.3109,36.8,1.6897
SF11,D pre-0905,3_20260905_094205.930,18544,5,5.4042,4.8964,3.7361,2.9041,1.8306,3.0783,41.6131,32.7,1.6322
SF11,D pre-0905,3_20260905_094205.930,18544,6,5.1829,4.6279,3.4693,2.7966,1.8225,7.67,50.9962,24.2,1.7769
SF11,D pre-0905,3_20260905_094205.930,18544,7,5.404,4.845,3.6537,2.864,1.8247,3.0117,44.6334,32.3,1.6711
SF11,D pre-0905,3_20260905_094205.930,18544,8,5.1877,4.6576,3.5537,2.8552,1.823,9.4433,53.694,22.2,1.7705
SF11,D pre-0905,3_20260905_094205.930,18544,9,5.2409,4.6334,3.431,2.7819,1.8329,7.4767,54.2329,23.6,1.7808
SF11,D pre-0905,3_20260905_094205.930,18544,10,5.1662,4.5848,3.3729,2.7344,1.7577,4.5667,45.1008,29.5,1.727
SF11,D pre-0905,3_20260905_094205.930,18544,11,5.1786,4.6694,3.6135,2.8933,1.804,5.0667,52.3917,25.2,1.7574
SF11,D pre-0905,3_20260905_094205.930,18544,12,5.1077,4.5727,3.4128,2.7332,1.7694,2.655,52.6804,31.8,1.6809
SF11,D pre-0905,3_20260905_094205.930,18544,13,5.2781,4.6459,3.4118,2.78,1.8232,13.515,53.9045,25.5,1.7646
SF11,D pre-0905,3_20260905_094205.930,18544,14,4.8162,4.3858,3.3055,2.5723,1.6553,2.3183,48.0813,31.8,1.5635
SF11,D pre-0905,3_20260905_094205.930,18544,15,5.2103,4.7082,3.4965,2.7862,1.7153,4.355,45.595,42.4,1.6681
SF11,D pre-0905,3_20260905_094205.930,18544,16,5.2361,4.6756,3.4537,2.7754,1.7481,4.5783,47.4753,37.4,1.7051
SF11,D pre-0905,3_20260905_094205.930,18544,17,4.8999,4.6,3.4863,2.7687,1.6968,3.4917,41.1733,42.3,1.5913
SF11,D pre-0905,3_20260905_094205.930,18544,18,5.2497,4.6349,3.4339,2.7847,1.855,11.73,53.3366,22.3,1.7922
SF11,D pre-0905,3_20260905_094205.930,18544,19,5.0678,4.8021,3.6451,2.8677,1.69,5.2483,44.8873,51.6,1.6154
SF11,D pre-0905,3_20260905_094205.930,18544,20,5.1742,4.6522,3.5558,2.8456,1.8636,12.2733,51.6735,20.3,1.8036
SF11,D pre-0905,3_20260905_094205.930,18544,21,5.023,4.8036,3.6476,2.8656,1.6887,4.5783,40.4448,47.3,1.6349
SF11,D pre-0905,3_20260905_094205.930,18544,22,5.268,4.642,3.4092,2.7789,1.8279,18.9817,53.936,22.9,1.7706
SF11,D pre-0905,3_20260905_094205.930,18544,23,5.209,4.7105,3.5087,2.8007,1.7492,3.695,50.8498,35.6,1.7175
SF11,D pre-0905,3_20260905_094205.930,18544,24,5.2664,4.6682,3.4318,2.7783,1.7558,7.19,49.0291,33.4,1.7119
SF11,D pre-0905,3_20260905_094205.930,18544,25,5.1063,4.741,3.5469,2.758,1.6533,4.9217,40.477,55.6,1.6007
SF11,D pre-0905,3_20260905_094205.930,18544,26,5.1935,4.7302,3.5422,2.7912,1.7188,4.3717,43.4039,46.3,1.6487
SF11,D pre-0905,3_20260905_094205.930,18544,27,5.2422,4.63,3.4615,2.783,1.8381,7.695,52.2371,22.5,1.7859
SF11,D pre-0905,3_20260905_094205.930,18544,28,5.1184,4.7634,3.5881,2.8183,1.7115,6.1617,48.1416,47.5,1.6504
SF11,D pre-0905,3_20260905_094205.930,18544,29,5.1825,4.7391,3.5525,2.7922,1.6983,4.7517,43.2862,47.7,1.6468
SF11,D pre-0905,3_20260905_094205.930,18544,30,5.013,4.8524,3.7292,2.9634,1.7155,6.1967,38.7659,48.0,1.6371
SF11,D pre-0905,3_20260905_094205.930,18544,31,5.2408,4.6513,3.4128,2.7817,1.7979,7.575,51.5197,27.5,1.7551
SF11,D pre-0905,3_20260905_094205.930,18544,32,5.0773,4.8063,3.6598,2.8886,1.6871,7.27,31.8887,55.5,1.6
SF11,D pre-0905,3_20260905_094205.930,18544,33,5.2446,4.7196,3.4888,2.7916,1.6833,4.76,45.5237,48.2,1.6386
SF11,D pre-0905,3_20260905_094205.930,18544,34,5.0213,4.9264,3.7782,3.0023,1.7051,6.5417,34.664,48.7,1.6324
SF11,D pre-0905,3_20260905_094205.930,18544,35,5.0719,4.7665,3.5715,2.8371,1.7282,3.8683,46.9976,44.3,1.675
SF11,D pre-0905,3_20260905_094205.930,18544,36,5.064,4.79,3.5885,2.8294,1.655,5.2983,39.97,62.0,1.5733
SF11,D pre-0905,3_20260905_094205.930,18544,37,5.3316,4.6459,3.4112,2.799,1.7828,3.9333,51.092,29.9,1.7553
SF11,D pre-0905,3_20260905_094205.930,18544,38,5.1835,4.721,3.4961,2.7788,1.6751,4.6267,42.9482,50.7,1.6303
SF11,D pre-0905,3_20260905_094205.930,18544,39,5.3075,4.6213,3.3746,2.7609,1.7656,5.82,48.4503,30.8,1.7361
SF11,D pre-0905,3_20260905_094205.930,18544,40,5.2844,4.6646,3.421,2.7831,1.7271,6.7117,45.9064,35.4,1.6932
SF11,D pre-0905,3_20260905_094205.930,18544,41,5.2571,4.7012,3.4679,2.7879,1.7092,4.425,46.3206,40.6,1.6799
SF11,D pre-0905,3_20260905_094205.930,18544,42,5.2784,4.6039,3.3654,2.7626,1.7955,8.9517,53.484,25.9,1.7628
SF11,D pre-0905,3_20260905_094205.930,18544,43,5.1303,4.7446,3.5283,2.7852,1.6689,4.9233,40.5124,53.3,1.6196
SF11,D pre-0905,3_20260905_094205.930,18544,44,5.2873,4.6785,3.4393,2.7809,1.705,5.4883,45.419,39.5,1.6692
SF11,D pre-0905,3_20260905_094205.930,18544,45,5.0244,4.8594,3.6778,2.8978,1.6795,5.1883,40.0114,55.2,1.6079
SF11,D pre-0905,3_20260905_094205.930,18544,46,5.186,4.7424,3.5207,2.7992,1.6594,5.475,40.6921,58.2,1.5908
SF11,D pre-0905,3_20260905_094205.930,18544,47,5.1006,4.7724,3.6117,2.8468,1.7163,4.6717,42.6371,43.6,1.6619
SF11,D pre-0905,3_20260905_094205.930,18544,48,5.1151,4.6321,3.415,2.7279,1.7048,5.015,38.6475,55.1,1.5847
SF11,D pre-0905,3_20260905_094205.930,18544,49,5.0327,4.8056,3.6293,2.8555,1.7006,4.8967,41.7859,46.9,1.6572
SF11,D pre-0905,3_20260905_094205.930,18544,50,5.1912,4.6237,3.385,2.7352,1.7516,5.2233,43.987,40.0,1.668
SF11,D pre-0905,3_20260905_094205.930,18544,51,5.014,4.9039,3.7755,3.0064,1.725,6.3033,37.1045,44.9,1.653
SF11,D pre-0905,3_20260905_094205.930,18544,52,5.2065,4.5905,3.3615,2.718,1.752,7.91,46.2113,32.7,1.707
SF11,D pre-0905,3_20260905_094205.930,18544,53,5.2627,4.6934,3.4681,2.7561,1.6998,4.605,41.4849,46.3,1.6583
SF11,D pre-0905,3_20260905_094205.930,18544,54,5.1914,4.6122,3.3823,2.7347,1.7648,4.85,45.1199,37.0,1.692
SF11,D pre-0905,3_20260905_094205.930,18544,55,5.0403,4.8389,3.6768,2.9047,1.6805,5.8683,37.5223,55.2,1.6018
SF11,D pre-0905,3_20260905_094205.930,18544,56,5.2308,4.6595,3.4192,2.7523,1.7429,4.4167,44.2576,41.8,1.6778
SF11,D pre-0905,3_20260905_094205.930,18544,57,5.1718,4.5905,3.3894,2.7248,1.7659,6.8433,49.3128,30.7,1.7219
SF11,D pre-0905,3_20260905_094205.930,18544,58,5.2083,4.7221,3.5099,2.769,1.6951,5.18,39.472,54.6,1.6165
SF11,D pre-0905,3_20260905_094205.930,18544,59,5.108,4.7657,3.5731,2.8184,1.7034,3.95,48.6499,46.8,1.6513
SF11,D pre-0905,3_20260905_094205.930,18544,60,5.114,4.7645,3.5669,2.7998,1.662,5.985,39.4009,62.2,1.5788
SF11,D pre-0905,3_20260905_094205.930,18544,61,5.2244,4.6801,3.4476,2.7673,1.7126,5.7167,43.4149,41.4,1.6718
SF11,D pre-0905,3_20260905_094205.930,18544,62,5.039,4.8631,3.7162,2.945,1.7115,5.3333,38.8582,46.0,1.6412
SF11,D pre-0905,3_20260905_094205.930,18544,63,5.0549,4.6967,3.4869,2.7377,1.6568,4.8733,39.5135,56.6,1.5964
SF11,E0 post-0905 +30min,7_20260905_151133.499,1800,0,5.0815,4.6162,3.564,2.8345,1.6386,5.1367,46.4832,38.5,1.6127
SF11,E0 post-0905 +30min,7_20260905_151133.499,1800,1,5.3188,5.6247,4.3602,3.5766,2.3718,10.1633,41.8127,80.0,1.5304
SF11,E0 post-0905 +30min,7_20260905_151133.499,1800,2,5.0477,4.6102,3.5594,2.7473,1.3633,4.83,43.341,18.3,1.5713
SF11,E0 post-0905 +30min,7_20260905_151133.499,1800,3,4.9564,4.6967,3.7894,2.9733,1.5231,6.1517,43.7378,27.5,1.6043
SF11,E0 post-0905 +30min,7_20260905_151133.499,1800,4,5.1295,4.5531,3.4393,2.6975,1.4405,3.9833,48.7125,13.6,1.6286
SF11,E0 post-0905 +30min,7_20260905_151133.499,1800,5,5.5328,5.8741,4.6893,3.9557,2.7276,11.6933,42.4318,77.3,1.6008
SF11,E0 post-0905 +30min,7_20260905_151133.499,1800,6,5.0737,4.5589,3.471,2.7456,1.6259,7.86,52.7908,10.4,1.7252
SF11,E0 post-0905 +30min,7_20260905_151133.499,1800,7,5.4915,5.7326,4.5138,3.7648,2.5497,8.71,45.9063,76.2,1.636
SF11,E0 post-0905 +30min,7_20260905_151133.499,1800,8,5.0601,4.538,3.4882,2.7426,1.5683,9.4617,55.5692,7.7,1.7077
SF11,E0 post-0905 +30min,7_20260905_151133.499,1800,9,5.1313,4.5998,3.4837,2.7771,1.6841,9.0883,55.0975,15.1,1.7245
SF11,E0 post-0905 +30min,7_20260905_151133.499,1800,10,5.0868,4.6085,3.4903,2.8024,1.7552,5.6433,49.0964,30.1,1.6696
SF11,E0 post-0905 +30min,7_20260905_151133.499,1800,11,5.0679,4.5539,3.5407,2.7762,1.5631,5.2617,54.3814,8.5,1.6982
SF11,E0 post-0905 +30min,7_20260905_151133.499,1800,12,5.187,5.01,3.8744,3.1997,2.2316,7.765,54.4514,67.7,1.6308
SF11,E0 post-0905 +30min,7_20260905_151133.499,1800,13,5.1544,4.5416,3.4157,2.702,1.5437,7.84,53.7412,8.3,1.695
SF11,E0 post-0905 +30min,7_20260905_151133.499,1800,14,5.0097,5.1362,4.0405,3.3962,2.4293,10.4833,49.014,75.4,1.523
SF11,E0 post-0905 +30min,7_20260905_151133.499,1800,15,5.0882,4.5967,3.5126,2.7334,1.4506,3.4183,48.6489,14.8,1.6322
SF11,E0 post-0905 +30min,7_20260905_151133.499,1800,16,5.1357,4.6698,3.6318,3.0099,2.0023,7.1683,48.3384,40.6,1.6529
SF11,E0 post-0905 +30min,7_20260905_151133.499,1800,17,5.0218,5.0974,4.0585,3.3816,2.2373,8.0067,42.5096,72.6,1.5726
SF11,E0 post-0905 +30min,7_20260905_151133.499,1800,18,5.1237,4.6202,3.5503,2.9185,1.9017,13.7717,54.1242,31.9,1.7282
SF11,E0 post-0905 +30min,7_20260905_151133.499,1800,19,4.9986,4.6445,3.6738,2.8465,1.3788,6.275,43.4122,21.0,1.5666
SF11,E0 post-0905 +30min,7_20260905_151133.499,1800,20,5.0456,4.6486,3.6297,2.9735,1.9423,13.5017,54.4665,32.7,1.7489
SF11,E0 post-0905 +30min,7_20260905_151133.499,1800,21,4.9813,4.6531,3.6769,2.8447,1.4357,3.73,44.0512,18.6,1.6126
SF11,E0 post-0905 +30min,7_20260905_151133.499,1800,22,5.1419,4.5286,3.4136,2.7116,1.5566,18.1,53.449,9.5,1.6979
SF11,E0 post-0905 +30min,7_20260905_151133.499,1800,23,5.0785,4.5908,3.5087,2.7297,1.4241,3.7833,49.644,15.1,1.6208
SF11,E0 post-0905 +30min,7_20260905_151133.499,1800,24,5.1431,4.5602,3.455,2.7309,1.5075,8.3333,50.4644,17.8,1.6501
SF11,E0 post-0905 +30min,7_20260905_151133.499,1800,25,4.9941,4.6017,3.5858,2.751,1.3708,3.9317,44.269,25.5,1.5619
SF11,E0 post-0905 +30min,7_20260905_151133.499,1800,26,5.0675,4.6915,3.6542,2.9411,1.7824,5.8233,45.7347,45.7,1.6018
SF11,E0 post-0905 +30min,7_20260905_151133.499,1800,27,5.1123,4.5177,3.4376,2.7191,1.6101,7.3767,55.3272,9.4,1.7254
SF11,E0 post-0905 +30min,7_20260905_151133.499,1800,28,5.0052,4.6356,3.6169,2.812,1.5035,9.5067,54.0479,26.7,1.6207
SF11,E0 post-0905 +30min,7_20260905_151133.499,1800,29,5.0623,4.6093,3.5666,2.7626,1.437,4.4233,46.0493,25.6,1.5971
SF11,E0 post-0905 +30min,7_20260905_151133.499,1800,30,5.0099,4.9053,3.9552,3.2892,2.1164,6.765,40.5524,39.9,1.7165
SF11,E0 post-0905 +30min,7_20260905_151133.499,1800,31,5.1092,4.5422,3.4255,2.7202,1.5291,7.7467,52.6157,11.1,1.6809
SF11,E0 post-0905 +30min,7_20260905_151133.499,1800,32,5.0112,4.6517,3.683,2.8584,1.3884,8.9483,32.2259,23.1,1.5652
SF11,E0 post-0905 +30min,7_20260905_151133.499,1800,33,5.094,4.582,3.5221,2.7507,1.3822,3.8083,47.8431,18.6,1.5839
SF11,E0 post-0905 +30min,7_20260905_151133.499,1800,34,5.006,4.7184,3.8244,2.9968,1.4378,5.2167,39.789,19.7,1.6011
SF11,E0 post-0905 +30min,7_20260905_151133.499,1800,35,4.9655,4.6147,3.621,2.8322,1.5134,3.9167,49.581,26.5,1.6293
SF11,E0 post-0905 +30min,7_20260905_151133.499,1800,36,4.9762,4.6165,3.6326,2.8117,1.3307,4.4217,42.981,24.0,1.5336
SF11,E0 post-0905 +30min,7_20260905_151133.499,1800,37,5.164,4.5166,3.4429,2.7565,1.5449,3.0717,52.9322,8.7,1.7029
SF11,E0 post-0905 +30min,7_20260905_151133.499,1800,38,5.0424,4.5772,3.5289,2.7415,1.3777,3.5783,45.6444,18.1,1.587
SF11,E0 post-0905 +30min,7_20260905_151133.499,1800,39,5.1391,4.4912,3.4014,2.7145,1.503,3.9633,50.7502,8.7,1.676
SF11,E0 post-0905 +30min,7_20260905_151133.499,1800,40,5.1192,4.5309,3.4512,2.729,1.4326,4.9667,48.8143,10.4,1.6321
SF11,E0 post-0905 +30min,7_20260905_151133.499,1800,41,5.1094,4.5677,3.5003,2.7429,1.4319,3.0417,49.9604,14.4,1.6306
SF11,E0 post-0905 +30min,7_20260905_151133.499,1800,42,5.1071,4.4675,3.3789,2.7048,1.5265,9.3183,52.709,6.9,1.6924
SF11,E0 post-0905 +30min,7_20260905_151133.499,1800,43,5.0007,4.592,3.5666,2.7578,1.37,3.95,43.6174,20.6,1.576
SF11,E0 post-0905 +30min,7_20260905_151133.499,1800,44,5.1354,4.5475,3.4729,2.7337,1.4137,4.1433,48.3174,13.8,1.6149
SF11,E0 post-0905 +30min,7_20260905_151133.499,1800,45,4.9666,4.6654,3.722,2.8851,1.3883,3.98,43.5738,20.4,1.5762
SF11,E0 post-0905 +30min,7_20260905_151133.499,1800,46,5.0476,4.5922,3.5538,2.7626,1.3397,4.4383,44.7741,21.1,1.5506
SF11,E0 post-0905 +30min,7_20260905_151133.499,1800,47,4.9976,4.6304,3.6243,2.8072,1.4298,3.8183,45.4512,16.3,1.6181
SF11,E0 post-0905 +30min,7_20260905_151133.499,1800,48,5.0658,4.9692,3.9132,3.2554,2.0901,8.1017,41.4662,50.8,1.5481
SF11,E0 post-0905 +30min,7_20260905_151133.499,1800,49,4.968,4.6385,3.6661,2.8429,1.4355,3.6517,44.9608,14.8,1.6265
SF11,E0 post-0905 +30min,7_20260905_151133.499,1800,50,5.0621,4.6556,3.584,2.917,1.7711,7.4033,48.727,39.3,1.6414
SF11,E0 post-0905 +30min,7_20260905_151133.499,1800,51,5.0041,4.7138,3.8241,3.0086,1.4797,5.96,38.3921,16.3,1.631
SF11,E0 post-0905 +30min,7_20260905_151133.499,1800,52,5.0578,4.5147,3.4108,2.7087,1.5241,7.7367,47.3722,24.3,1.6358
SF11,E0 post-0905 +30min,7_20260905_151133.499,1800,53,5.1277,4.5772,3.4977,2.7162,1.3881,4.1033,44.4218,19.9,1.5836
SF11,E0 post-0905 +30min,7_20260905_151133.499,1800,54,5.0493,4.7599,3.7239,3.1193,2.0177,7.02,45.6208,42.0,1.6297
SF11,E0 post-0905 +30min,7_20260905_151133.499,1800,55,4.9876,4.6627,3.7192,2.896,1.3877,5.0483,40.9417,21.3,1.5706
SF11,E0 post-0905 +30min,7_20260905_151133.499,1800,56,5.0881,4.7166,3.6681,3.0255,1.8904,6.3417,46.8282,42.8,1.6253
SF11,E0 post-0905 +30min,7_20260905_151133.499,1800,57,5.0256,4.4615,3.3818,2.6591,1.4733,5.19,50.0899,9.7,1.6525
SF11,E0 post-0905 +30min,7_20260905_151133.499,1800,58,5.0546,4.7114,3.6609,2.9433,1.7297,6.535,42.3268,45.9,1.5805
SF11,E0 post-0905 +30min,7_20260905_151133.499,1800,59,5.0082,4.617,3.6188,2.8194,1.469,3.3717,51.9097,21.7,1.6264
SF11,E0 post-0905 +30min,7_20260905_151133.499,1800,60,5.0089,4.6216,3.6067,2.7978,1.4127,5.8183,42.4164,36.1,1.5377
SF11,E0 post-0905 +30min,7_20260905_151133.499,1800,61,5.0903,4.5654,3.4895,2.7378,1.4452,4.7,46.1906,21.4,1.6101
SF11,E0 post-0905 +30min,7_20260905_151133.499,1800,62,5.0099,4.7215,3.7933,3.0127,1.6523,5.9417,42.9277,39.1,1.6268
SF11,E0 post-0905 +30min,7_20260905_151133.499,1800,63,4.9405,4.6251,3.6136,2.8728,1.5898,5.575,42.8579,44.2,1.5674
SF11,E post-0905 +2.8h,7_20260905_151133.499,9948,0,4.988,4.576,3.4989,2.6977,1.5515,4.5983,56.4864,22.9,1.6516
SF11,E post-0905 +2.8h,7_20260905_151133.499,9948,1,4.4698,4.6335,3.4751,2.6653,1.5734,5.1883,50.7268,38.2,1.5523
SF11,E post-0905 +2.8h,7_20260905_151133.499,9948,2,4.9632,4.6001,3.5405,2.7123,1.4715,5.135,56.2781,21.9,1.6163
SF11,E post-0905 +2.8h,7_20260905_151133.499,9948,3,4.9817,5.3222,4.0763,3.1727,1.7587,4.9667,47.6948,48.2,1.6116
SF11,E post-0905 +2.8h,7_20260905_151133.499,9948,4,5.0295,4.5269,3.4108,2.6631,1.5227,4.4117,60.3334,16.2,1.6641
SF11,E post-0905 +2.8h,7_20260905_151133.499,9948,5,4.7732,4.879,3.7126,2.9142,1.8695,4.8033,50.1873,45.2,1.6171
SF11,E post-0905 +2.8h,7_20260905_151133.499,9948,6,4.9834,4.5004,3.4106,2.6773,1.6243,5.795,62.0671,8.6,1.7381
SF11,E post-0905 +2.8h,7_20260905_151133.499,9948,7,4.8888,4.787,3.6188,2.8241,1.751,4.045,53.6336,33.1,1.6532
SF11,E post-0905 +2.8h,7_20260905_151133.499,9948,8,4.9849,4.5275,3.4758,2.7185,1.6236,6.6167,65.8069,8.8,1.7313
SF11,E post-0905 +2.8h,7_20260905_151133.499,9948,9,5.0249,4.5087,3.3916,2.6695,1.6263,6.1083,63.6587,9.2,1.7351
SF11,E post-0905 +2.8h,7_20260905_151133.499,9948,10,4.9435,4.4553,3.3362,2.6191,1.5475,4.2967,58.3323,12.9,1.6867
SF11,E post-0905 +2.8h,7_20260905_151133.499,9948,11,4.9979,4.5519,3.5257,2.7428,1.6099,4.3817,64.0792,10.0,1.7246
SF11,E post-0905 +2.8h,7_20260905_151133.499,9948,12,4.7476,4.3808,3.2795,2.5542,1.5495,3.665,61.1015,20.4,1.6367
SF11,E post-0905 +2.8h,7_20260905_151133.499,9948,13,5.0539,4.5196,3.3899,2.6709,1.6081,4.5717,64.5432,10.7,1.7225
SF11,E post-0905 +2.8h,7_20260905_151133.499,9948,14,4.342,4.2475,3.173,2.4388,1.5382,4.0617,54.5628,35.4,1.5149
SF11,E post-0905 +2.8h,7_20260905_151133.499,9948,15,5.0039,4.5763,3.4862,2.6908,1.5116,4.24,58.4994,18.0,1.6516
SF11,E post-0905 +2.8h,7_20260905_151133.499,9948,16,5.0142,4.5661,3.473,2.7476,1.7244,4.775,60.3876,21.8,1.7033
SF11,E post-0905 +2.8h,7_20260905_151133.499,9948,17,4.6527,4.7145,3.6214,2.7982,1.5262,3.9033,48.7555,34.1,1.5907
SF11,E post-0905 +2.8h,7_20260905_151133.499,9948,18,5.0406,4.5181,3.4058,2.7012,1.6986,10.9683,68.2083,12.3,1.7519
SF11,E post-0905 +2.8h,7_20260905_151133.499,9948,19,4.9226,4.6378,3.6444,2.8082,1.4827,5.09,56.7028,22.1,1.6148
SF11,E post-0905 +2.8h,7_20260905_151133.499,9948,20,4.9832,4.5433,3.5104,2.7596,1.758,9.6883,66.464,11.5,1.7864
SF11,E post-0905 +2.8h,7_20260905_151133.499,9948,21,4.9275,4.6256,3.636,2.7973,1.4996,4.415,53.4978,17.1,1.6372
SF11,E post-0905 +2.8h,7_20260905_151133.499,9948,22,5.057,4.5145,3.3859,2.6831,1.6227,15.275,65.4837,10.5,1.7276
SF11,E post-0905 +2.8h,7_20260905_151133.499,9948,23,5.001,4.5791,3.4955,2.7114,1.5481,3.7167,62.9285,15.2,1.6863
SF11,E post-0905 +2.8h,7_20260905_151133.499,9948,24,5.0513,4.5411,3.4234,2.687,1.5591,7.4817,62.0834,16.0,1.6831
SF11,E post-0905 +2.8h,7_20260905_151133.499,9948,25,4.9145,4.6103,3.5898,2.745,1.4732,5.55,58.7992,22.3,1.6135
SF11,E post-0905 +2.8h,7_20260905_151133.499,9948,26,4.9781,4.6042,3.5388,2.725,1.5567,4.74,57.1044,25.5,1.6398
SF11,E post-0905 +2.8h,7_20260905_151133.499,9948,27,5.0415,4.5094,3.4194,2.6924,1.6687,6.1967,64.828,7.6,1.7649
SF11,E post-0905 +2.8h,7_20260905_151133.499,9948,28,4.9311,4.643,3.609,2.7921,1.6073,4.9167,56.5357,25.5,1.6534
SF11,E post-0905 +2.8h,7_20260905_151133.499,9948,29,4.9755,4.5931,3.5377,2.709,1.5026,4.3533,57.8576,21.4,1.6403
SF11,E post-0905 +2.8h,7_20260905_151133.499,9948,30,4.9032,4.6484,3.6848,2.8733,1.5854,5.0517,51.7424,18.5,1.6817
SF11,E post-0905 +2.8h,7_20260905_151133.499,9948,31,5.0264,4.5275,3.4039,2.6923,1.6066,4.865,63.7955,11.8,1.72
SF11,E post-0905 +2.8h,7_20260905_151133.499,9948,32,4.9299,4.6427,3.6528,2.8199,1.4868,8.2467,46.7417,24.4,1.6112
SF11,E post-0905 +2.8h,7_20260905_151133.499,9948,33,5.0205,4.5748,3.4922,2.7168,1.4719,4.245,58.3253,20.3,1.6271
SF11,E post-0905 +2.8h,7_20260905_151133.499,9948,34,4.9259,4.6943,3.757,2.9298,1.5054,5.455,52.7193,20.8,1.6307
SF11,E post-0905 +2.8h,7_20260905_151133.499,9948,35,4.8968,4.6016,3.5724,2.7681,1.5315,3.3717,61.0145,15.2,1.6736
SF11,E post-0905 +2.8h,7_20260905_151133.499,9948,36,4.9,4.6055,3.5864,2.7635,1.4422,4.7783,55.4602,23.9,1.5841
SF11,E post-0905 +2.8h,7_20260905_151133.499,9948,37,5.0868,4.502,3.4094,2.7237,1.5979,3.3583,63.531,10.2,1.7265
SF11,E post-0905 +2.8h,7_20260905_151133.499,9948,38,4.9692,4.5669,3.493,2.7014,1.4687,4.03,57.2023,19.9,1.6266
SF11,E post-0905 +2.8h,7_20260905_151133.499,9948,39,5.0695,4.483,3.373,2.6864,1.5768,4.665,60.9936,11.4,1.7122
SF11,E post-0905 +2.8h,7_20260905_151133.499,9948,40,5.0409,4.5187,3.4208,2.7011,1.5268,4.1433,60.8249,14.2,1.6742
SF11,E post-0905 +2.8h,7_20260905_151133.499,9948,41,5.0322,4.5576,3.4699,2.71,1.5042,3.8767,59.6309,17.6,1.6563
SF11,E post-0905 +2.8h,7_20260905_151133.499,9948,42,5.0379,4.4617,3.3554,2.6821,1.6157,8.455,64.7186,7.8,1.7324
SF11,E post-0905 +2.8h,7_20260905_151133.499,9948,43,4.9539,4.5921,3.5415,2.73,1.5017,4.0383,55.9736,17.8,1.6437
SF11,E post-0905 +2.8h,7_20260905_151133.499,9948,44,5.0545,4.5319,3.4392,2.7016,1.5087,4.1967,60.2578,14.4,1.6609
SF11,E post-0905 +2.8h,7_20260905_151133.499,9948,45,4.9939,4.663,3.6816,2.8441,1.5069,4.1233,56.9807,19.4,1.6367
SF11,E post-0905 +2.8h,7_20260905_151133.499,9948,46,4.9725,4.5855,3.5215,2.7269,1.4668,3.9717,56.7853,20.5,1.6172
SF11,E post-0905 +2.8h,7_20260905_151133.499,9948,47,4.9748,4.6419,3.6203,2.7892,1.5532,3.995,58.471,15.0,1.6713
SF11,E post-0905 +2.8h,7_20260905_151133.499,9948,48,4.8632,4.5825,3.471,2.6895,1.5023,5.7033,50.7131,36.9,1.5674
SF11,E post-0905 +2.8h,7_20260905_151133.499,9948,49,4.8932,4.6233,3.6241,2.7926,1.51,4.3433,55.9124,17.2,1.6536
SF11,E post-0905 +2.8h,7_20260905_151133.499,9948,50,4.9807,4.5147,3.3975,2.6686,1.5347,5.8967,57.1691,21.5,1.6524
SF11,E post-0905 +2.8h,7_20260905_151133.499,9948,51,4.9309,4.6948,3.7687,2.9525,1.5418,5.8683,52.5063,17.7,1.6585
SF11,E post-0905 +2.8h,7_20260905_151133.499,9948,52,4.9884,4.4563,3.3468,2.6344,1.5441,7.0183,58.7012,14.3,1.6774
SF11,E post-0905 +2.8h,7_20260905_151133.499,9948,53,5.0361,4.5535,3.4612,2.6677,1.4822,4.4817,54.5977,20.5,1.6322
SF11,E post-0905 +2.8h,7_20260905_151133.499,9948,54,4.9656,4.5155,3.4079,2.6853,1.5789,5.105,56.4413,22.4,1.6665
SF11,E post-0905 +2.8h,7_20260905_151133.499,9948,55,4.9134,4.6498,3.6773,2.8533,1.4885,5.4183,53.4089,21.3,1.6139
SF11,E post-0905 +2.8h,7_20260905_151133.499,9948,56,5.0058,4.5394,3.4373,2.6955,1.5567,4.5967,58.5282,20.8,1.6666
SF11,E post-0905 +2.8h,7_20260905_151133.499,9948,57,4.9575,4.4516,3.3608,2.6333,1.5615,5.9733,61.181,12.4,1.6902
SF11,E post-0905 +2.8h,7_20260905_151133.499,9948,58,4.9566,4.5858,3.5103,2.7035,1.5094,5.1917,53.7752,26.3,1.6239
SF11,E post-0905 +2.8h,7_20260905_151133.499,9948,59,4.9239,4.5909,3.5613,2.7412,1.4841,4.4317,59.2561,20.4,1.6248
SF11,E post-0905 +2.8h,7_20260905_151133.499,9948,60,4.9274,4.598,3.5571,2.7238,1.4504,5.34,54.7498,27.0,1.5858
SF11,E post-0905 +2.8h,7_20260905_151133.499,9948,61,4.9823,4.5305,3.4394,2.6742,1.496,4.55,57.3629,18.4,1.6463
SF11,E post-0905 +2.8h,7_20260905_151133.499,9948,62,4.9415,4.6725,3.7158,2.8986,1.5624,4.77,55.1035,20.6,1.6643
SF11,E post-0905 +2.8h,7_20260905_151133.499,9948,63,4.8415,4.5298,3.4733,2.6587,1.4465,4.8317,53.1844,26.7,1.5931
SF11,F test-0906 12:46,0_20260906_124136.884,300,0,4.6735,4.3436,3.2536,2.6487,1.6491,2.66,60.8983,12.4,1.7139
SF11,F test-0906 12:46,0_20260906_124136.884,300,1,4.087,3.8572,2.9079,2.3636,1.4211,1.9133,51.787,10.8,1.6019
SF11,F test-0906 12:46,0_20260906_124136.884,300,2,4.6886,4.3885,3.3,2.684,1.6414,3.7917,58.809,13.7,1.6932
SF11,F test-0906 12:46,0_20260906_124136.884,300,3,4.002,3.5875,2.6606,2.0273,1.1794,1.0633,38.8396,8.1,1.5156
SF11,F test-0906 12:46,0_20260906_124136.884,300,4,4.6168,4.248,3.1394,2.5756,1.6319,2.1217,61.846,10.2,1.7188
SF11,F test-0906 12:46,0_20260906_124136.884,300,5,4.2574,3.9797,2.9211,2.3634,1.4467,0.8333,54.7479,7.9,1.6417
SF11,F test-0906 12:46,0_20260906_124136.884,300,6,4.6161,4.2835,3.1609,2.6425,1.7357,5.57,72.0386,7.0,1.7845
SF11,F test-0906 12:46,0_20260906_124136.884,300,7,4.4327,4.1255,3.0284,2.4767,1.5514,1.0533,58.3552,8.6,1.6934
SF11,F test-0906 12:46,0_20260906_124136.884,300,8,4.6206,4.291,3.1784,2.6635,1.7385,5.1283,71.8417,7.5,1.7842
SF11,F test-0906 12:46,0_20260906_124136.884,300,9,4.6387,4.2812,3.1504,2.6294,1.7285,7.6817,71.9961,7.4,1.78
SF11,F test-0906 12:46,0_20260906_124136.884,300,10,4.5104,4.1434,3.0323,2.4873,1.5661,2.0517,56.9298,9.1,1.6907
SF11,F test-0906 12:46,0_20260906_124136.884,300,11,4.627,4.3089,3.2115,2.6946,1.7285,3.3767,69.1662,8.0,1.777
SF11,F test-0906 12:46,0_20260906_124136.884,300,12,4.5086,4.0193,2.9228,2.3744,1.4708,0.9183,60.9814,9.0,1.6474
SF11,F test-0906 12:46,0_20260906_124136.884,300,13,4.6638,4.2912,3.1663,2.6369,1.7231,2.9133,69.3866,8.8,1.7782
SF11,F test-0906 12:46,0_20260906_124136.884,300,14,3.8974,3.6102,2.5476,1.9729,1.1357,0.43,55.4517,7.6,1.4948
SF11,F test-0906 12:46,0_20260906_124136.884,300,15,4.6944,4.3584,3.2524,2.6577,1.6567,2.88,62.4239,12.3,1.7111
SF11,F test-0906 12:46,0_20260906_124136.884,300,16,4.6724,4.3001,3.2131,2.6332,1.6789,1.925,61.8707,8.4,1.7561
SF11,F test-0906 12:46,0_20260906_124136.884,300,17,3.8066,3.5966,2.5485,1.9525,1.2079,0.5917,46.4456,6.1,1.5406
SF11,F test-0906 12:46,0_20260906_124136.884,300,18,4.6565,4.2807,3.1563,2.6345,1.7449,10.8167,70.2535,7.9,1.7892
SF11,F test-0906 12:46,0_20260906_124136.884,300,19,4.75,4.4725,3.4224,2.7858,1.6735,2.66,65.4126,11.2,1.7179
SF11,F test-0906 12:46,0_20260906_124136.884,300,20,4.6154,4.2852,3.1832,2.6601,1.7747,5.0917,74.0191,6.7,1.8102
SF11,F test-0906 12:46,0_20260906_124136.884,300,21,4.7727,4.4851,3.4394,2.7929,1.6653,2.8433,57.594,11.5,1.7303
SF11,F test-0906 12:46,0_20260906_124136.884,300,22,4.6628,4.2906,3.1651,2.6424,1.7354,10.7617,71.1535,7.8,1.7788
SF11,F test-0906 12:46,0_20260906_124136.884,300,23,4.6921,4.3541,3.2617,2.6675,1.6812,2.2667,64.5903,11.0,1.7381
SF11,F test-0906 12:46,0_20260906_124136.884,300,24,4.6805,4.3086,3.1886,2.6322,1.6789,2.9017,64.182,10.0,1.7336
SF11,F test-0906 12:46,0_20260906_124136.884,300,25,4.7157,4.4333,3.3676,2.731,1.6642,2.4983,64.1907,11.6,1.7177
SF11,F test-0906 12:46,0_20260906_124136.884,300,26,4.6889,4.3691,3.2818,2.6666,1.6428,2.5483,62.786,13.5,1.7027
SF11,F test-0906 12:46,0_20260906_124136.884,300,27,4.6744,4.2784,3.1749,2.6481,1.7694,6.2717,71.3398,6.2,1.8105
SF11,F test-0906 12:46,0_20260906_124136.884,300,28,4.7105,4.4182,3.345,2.7212,1.679,8.9867,69.1864,11.2,1.727
SF11,F test-0906 12:46,0_20260906_124136.884,300,29,4.7045,4.3909,3.3116,2.6963,1.6729,2.465,64.9963,12.1,1.7265
SF11,F test-0906 12:46,0_20260906_124136.884,300,30,4.777,4.522,3.5086,2.871,1.6835,3.8167,57.3602,11.1,1.7296
SF11,F test-0906 12:46,0_20260906_124136.884,300,31,4.6629,4.2988,3.1784,2.6379,1.7054,2.5267,67.1979,8.8,1.7583
SF11,F test-0906 12:46,0_20260906_124136.884,300,32,4.7253,4.4734,3.4268,2.7936,1.6569,4.8883,55.0723,12.5,1.7024
SF11,F test-0906 12:46,0_20260906_124136.884,300,33,4.0216,3.7614,2.6951,2.0444,1.2927,0.9033,43.6544,9.1,1.5631
SF11,F test-0906 12:46,0_20260906_124136.884,300,34,4.3108,4.013,2.8977,2.2563,1.4198,1.1317,56.3892,12.4,1.5952
SF11,F test-0906 12:46,0_20260906_124136.884,300,35,3.9671,3.7019,2.7181,2.0618,1.203,0.99,38.8814,7.5,1.5256
SF11,F test-0906 12:46,0_20260906_124136.884,300,36,4.223,3.9221,2.7841,2.159,1.4033,1.0783,50.8795,10.4,1.6058
SF11,F test-0906 12:46,0_20260906_124136.884,300,37,4.0769,3.7904,2.716,2.0743,1.2696,1.0667,41.131,8.4,1.5552
SF11,F test-0906 12:46,0_20260906_124136.884,300,38,4.1499,3.8549,2.7171,2.0975,1.3812,1.065,49.5669,11.5,1.5925
SF11,F test-0906 12:46,0_20260906_124136.884,300,39,4.148,3.8244,2.7062,2.0784,1.3391,1.1267,44.6526,10.8,1.578
SF11,F test-0906 12:46,0_20260906_124136.884,300,40,4.086,3.8098,2.6926,2.0759,1.3516,0.9467,47.8088,9.6,1.588
SF11,F test-0906 12:46,0_20260906_124136.884,300,41,4.2072,3.871,2.7291,2.0993,1.3438,1.4067,43.1149,11.1,1.5728
SF11,F test-0906 12:46,0_20260906_124136.884,300,42,4.0464,3.7706,2.6606,2.0466,1.3265,0.8017,48.4396,9.2,1.5771
SF11,F test-0906 12:46,0_20260906_124136.884,300,43,4.2952,3.9315,2.7418,2.1093,1.4016,1.4233,47.1015,11.9,1.5923
SF11,F test-0906 12:46,0_20260906_124136.884,300,44,4.0437,3.7573,2.6639,2.0493,1.3122,0.7017,50.7245,8.6,1.5724
SF11,F test-0906 12:46,0_20260906_124136.884,300,45,4.4131,4.0767,2.8985,2.2421,1.4587,1.5133,50.2853,12.3,1.6176
SF11,F test-0906 12:46,0_20260906_124136.884,300,46,3.9698,3.7135,2.669,2.0545,1.2623,0.8183,42.466,6.8,1.5597
SF11,F test-0906 12:46,0_20260906_124136.884,300,47,4.9167,4.4262,3.3612,2.7277,1.6721,2.7317,58.1514,11.5,1.7315
SF11,F test-0906 12:46,0_20260906_124136.884,300,48,4.6258,4.307,3.2165,2.6125,1.6004,3.3817,57.2662,14.4,1.6684
SF11,F test-0906 12:46,0_20260906_124136.884,300,49,4.7405,4.4646,3.4152,2.7733,1.6632,2.5383,62.1425,12.8,1.7121
SF11,F test-0906 12:46,0_20260906_124136.884,300,50,4.6145,4.2473,3.1369,2.57,1.6254,2.6983,58.8975,11.9,1.7019
SF11,F test-0906 12:46,0_20260906_124136.884,300,51,4.8315,4.5676,3.5653,2.9204,1.6994,3.7883,57.666,10.4,1.7395
SF11,F test-0906 12:46,0_20260906_124136.884,300,52,4.5629,4.2045,3.082,2.5345,1.6199,2.4133,59.1525,10.9,1.6994
SF11,F test-0906 12:46,0_20260906_124136.884,300,53,4.715,4.3321,3.2392,2.639,1.6478,2.5167,62.1397,12.7,1.7047
SF11,F test-0906 12:46,0_20260906_124136.884,300,54,4.6172,4.2545,3.1471,2.5805,1.6489,2.5,58.3437,10.7,1.7261
SF11,F test-0906 12:46,0_20260906_124136.884,300,55,4.7695,4.5021,3.467,2.8246,1.6633,3.77,58.1893,12.7,1.7078
SF11,F test-0906 12:46,0_20260906_124136.884,300,56,4.6713,4.2916,3.1879,2.6165,1.6531,2.555,61.3974,11.8,1.7165
SF11,F test-0906 12:46,0_20260906_124136.884,300,57,4.6051,4.2565,3.1268,2.5943,1.6871,2.5383,63.2111,10.9,1.7441
SF11,F test-0906 12:46,0_20260906_124136.884,300,58,4.6852,4.3438,3.2609,2.6457,1.6292,2.8217,59.4628,13.6,1.6948
SF11,F test-0906 12:46,0_20260906_124136.884,300,59,4.6812,4.3821,3.314,2.6873,1.6407,2.5267,58.9916,11.7,1.7055
SF11,F test-0906 12:46,0_20260906_124136.884,300,60,4.7034,4.3926,3.3147,2.6741,1.6271,2.665,60.4337,14.0,1.6838
SF11,F test-0906 12:46,0_20260906_124136.884,300,61,4.6386,4.2933,3.2007,2.599,1.6154,2.6433,56.7045,12.7,1.6932
SF11,F test-0906 12:46,0_20260906_124136.884,300,62,4.8121,4.5246,3.5079,2.8659,1.6789,3.0183,59.9254,11.4,1.7245
SF11,F test-0906 12:46,0_20260906_124136.884,300,63,4.6197,4.3131,3.2284,2.598,1.5882,2.4183,57.3589,13.9,1.672
