animal,window,session,channel,spike_band_mad_adc,theta_ratio,spindle_ratio,delta_frac,log_gamma,swr_rate_per_min,swr_peak_freq_hz,swr_dur_ms,swr_peak_z
SF07,active night,14_20260904_201825.406,0,114.1,10.262,0.078,2.761,2.919,34.4,161.1,26.4,6.0
SF07,active night,14_20260904_201825.406,1,114.0,8.124,0.092,3.57,2.907,34.7,162.4,26.4,5.9
SF07,active night,14_20260904_201825.406,2,116.4,7.981,0.092,3.581,2.911,34.3,161.1,26.4,6.0
SF07,active night,14_20260904_201825.406,3,114.1,7.907,0.1,3.621,2.965,33.5,161.1,26.4,6.0
SF07,active night,14_20260904_201825.406,4,112.3,8.033,0.092,3.593,2.908,32.8,161.1,26.4,6.0
SF07,active night,14_20260904_201825.406,5,113.7,7.614,0.096,3.776,2.914,33.4,161.1,26.4,6.0
SF07,active night,14_20260904_201825.406,6,113.7,7.37,0.097,4.049,2.915,33.9,161.1,26.4,6.0
SF07,active night,14_20260904_201825.406,7,117.6,8.415,0.091,3.383,2.906,35.7,162.4,26.4,6.0
SF07,active night,14_20260904_201825.406,8,112.5,7.143,0.1,4.022,2.917,33.8,161.1,26.4,6.0
SF07,active night,14_20260904_201825.406,9,113.7,6.737,0.102,4.279,2.913,34.2,161.1,26.4,6.0
SF07,active night,14_20260904_201825.406,10,116.2,6.775,0.104,4.207,2.92,33.1,162.4,26.4,6.1
SF07,active night,14_20260904_201825.406,11,120.0,8.92,0.087,3.219,2.914,34.3,161.1,26.4,6.0
SF07,active night,14_20260904_201825.406,12,111.1,7.269,0.098,4.055,2.913,34.2,161.1,26.4,6.0
SF07,active night,14_20260904_201825.406,13,112.9,7.77,0.095,3.653,2.912,33.9,162.4,26.4,6.0
SF07,active night,14_20260904_201825.406,14,113.1,7.914,0.093,3.645,2.91,33.2,161.1,26.4,6.0
SF07,active night,14_20260904_201825.406,15,111.9,9.766,0.081,2.886,2.919,34.8,161.1,26.4,6.0
SF07,active night,14_20260904_201825.406,16,114.8,9.558,0.081,3.023,2.912,34.2,161.1,26.4,6.0
SF07,active night,14_20260904_201825.406,17,112.8,7.627,0.102,3.757,2.956,33.0,161.7,26.4,6.0
SF07,active night,14_20260904_201825.406,18,112.3,8.714,0.085,3.313,2.912,33.1,161.1,26.4,6.0
SF07,active night,14_20260904_201825.406,19,115.8,9.912,0.079,2.9,2.916,33.8,161.1,26.4,6.0
SF07,active night,14_20260904_201825.406,20,115.2,8.085,0.088,3.644,2.912,33.8,161.1,26.4,6.0
SF07,active night,14_20260904_201825.406,21,114.6,8.88,0.084,3.224,2.91,35.1,162.4,26.4,6.0
SF07,active night,14_20260904_201825.406,22,113.2,7.299,0.092,3.993,2.907,33.7,162.4,26.4,6.0
SF07,active night,14_20260904_201825.406,23,115.2,8.235,0.088,3.512,2.911,33.4,161.1,26.4,6.0
SF07,active night,14_20260904_201825.406,24,113.9,7.891,0.089,3.75,2.911,33.3,161.1,26.4,6.0
SF07,active night,14_20260904_201825.406,25,121.9,7.295,0.096,3.834,2.925,35.3,161.1,26.4,5.9
SF07,active night,14_20260904_201825.406,26,117.2,8.471,0.087,3.523,2.915,34.8,162.4,26.4,6.0
SF07,active night,14_20260904_201825.406,27,114.6,7.77,0.09,3.658,2.909,33.4,161.1,26.4,6.0
SF07,active night,14_20260904_201825.406,28,114.1,9.309,0.082,3.099,2.913,33.6,161.1,26.4,6.0
SF07,active night,14_20260904_201825.406,29,114.4,8.341,0.087,3.539,2.912,33.7,161.1,26.4,6.0
SF07,active night,14_20260904_201825.406,30,115.2,10.53,0.077,2.793,2.928,35.1,161.1,26.4,6.0
SF07,active night,14_20260904_201825.406,31,114.9,9.079,0.083,3.199,2.91,34.0,161.7,26.8,6.1
SF07,active night,14_20260904_201825.406,32,116.8,9.384,0.084,3.153,2.918,33.5,161.1,26.4,6.0
SF07,active night,14_20260904_201825.406,33,115.8,8.148,0.098,3.489,2.983,33.7,162.4,26.4,6.0
SF07,active night,14_20260904_201825.406,34,113.2,9.32,0.088,3.16,2.991,34.3,161.1,26.4,6.0
SF07,active night,14_20260904_201825.406,35,114.4,7.268,0.105,3.853,2.958,34.5,161.1,26.4,5.9
SF07,active night,14_20260904_201825.406,36,125.2,7.573,0.104,3.639,3.014,35.5,162.4,27.2,6.0
SF07,active night,14_20260904_201825.406,37,115.4,6.806,0.109,4.256,2.95,34.0,161.1,26.4,6.0
SF07,active night,14_20260904_201825.406,38,114.3,8.059,0.099,3.527,2.974,33.2,161.1,26.4,6.0
SF07,active night,14_20260904_201825.406,39,122.7,8.358,0.098,3.428,3.004,33.9,161.1,26.4,6.0
SF07,active night,14_20260904_201825.406,40,122.1,6.824,0.116,3.937,2.99,34.0,162.4,27.2,5.9
SF07,active night,14_20260904_201825.406,41,116.6,7.663,0.102,3.652,2.967,33.4,161.7,26.4,6.0
SF07,active night,14_20260904_201825.406,42,113.1,7.21,0.105,4.001,2.953,33.9,161.1,26.4,6.0
SF07,active night,14_20260904_201825.406,43,116.0,8.929,0.091,3.252,2.999,35.0,161.1,26.4,6.0
SF07,active night,14_20260904_201825.406,44,113.9,6.708,0.108,4.344,2.94,33.9,162.4,26.4,5.9
SF07,active night,14_20260904_201825.406,45,121.2,8.615,0.095,3.349,3.003,34.0,161.1,26.4,6.0
SF07,active night,14_20260904_201825.406,46,113.4,7.095,0.106,4.017,2.952,33.3,161.1,26.4,6.0
SF07,active night,14_20260904_201825.406,47,122.9,6.936,0.099,4.551,2.942,37.2,161.1,26.4,5.8
SF07,active night,14_20260904_201825.406,48,119.0,7.677,0.111,3.614,3.114,34.4,162.4,27.2,6.0
SF07,active night,14_20260904_201825.406,49,119.3,7.602,0.112,3.71,3.113,34.9,161.1,27.2,5.9
SF07,active night,14_20260904_201825.406,50,123.2,7.309,0.115,3.828,3.072,33.8,161.1,26.4,5.9
SF07,active night,14_20260904_201825.406,51,123.9,7.061,0.118,3.953,3.065,33.4,161.7,26.4,5.9
SF07,active night,14_20260904_201825.406,52,118.9,6.572,0.123,4.246,3.032,33.7,161.1,26.4,5.9
SF07,active night,14_20260904_201825.406,53,119.7,6.783,0.119,4.136,3.016,33.6,161.1,26.4,5.9
SF07,active night,14_20260904_201825.406,54,118.9,6.532,0.119,4.408,2.983,33.4,162.4,26.4,6.0
SF07,active night,14_20260904_201825.406,55,119.5,6.292,0.121,4.448,2.974,33.5,161.1,26.4,5.9
SF07,active night,14_20260904_201825.406,56,119.5,6.633,0.119,4.24,2.993,34.5,161.1,26.4,5.9
SF07,active night,14_20260904_201825.406,57,118.9,6.717,0.119,4.233,3.004,33.9,162.4,26.4,5.9
SF07,active night,14_20260904_201825.406,58,124.2,6.55,0.125,4.101,3.045,33.8,161.1,26.4,5.9
SF07,active night,14_20260904_201825.406,59,124.4,6.815,0.122,4.024,3.057,34.6,161.1,26.4,5.8
SF07,active night,14_20260904_201825.406,60,125.8,7.392,0.113,3.837,3.084,34.4,162.4,25.6,6.0
SF07,active night,14_20260904_201825.406,61,121.2,7.565,0.112,3.594,3.101,35.0,161.1,26.4,5.9
SF07,active night,14_20260904_201825.406,62,121.3,7.937,0.107,3.594,3.108,34.5,161.1,26.4,5.9
SF07,active night,14_20260904_201825.406,63,125.7,8.175,0.105,3.463,3.11,35.6,161.7,26.4,5.9
SF07,rest night,14_20260904_201825.406,0,41.2,0.813,0.705,15.977,2.639,51.1,153.8,32.0,7.7
SF07,rest night,14_20260904_201825.406,1,42.7,0.724,0.705,17.055,2.597,34.4,152.6,29.6,6.3
SF07,rest night,14_20260904_201825.406,2,48.5,0.726,0.703,16.997,2.61,29.8,153.8,30.4,6.3
SF07,rest night,14_20260904_201825.406,3,38.1,0.749,0.722,16.174,2.665,46.2,152.6,32.0,6.8
SF07,rest night,14_20260904_201825.406,4,39.8,0.719,0.707,17.06,2.6,35.0,153.8,30.0,6.2
SF07,rest night,14_20260904_201825.406,5,43.4,0.706,0.714,17.017,2.608,28.0,153.8,28.0,6.0
SF07,rest night,14_20260904_201825.406,6,38.8,0.7,0.713,17.512,2.611,29.1,152.6,28.8,5.9
SF07,rest night,14_20260904_201825.406,7,48.1,0.738,0.702,16.757,2.602,34.5,153.8,30.4,6.6
SF07,rest night,14_20260904_201825.406,8,38.4,0.699,0.716,17.059,2.618,22.0,151.4,28.4,5.9
SF07,rest night,14_20260904_201825.406,9,40.7,0.694,0.714,17.248,2.619,19.8,151.4,27.2,5.3
SF07,rest night,14_20260904_201825.406,10,49.3,0.697,0.715,17.022,2.643,11.6,153.8,25.6,5.3
SF07,rest night,14_20260904_201825.406,11,49.7,0.769,0.694,16.874,2.611,38.6,153.8,29.6,6.6
SF07,rest night,14_20260904_201825.406,12,43.9,0.7,0.715,17.378,2.614,21.3,151.4,28.8,5.7
SF07,rest night,14_20260904_201825.406,13,38.2,0.711,0.712,16.905,2.606,31.2,152.6,29.2,6.0
SF07,rest night,14_20260904_201825.406,14,38.5,0.707,0.711,17.011,2.604,34.4,152.6,28.8,6.1
SF07,rest night,14_20260904_201825.406,15,36.6,0.8,0.684,16.415,2.617,52.4,152.6,32.0,7.5
SF07,rest night,14_20260904_201825.406,16,44.3,0.78,0.711,16.439,2.632,45.0,153.8,31.2,7.1
SF07,rest night,14_20260904_201825.406,17,38.0,0.736,0.723,16.432,2.652,40.9,151.4,29.6,6.4
SF07,rest night,14_20260904_201825.406,18,38.1,0.737,0.721,16.55,2.635,36.0,153.8,30.4,6.6
SF07,rest night,14_20260904_201825.406,19,42.4,0.79,0.71,16.21,2.64,47.7,155.0,31.2,7.4
SF07,rest night,14_20260904_201825.406,20,44.0,0.719,0.727,16.847,2.641,28.5,152.6,28.0,6.1
SF07,rest night,14_20260904_201825.406,21,37.5,0.75,0.717,16.477,2.631,38.4,153.8,30.8,6.6
SF07,rest night,14_20260904_201825.406,22,40.2,0.701,0.725,17.199,2.647,18.5,151.4,28.0,5.5
SF07,rest night,14_20260904_201825.406,23,46.2,0.727,0.723,16.647,2.639,29.7,153.8,28.8,6.0
SF07,rest night,14_20260904_201825.406,24,41.0,0.712,0.725,17.031,2.642,26.1,152.6,29.6,5.9
SF07,rest night,14_20260904_201825.406,25,46.7,0.714,0.727,16.973,2.646,16.3,153.8,28.0,5.5
SF07,rest night,14_20260904_201825.406,26,48.5,0.726,0.724,16.833,2.643,28.0,155.0,29.6,6.0
SF07,rest night,14_20260904_201825.406,27,44.3,0.721,0.724,16.712,2.643,23.1,153.8,28.0,5.7
SF07,rest night,14_20260904_201825.406,28,46.3,0.764,0.717,16.277,2.641,40.2,154.4,30.4,6.6
SF07,rest night,14_20260904_201825.406,29,43.7,0.725,0.724,16.812,2.638,31.9,153.8,29.6,6.2
SF07,rest night,14_20260904_201825.406,30,40.6,0.825,0.701,16.405,2.652,55.6,153.8,32.0,7.9
SF07,rest night,14_20260904_201825.406,31,40.8,0.753,0.716,16.587,2.63,38.7,153.8,30.4,6.7
SF07,rest night,14_20260904_201825.406,32,43.1,0.771,0.693,16.878,2.611,49.0,153.8,31.2,7.1
SF07,rest night,14_20260904_201825.406,33,42.6,0.769,0.718,16.124,2.691,51.2,152.6,32.0,7.1
SF07,rest night,14_20260904_201825.406,34,35.3,0.802,0.694,16.506,2.713,63.1,151.4,32.8,8.2
SF07,rest night,14_20260904_201825.406,35,47.0,0.734,0.729,16.18,2.69,18.4,155.6,26.4,5.4
SF07,rest night,14_20260904_201825.406,36,60.5,0.784,0.717,15.917,2.772,32.2,153.8,29.6,6.2
SF07,rest night,14_20260904_201825.406,37,43.8,0.717,0.72,17.004,2.639,25.4,151.4,28.0,5.7
SF07,rest night,14_20260904_201825.406,38,40.3,0.762,0.719,16.15,2.678,48.8,152.6,32.0,6.9
SF07,rest night,14_20260904_201825.406,39,49.4,0.787,0.716,16.059,2.722,53.5,151.4,32.8,7.5
SF07,rest night,14_20260904_201825.406,40,43.4,0.731,0.721,16.599,2.651,37.1,152.6,28.8,6.2
SF07,rest night,14_20260904_201825.406,41,49.1,0.748,0.724,16.115,2.682,31.7,153.8,30.4,6.2
SF07,rest night,14_20260904_201825.406,42,45.0,0.723,0.723,16.645,2.65,29.1,151.4,28.8,5.8
SF07,rest night,14_20260904_201825.406,43,40.1,0.801,0.698,16.23,2.718,60.9,151.4,32.8,8.1
SF07,rest night,14_20260904_201825.406,44,42.0,0.704,0.722,16.962,2.633,25.0,152.0,28.8,5.5
SF07,rest night,14_20260904_201825.406,45,42.1,0.793,0.707,16.14,2.72,59.5,151.4,32.8,7.9
SF07,rest night,14_20260904_201825.406,46,44.2,0.722,0.724,16.579,2.645,28.9,151.4,28.8,5.9
SF07,rest night,14_20260904_201825.406,47,55.1,0.74,0.704,17.042,2.633,29.3,155.0,28.8,6.0
SF07,rest night,14_20260904_201825.406,48,39.9,0.791,0.717,15.631,2.858,64.5,151.4,33.6,8.3
SF07,rest night,14_20260904_201825.406,49,42.4,0.788,0.722,15.681,2.85,61.6,152.6,33.6,8.5
SF07,rest night,14_20260904_201825.406,50,45.8,0.78,0.739,15.535,2.788,57.1,151.4,32.0,7.8
SF07,rest night,14_20260904_201825.406,51,47.1,0.778,0.74,15.485,2.78,52.4,151.4,32.0,7.5
SF07,rest night,14_20260904_201825.406,52,47.2,0.753,0.74,15.932,2.726,42.0,151.4,29.6,6.7
SF07,rest night,14_20260904_201825.406,53,46.9,0.745,0.738,16.04,2.704,40.5,150.1,29.6,6.4
SF07,rest night,14_20260904_201825.406,54,45.7,0.718,0.732,16.658,2.662,30.1,151.4,28.8,5.7
SF07,rest night,14_20260904_201825.406,55,50.8,0.712,0.726,16.549,2.66,18.4,152.6,27.2,5.3
SF07,rest night,14_20260904_201825.406,56,44.8,0.733,0.731,16.261,2.675,36.2,151.4,28.8,5.9
SF07,rest night,14_20260904_201825.406,57,49.0,0.736,0.741,16.217,2.693,32.6,151.4,29.2,6.2
SF07,rest night,14_20260904_201825.406,58,46.4,0.772,0.743,15.432,2.749,45.4,151.4,29.6,6.9
SF07,rest night,14_20260904_201825.406,59,50.0,0.773,0.746,15.424,2.768,49.7,151.4,31.2,7.1
SF07,rest night,14_20260904_201825.406,60,46.2,0.782,0.732,15.677,2.804,57.6,151.4,32.8,7.9
SF07,rest night,14_20260904_201825.406,61,44.8,0.797,0.725,15.199,2.829,61.1,152.6,33.6,8.3
SF07,rest night,14_20260904_201825.406,62,42.1,0.786,0.706,16.263,2.853,65.7,151.4,33.6,8.7
SF07,rest night,14_20260904_201825.406,63,46.0,0.783,0.698,16.516,2.862,67.7,151.4,33.6,8.8
SF07,rest day,2_20260905_093310.289,0,43.1,1.196,0.679,11.36,2.643,42.7,156.2,32.8,7.3
SF07,rest day,2_20260905_093310.289,1,37.1,1.032,0.687,12.482,2.619,34.6,155.0,32.8,7.1
SF07,rest day,2_20260905_093310.289,2,44.6,1.034,0.684,12.43,2.628,35.6,155.0,33.6,7.0
SF07,rest day,2_20260905_093310.289,3,37.9,1.073,0.702,11.208,2.709,43.1,153.8,33.6,7.2
SF07,rest day,2_20260905_093310.289,4,34.4,1.011,0.69,12.771,2.619,34.4,155.0,34.4,6.9
SF07,rest day,2_20260905_093310.289,5,34.4,0.973,0.697,12.746,2.619,29.9,155.0,32.8,6.4
SF07,rest day,2_20260905_093310.289,6,42.2,0.938,0.692,13.844,2.616,27.6,156.2,33.6,6.3
SF07,rest day,2_20260905_093310.289,7,40.1,1.074,0.686,11.995,2.631,39.6,156.2,33.6,7.2
SF07,rest day,2_20260905_093310.289,8,35.1,0.931,0.701,13.089,2.617,24.4,155.6,32.4,6.3
SF07,rest day,2_20260905_093310.289,9,41.1,0.893,0.699,13.756,2.614,22.2,156.2,32.0,6.1
SF07,rest day,2_20260905_093310.289,10,46.9,0.921,0.702,13.082,2.628,19.7,155.0,30.4,6.0
SF07,rest day,2_20260905_093310.289,11,41.8,1.094,0.67,12.517,2.651,43.8,155.0,33.6,7.3
SF07,rest day,2_20260905_093310.289,12,48.1,0.928,0.69,13.768,2.661,18.6,158.7,30.4,5.9
SF07,rest day,2_20260905_093310.289,13,35.4,0.993,0.696,12.499,2.619,31.0,155.0,34.0,6.6
SF07,rest day,2_20260905_093310.289,14,34.9,0.987,0.693,12.646,2.621,33.5,155.0,34.4,6.7
SF07,rest day,2_20260905_093310.289,15,39.6,1.225,0.666,10.743,2.684,52.0,155.0,34.0,7.8
SF07,rest day,2_20260905_093310.289,16,41.9,1.126,0.685,12.054,2.63,37.7,156.2,32.0,7.2
SF07,rest day,2_20260905_093310.289,17,37.0,1.029,0.704,11.954,2.685,38.5,153.8,32.8,6.9
SF07,rest day,2_20260905_093310.289,18,42.3,1.041,0.698,12.264,2.632,32.7,156.2,32.0,6.7
SF07,rest day,2_20260905_093310.289,19,39.6,1.159,0.681,11.522,2.646,41.1,156.2,33.6,7.4
SF07,rest day,2_20260905_093310.289,20,39.3,0.975,0.704,12.89,2.626,27.6,156.2,32.8,6.5
SF07,rest day,2_20260905_093310.289,21,44.1,1.068,0.696,12.196,2.631,32.1,156.2,32.8,6.8
SF07,rest day,2_20260905_093310.289,22,38.8,0.903,0.706,13.957,2.624,20.4,156.2,32.4,6.3
SF07,rest day,2_20260905_093310.289,23,52.2,1.014,0.708,12.2,2.65,22.0,157.5,29.6,6.1
SF07,rest day,2_20260905_093310.289,24,36.8,0.945,0.703,13.562,2.626,25.7,156.2,32.0,6.4
SF07,rest day,2_20260905_093310.289,25,42.8,0.938,0.71,13.354,2.629,20.2,157.5,32.8,6.6
SF07,rest day,2_20260905_093310.289,26,44.2,0.992,0.697,12.936,2.631,30.4,156.2,32.0,6.5
SF07,rest day,2_20260905_093310.289,27,40.3,0.977,0.711,12.74,2.628,22.8,156.2,32.0,6.3
SF07,rest day,2_20260905_093310.289,28,41.3,1.101,0.691,11.76,2.636,37.2,156.2,33.6,7.0
SF07,rest day,2_20260905_093310.289,29,37.9,0.996,0.698,12.892,2.628,31.3,155.0,32.8,6.6
SF07,rest day,2_20260905_093310.289,30,37.6,1.188,0.67,12.268,2.663,44.9,156.2,33.6,7.8
SF07,rest day,2_20260905_093310.289,31,35.6,1.073,0.692,12.286,2.628,36.8,156.2,32.8,7.1
SF07,rest day,2_20260905_093310.289,32,42.6,1.121,0.662,12.199,2.668,47.6,155.0,34.4,7.5
SF07,rest day,2_20260905_093310.289,33,40.4,1.094,0.694,11.523,2.748,48.0,152.6,34.4,7.5
SF07,rest day,2_20260905_093310.289,34,37.6,1.137,0.664,11.717,2.806,55.7,153.8,34.4,8.6
SF07,rest day,2_20260905_093310.289,35,34.3,1.019,0.707,11.977,2.67,35.0,153.8,33.6,6.7
SF07,rest day,2_20260905_093310.289,36,53.0,1.119,0.683,11.699,2.788,43.9,153.8,32.8,7.4
SF07,rest day,2_20260905_093310.289,37,34.5,0.941,0.702,13.657,2.645,28.8,155.0,32.8,6.2
SF07,rest day,2_20260905_093310.289,38,39.8,1.092,0.697,11.382,2.726,45.1,153.8,34.4,7.4
SF07,rest day,2_20260905_093310.289,39,54.6,1.121,0.689,11.141,2.808,43.4,155.0,32.8,7.5
SF07,rest day,2_20260905_093310.289,40,35.2,1.009,0.701,12.468,2.675,36.7,153.8,32.8,6.7
SF07,rest day,2_20260905_093310.289,41,34.8,1.048,0.703,11.771,2.697,41.3,153.8,33.6,7.0
SF07,rest day,2_20260905_093310.289,42,38.4,0.97,0.703,12.921,2.661,32.7,153.8,32.8,6.4
SF07,rest day,2_20260905_093310.289,43,47.9,1.165,0.674,11.073,2.802,50.0,152.6,33.6,7.9
SF07,rest day,2_20260905_093310.289,44,39.7,0.908,0.704,13.565,2.643,26.1,155.0,32.0,6.0
SF07,rest day,2_20260905_093310.289,45,41.4,1.128,0.677,11.528,2.794,53.3,152.6,34.4,8.0
SF07,rest day,2_20260905_093310.289,46,36.6,0.971,0.707,12.601,2.656,31.1,155.0,32.0,6.5
SF07,rest day,2_20260905_093310.289,47,47.4,1.046,0.673,13.086,2.653,39.0,155.0,32.0,7.2
SF07,rest day,2_20260905_093310.289,48,38.1,1.137,0.685,10.255,2.918,53.2,152.6,33.6,8.0
SF07,rest day,2_20260905_093310.289,49,40.5,1.099,0.686,10.967,2.928,53.8,152.6,33.6,8.0
SF07,rest day,2_20260905_093310.289,50,44.0,1.068,0.703,11.258,2.842,51.3,153.8,33.6,7.6
SF07,rest day,2_20260905_093310.289,51,44.5,1.068,0.706,11.063,2.817,48.5,153.8,33.6,7.4
SF07,rest day,2_20260905_093310.289,52,40.8,1.009,0.712,12.044,2.74,42.1,152.6,33.6,6.9
SF07,rest day,2_20260905_093310.289,53,43.1,0.983,0.712,12.373,2.732,39.0,153.8,32.8,6.7
SF07,rest day,2_20260905_093310.289,54,39.2,0.904,0.708,13.69,2.673,32.5,152.6,31.2,6.3
SF07,rest day,2_20260905_093310.289,55,43.4,0.913,0.71,13.105,2.663,26.8,154.4,31.2,6.3
SF07,rest day,2_20260905_093310.289,56,41.5,0.961,0.712,12.618,2.694,35.6,153.8,32.0,6.4
SF07,rest day,2_20260905_093310.289,57,46.0,0.957,0.711,12.736,2.719,33.7,152.6,32.0,6.4
SF07,rest day,2_20260905_093310.289,58,40.1,1.058,0.716,11.005,2.77,44.9,152.6,33.6,7.0
SF07,rest day,2_20260905_093310.289,59,42.5,1.04,0.709,11.475,2.798,47.0,152.6,33.6,7.3
SF07,rest day,2_20260905_093310.289,60,41.2,1.083,0.695,11.241,2.881,51.5,152.6,35.2,8.0
SF07,rest day,2_20260905_093310.289,61,39.6,1.171,0.698,9.579,2.914,53.4,152.6,34.0,8.2
SF07,rest day,2_20260905_093310.289,62,43.0,1.067,0.667,11.961,2.945,53.2,152.6,33.6,8.0
SF07,rest day,2_20260905_093310.289,63,47.4,1.079,0.664,11.424,2.965,52.7,152.6,32.0,7.7
SF08,active night,7_20260904_202056.765,0,64.9,7.927,0.129,4.12,2.919,66.4,155.0,27.2,5.9
SF08,active night,7_20260904_202056.765,1,83.5,3.922,0.239,5.883,3.065,45.8,155.0,26.4,5.5
SF08,active night,7_20260904_202056.765,2,71.3,6.802,0.144,4.643,2.964,60.6,155.0,27.2,5.8
SF08,active night,7_20260904_202056.765,3,77.3,4.097,0.223,5.966,3.224,49.0,155.0,25.6,5.4
SF08,active night,7_20260904_202056.765,4,66.4,6.973,0.137,4.941,2.897,67.1,155.0,27.2,5.8
SF08,active night,7_20260904_202056.765,5,70.6,6.301,0.146,5.06,2.98,58.9,155.0,26.4,5.7
SF08,active night,7_20260904_202056.765,6,70.3,4.913,0.155,7.65,2.851,58.8,155.0,26.8,5.8
SF08,active night,7_20260904_202056.765,7,69.6,6.872,0.138,5.6,2.908,65.5,155.0,27.2,5.9
SF08,active night,7_20260904_202056.765,8,70.8,4.912,0.16,7.411,2.857,59.3,155.0,26.4,5.8
SF08,active night,7_20260904_202056.765,9,72.2,5.786,0.145,6.124,2.861,63.1,155.0,26.4,5.9
SF08,active night,7_20260904_202056.765,10,71.5,6.531,0.141,5.503,2.895,65.2,155.0,26.4,5.9
SF08,active night,7_20260904_202056.765,11,73.0,5.118,0.161,6.288,2.901,58.9,155.0,27.2,5.7
SF08,active night,7_20260904_202056.765,12,71.5,6.628,0.143,4.981,2.943,63.7,155.0,27.2,5.8
SF08,active night,7_20260904_202056.765,13,69.8,6.628,0.139,5.105,2.89,66.1,155.0,27.2,5.9
SF08,active night,7_20260904_202056.765,14,86.8,6.076,0.163,4.778,3.044,44.0,156.2,25.6,5.5
SF08,active night,7_20260904_202056.765,15,70.7,7.063,0.138,4.921,2.914,64.4,155.0,27.2,5.9
SF08,active night,7_20260904_202056.765,16,70.7,7.545,0.131,4.4,2.893,66.9,155.0,27.2,5.8
SF08,active night,7_20260904_202056.765,17,78.9,8.477,0.125,3.341,3.114,46.0,156.2,26.4,5.6
SF08,active night,7_20260904_202056.765,18,71.0,6.05,0.15,5.278,2.919,60.9,155.0,27.2,5.8
SF08,active night,7_20260904_202056.765,19,80.2,7.384,0.144,4.373,3.028,49.6,156.2,26.4,5.6
SF08,active night,7_20260904_202056.765,20,72.3,6.247,0.144,5.51,2.91,63.6,155.0,26.4,5.8
SF08,active night,7_20260904_202056.765,21,82.6,6.373,0.16,4.836,3.036,45.4,155.0,26.4,5.6
SF08,active night,7_20260904_202056.765,22,73.4,6.258,0.143,5.248,2.907,62.1,155.0,27.2,5.8
SF08,active night,7_20260904_202056.765,23,65.7,7.762,0.13,4.273,2.904,66.7,155.0,27.2,5.8
SF08,active night,7_20260904_202056.765,24,76.0,7.211,0.134,4.57,2.892,65.0,155.0,27.2,5.8
SF08,active night,7_20260904_202056.765,25,77.5,7.201,0.143,4.428,3.024,48.4,155.0,26.4,5.8
SF08,active night,7_20260904_202056.765,26,67.0,8.008,0.131,4.006,2.948,64.2,155.0,27.2,5.8
SF08,active night,7_20260904_202056.765,27,71.6,6.381,0.142,5.117,2.91,64.0,155.0,27.2,5.8
SF08,active night,7_20260904_202056.765,28,72.4,7.198,0.141,4.395,3.005,56.3,155.0,26.4,5.7
SF08,active night,7_20260904_202056.765,29,73.8,6.883,0.145,4.426,3.003,53.9,155.0,26.4,5.7
SF08,active night,7_20260904_202056.765,30,83.6,4.991,0.199,5.396,3.032,44.7,156.2,25.6,5.6
SF08,active night,7_20260904_202056.765,31,74.2,6.038,0.15,5.217,2.917,61.2,155.0,27.2,5.6
SF08,active night,7_20260904_202056.765,32,7.7,0.615,0.605,23.174,-0.023,3.0,160.5,23.2,4.5
SF08,active night,7_20260904_202056.765,33,69.9,9.503,0.113,3.356,2.925,66.7,155.0,26.4,5.7
SF08,active night,7_20260904_202056.765,34,73.8,3.06,0.287,6.868,3.318,46.3,153.8,26.4,5.4
SF08,active night,7_20260904_202056.765,35,74.4,10.348,0.111,2.925,3.069,56.9,155.0,27.2,5.7
SF08,active night,7_20260904_202056.765,36,81.6,9.856,0.112,3.042,3.096,47.3,156.2,26.4,5.7
SF08,active night,7_20260904_202056.765,37,78.7,7.581,0.124,4.347,2.884,61.8,155.0,27.2,5.9
SF08,active night,7_20260904_202056.765,38,76.5,9.765,0.113,3.059,2.97,58.8,156.2,27.2,5.8
SF08,active night,7_20260904_202056.765,39,76.1,6.147,0.14,5.181,2.906,57.8,156.2,26.8,5.8
SF08,active night,7_20260904_202056.765,40,91.2,8.145,0.12,3.922,2.886,60.5,155.0,27.2,5.8
SF08,active night,7_20260904_202056.765,41,75.6,9.013,0.117,3.631,2.908,62.3,155.0,27.2,5.8
SF08,active night,7_20260904_202056.765,42,76.6,6.792,0.131,5.001,2.885,60.7,156.2,27.2,5.8
SF08,active night,7_20260904_202056.765,43,71.4,10.307,0.112,2.925,3.042,58.6,155.0,27.2,5.8
SF08,active night,7_20260904_202056.765,44,79.1,8.58,0.118,3.808,2.888,64.8,155.0,27.2,5.9
SF08,active night,7_20260904_202056.765,45,76.6,6.039,0.163,4.536,3.16,47.6,156.2,25.6,5.5
SF08,active night,7_20260904_202056.765,46,70.2,10.18,0.112,2.9,3.007,60.1,155.0,26.4,5.7
SF08,active night,7_20260904_202056.765,47,76.1,6.97,0.147,4.74,3.019,54.8,155.6,26.4,5.7
SF08,active night,7_20260904_202056.765,48,73.5,7.838,0.127,3.979,2.944,57.6,155.0,26.4,5.8
SF08,active night,7_20260904_202056.765,49,78.0,8.493,0.128,3.84,3.05,48.9,155.0,26.4,5.7
SF08,active night,7_20260904_202056.765,50,64.5,5.398,0.152,6.371,2.869,62.1,155.0,26.4,5.8
SF08,active night,7_20260904_202056.765,51,72.8,3.628,0.242,7.063,3.169,48.7,155.0,26.4,5.5
SF08,active night,7_20260904_202056.765,52,63.9,4.801,0.166,6.905,2.882,59.6,155.0,27.2,5.7
SF08,active night,7_20260904_202056.765,53,66.8,8.019,0.129,4.037,2.968,59.6,155.0,26.4,5.8
SF08,active night,7_20260904_202056.765,54,63.4,5.471,0.154,6.433,2.86,61.5,155.0,26.4,5.8
SF08,active night,7_20260904_202056.765,55,66.6,8.016,0.129,4.094,2.966,59.8,155.0,26.4,5.8
SF08,active night,7_20260904_202056.765,56,66.1,5.852,0.147,5.862,2.869,60.9,156.2,26.4,5.8
SF08,active night,7_20260904_202056.765,57,139.9,1.864,0.393,9.468,3.351,10.0,155.0,25.6,4.8
SF08,active night,7_20260904_202056.765,58,76.3,7.321,0.139,3.976,2.994,54.3,155.0,25.6,5.7
SF08,active night,7_20260904_202056.765,59,78.7,8.778,0.126,3.752,3.038,52.8,155.0,26.4,5.7
SF08,active night,7_20260904_202056.765,60,72.0,9.22,0.121,3.448,3.005,59.0,155.0,27.2,5.8
SF08,active night,7_20260904_202056.765,61,68.4,7.28,0.131,4.834,2.863,63.6,156.2,26.4,5.9
SF08,active night,7_20260904_202056.765,62,75.0,5.167,0.185,5.541,3.101,51.0,155.0,26.4,5.6
SF08,active night,7_20260904_202056.765,63,68.0,9.101,0.122,3.471,2.978,63.5,155.0,27.2,5.8
SF08,rest night,7_20260904_202056.765,0,42.7,0.534,0.775,19.028,2.656,27.7,153.8,26.4,5.1
SF08,rest night,7_20260904_202056.765,1,65.7,0.551,0.77,18.813,2.796,26.8,159.9,28.0,6.4
SF08,rest night,7_20260904_202056.765,2,44.4,0.54,0.766,18.999,2.698,35.0,153.8,25.6,5.4
SF08,rest night,7_20260904_202056.765,3,59.2,0.62,0.772,17.215,3.003,52.8,158.7,27.2,6.2
SF08,rest night,7_20260904_202056.765,4,47.8,0.471,0.749,20.281,2.647,11.7,151.4,26.4,5.0
SF08,rest night,7_20260904_202056.765,5,51.3,0.559,0.77,18.713,2.737,32.4,157.5,27.2,5.5
SF08,rest night,7_20260904_202056.765,6,47.5,0.383,0.596,21.773,2.591,6.1,157.5,24.8,4.7
SF08,rest night,7_20260904_202056.765,7,39.8,0.487,0.757,19.845,2.631,26.1,152.6,26.4,5.2
SF08,rest night,7_20260904_202056.765,8,47.7,0.372,0.591,21.863,2.598,11.2,153.8,23.2,4.7
SF08,rest night,7_20260904_202056.765,9,48.4,0.391,0.634,21.566,2.582,11.0,153.2,24.0,4.8
SF08,rest night,7_20260904_202056.765,10,47.5,0.446,0.736,20.564,2.623,16.5,153.8,26.4,4.9
SF08,rest night,7_20260904_202056.765,11,50.2,0.356,0.596,22.302,2.625,15.8,155.0,24.8,4.9
SF08,rest night,7_20260904_202056.765,12,49.4,0.516,0.763,19.281,2.676,20.6,153.2,25.6,5.1
SF08,rest night,7_20260904_202056.765,13,46.0,0.426,0.714,21.059,2.619,17.2,152.6,26.4,4.9
SF08,rest night,7_20260904_202056.765,14,59.6,0.58,0.758,18.439,2.785,40.9,159.9,30.4,6.6
SF08,rest night,7_20260904_202056.765,15,45.6,0.498,0.76,19.718,2.639,23.2,152.6,26.8,5.1
SF08,rest night,7_20260904_202056.765,16,44.0,0.495,0.763,19.664,2.622,20.0,152.6,26.4,4.9
SF08,rest night,7_20260904_202056.765,17,58.0,0.624,0.752,17.41,2.908,76.3,161.1,31.2,8.1
SF08,rest night,7_20260904_202056.765,18,48.6,0.403,0.716,21.281,2.649,12.3,153.8,24.0,4.7
SF08,rest night,7_20260904_202056.765,19,57.3,0.608,0.766,17.924,2.791,39.2,158.7,30.4,6.6
SF08,rest night,7_20260904_202056.765,20,46.7,0.367,0.654,21.979,2.644,17.4,153.8,26.4,4.9
SF08,rest night,7_20260904_202056.765,21,58.2,0.607,0.754,18.08,2.792,31.8,161.1,30.4,6.6
SF08,rest night,7_20260904_202056.765,22,47.8,0.43,0.724,21.188,2.645,8.7,151.4,24.0,4.7
SF08,rest night,7_20260904_202056.765,23,40.5,0.517,0.768,19.419,2.636,26.4,153.8,26.4,4.9
SF08,rest night,7_20260904_202056.765,24,49.1,0.465,0.749,20.309,2.647,7.5,152.6,24.8,4.7
SF08,rest night,7_20260904_202056.765,25,54.8,0.593,0.783,17.933,2.795,26.1,157.5,27.2,5.5
SF08,rest night,7_20260904_202056.765,26,40.6,0.551,0.78,18.7,2.691,30.3,153.8,26.4,5.3
SF08,rest night,7_20260904_202056.765,27,44.0,0.385,0.688,21.572,2.644,18.0,153.8,25.6,4.8
SF08,rest night,7_20260904_202056.765,28,50.2,0.582,0.793,18.03,2.776,19.4,156.2,27.2,5.2
SF08,rest night,7_20260904_202056.765,29,50.5,0.562,0.78,18.401,2.729,21.9,153.8,26.4,5.0
SF08,rest night,7_20260904_202056.765,30,58.7,0.569,0.777,18.545,2.772,31.9,159.9,27.2,6.3
SF08,rest night,7_20260904_202056.765,31,49.3,0.447,0.741,20.607,2.629,11.8,152.6,24.8,4.8
SF08,rest night,7_20260904_202056.765,32,7.8,0.5,0.739,22.321,0.077,1.7,156.2,21.6,4.5
SF08,rest night,7_20260904_202056.765,33,47.9,0.586,0.756,18.578,2.695,27.0,152.6,27.2,5.1
SF08,rest night,7_20260904_202056.765,34,48.6,0.665,0.757,16.703,3.086,47.7,153.8,28.0,5.8
SF08,rest night,7_20260904_202056.765,35,48.5,0.653,0.753,17.298,2.876,58.4,158.7,28.8,6.2
SF08,rest night,7_20260904_202056.765,36,59.5,0.654,0.741,17.268,2.899,70.5,161.1,29.6,7.2
SF08,rest night,7_20260904_202056.765,37,49.9,0.489,0.752,20.616,2.625,16.6,152.6,24.0,4.8
SF08,rest night,7_20260904_202056.765,38,55.7,0.61,0.76,17.924,2.763,17.2,155.0,26.4,5.2
SF08,rest night,7_20260904_202056.765,39,45.8,0.471,0.742,21.115,2.62,14.9,152.6,25.6,4.9
SF08,rest night,7_20260904_202056.765,40,50.5,0.53,0.752,19.724,2.628,18.2,152.6,25.6,4.9
SF08,rest night,7_20260904_202056.765,41,51.2,0.565,0.757,19.054,2.661,21.0,154.4,25.6,5.0
SF08,rest night,7_20260904_202056.765,42,48.6,0.446,0.729,21.704,2.622,12.3,152.6,25.6,4.7
SF08,rest night,7_20260904_202056.765,43,47.9,0.642,0.76,17.588,2.846,41.8,156.2,27.6,5.6
SF08,rest night,7_20260904_202056.765,44,50.3,0.55,0.753,19.364,2.638,22.9,152.6,25.6,4.8
SF08,rest night,7_20260904_202056.765,45,55.3,0.595,0.776,17.669,2.936,70.9,159.9,31.2,7.4
SF08,rest night,7_20260904_202056.765,46,45.0,0.629,0.759,17.625,2.799,36.8,153.8,26.4,5.3
SF08,rest night,7_20260904_202056.765,47,47.9,0.566,0.767,18.714,2.762,49.7,158.7,29.6,6.1
SF08,rest night,7_20260904_202056.765,48,49.6,0.553,0.764,18.861,2.669,21.5,155.0,25.6,5.1
SF08,rest night,7_20260904_202056.765,49,54.2,0.62,0.758,17.963,2.824,45.9,158.7,30.4,7.0
SF08,rest night,7_20260904_202056.765,50,41.0,0.423,0.645,21.191,2.598,7.1,153.8,23.2,4.7
SF08,rest night,7_20260904_202056.765,51,50.4,0.594,0.789,18.005,2.9,37.4,157.5,28.0,5.6
SF08,rest night,7_20260904_202056.765,52,41.3,0.405,0.62,21.531,2.59,6.0,155.0,24.8,4.8
SF08,rest night,7_20260904_202056.765,53,41.1,0.549,0.765,19.029,2.71,41.6,159.3,28.8,6.6
SF08,rest night,7_20260904_202056.765,54,40.7,0.409,0.632,21.573,2.581,6.4,153.8,24.8,4.7
SF08,rest night,7_20260904_202056.765,55,40.8,0.547,0.766,19.086,2.709,41.7,158.7,28.8,6.7
SF08,rest night,7_20260904_202056.765,56,43.4,0.438,0.668,20.808,2.625,9.5,153.8,24.8,5.4
SF08,rest night,7_20260904_202056.765,57,93.9,0.432,0.653,20.598,3.038,3.4,154.4,21.6,4.7
SF08,rest night,7_20260904_202056.765,58,52.7,0.566,0.778,18.535,2.716,19.1,153.8,24.8,5.1
SF08,rest night,7_20260904_202056.765,59,54.1,0.613,0.764,18.001,2.82,39.6,158.7,28.0,5.9
SF08,rest night,7_20260904_202056.765,60,47.5,0.609,0.776,17.837,2.798,41.1,156.2,27.2,5.5
SF08,rest night,7_20260904_202056.765,61,43.8,0.478,0.729,20.214,2.618,10.7,153.8,24.8,4.9
SF08,rest night,7_20260904_202056.765,62,49.7,0.576,0.794,18.077,2.852,39.9,159.9,28.0,6.4
SF08,rest night,7_20260904_202056.765,63,48.0,0.59,0.777,18.202,2.748,28.6,155.0,27.2,5.2
SF08,rest day,2_20260905_093534.819,0,44.4,1.61,0.563,9.339,2.77,18.8,152.6,26.0,5.4
SF08,rest day,2_20260905_093534.819,1,54.5,1.537,0.606,9.231,2.867,20.0,157.5,27.2,6.0
SF08,rest day,2_20260905_093534.819,2,51.4,1.588,0.572,9.358,2.788,20.7,153.8,28.0,5.5
SF08,rest day,2_20260905_093534.819,3,63.3,1.482,0.617,8.88,3.06,29.3,158.7,28.8,6.4
SF08,rest day,2_20260905_093534.819,4,50.0,1.371,0.564,10.982,2.772,11.7,151.4,24.8,5.2
SF08,rest day,2_20260905_093534.819,5,49.2,1.544,0.59,9.401,2.852,9.4,155.0,25.2,5.0
SF08,rest day,2_20260905_093534.819,6,52.0,1.059,0.524,13.235,2.784,14.2,151.4,24.8,4.9
SF08,rest day,2_20260905_093534.819,7,48.5,1.43,0.566,10.291,2.763,17.5,152.6,27.2,5.3
SF08,rest day,2_20260905_093534.819,8,53.3,1.005,0.504,13.432,2.771,10.7,153.8,25.6,5.0
SF08,rest day,2_20260905_093534.819,9,44.9,1.152,0.546,12.196,2.791,14.4,151.4,26.4,5.2
SF08,rest day,2_20260905_093534.819,10,52.0,1.287,0.562,11.277,2.778,12.3,151.4,28.8,5.0
SF08,rest day,2_20260905_093534.819,11,52.2,0.973,0.501,14.396,2.783,14.6,152.6,25.6,5.1
SF08,rest day,2_20260905_093534.819,12,51.0,1.516,0.572,9.666,2.778,15.7,152.6,27.2,5.4
SF08,rest day,2_20260905_093534.819,13,53.6,1.232,0.553,11.764,2.797,9.5,152.6,26.4,5.1
SF08,rest day,2_20260905_093534.819,14,52.5,1.624,0.591,8.911,2.842,26.3,156.2,27.2,6.1
SF08,rest day,2_20260905_093534.819,15,44.8,1.482,0.566,10.047,2.763,17.8,152.0,28.0,5.6
SF08,rest day,2_20260905_093534.819,16,49.1,1.483,0.564,9.851,2.762,16.4,152.6,26.4,5.3
SF08,rest day,2_20260905_093534.819,17,60.3,2.035,0.522,7.493,2.97,41.4,161.1,32.0,8.0
SF08,rest day,2_20260905_093534.819,18,47.9,1.174,0.557,11.851,2.799,14.1,151.4,26.4,5.1
SF08,rest day,2_20260905_093534.819,19,59.0,1.772,0.575,8.408,2.864,28.9,158.7,28.0,6.4
SF08,rest day,2_20260905_093534.819,20,52.4,1.012,0.502,13.703,2.796,6.5,156.2,24.0,5.0
SF08,rest day,2_20260905_093534.819,21,61.5,1.733,0.579,8.622,2.865,26.7,161.1,30.4,6.8
SF08,rest day,2_20260905_093534.819,22,51.8,1.266,0.556,12.178,2.788,12.2,152.6,26.4,5.0
SF08,rest day,2_20260905_093534.819,23,61.7,1.549,0.563,9.707,2.786,8.1,153.8,26.4,5.2
SF08,rest day,2_20260905_093534.819,24,53.1,1.343,0.571,10.878,2.81,7.2,156.2,25.6,5.1
SF08,rest day,2_20260905_093534.819,25,57.4,1.757,0.578,8.227,2.87,18.2,156.2,26.4,5.8
SF08,rest day,2_20260905_093534.819,26,45.7,1.656,0.567,9.043,2.787,20.1,152.6,25.6,5.5
SF08,rest day,2_20260905_093534.819,27,48.4,1.113,0.543,12.425,2.802,15.0,151.4,27.2,5.0
SF08,rest day,2_20260905_093534.819,28,49.1,1.719,0.58,8.526,2.837,23.5,153.8,26.4,5.9
SF08,rest day,2_20260905_093534.819,29,47.9,1.722,0.572,8.558,2.817,21.7,153.8,26.4,5.6
SF08,rest day,2_20260905_093534.819,30,63.0,1.577,0.613,8.971,2.87,24.4,161.1,29.6,6.5
SF08,rest day,2_20260905_093534.819,31,50.3,1.282,0.567,11.206,2.798,9.1,152.6,25.6,4.9
SF08,rest day,2_20260905_093534.819,32,8.3,0.618,0.704,18.939,0.288,1.3,158.7,21.6,4.7
SF08,rest day,2_20260905_093534.819,33,49.4,1.81,0.53,9.142,2.769,21.7,151.4,25.6,5.3
SF08,rest day,2_20260905_093534.819,34,53.6,1.315,0.652,9.414,3.129,26.8,153.8,28.0,5.9
SF08,rest day,2_20260905_093534.819,35,50.7,2.076,0.515,7.892,2.918,30.8,156.2,27.2,6.1
SF08,rest day,2_20260905_093534.819,36,60.4,2.1,0.511,7.765,2.941,38.5,159.9,30.4,7.1
SF08,rest day,2_20260905_093534.819,37,57.6,1.478,0.557,10.823,2.762,10.3,151.4,24.0,5.2
SF08,rest day,2_20260905_093534.819,38,46.3,1.928,0.527,8.222,2.801,22.3,152.6,27.2,5.5
SF08,rest day,2_20260905_093534.819,39,52.2,1.442,0.547,11.48,2.738,15.1,151.4,25.6,5.3
SF08,rest day,2_20260905_093534.819,40,52.8,1.615,0.548,9.933,2.737,16.7,151.4,26.4,5.1
SF08,rest day,2_20260905_093534.819,41,50.4,1.721,0.536,9.746,2.748,19.8,151.4,27.2,5.3
SF08,rest day,2_20260905_093534.819,42,53.9,1.367,0.539,12.302,2.738,16.1,150.1,27.2,5.4
SF08,rest day,2_20260905_093534.819,43,51.0,2.032,0.518,8.436,2.894,26.0,153.8,26.4,5.8
SF08,rest day,2_20260905_093534.819,44,56.4,1.661,0.541,9.95,2.737,16.0,150.8,25.6,5.2
SF08,rest day,2_20260905_093534.819,45,57.2,1.698,0.571,8.4,3.004,39.3,159.9,29.6,7.2
SF08,rest day,2_20260905_093534.819,46,50.5,1.997,0.524,8.062,2.85,23.0,155.0,26.4,5.7
SF08,rest day,2_20260905_093534.819,47,54.3,1.572,0.588,9.385,2.834,22.1,156.2,27.2,5.6
SF08,rest day,2_20260905_093534.819,48,52.9,1.678,0.554,9.173,2.775,11.4,153.8,25.6,5.4
SF08,rest day,2_20260905_093534.819,49,53.4,1.879,0.538,8.715,2.892,30.4,161.1,29.6,6.8
SF08,rest day,2_20260905_093534.819,50,43.3,1.245,0.508,12.622,2.694,9.3,153.8,25.6,5.3
SF08,rest day,2_20260905_093534.819,51,53.9,1.36,0.634,10.133,2.988,22.6,159.9,26.4,5.8
SF08,rest day,2_20260905_093534.819,52,44.0,1.216,0.491,12.653,2.665,9.6,152.6,25.6,5.1
SF08,rest day,2_20260905_093534.819,53,42.2,1.681,0.547,9.63,2.78,24.2,158.7,27.2,6.1
SF08,rest day,2_20260905_093534.819,54,43.5,1.226,0.499,13.059,2.678,9.3,152.6,27.2,5.3
SF08,rest day,2_20260905_093534.819,55,42.1,1.667,0.547,9.716,2.778,24.2,158.7,27.2,6.0
SF08,rest day,2_20260905_093534.819,56,45.6,1.272,0.511,12.101,2.709,8.6,153.8,24.4,4.8
SF08,rest day,2_20260905_093534.819,57,49.6,1.188,0.487,12.966,2.669,9.7,153.8,26.4,5.3
SF08,rest day,2_20260905_093534.819,58,56.0,1.743,0.551,8.945,2.814,11.8,155.0,24.8,5.3
SF08,rest day,2_20260905_093534.819,59,48.0,1.898,0.539,8.7,2.879,31.4,157.5,28.0,6.4
SF08,rest day,2_20260905_093534.819,60,60.5,1.861,0.553,8.282,2.884,13.0,157.5,25.6,5.2
SF08,rest day,2_20260905_093534.819,61,48.6,1.333,0.53,11.516,2.767,4.8,156.2,24.8,4.9
SF08,rest day,2_20260905_093534.819,62,63.3,1.605,0.59,8.809,2.931,23.6,162.4,28.8,6.5
SF08,rest day,2_20260905_093534.819,63,48.9,1.804,0.551,8.803,2.824,12.5,152.6,26.4,5.3
SF09,active night,8_20260904_202324.405,0,94.8,3.368,0.256,6.023,3.22,31.1,158.7,26.4,5.7
SF09,active night,8_20260904_202324.405,1,93.1,3.085,0.244,7.726,3.212,34.5,157.5,27.2,5.8
SF09,active night,8_20260904_202324.405,2,6.9,0.642,0.578,23.988,-0.07,6.0,158.7,24.0,5.0
SF09,active night,8_20260904_202324.405,3,92.7,3.631,0.229,7.146,3.463,33.6,158.7,26.4,5.8
SF09,active night,8_20260904_202324.405,4,6.9,0.698,0.54,23.346,0.016,9.3,162.4,22.4,5.0
SF09,active night,8_20260904_202324.405,5,92.5,3.186,0.234,7.715,3.21,31.3,158.7,27.2,5.9
SF09,active night,8_20260904_202324.405,6,90.3,3.124,0.237,7.778,3.217,30.0,158.7,27.2,5.9
SF09,active night,8_20260904_202324.405,7,96.7,2.853,0.266,8.028,3.225,36.0,157.5,26.8,5.9
SF09,active night,8_20260904_202324.405,8,89.9,2.65,0.284,8.103,3.234,36.3,157.5,26.4,5.8
SF09,active night,8_20260904_202324.405,9,100.0,2.191,0.343,8.433,3.297,32.4,158.7,25.6,5.8
SF09,active night,8_20260904_202324.405,10,96.6,2.498,0.298,8.353,3.25,35.5,157.5,26.4,5.7
SF09,active night,8_20260904_202324.405,11,89.5,3.17,0.234,7.81,3.215,30.1,158.7,27.2,5.9
SF09,active night,8_20260904_202324.405,12,88.2,3.223,0.231,7.655,3.206,30.8,158.7,27.2,5.9
SF09,active night,8_20260904_202324.405,13,92.7,3.055,0.243,7.895,3.215,33.8,157.5,27.2,5.8
SF09,active night,8_20260904_202324.405,14,94.2,3.102,0.239,7.676,3.207,32.0,157.5,27.6,5.8
SF09,active night,8_20260904_202324.405,15,99.4,2.681,0.271,8.614,3.256,30.2,158.7,27.2,5.7
SF09,active night,8_20260904_202324.405,16,96.6,2.795,0.28,6.921,3.173,29.6,158.7,26.4,5.6
SF09,active night,8_20260904_202324.405,17,89.6,3.877,0.217,6.744,3.398,33.8,157.5,26.4,5.9
SF09,active night,8_20260904_202324.405,18,93.6,2.773,0.282,7.036,3.173,30.1,157.5,26.4,5.5
SF09,active night,8_20260904_202324.405,19,110.6,2.444,0.295,8.769,3.274,26.6,158.7,26.4,5.7
SF09,active night,8_20260904_202324.405,20,95.4,3.332,0.254,6.047,3.185,31.4,157.5,26.4,5.7
SF09,active night,8_20260904_202324.405,21,110.3,3.999,0.174,8.107,2.94,30.0,158.7,28.0,6.1
SF09,active night,8_20260904_202324.405,22,97.6,2.673,0.271,8.723,3.262,31.5,158.7,26.4,5.7
SF09,active night,8_20260904_202324.405,23,95.9,2.903,0.256,8.266,3.248,30.1,158.7,26.4,5.8
SF09,active night,8_20260904_202324.405,24,95.8,2.803,0.262,8.471,3.253,31.4,158.7,26.4,5.7
SF09,active night,8_20260904_202324.405,25,97.4,3.315,0.227,7.616,3.219,30.5,158.7,26.4,5.9
SF09,active night,8_20260904_202324.405,26,105.6,2.434,0.293,8.909,3.264,27.2,158.7,25.6,5.7
SF09,active night,8_20260904_202324.405,27,102.3,2.523,0.284,8.911,3.263,29.5,158.7,26.4,5.7
SF09,active night,8_20260904_202324.405,28,112.0,2.365,0.307,8.6,3.258,25.4,159.9,25.6,5.7
SF09,active night,8_20260904_202324.405,29,102.7,3.221,0.26,6.455,3.279,30.7,157.5,26.4,5.8
SF09,active night,8_20260904_202324.405,30,102.5,2.593,0.279,8.602,3.256,29.7,159.9,26.4,5.7
SF09,active night,8_20260904_202324.405,31,94.0,2.778,0.281,7.011,3.174,30.0,158.7,26.4,5.5
SF09,active night,8_20260904_202324.405,32,6.7,0.591,0.645,24.143,-0.159,3.8,158.7,22.8,4.6
SF09,active night,8_20260904_202324.405,33,92.7,3.383,0.244,7.509,3.541,31.5,158.7,26.4,5.9
SF09,active night,8_20260904_202324.405,34,98.3,4.005,0.22,5.627,3.251,30.8,158.1,26.4,5.7
SF09,active night,8_20260904_202324.405,35,91.8,4.145,0.206,6.311,3.338,34.9,157.5,26.4,5.9
SF09,active night,8_20260904_202324.405,36,10.2,1.657,0.283,17.925,0.748,2.4,156.2,21.6,4.6
SF09,active night,8_20260904_202324.405,37,93.8,3.278,0.251,7.614,3.579,29.4,158.7,25.6,5.8
SF09,active night,8_20260904_202324.405,38,93.3,3.639,0.229,7.064,3.438,34.1,157.5,26.4,5.8
SF09,active night,8_20260904_202324.405,39,96.8,4.735,0.185,5.362,3.252,29.0,158.7,26.4,5.8
SF09,active night,8_20260904_202324.405,40,91.5,4.305,0.2,6.011,3.306,32.7,158.7,26.4,5.9
SF09,active night,8_20260904_202324.405,41,90.7,3.904,0.217,6.652,3.371,34.9,157.5,25.6,5.8
SF09,active night,8_20260904_202324.405,42,92.3,3.467,0.237,7.432,3.509,32.2,157.5,26.0,5.8
SF09,active night,8_20260904_202324.405,43,93.9,3.369,0.246,7.264,3.421,30.2,157.5,26.8,5.7
SF09,active night,8_20260904_202324.405,44,94.3,3.262,0.253,7.648,3.597,30.7,157.5,26.4,5.8
SF09,active night,8_20260904_202324.405,45,94.8,3.819,0.226,6.145,3.296,31.3,157.5,25.6,5.8
SF09,active night,8_20260904_202324.405,46,95.6,4.576,0.19,5.638,3.285,30.6,158.7,26.4,5.7
SF09,active night,8_20260904_202324.405,47,94.2,2.94,0.254,8.127,3.233,31.4,158.7,26.4,5.9
SF09,active night,8_20260904_202324.405,48,94.6,2.847,0.273,6.99,3.098,28.6,157.5,26.4,5.7
SF09,active night,8_20260904_202324.405,49,95.4,3.051,0.267,7.941,3.549,31.0,157.5,26.4,5.7
SF09,active night,8_20260904_202324.405,50,97.0,3.258,0.26,6.15,3.177,31.0,157.5,26.4,5.7
SF09,active night,8_20260904_202324.405,51,99.1,3.172,0.195,9.535,2.95,31.8,158.7,26.4,5.8
SF09,active night,8_20260904_202324.405,52,7.4,0.783,0.515,22.181,0.067,2.8,159.3,22.4,4.7
SF09,active night,8_20260904_202324.405,53,99.0,4.018,0.217,5.495,3.221,28.9,158.7,26.4,5.7
SF09,active night,8_20260904_202324.405,54,6.8,0.812,0.475,22.836,-0.058,2.1,156.2,26.4,5.0
SF09,active night,8_20260904_202324.405,55,90.2,4.248,0.174,6.886,2.98,31.9,159.9,27.2,6.0
SF09,active night,8_20260904_202324.405,56,6.7,0.755,0.468,23.178,-0.104,3.2,154.4,23.6,4.8
SF09,active night,8_20260904_202324.405,57,93.1,3.478,0.242,6.954,3.371,31.5,157.5,26.4,5.7
SF09,active night,8_20260904_202324.405,58,6.7,0.678,0.519,23.137,-0.132,3.1,156.2,20.8,4.5
SF09,active night,8_20260904_202324.405,59,95.0,3.286,0.257,6.76,3.32,31.9,157.5,27.2,5.8
SF09,active night,8_20260904_202324.405,60,7.1,0.73,0.556,23.33,-0.055,1.2,152.0,23.2,4.5
SF09,active night,8_20260904_202324.405,61,98.1,3.024,0.268,6.578,3.149,30.6,157.5,26.4,5.6
SF09,active night,8_20260904_202324.405,62,6.8,0.651,0.544,23.595,-0.112,4.4,159.9,22.8,5.0
SF09,active night,8_20260904_202324.405,63,93.9,3.36,0.254,6.27,3.243,32.1,157.5,27.2,5.8
SF09,rest night,8_20260904_202324.405,0,112.9,1.297,0.663,9.394,3.155,28.4,163.6,25.2,5.6
SF09,rest night,8_20260904_202324.405,1,102.0,1.702,0.524,10.542,3.073,30.4,163.6,24.8,5.4
SF09,rest night,8_20260904_202324.405,2,6.9,0.52,0.712,24.073,-0.099,10.1,157.5,23.2,16.1
SF09,rest night,8_20260904_202324.405,3,103.8,1.539,0.574,11.885,3.222,29.0,161.1,24.8,5.5
SF09,rest night,8_20260904_202324.405,4,6.9,0.615,0.676,23.277,-0.036,10.0,157.5,24.0,15.2
SF09,rest night,8_20260904_202324.405,5,106.6,1.83,0.507,10.543,3.054,28.4,163.6,24.8,5.5
SF09,rest night,8_20260904_202324.405,6,103.6,1.854,0.504,10.556,3.057,28.7,163.6,24.8,5.5
SF09,rest night,8_20260904_202324.405,7,100.8,1.614,0.538,10.787,3.097,29.2,162.4,24.8,5.4
SF09,rest night,8_20260904_202324.405,8,104.8,1.651,0.528,10.872,3.088,30.4,163.6,24.8,5.5
SF09,rest night,8_20260904_202324.405,9,106.0,1.55,0.544,10.938,3.116,29.3,163.6,24.8,5.5
SF09,rest night,8_20260904_202324.405,10,102.8,1.525,0.559,10.804,3.123,27.2,163.6,24.8,5.6
SF09,rest night,8_20260904_202324.405,11,104.6,1.876,0.502,10.579,3.055,29.3,163.6,24.8,5.4
SF09,rest night,8_20260904_202324.405,12,109.6,1.898,0.5,10.408,3.05,27.7,163.6,24.8,5.5
SF09,rest night,8_20260904_202324.405,13,106.0,1.807,0.509,10.696,3.06,29.5,162.4,24.8,5.4
SF09,rest night,8_20260904_202324.405,14,102.5,1.805,0.509,10.412,3.038,30.6,162.4,24.8,5.4
SF09,rest night,8_20260904_202324.405,15,111.9,1.651,0.534,10.955,3.12,29.2,164.8,25.6,5.5
SF09,rest night,8_20260904_202324.405,16,101.5,1.423,0.598,9.127,3.084,30.3,163.6,24.8,5.7
SF09,rest night,8_20260904_202324.405,17,100.2,1.557,0.566,11.556,3.187,30.9,159.9,24.8,5.4
SF09,rest night,8_20260904_202324.405,18,98.8,1.387,0.606,9.231,3.088,30.7,163.6,24.8,5.6
SF09,rest night,8_20260904_202324.405,19,116.2,1.502,0.568,10.294,3.148,27.0,163.6,24.8,5.6
SF09,rest night,8_20260904_202324.405,20,108.9,1.298,0.652,8.97,3.118,30.7,162.4,24.8,5.5
SF09,rest night,8_20260904_202324.405,21,117.1,2.098,0.421,11.566,2.796,26.5,164.8,24.8,5.5
SF09,rest night,8_20260904_202324.405,22,109.9,1.661,0.532,11.001,3.121,29.2,164.8,25.6,5.5
SF09,rest night,8_20260904_202324.405,23,109.0,1.785,0.518,10.808,3.093,30.1,163.6,24.8,5.4
SF09,rest night,8_20260904_202324.405,24,108.1,1.733,0.523,10.9,3.103,29.1,164.8,25.6,5.5
SF09,rest night,8_20260904_202324.405,25,111.3,1.947,0.494,10.58,3.055,26.9,162.4,24.8,5.5
SF09,rest night,8_20260904_202324.405,26,113.9,1.511,0.562,10.523,3.14,27.8,163.6,24.8,5.7
SF09,rest night,8_20260904_202324.405,27,112.5,1.583,0.544,10.977,3.131,28.9,164.8,25.6,5.6
SF09,rest night,8_20260904_202324.405,28,117.4,1.421,0.592,9.935,3.151,27.1,163.6,25.6,5.6
SF09,rest night,8_20260904_202324.405,29,109.9,1.402,0.651,9.912,3.17,27.7,161.1,24.8,5.5
SF09,rest night,8_20260904_202324.405,30,113.6,1.585,0.546,10.495,3.127,27.4,164.8,25.6,5.6
SF09,rest night,8_20260904_202324.405,31,99.1,1.392,0.605,9.232,3.09,31.4,163.6,24.8,5.6
SF09,rest night,8_20260904_202324.405,32,6.6,0.509,0.712,24.73,-0.156,8.1,156.2,24.0,20.1
SF09,rest night,8_20260904_202324.405,33,105.0,1.55,0.583,12.03,3.262,26.8,161.1,24.8,5.6
SF09,rest night,8_20260904_202324.405,34,109.8,1.503,0.593,10.006,3.136,28.4,162.4,24.8,5.6
SF09,rest night,8_20260904_202324.405,35,101.1,1.589,0.557,11.261,3.155,30.6,161.7,24.8,5.4
SF09,rest night,8_20260904_202324.405,36,10.1,0.87,0.604,20.376,0.687,5.3,155.0,22.4,7.9
SF09,rest night,8_20260904_202324.405,37,105.4,1.555,0.584,11.997,3.283,27.4,162.4,24.8,5.5
SF09,rest night,8_20260904_202324.405,38,101.5,1.529,0.576,11.801,3.208,30.2,161.1,24.8,5.4
SF09,rest night,8_20260904_202324.405,39,107.5,1.702,0.537,10.164,3.122,29.4,162.4,24.8,5.6
SF09,rest night,8_20260904_202324.405,40,103.5,1.599,0.558,10.909,3.15,29.8,161.7,25.6,5.5
SF09,rest night,8_20260904_202324.405,41,99.8,1.548,0.57,11.492,3.176,30.7,161.1,24.8,5.4
SF09,rest night,8_20260904_202324.405,42,104.6,1.543,0.577,12.081,3.246,28.6,161.7,24.8,5.4
SF09,rest night,8_20260904_202324.405,43,106.2,1.544,0.589,11.676,3.205,28.5,161.1,24.8,5.5
SF09,rest night,8_20260904_202324.405,44,105.9,1.57,0.586,12.002,3.299,27.3,162.4,24.8,5.6
SF09,rest night,8_20260904_202324.405,45,107.2,1.515,0.591,10.694,3.152,27.2,161.1,24.8,5.6
SF09,rest night,8_20260904_202324.405,46,106.2,1.675,0.54,10.611,3.135,28.8,162.4,24.8,5.6
SF09,rest night,8_20260904_202324.405,47,107.1,1.79,0.518,10.682,3.083,30.1,163.6,24.8,5.3
SF09,rest night,8_20260904_202324.405,48,93.5,1.373,0.608,9.027,2.98,30.8,163.6,24.8,5.6
SF09,rest night,8_20260904_202324.405,49,107.0,1.598,0.595,11.919,3.285,27.1,162.4,24.8,5.6
SF09,rest night,8_20260904_202324.405,50,105.3,1.34,0.647,8.953,3.095,31.6,162.4,25.2,5.5
SF09,rest night,8_20260904_202324.405,51,105.0,1.594,0.484,11.91,2.818,28.3,163.6,24.0,5.5
SF09,rest night,8_20260904_202324.405,52,7.3,0.634,0.676,22.778,0.034,7.1,158.7,23.2,15.7
SF09,rest night,8_20260904_202324.405,53,109.7,1.496,0.596,9.53,3.12,28.2,161.7,24.8,5.6
SF09,rest night,8_20260904_202324.405,54,6.8,0.611,0.63,23.497,-0.124,7.3,156.2,24.8,19.8
SF09,rest night,8_20260904_202324.405,55,105.8,2.266,0.426,10.388,2.834,29.4,163.6,25.6,5.5
SF09,rest night,8_20260904_202324.405,56,6.7,0.578,0.681,24.016,-0.15,6.4,156.9,24.8,21.0
SF09,rest night,8_20260904_202324.405,57,105.9,1.533,0.593,11.392,3.179,29.4,161.1,24.8,5.4
SF09,rest night,8_20260904_202324.405,58,6.6,0.54,0.67,24.095,-0.174,7.7,157.5,24.8,21.8
SF09,rest night,8_20260904_202324.405,59,104.2,1.497,0.631,10.431,3.155,27.8,163.6,25.6,5.4
SF09,rest night,8_20260904_202324.405,60,7.0,0.562,0.662,23.974,-0.095,6.5,152.6,24.8,20.3
SF09,rest night,8_20260904_202324.405,61,99.2,1.31,0.636,9.125,3.053,31.8,163.6,25.2,5.6
SF09,rest night,8_20260904_202324.405,62,6.8,0.546,0.708,24.161,-0.137,6.9,156.2,24.8,18.9
SF09,rest night,8_20260904_202324.405,63,111.9,1.342,0.658,9.746,3.155,29.0,162.4,24.8,5.5
SF09,rest day,3_20260905_094705.608,0,52.9,1.007,0.712,11.273,2.875,58.0,156.9,36.0,10.4
SF09,rest day,3_20260905_094705.608,1,52.7,1.078,0.725,12.319,2.826,43.5,157.5,32.8,7.2
SF09,rest day,3_20260905_094705.608,2,8.0,0.579,0.708,20.117,0.39,3.2,158.1,22.4,4.6
SF09,rest day,3_20260905_094705.608,3,52.0,1.155,0.648,10.188,3.243,48.1,153.8,30.4,7.4
SF09,rest day,3_20260905_094705.608,4,7.6,0.586,0.729,19.615,0.369,3.8,154.4,22.4,4.9
SF09,rest day,3_20260905_094705.608,5,49.7,1.075,0.733,12.536,2.837,37.7,155.0,31.2,6.1
SF09,rest day,3_20260905_094705.608,6,51.2,1.097,0.745,11.987,2.949,41.6,155.0,31.2,6.7
SF09,rest day,3_20260905_094705.608,7,56.0,1.083,0.746,12.153,2.968,47.0,157.5,34.4,7.9
SF09,rest day,3_20260905_094705.608,8,53.7,1.118,0.75,11.356,3.021,50.3,157.5,34.4,8.4
SF09,rest day,3_20260905_094705.608,9,52.8,1.113,0.744,11.789,3.041,54.2,157.5,35.2,8.6
SF09,rest day,3_20260905_094705.608,10,57.6,1.113,0.743,12.17,3.011,49.1,158.7,34.4,8.5
SF09,rest day,3_20260905_094705.608,11,45.6,1.113,0.75,12.016,2.991,41.6,155.0,31.2,6.2
SF09,rest day,3_20260905_094705.608,12,50.9,1.118,0.75,11.682,2.913,38.2,153.8,29.6,5.9
SF09,rest day,3_20260905_094705.608,13,43.6,1.107,0.749,11.865,2.991,45.3,156.2,33.6,7.2
SF09,rest day,3_20260905_094705.608,14,36.9,1.088,0.721,11.376,2.251,43.3,155.0,31.2,6.5
SF09,rest day,3_20260905_094705.608,15,56.8,1.085,0.753,11.74,3.038,54.5,158.7,36.8,9.4
SF09,rest day,3_20260905_094705.608,16,45.3,0.996,0.7,13.072,2.62,60.9,156.2,38.4,10.8
SF09,rest day,3_20260905_094705.608,17,54.9,1.167,0.643,10.451,3.199,50.9,155.0,32.8,8.7
SF09,rest day,3_20260905_094705.608,18,40.9,0.979,0.701,13.446,2.64,60.7,156.2,38.4,11.0
SF09,rest day,3_20260905_094705.608,19,63.9,1.109,0.734,11.365,3.037,58.1,157.5,38.4,10.4
SF09,rest day,3_20260905_094705.608,20,53.1,0.964,0.713,12.639,2.819,60.0,156.2,37.6,10.9
SF09,rest day,3_20260905_094705.608,21,60.8,0.827,0.66,17.521,2.745,8.8,156.2,24.4,4.8
SF09,rest day,3_20260905_094705.608,22,54.5,1.101,0.749,11.825,3.038,54.3,157.5,37.6,9.5
SF09,rest day,3_20260905_094705.608,23,53.1,1.108,0.763,11.862,3.041,49.0,157.5,35.2,7.8
SF09,rest day,3_20260905_094705.608,24,53.0,1.107,0.759,11.544,3.041,52.5,156.2,36.0,8.6
SF09,rest day,3_20260905_094705.608,25,51.8,1.166,0.755,11.184,3.027,40.8,155.0,29.6,6.2
SF09,rest day,3_20260905_094705.608,26,63.1,1.074,0.735,12.162,3.048,59.8,157.5,37.6,9.9
SF09,rest day,3_20260905_094705.608,27,59.2,1.09,0.742,11.997,3.046,57.8,156.9,38.4,10.1
SF09,rest day,3_20260905_094705.608,28,65.4,1.091,0.726,12.165,3.051,58.2,157.5,39.6,10.3
SF09,rest day,3_20260905_094705.608,29,55.5,1.021,0.704,11.231,2.993,55.7,156.2,36.0,10.1
SF09,rest day,3_20260905_094705.608,30,56.6,1.089,0.739,11.441,2.991,55.6,157.5,38.4,10.2
SF09,rest day,3_20260905_094705.608,31,41.3,0.977,0.701,13.471,2.645,61.2,156.2,38.4,10.9
SF09,rest day,3_20260905_094705.608,32,7.9,0.552,0.687,20.54,0.376,2.4,154.4,23.2,4.6
SF09,rest day,3_20260905_094705.608,33,54.9,1.154,0.637,10.597,3.328,40.0,152.6,28.0,6.3
SF09,rest day,3_20260905_094705.608,34,63.4,1.107,0.694,10.956,3.096,54.4,156.2,38.4,11.7
SF09,rest day,3_20260905_094705.608,35,57.5,1.172,0.648,10.778,3.162,53.1,155.0,35.2,9.9
SF09,rest day,3_20260905_094705.608,36,14.2,0.754,0.563,17.655,1.096,1.2,153.2,21.2,4.3
SF09,rest day,3_20260905_094705.608,37,53.4,1.162,0.638,10.372,3.367,35.5,152.6,27.2,5.8
SF09,rest day,3_20260905_094705.608,38,55.6,1.154,0.641,10.606,3.225,48.8,155.0,32.0,8.1
SF09,rest day,3_20260905_094705.608,39,61.1,1.221,0.666,10.7,3.108,58.9,156.2,36.8,11.2
SF09,rest day,3_20260905_094705.608,40,58.6,1.183,0.65,10.567,3.15,54.5,155.0,35.2,10.4
SF09,rest day,3_20260905_094705.608,41,57.0,1.154,0.645,10.763,3.185,50.0,155.0,33.6,9.3
SF09,rest day,3_20260905_094705.608,42,53.2,1.156,0.639,10.366,3.289,44.2,153.8,31.2,7.0
SF09,rest day,3_20260905_094705.608,43,53.8,1.112,0.649,10.934,3.207,48.3,155.0,32.8,8.2
SF09,rest day,3_20260905_094705.608,44,54.6,1.153,0.638,10.527,3.398,31.8,151.4,27.2,5.7
SF09,rest day,3_20260905_094705.608,45,58.7,1.094,0.677,11.07,3.117,54.0,156.2,36.0,10.6
SF09,rest day,3_20260905_094705.608,46,59.5,1.207,0.659,10.601,3.13,57.3,156.2,36.8,11.1
SF09,rest day,3_20260905_094705.608,47,51.6,1.1,0.765,11.736,3.029,49.1,157.5,34.4,7.9
SF09,rest day,3_20260905_094705.608,48,35.4,0.982,0.656,13.071,1.928,62.5,157.5,36.0,10.2
SF09,rest day,3_20260905_094705.608,49,52.0,1.117,0.654,10.729,3.313,36.2,152.6,28.8,5.8
SF09,rest day,3_20260905_094705.608,50,53.6,1.0,0.707,11.81,2.834,61.6,156.2,37.6,10.8
SF09,rest day,3_20260905_094705.608,51,55.8,0.751,0.612,17.073,2.733,11.3,156.2,24.0,4.8
SF09,rest day,3_20260905_094705.608,52,9.8,0.599,0.698,18.756,0.568,2.3,153.8,24.0,4.5
SF09,rest day,3_20260905_094705.608,53,61.5,1.117,0.696,10.863,3.082,58.5,157.5,38.4,12.0
SF09,rest day,3_20260905_094705.608,54,7.8,0.575,0.746,19.253,0.384,1.9,157.5,24.0,4.7
SF09,rest day,3_20260905_094705.608,55,44.6,1.083,0.718,13.013,2.76,25.9,153.8,28.0,5.6
SF09,rest day,3_20260905_094705.608,56,7.7,0.561,0.719,20.31,0.374,1.4,153.2,22.4,4.3
SF09,rest day,3_20260905_094705.608,57,54.4,1.095,0.66,11.195,3.148,50.3,155.0,33.6,9.0
SF09,rest day,3_20260905_094705.608,58,7.8,0.571,0.69,19.173,0.38,1.6,155.6,20.8,4.7
SF09,rest day,3_20260905_094705.608,59,52.5,1.014,0.695,11.751,2.968,52.6,156.2,35.2,9.6
SF09,rest day,3_20260905_094705.608,60,8.9,0.645,0.691,18.704,0.511,1.3,155.0,22.4,4.5
SF09,rest day,3_20260905_094705.608,61,52.5,0.941,0.69,14.088,2.655,59.1,157.5,38.4,11.5
SF09,rest day,3_20260905_094705.608,62,8.0,0.551,0.708,20.197,0.363,1.9,152.6,24.8,4.5
SF09,rest day,3_20260905_094705.608,63,48.8,1.012,0.7,11.2,2.759,55.6,157.5,36.0,10.2
SF10,active night,9_20260904_202620.386,0,78.6,4.569,0.198,6.391,3.395,23.7,155.0,25.6,5.3
SF10,active night,9_20260904_202620.386,1,88.2,5.99,0.181,5.102,3.216,25.3,157.5,24.8,5.6
SF10,active night,9_20260904_202620.386,2,36.7,0.944,0.432,15.563,1.645,36.8,158.1,25.6,5.4
SF10,active night,9_20260904_202620.386,3,85.9,5.39,0.186,5.646,3.093,27.2,156.2,24.8,5.7
SF10,active night,9_20260904_202620.386,4,89.8,6.122,0.173,5.054,3.167,27.0,156.2,24.0,5.5
SF10,active night,9_20260904_202620.386,5,87.6,5.885,0.169,5.558,2.994,28.6,156.9,25.6,5.9
SF10,active night,9_20260904_202620.386,6,80.2,5.809,0.167,5.653,2.943,31.0,157.5,25.2,5.8
SF10,active night,9_20260904_202620.386,7,101.4,6.133,0.182,4.829,3.235,23.1,159.9,26.4,6.3
SF10,active night,9_20260904_202620.386,8,89.2,5.35,0.172,6.174,2.902,26.8,156.2,25.6,5.9
SF10,active night,9_20260904_202620.386,9,87.8,4.974,0.175,6.788,2.895,27.3,156.2,25.6,6.0
SF10,active night,9_20260904_202620.386,10,89.4,5.121,0.175,6.522,2.9,27.4,156.2,24.8,5.9
SF10,active night,9_20260904_202620.386,11,86.9,4.386,0.198,7.624,3.395,24.2,157.5,24.8,5.4
SF10,active night,9_20260904_202620.386,12,83.8,5.577,0.169,5.988,2.918,31.2,156.2,25.6,5.9
SF10,active night,9_20260904_202620.386,13,84.3,6.026,0.169,5.297,3.049,30.5,156.2,25.6,5.8
SF10,active night,9_20260904_202620.386,14,82.7,6.049,0.171,5.217,3.113,27.0,156.9,24.8,5.6
SF10,active night,9_20260904_202620.386,15,86.9,2.926,0.299,8.473,3.73,25.1,152.6,24.0,5.3
SF10,active night,9_20260904_202620.386,16,79.2,7.157,0.15,4.686,2.976,24.1,158.7,24.8,5.7
SF10,active night,9_20260904_202620.386,17,84.4,5.32,0.184,5.964,2.989,28.8,157.5,25.2,5.8
SF10,active night,9_20260904_202620.386,18,75.8,7.027,0.154,4.479,3.017,26.7,156.2,25.6,5.6
SF10,active night,9_20260904_202620.386,19,86.8,5.773,0.164,6.373,3.336,27.2,159.9,24.8,5.7
SF10,active night,9_20260904_202620.386,20,76.5,6.654,0.152,5.102,2.935,28.9,156.2,25.6,5.7
SF10,active night,9_20260904_202620.386,21,85.2,6.398,0.171,4.768,3.234,27.4,156.2,24.8,5.5
SF10,active night,9_20260904_202620.386,22,80.4,6.222,0.153,5.577,2.889,28.5,156.2,25.6,5.7
SF10,active night,9_20260904_202620.386,23,82.8,6.308,0.159,5.239,2.982,29.9,156.2,24.8,5.8
SF10,active night,9_20260904_202620.386,24,78.0,6.543,0.146,5.401,2.894,29.6,156.2,25.6,5.8
SF10,active night,9_20260904_202620.386,25,89.6,5.394,0.166,6.172,2.91,24.4,157.5,24.8,5.9
SF10,active night,9_20260904_202620.386,26,76.7,6.485,0.144,5.521,2.928,27.5,156.2,25.6,5.7
SF10,active night,9_20260904_202620.386,27,89.7,5.654,0.163,5.954,2.913,26.6,156.2,24.8,5.8
SF10,active night,9_20260904_202620.386,28,75.8,5.653,0.167,5.75,3.048,27.5,156.2,24.8,5.6
SF10,active night,9_20260904_202620.386,29,85.8,6.41,0.161,5.153,3.041,29.6,156.9,25.6,5.8
SF10,active night,9_20260904_202620.386,30,84.7,4.458,0.228,5.437,3.234,25.3,155.0,24.8,5.4
SF10,active night,9_20260904_202620.386,31,88.6,6.143,0.181,4.782,3.282,27.5,158.7,25.6,5.6
SF10,active night,9_20260904_202620.386,32,37.2,0.539,0.721,14.032,1.651,37.1,157.5,25.6,5.4
SF10,active night,9_20260904_202620.386,33,81.8,5.13,0.181,6.456,2.952,29.1,156.2,25.6,5.9
SF10,active night,9_20260904_202620.386,34,37.2,0.546,0.712,13.983,1.644,37.4,157.5,25.6,5.4
SF10,active night,9_20260904_202620.386,35,85.7,5.119,0.181,6.399,2.934,29.5,156.2,24.8,5.9
SF10,active night,9_20260904_202620.386,36,90.3,4.953,0.206,5.819,3.201,27.7,158.7,25.6,5.9
SF10,active night,9_20260904_202620.386,37,87.4,4.834,0.182,6.945,2.902,29.1,157.5,24.8,5.9
SF10,active night,9_20260904_202620.386,38,89.2,5.343,0.191,6.618,3.149,25.8,156.2,24.8,5.6
SF10,active night,9_20260904_202620.386,39,93.6,4.951,0.204,5.836,3.185,25.7,159.9,27.2,6.1
SF10,active night,9_20260904_202620.386,40,84.9,5.283,0.179,6.144,2.952,30.3,156.2,25.6,5.9
SF10,active night,9_20260904_202620.386,41,85.3,5.396,0.183,5.828,3.041,28.0,156.2,25.6,5.9
SF10,active night,9_20260904_202620.386,42,84.3,5.072,0.179,6.501,2.91,30.9,156.2,25.6,5.9
SF10,active night,9_20260904_202620.386,43,88.3,3.874,0.22,7.687,3.25,26.0,159.9,24.8,5.6
SF10,active night,9_20260904_202620.386,44,81.8,5.12,0.181,6.442,2.953,29.5,156.2,25.6,5.8
SF10,active night,9_20260904_202620.386,45,92.9,4.896,0.189,6.205,3.151,25.8,159.9,25.6,5.9
SF10,active night,9_20260904_202620.386,46,87.5,4.919,0.18,6.734,2.907,29.5,157.5,25.6,5.9
SF10,active night,9_20260904_202620.386,47,92.8,5.904,0.166,5.918,3.237,24.7,159.9,25.6,5.8
SF10,active night,9_20260904_202620.386,48,87.3,4.817,0.207,5.761,2.717,16.3,156.2,24.8,5.6
SF10,active night,9_20260904_202620.386,49,70.1,5.543,0.177,5.905,2.978,20.5,157.5,24.0,5.4
SF10,active night,9_20260904_202620.386,50,92.4,4.704,0.209,5.965,2.782,17.0,156.2,24.0,5.5
SF10,active night,9_20260904_202620.386,51,71.1,5.085,0.193,6.036,2.875,18.3,157.5,24.0,5.5
SF10,active night,9_20260904_202620.386,52,87.9,4.794,0.206,5.813,2.855,18.5,157.5,24.0,5.7
SF10,active night,9_20260904_202620.386,53,72.2,4.561,0.217,6.228,2.799,17.6,156.2,24.8,5.3
SF10,active night,9_20260904_202620.386,54,93.6,4.766,0.208,5.744,2.894,19.1,156.2,24.0,5.7
SF10,active night,9_20260904_202620.386,55,76.7,4.16,0.241,6.303,2.745,17.0,157.5,24.8,5.2
SF10,active night,9_20260904_202620.386,56,37.9,0.59,0.655,14.303,1.663,36.8,157.5,25.6,5.5
SF10,active night,9_20260904_202620.386,57,80.7,3.946,0.255,6.29,2.716,16.5,157.5,24.0,5.3
SF10,active night,9_20260904_202620.386,58,91.8,4.758,0.209,5.633,3.022,20.9,155.0,24.8,5.6
SF10,active night,9_20260904_202620.386,59,84.1,3.738,0.27,6.373,2.659,15.3,157.5,24.0,5.5
SF10,active night,9_20260904_202620.386,60,37.6,0.569,0.68,13.724,1.653,36.5,157.5,26.4,5.5
SF10,active night,9_20260904_202620.386,61,93.9,3.424,0.281,6.948,2.541,25.3,157.5,25.6,5.4
SF10,active night,9_20260904_202620.386,62,79.4,4.695,0.213,5.523,3.153,25.4,156.2,25.6,5.6
SF10,active night,9_20260904_202620.386,63,121.5,1.327,0.441,10.262,2.539,37.4,158.7,25.6,5.6
SF10,rest night,9_20260904_202620.386,0,51.4,1.001,0.771,14.068,3.268,46.3,152.6,29.6,6.5
SF10,rest night,9_20260904_202620.386,1,53.8,1.382,0.731,12.454,3.083,40.1,153.8,29.6,6.5
SF10,rest night,9_20260904_202620.386,2,24.2,0.467,0.526,28.063,0.912,4.2,154.4,26.4,9.9
SF10,rest night,9_20260904_202620.386,3,51.2,1.126,0.728,13.994,2.919,22.7,155.0,26.4,5.4
SF10,rest night,9_20260904_202620.386,4,53.2,1.319,0.729,12.805,3.032,26.2,154.4,27.2,5.6
SF10,rest night,9_20260904_202620.386,5,50.3,1.095,0.702,15.143,2.854,13.3,152.6,25.6,5.2
SF10,rest night,9_20260904_202620.386,6,40.6,1.017,0.684,15.96,2.807,18.6,153.2,25.6,5.2
SF10,rest night,9_20260904_202620.386,7,64.0,1.374,0.72,12.276,3.149,61.9,156.2,36.0,10.5
SF10,rest night,9_20260904_202620.386,8,51.5,0.856,0.668,17.955,2.775,7.2,152.0,28.0,4.7
SF10,rest night,9_20260904_202620.386,9,50.0,0.729,0.638,19.713,2.775,6.6,152.0,25.2,4.8
SF10,rest night,9_20260904_202620.386,10,54.5,0.787,0.653,18.831,2.781,5.9,156.2,25.6,4.8
SF10,rest night,9_20260904_202620.386,11,50.1,0.948,0.761,14.564,3.195,53.0,152.6,32.0,7.3
SF10,rest night,9_20260904_202620.386,12,40.5,0.937,0.676,16.981,2.786,14.9,152.6,24.8,5.0
SF10,rest night,9_20260904_202620.386,13,47.0,1.178,0.708,14.214,2.907,22.4,152.6,27.2,5.3
SF10,rest night,9_20260904_202620.386,14,44.5,1.271,0.728,13.312,2.985,29.8,152.6,26.4,5.6
SF10,rest night,9_20260904_202620.386,15,49.9,1.009,0.729,14.0,3.438,43.9,150.1,28.8,5.7
SF10,rest night,9_20260904_202620.386,16,52.2,1.281,0.738,13.239,2.98,50.8,155.0,33.6,8.7
SF10,rest night,9_20260904_202620.386,17,48.4,1.006,0.703,15.48,2.821,15.5,153.8,26.4,5.2
SF10,rest night,9_20260904_202620.386,18,40.8,1.315,0.724,13.104,2.961,36.1,153.8,28.0,6.0
SF10,rest night,9_20260904_202620.386,19,53.7,1.087,0.788,13.508,3.211,59.3,153.8,32.8,9.1
SF10,rest night,9_20260904_202620.386,20,39.8,1.145,0.691,14.786,2.843,23.4,153.8,26.4,5.3
SF10,rest night,9_20260904_202620.386,21,48.5,1.493,0.728,11.92,3.123,37.3,153.8,28.8,6.3
SF10,rest night,9_20260904_202620.386,22,45.0,0.955,0.679,16.773,2.801,18.0,152.6,24.8,5.2
SF10,rest night,9_20260904_202620.386,23,43.5,1.171,0.689,14.789,2.866,21.0,152.6,26.8,5.2
SF10,rest night,9_20260904_202620.386,24,40.3,1.084,0.685,15.218,2.811,22.6,153.8,25.6,5.4
SF10,rest night,9_20260904_202620.386,25,51.3,0.841,0.665,18.51,2.804,7.2,153.8,24.0,4.9
SF10,rest night,9_20260904_202620.386,26,43.9,1.188,0.723,14.065,2.889,38.2,155.0,29.6,6.8
SF10,rest night,9_20260904_202620.386,27,51.7,0.928,0.67,17.509,2.804,10.1,155.0,24.8,4.9
SF10,rest night,9_20260904_202620.386,28,46.8,1.239,0.746,13.225,2.987,53.3,155.0,34.4,9.8
SF10,rest night,9_20260904_202620.386,29,48.6,1.254,0.703,13.993,2.92,19.4,152.6,26.4,5.1
SF10,rest night,9_20260904_202620.386,30,58.2,0.931,0.871,13.585,3.04,38.0,152.6,28.0,6.5
SF10,rest night,9_20260904_202620.386,31,52.5,1.549,0.72,11.676,3.172,54.8,155.0,34.4,8.9
SF10,rest night,9_20260904_202620.386,32,23.7,0.362,0.553,29.217,0.756,4.9,153.8,26.4,10.4
SF10,rest night,9_20260904_202620.386,33,41.0,0.856,0.654,17.357,2.797,17.1,153.8,24.8,5.0
SF10,rest night,9_20260904_202620.386,34,23.9,0.358,0.554,29.231,0.759,4.7,152.6,26.4,10.4
SF10,rest night,9_20260904_202620.386,35,52.2,0.883,0.674,17.047,2.786,6.7,155.0,24.8,5.0
SF10,rest night,9_20260904_202620.386,36,53.0,1.219,0.719,13.173,3.038,55.9,156.2,34.4,8.5
SF10,rest night,9_20260904_202620.386,37,51.4,0.71,0.626,19.423,2.759,7.0,150.1,23.2,4.7
SF10,rest night,9_20260904_202620.386,38,65.5,1.171,0.741,13.465,2.989,30.6,153.8,26.0,5.5
SF10,rest night,9_20260904_202620.386,39,55.3,1.187,0.707,13.48,3.051,62.1,156.2,36.8,9.8
SF10,rest night,9_20260904_202620.386,40,45.5,0.948,0.687,16.226,2.788,17.0,152.6,25.6,5.2
SF10,rest night,9_20260904_202620.386,41,43.0,1.072,0.712,14.762,2.857,29.3,152.6,27.2,5.4
SF10,rest night,9_20260904_202620.386,42,44.3,0.819,0.66,17.793,2.755,11.4,151.4,24.0,4.8
SF10,rest night,9_20260904_202620.386,43,51.8,0.827,0.746,15.336,3.087,53.5,156.2,34.4,8.3
SF10,rest night,9_20260904_202620.386,44,41.1,0.853,0.654,17.414,2.798,17.3,155.0,24.8,5.1
SF10,rest night,9_20260904_202620.386,45,58.1,0.957,0.721,14.526,3.047,62.0,156.2,36.0,9.2
SF10,rest night,9_20260904_202620.386,46,51.5,0.759,0.645,18.6,2.758,6.2,150.1,24.0,4.9
SF10,rest night,9_20260904_202620.386,47,59.2,1.075,0.761,13.671,3.142,60.9,155.0,34.4,10.0
SF10,rest night,9_20260904_202620.386,48,63.2,0.976,0.821,14.66,2.573,35.3,155.0,28.8,6.8
SF10,rest night,9_20260904_202620.386,49,40.7,1.059,0.78,14.147,2.803,30.8,154.4,28.0,6.6
SF10,rest night,9_20260904_202620.386,50,70.8,0.96,0.809,14.993,2.621,29.6,156.2,28.0,6.5
SF10,rest night,9_20260904_202620.386,51,42.7,1.032,0.78,14.53,2.668,20.5,156.2,26.4,5.9
SF10,rest night,9_20260904_202620.386,52,61.4,0.969,0.812,14.813,2.677,36.5,153.8,29.6,6.8
SF10,rest night,9_20260904_202620.386,53,44.4,1.015,0.779,14.808,2.579,15.2,156.2,25.6,5.6
SF10,rest night,9_20260904_202620.386,54,71.4,0.971,0.813,14.659,2.704,30.8,155.0,28.4,6.6
SF10,rest night,9_20260904_202620.386,55,46.2,1.005,0.784,15.011,2.504,11.5,158.7,24.8,5.4
SF10,rest night,9_20260904_202620.386,56,24.8,0.373,0.573,28.975,0.838,4.3,152.6,27.2,9.1
SF10,rest night,9_20260904_202620.386,57,49.8,0.987,0.791,15.271,2.466,8.2,158.7,25.6,5.3
SF10,rest night,9_20260904_202620.386,58,66.7,0.98,0.817,14.401,2.819,36.4,155.0,28.8,6.7
SF10,rest night,9_20260904_202620.386,59,50.7,0.939,0.798,16.564,2.392,5.6,158.7,26.0,5.2
SF10,rest night,9_20260904_202620.386,60,24.5,0.36,0.558,29.132,0.769,4.8,153.2,24.8,10.5
SF10,rest night,9_20260904_202620.386,61,57.0,0.777,0.79,20.627,2.205,5.2,160.5,23.2,5.4
SF10,rest night,9_20260904_202620.386,62,49.8,0.97,0.835,14.058,2.932,42.4,153.8,28.8,6.9
SF10,rest night,9_20260904_202620.386,63,71.8,0.417,0.607,27.244,1.739,3.7,156.2,26.4,10.1
SF10,rest day,7_20260905_093927.479,0,52.0,0.836,0.75,14.746,3.221,65.1,153.8,33.6,9.2
SF10,rest day,7_20260905_093927.479,1,54.1,0.89,0.851,13.635,3.072,35.7,153.8,28.8,5.8
SF10,rest day,7_20260905_093927.479,2,14.4,0.524,0.686,23.957,1.101,8.9,161.1,32.8,9.3
SF10,rest day,7_20260905_093927.479,3,46.4,0.768,0.83,15.379,2.908,36.1,153.8,28.0,5.7
SF10,rest day,7_20260905_093927.479,4,54.0,0.86,0.841,14.14,3.017,31.1,152.6,28.0,5.5
SF10,rest day,7_20260905_093927.479,5,54.0,0.729,0.788,17.005,2.835,13.5,152.6,25.6,4.8
SF10,rest day,7_20260905_093927.479,6,51.6,0.691,0.765,17.695,2.797,11.1,152.6,24.0,4.9
SF10,rest day,7_20260905_093927.479,7,58.1,1.007,0.827,12.525,3.185,71.8,156.2,36.0,9.2
SF10,rest day,7_20260905_093927.479,8,52.7,0.604,0.72,20.169,2.751,10.2,150.8,24.8,4.9
SF10,rest day,7_20260905_093927.479,9,50.3,0.521,0.684,21.451,2.752,9.9,152.6,23.2,5.0
SF10,rest day,7_20260905_093927.479,10,46.8,0.561,0.702,20.535,2.751,13.4,151.4,24.0,5.0
SF10,rest day,7_20260905_093927.479,11,51.8,0.771,0.752,15.349,3.154,66.3,155.0,34.4,9.1
SF10,rest day,7_20260905_093927.479,12,45.6,0.64,0.744,18.923,2.764,17.2,152.0,24.8,5.1
SF10,rest day,7_20260905_093927.479,13,56.5,0.785,0.808,15.642,2.886,19.3,152.6,25.6,5.1
SF10,rest day,7_20260905_093927.479,14,45.5,0.821,0.828,14.968,2.952,35.4,152.6,28.0,5.7
SF10,rest day,7_20260905_093927.479,15,49.7,0.887,0.661,14.618,3.444,42.4,150.1,27.2,5.7
SF10,rest day,7_20260905_093927.479,16,54.9,0.957,0.842,13.299,3.096,67.1,153.8,36.0,9.3
SF10,rest day,7_20260905_093927.479,17,49.7,0.698,0.792,17.164,2.81,15.4,153.8,27.2,5.2
SF10,rest day,7_20260905_093927.479,18,41.8,0.878,0.833,14.314,2.991,38.9,152.6,29.6,6.0
SF10,rest day,7_20260905_093927.479,19,57.3,0.888,0.845,13.339,3.209,70.3,155.0,38.4,10.7
SF10,rest day,7_20260905_093927.479,20,41.8,0.741,0.776,17.033,2.822,26.2,153.8,28.0,5.6
SF10,rest day,7_20260905_093927.479,21,48.2,0.949,0.854,13.012,3.101,35.3,152.6,29.6,5.8
SF10,rest day,7_20260905_093927.479,22,45.1,0.614,0.72,20.066,2.776,14.0,153.8,24.8,5.0
SF10,rest day,7_20260905_093927.479,23,45.4,0.78,0.785,16.255,2.842,27.6,152.6,26.4,5.3
SF10,rest day,7_20260905_093927.479,24,42.7,0.715,0.755,17.701,2.789,22.4,152.6,27.2,5.1
SF10,rest day,7_20260905_093927.479,25,45.9,0.6,0.714,20.192,2.777,11.5,152.6,24.0,4.9
SF10,rest day,7_20260905_093927.479,26,43.7,0.818,0.815,15.209,2.9,39.7,153.8,28.8,5.9
SF10,rest day,7_20260905_093927.479,27,46.1,0.635,0.728,19.434,2.779,14.3,152.6,26.4,4.7
SF10,rest day,7_20260905_093927.479,28,41.5,0.886,0.84,13.722,3.024,63.4,153.8,32.8,8.3
SF10,rest day,7_20260905_093927.479,29,48.5,0.817,0.804,15.597,2.891,24.0,152.6,27.2,5.4
SF10,rest day,7_20260905_093927.479,30,55.4,0.76,0.78,14.437,3.036,49.7,152.6,30.4,7.2
SF10,rest day,7_20260905_093927.479,31,49.8,0.985,0.859,12.408,3.157,53.7,153.8,30.4,6.3
SF10,rest day,7_20260905_093927.479,32,11.0,0.595,0.999,21.975,0.747,9.6,163.0,45.2,14.5
SF10,rest day,7_20260905_093927.479,33,41.6,0.596,0.741,18.954,2.788,20.3,152.6,25.6,5.0
SF10,rest day,7_20260905_093927.479,34,11.2,0.566,0.98,22.562,0.751,10.5,161.1,48.0,14.5
SF10,rest day,7_20260905_093927.479,35,52.1,0.617,0.749,18.991,2.761,8.7,151.4,25.6,4.7
SF10,rest day,7_20260905_093927.479,36,52.3,0.856,0.837,13.692,3.052,58.0,156.9,32.0,7.6
SF10,rest day,7_20260905_093927.479,37,52.4,0.511,0.679,21.16,2.729,9.1,152.6,24.0,4.8
SF10,rest day,7_20260905_093927.479,38,50.7,0.79,0.846,14.756,2.975,32.5,153.8,27.2,5.4
SF10,rest day,7_20260905_093927.479,39,51.3,0.851,0.822,14.082,3.072,69.7,157.5,34.4,9.3
SF10,rest day,7_20260905_093927.479,40,46.6,0.664,0.77,17.998,2.771,18.0,151.4,26.4,5.2
SF10,rest day,7_20260905_093927.479,41,47.7,0.731,0.811,16.218,2.857,18.6,153.8,26.4,5.1
SF10,rest day,7_20260905_093927.479,42,46.8,0.581,0.726,19.505,2.731,12.5,152.6,26.4,5.0
SF10,rest day,7_20260905_093927.479,43,52.5,0.674,0.725,16.257,3.071,63.9,156.2,34.4,9.3
SF10,rest day,7_20260905_093927.479,44,41.6,0.599,0.739,19.183,2.788,21.1,152.6,24.8,5.0
SF10,rest day,7_20260905_093927.479,45,56.5,0.757,0.791,14.897,3.05,71.1,157.5,35.2,9.9
SF10,rest day,7_20260905_093927.479,46,51.2,0.545,0.702,20.178,2.731,9.0,152.6,24.8,4.9
SF10,rest day,7_20260905_093927.479,47,61.8,0.868,0.825,13.729,3.158,71.2,155.0,36.8,10.0
SF10,rest day,7_20260905_093927.479,48,47.5,0.754,0.682,14.67,2.719,50.5,153.8,31.2,7.3
SF10,rest day,7_20260905_093927.479,49,34.2,0.673,0.675,14.868,2.853,46.9,153.8,31.2,7.3
SF10,rest day,7_20260905_093927.479,50,58.1,0.733,0.67,14.927,2.754,42.6,153.8,29.6,6.8
SF10,rest day,7_20260905_093927.479,51,34.3,0.648,0.686,15.454,2.825,40.0,153.8,29.6,6.8
SF10,rest day,7_20260905_093927.479,52,46.4,0.755,0.693,14.666,2.769,51.6,153.8,31.2,7.2
SF10,rest day,7_20260905_093927.479,53,34.2,0.627,0.696,15.654,2.802,40.1,155.0,30.4,6.7
SF10,rest day,7_20260905_093927.479,54,59.9,0.744,0.679,14.505,2.797,41.6,155.0,30.4,7.2
SF10,rest day,7_20260905_093927.479,55,34.1,0.621,0.709,15.662,2.823,38.1,156.2,29.6,6.5
SF10,rest day,7_20260905_093927.479,56,11.2,0.589,0.98,22.267,0.772,10.6,159.3,42.4,13.8
SF10,rest day,7_20260905_093927.479,57,35.7,0.634,0.714,15.28,2.869,36.8,155.0,30.0,6.6
SF10,rest day,7_20260905_093927.479,58,57.4,0.751,0.712,14.83,2.851,47.9,153.8,30.4,7.1
SF10,rest day,7_20260905_093927.479,59,34.7,0.668,0.715,14.698,2.92,37.8,153.8,29.6,6.7
SF10,rest day,7_20260905_093927.479,60,46.1,0.75,0.748,15.07,2.89,53.9,152.6,31.2,7.2
SF10,rest day,7_20260905_093927.479,61,37.1,0.723,0.762,13.641,2.931,36.4,153.8,29.6,6.9
SF10,rest day,7_20260905_093927.479,62,44.5,0.744,0.773,14.807,2.924,54.7,152.6,30.4,7.3
SF10,rest day,7_20260905_093927.479,63,51.2,0.822,0.547,12.872,2.389,23.2,157.5,32.8,8.7
SF11,active night,12_20260904_202856.246,0,82.8,2.476,0.347,10.325,2.79,43.7,156.2,28.0,6.1
SF11,active night,12_20260904_202856.246,1,65.0,2.735,0.353,9.136,2.477,41.6,155.0,28.0,6.1
SF11,active night,12_20260904_202856.246,2,84.8,2.444,0.365,10.238,2.85,43.7,155.0,28.8,6.1
SF11,active night,12_20260904_202856.246,3,82.4,2.957,0.328,9.106,3.031,44.3,155.0,28.0,6.0
SF11,active night,12_20260904_202856.246,4,83.2,2.4,0.356,10.767,2.772,42.6,155.0,28.8,6.0
SF11,active night,12_20260904_202856.246,5,73.9,2.644,0.351,9.451,2.577,44.0,155.0,28.8,6.1
SF11,active night,12_20260904_202856.246,6,89.5,2.432,0.357,10.204,2.795,40.9,156.2,27.2,5.9
SF11,active night,12_20260904_202856.246,7,79.7,2.6,0.349,9.759,2.668,45.2,155.0,28.8,6.0
SF11,active night,12_20260904_202856.246,8,94.2,2.426,0.356,10.113,2.824,38.1,156.2,28.0,6.0
SF11,active night,12_20260904_202856.246,9,88.3,2.463,0.353,10.321,2.776,39.9,155.0,28.0,6.0
SF11,active night,12_20260904_202856.246,10,80.1,2.469,0.354,10.511,2.722,42.5,156.2,28.8,6.0
SF11,active night,12_20260904_202856.246,11,93.0,2.365,0.364,9.843,2.843,38.5,156.2,28.0,6.0
SF11,active night,12_20260904_202856.246,12,80.9,2.507,0.351,11.484,2.662,42.5,156.2,28.0,6.1
SF11,active night,12_20260904_202856.246,13,92.0,2.458,0.352,10.65,2.799,41.5,156.2,28.0,6.0
SF11,active night,12_20260904_202856.246,14,72.5,2.712,0.361,8.274,2.814,46.0,155.0,28.8,6.0
SF11,active night,12_20260904_202856.246,15,84.7,2.422,0.359,10.646,2.824,44.1,156.2,28.8,6.0
SF11,active night,12_20260904_202856.246,16,80.9,2.406,0.349,10.601,2.758,44.0,156.2,27.2,6.1
SF11,active night,12_20260904_202856.246,17,79.4,2.929,0.322,9.382,2.939,45.3,155.0,28.0,6.0
SF11,active night,12_20260904_202856.246,18,89.5,2.48,0.345,10.476,2.779,39.4,155.0,28.0,5.9
SF11,active night,12_20260904_202856.246,19,84.6,2.621,0.361,9.966,2.957,44.5,155.0,28.0,6.1
SF11,active night,12_20260904_202856.246,20,97.9,2.487,0.349,10.039,2.815,34.4,155.0,28.8,6.1
SF11,active night,12_20260904_202856.246,21,82.6,2.62,0.369,9.713,3.011,44.3,155.0,28.8,6.1
SF11,active night,12_20260904_202856.246,22,91.0,2.49,0.343,10.54,2.799,38.5,156.2,28.0,6.0
SF11,active night,12_20260904_202856.246,23,87.1,2.412,0.352,10.683,2.819,43.1,156.2,28.0,6.1
SF11,active night,12_20260904_202856.246,24,88.5,2.407,0.347,10.768,2.801,42.1,156.2,28.0,6.0
SF11,active night,12_20260904_202856.246,25,86.4,2.609,0.357,9.879,2.908,44.7,155.0,28.0,6.1
SF11,active night,12_20260904_202856.246,26,82.7,2.449,0.353,10.375,2.813,44.2,155.6,28.0,6.0
SF11,active night,12_20260904_202856.246,27,87.8,2.437,0.354,10.446,2.778,38.3,156.2,28.8,6.1
SF11,active night,12_20260904_202856.246,28,97.2,2.56,0.356,10.133,2.89,41.7,155.0,28.0,6.0
SF11,active night,12_20260904_202856.246,29,84.9,2.5,0.355,10.257,2.848,44.4,155.0,27.2,6.0
SF11,active night,12_20260904_202856.246,30,82.6,2.579,0.379,9.646,3.072,44.8,155.0,28.0,6.0
SF11,active night,12_20260904_202856.246,31,86.0,2.433,0.349,10.575,2.794,40.3,155.0,27.2,6.0
SF11,active night,12_20260904_202856.246,32,78.0,2.566,0.373,9.813,2.979,44.3,155.0,28.8,6.1
SF11,active night,12_20260904_202856.246,33,82.8,2.388,0.331,10.812,2.81,43.8,155.0,28.0,6.0
SF11,active night,12_20260904_202856.246,34,80.7,2.96,0.336,9.0,3.089,45.2,155.0,28.0,6.0
SF11,active night,12_20260904_202856.246,35,85.0,2.726,0.323,9.751,2.887,42.6,155.0,28.0,5.9
SF11,active night,12_20260904_202856.246,36,81.6,2.851,0.32,9.671,2.899,44.5,155.0,28.0,6.1
SF11,active night,12_20260904_202856.246,37,86.9,2.357,0.333,10.918,2.794,42.7,156.2,28.0,5.9
SF11,active night,12_20260904_202856.246,38,81.2,2.473,0.331,10.618,2.808,45.2,155.0,28.4,5.9
SF11,active night,12_20260904_202856.246,39,83.6,2.437,0.327,10.875,2.76,42.4,155.0,28.8,6.0
SF11,active night,12_20260904_202856.246,40,83.0,2.365,0.33,10.787,2.78,43.9,155.0,28.0,5.9
SF11,active night,12_20260904_202856.246,41,84.5,2.352,0.336,10.88,2.803,42.6,155.6,28.0,6.0
SF11,active night,12_20260904_202856.246,42,82.7,2.429,0.325,10.832,2.742,44.1,155.0,28.0,5.9
SF11,active night,12_20260904_202856.246,43,84.1,2.643,0.328,10.188,2.843,44.7,155.0,27.2,6.1
SF11,active night,12_20260904_202856.246,44,83.5,2.349,0.332,11.054,2.787,43.3,155.0,28.0,6.0
SF11,active night,12_20260904_202856.246,45,82.1,2.963,0.322,9.405,2.98,45.3,155.0,28.0,6.1
SF11,active night,12_20260904_202856.246,46,82.9,2.562,0.325,10.382,2.832,44.9,155.0,28.8,5.9
SF11,active night,12_20260904_202856.246,47,82.3,2.479,0.369,10.478,2.905,44.5,156.2,28.0,6.0
SF11,active night,12_20260904_202856.246,48,69.6,2.394,0.33,12.197,2.583,44.0,155.0,28.0,6.0
SF11,active night,12_20260904_202856.246,49,82.5,2.782,0.336,9.889,2.931,46.7,156.2,28.0,6.0
SF11,active night,12_20260904_202856.246,50,77.3,2.453,0.334,10.789,2.693,43.2,156.2,28.0,6.0
SF11,active night,12_20260904_202856.246,51,79.7,2.875,0.347,9.125,3.106,43.4,155.0,28.0,6.1
SF11,active night,12_20260904_202856.246,52,80.2,2.551,0.328,11.733,2.667,40.8,156.2,28.4,6.0
SF11,active night,12_20260904_202856.246,53,79.0,2.348,0.343,12.529,2.776,44.7,155.0,28.0,6.0
SF11,active night,12_20260904_202856.246,54,78.7,2.537,0.329,10.668,2.702,41.8,156.2,28.0,5.9
SF11,active night,12_20260904_202856.246,55,81.2,2.852,0.337,9.445,2.976,46.2,155.0,28.0,6.0
SF11,active night,12_20260904_202856.246,56,82.4,2.438,0.333,10.866,2.755,43.6,155.0,28.0,6.0
SF11,active night,12_20260904_202856.246,57,84.5,2.647,0.325,11.726,2.736,42.2,155.0,28.0,5.9
SF11,active night,12_20260904_202856.246,58,78.7,2.537,0.333,10.565,2.769,46.5,156.2,28.0,6.0
SF11,active night,12_20260904_202856.246,59,79.3,2.728,0.33,9.815,2.833,45.3,155.0,28.0,6.1
SF11,active night,12_20260904_202856.246,60,80.8,2.686,0.332,10.047,2.844,45.7,155.0,28.0,6.0
SF11,active night,12_20260904_202856.246,61,79.6,2.474,0.334,10.318,2.758,44.3,155.0,28.0,6.0
SF11,active night,12_20260904_202856.246,62,79.3,2.855,0.344,9.349,3.056,45.2,155.0,28.0,6.1
SF11,active night,12_20260904_202856.246,63,74.9,2.614,0.329,10.125,2.709,45.4,155.0,28.4,6.0
SF11,rest night,12_20260904_202856.246,0,51.0,0.438,0.681,23.073,2.686,13.9,151.4,25.6,4.9
SF11,rest night,12_20260904_202856.246,1,46.0,0.471,0.715,21.047,2.278,19.1,153.8,26.4,5.4
SF11,rest night,12_20260904_202856.246,2,51.4,0.456,0.704,22.352,2.736,18.7,151.4,25.6,5.1
SF11,rest night,12_20260904_202856.246,3,49.5,0.663,0.826,17.472,2.974,47.7,152.6,28.8,6.0
SF11,rest night,12_20260904_202856.246,4,53.1,0.391,0.636,24.005,2.666,12.2,152.0,24.8,4.8
SF11,rest night,12_20260904_202856.246,5,53.9,0.42,0.663,22.58,2.426,9.5,153.8,25.6,4.8
SF11,rest night,12_20260904_202856.246,6,55.6,0.405,0.656,23.397,2.705,12.6,156.2,24.8,5.0
SF11,rest night,12_20260904_202856.246,7,56.4,0.405,0.645,23.133,2.54,10.5,155.0,24.0,4.7
SF11,rest night,12_20260904_202856.246,8,58.3,0.436,0.705,22.593,2.747,18.6,156.2,24.0,4.9
SF11,rest night,12_20260904_202856.246,9,57.6,0.388,0.636,23.922,2.684,15.4,155.0,24.8,4.8
SF11,rest night,12_20260904_202856.246,10,49.4,0.394,0.637,23.533,2.566,14.3,153.8,23.2,4.8
SF11,rest night,12_20260904_202856.246,11,58.6,0.479,0.752,21.771,2.792,14.3,156.2,23.2,5.1
SF11,rest night,12_20260904_202856.246,12,57.0,0.42,0.66,22.595,2.516,12.9,153.8,24.0,4.8
SF11,rest night,12_20260904_202856.246,13,54.5,0.373,0.613,24.343,2.71,17.2,155.0,24.8,4.9
SF11,rest night,12_20260904_202856.246,14,44.5,0.537,0.756,19.544,2.637,39.4,152.0,28.0,5.6
SF11,rest night,12_20260904_202856.246,15,51.4,0.414,0.664,23.419,2.72,15.3,151.4,25.6,4.8
SF11,rest night,12_20260904_202856.246,16,50.8,0.398,0.641,24.008,2.642,7.4,152.6,24.4,4.8
SF11,rest night,12_20260904_202856.246,17,47.2,0.603,0.782,19.226,2.863,38.9,152.6,28.8,5.7
SF11,rest night,12_20260904_202856.246,18,57.1,0.385,0.634,24.031,2.687,15.5,155.0,24.0,5.1
SF11,rest night,12_20260904_202856.246,19,48.8,0.561,0.781,19.761,2.85,43.9,152.6,28.0,5.9
SF11,rest night,12_20260904_202856.246,20,61.7,0.44,0.71,22.538,2.745,15.7,157.5,25.6,5.1
SF11,rest night,12_20260904_202856.246,21,49.5,0.58,0.796,19.163,2.886,43.5,153.8,28.8,6.0
SF11,rest night,12_20260904_202856.246,22,56.9,0.375,0.61,24.378,2.718,15.2,153.8,24.0,5.1
SF11,rest night,12_20260904_202856.246,23,53.9,0.422,0.666,23.415,2.73,11.3,152.6,25.6,4.8
SF11,rest night,12_20260904_202856.246,24,53.0,0.384,0.62,24.338,2.72,13.5,151.4,24.8,4.8
SF11,rest night,12_20260904_202856.246,25,52.4,0.531,0.754,20.639,2.786,28.0,153.8,27.2,5.4
SF11,rest night,12_20260904_202856.246,26,53.4,0.453,0.695,22.797,2.717,9.4,152.6,24.8,4.8
SF11,rest night,12_20260904_202856.246,27,56.3,0.404,0.664,23.531,2.698,19.4,156.2,24.8,5.1
SF11,rest night,12_20260904_202856.246,28,58.6,0.512,0.739,21.165,2.771,19.3,152.6,25.6,5.2
SF11,rest night,12_20260904_202856.246,29,50.5,0.469,0.707,22.422,2.725,16.6,152.6,25.6,4.9
SF11,rest night,12_20260904_202856.246,30,50.8,0.601,0.808,18.616,2.92,41.1,152.6,28.8,5.9
SF11,rest night,12_20260904_202856.246,31,55.8,0.375,0.611,24.288,2.702,13.4,153.8,24.8,4.8
SF11,rest night,12_20260904_202856.246,32,37.8,0.553,0.779,19.87,2.849,50.9,151.4,28.8,6.0
SF11,rest night,12_20260904_202856.246,33,50.5,0.453,0.655,23.721,2.764,14.4,152.6,26.4,4.7
SF11,rest night,12_20260904_202856.246,34,46.9,0.676,0.842,17.171,3.017,56.4,153.2,29.6,6.2
SF11,rest night,12_20260904_202856.246,35,56.0,0.55,0.729,20.881,2.819,14.7,151.4,27.2,5.0
SF11,rest night,12_20260904_202856.246,36,48.6,0.576,0.755,20.202,2.828,33.7,152.6,28.0,5.5
SF11,rest night,12_20260904_202856.246,37,57.0,0.387,0.609,25.166,2.766,10.0,155.0,24.0,4.7
SF11,rest night,12_20260904_202856.246,38,49.2,0.471,0.674,23.111,2.754,12.1,152.6,24.0,4.7
SF11,rest night,12_20260904_202856.246,39,54.5,0.378,0.601,25.29,2.734,10.2,152.6,24.8,4.8
SF11,rest night,12_20260904_202856.246,40,52.7,0.405,0.618,24.683,2.751,11.7,155.0,24.0,4.8
SF11,rest night,12_20260904_202856.246,41,54.6,0.438,0.641,24.117,2.768,8.9,151.4,24.0,4.7
SF11,rest night,12_20260904_202856.246,42,55.0,0.375,0.602,25.165,2.729,14.8,152.6,24.4,4.8
SF11,rest night,12_20260904_202856.246,43,50.9,0.524,0.706,21.74,2.775,15.6,151.4,27.2,5.0
SF11,rest night,12_20260904_202856.246,44,50.5,0.418,0.629,24.537,2.75,13.8,153.8,24.0,4.7
SF11,rest night,12_20260904_202856.246,45,49.4,0.63,0.804,18.47,2.92,39.8,153.8,28.0,5.7
SF11,rest night,12_20260904_202856.246,46,52.0,0.5,0.691,22.448,2.771,16.2,152.6,26.4,5.0
SF11,rest night,12_20260904_202856.246,47,48.9,0.504,0.741,21.139,2.781,20.3,152.6,26.4,5.3
SF11,rest night,12_20260904_202856.246,48,45.3,0.441,0.674,23.425,2.48,9.0,152.6,24.0,4.7
SF11,rest night,12_20260904_202856.246,49,48.6,0.58,0.779,19.706,2.851,32.1,152.6,28.8,5.7
SF11,rest night,12_20260904_202856.246,50,46.9,0.394,0.631,24.323,2.62,9.4,152.6,23.2,4.6
SF11,rest night,12_20260904_202856.246,51,44.1,0.656,0.847,17.39,3.025,54.3,152.6,28.8,6.0
SF11,rest night,12_20260904_202856.246,52,49.3,0.396,0.636,24.16,2.593,10.6,153.8,23.2,4.8
SF11,rest night,12_20260904_202856.246,53,47.6,0.457,0.696,23.218,2.7,13.9,152.6,26.4,4.9
SF11,rest night,12_20260904_202856.246,54,51.4,0.387,0.617,24.462,2.658,11.6,151.4,24.0,4.9
SF11,rest night,12_20260904_202856.246,55,48.3,0.578,0.788,19.639,2.877,38.3,152.6,28.0,5.7
SF11,rest night,12_20260904_202856.246,56,53.1,0.406,0.635,24.272,2.691,10.4,152.6,24.0,4.8
SF11,rest night,12_20260904_202856.246,57,54.4,0.401,0.64,23.875,2.681,14.8,153.8,24.0,4.8
SF11,rest night,12_20260904_202856.246,58,47.3,0.468,0.692,22.939,2.691,12.8,152.6,25.6,5.0
SF11,rest night,12_20260904_202856.246,59,47.1,0.503,0.726,21.831,2.749,29.9,152.6,28.0,5.2
SF11,rest night,12_20260904_202856.246,60,48.0,0.524,0.733,21.342,2.758,26.2,151.4,28.0,5.2
SF11,rest night,12_20260904_202856.246,61,48.5,0.441,0.663,23.174,2.66,13.4,152.6,25.6,4.9
SF11,rest night,12_20260904_202856.246,62,48.9,0.625,0.827,18.301,2.957,44.8,153.8,28.8,5.9
SF11,rest night,12_20260904_202856.246,63,45.8,0.488,0.707,22.143,2.618,14.3,152.6,25.6,5.0
SF11,rest day,3_20260905_094205.930,0,49.8,0.494,0.641,21.795,2.686,11.8,155.0,26.4,4.9
SF11,rest day,3_20260905_094205.930,1,46.1,0.749,0.79,14.779,2.592,28.8,155.0,30.4,5.7
SF11,rest day,3_20260905_094205.930,2,49.3,0.51,0.664,20.634,2.701,19.2,154.4,28.0,5.2
SF11,rest day,3_20260905_094205.930,3,45.0,0.772,0.798,15.295,2.924,44.6,153.8,31.2,6.3
SF11,rest day,3_20260905_094205.930,4,51.4,0.432,0.603,22.76,2.65,14.3,151.4,25.6,5.0
SF11,rest day,3_20260905_094205.930,5,51.2,0.625,0.755,16.859,2.938,12.7,155.0,28.0,7.6
SF11,rest day,3_20260905_094205.930,6,55.0,0.451,0.667,21.45,2.694,11.8,153.8,24.0,5.2
SF11,rest day,3_20260905_094205.930,7,53.5,0.537,0.703,19.197,2.909,13.8,155.0,28.4,6.3
SF11,rest day,3_20260905_094205.930,8,59.5,0.473,0.708,20.443,2.735,14.1,153.8,24.0,4.9
SF11,rest day,3_20260905_094205.930,9,58.3,0.434,0.638,22.441,2.682,12.0,152.6,24.8,5.0
SF11,rest day,3_20260905_094205.930,10,46.0,0.449,0.63,21.847,2.549,11.3,151.4,24.8,5.2
SF11,rest day,3_20260905_094205.930,11,58.6,0.518,0.747,19.77,2.778,13.2,155.0,24.0,5.0
SF11,rest day,3_20260905_094205.930,12,54.4,0.475,0.65,20.633,2.538,12.3,153.8,26.4,5.3
SF11,rest day,3_20260905_094205.930,13,56.6,0.418,0.608,23.059,2.674,15.3,153.8,24.8,4.9
SF11,rest day,3_20260905_094205.930,14,53.7,0.571,0.708,18.683,2.322,8.5,153.8,28.8,6.4
SF11,rest day,3_20260905_094205.930,15,50.2,0.457,0.628,21.707,2.685,14.8,153.8,24.8,4.9
SF11,rest day,3_20260905_094205.930,16,52.6,0.45,0.61,22.584,2.68,9.8,152.6,25.6,4.8
SF11,rest day,3_20260905_094205.930,17,48.8,0.668,0.738,17.705,2.505,15.6,155.0,27.2,5.2
SF11,rest day,3_20260905_094205.930,18,58.9,0.425,0.627,22.572,2.694,12.5,155.0,24.0,5.1
SF11,rest day,3_20260905_094205.930,19,49.8,0.626,0.739,18.12,2.804,26.5,155.0,30.4,5.7
SF11,rest day,3_20260905_094205.930,20,58.8,0.47,0.712,20.362,2.733,9.9,155.0,22.4,4.9
SF11,rest day,3_20260905_094205.930,21,47.7,0.664,0.76,17.148,2.837,37.9,153.8,30.4,5.7
SF11,rest day,3_20260905_094205.930,22,57.4,0.42,0.609,23.012,2.68,13.3,153.8,24.8,5.0
SF11,rest day,3_20260905_094205.930,23,55.2,0.462,0.627,21.539,2.71,10.8,155.0,24.8,4.8
SF11,rest day,3_20260905_094205.930,24,52.8,0.435,0.597,22.99,2.68,14.1,152.6,25.6,4.8
SF11,rest day,3_20260905_094205.930,25,45.8,0.588,0.706,19.433,2.705,23.0,153.8,28.0,5.4
SF11,rest day,3_20260905_094205.930,26,49.6,0.516,0.659,21.262,2.689,14.1,152.6,25.6,4.9
SF11,rest day,3_20260905_094205.930,27,58.4,0.437,0.658,22.163,2.694,13.0,153.8,24.4,4.8
SF11,rest day,3_20260905_094205.930,28,52.9,0.564,0.696,19.413,2.731,20.6,155.0,28.8,5.3
SF11,rest day,3_20260905_094205.930,29,49.8,0.545,0.674,21.025,2.707,16.3,153.8,26.4,5.0
SF11,rest day,3_20260905_094205.930,30,45.1,0.687,0.772,16.635,2.875,24.3,156.2,28.0,5.3
SF11,rest day,3_20260905_094205.930,31,54.6,0.415,0.598,22.568,2.689,11.4,153.8,24.8,4.9
SF11,rest day,3_20260905_094205.930,32,38.1,0.627,0.738,18.228,2.808,44.0,153.8,31.2,5.9
SF11,rest day,3_20260905_094205.930,33,51.3,0.518,0.627,22.256,2.724,15.5,151.4,24.8,5.0
SF11,rest day,3_20260905_094205.930,34,46.0,0.756,0.811,15.562,2.945,46.5,153.8,32.0,6.4
SF11,rest day,3_20260905_094205.930,35,53.3,0.635,0.694,19.167,2.763,16.0,155.6,28.8,5.1
SF11,rest day,3_20260905_094205.930,36,48.4,0.653,0.718,18.703,2.772,28.5,152.6,29.6,5.8
SF11,rest day,3_20260905_094205.930,37,57.4,0.442,0.597,24.003,2.729,11.5,151.4,24.8,4.8
SF11,rest day,3_20260905_094205.930,38,50.2,0.542,0.645,21.342,2.718,9.3,153.8,26.4,4.8
SF11,rest day,3_20260905_094205.930,39,55.2,0.433,0.593,23.929,2.699,15.2,152.6,26.0,4.8
SF11,rest day,3_20260905_094205.930,40,51.8,0.453,0.603,23.235,2.712,16.4,152.6,25.6,4.9
SF11,rest day,3_20260905_094205.930,41,53.2,0.508,0.622,22.629,2.724,9.6,151.4,24.0,4.7
SF11,rest day,3_20260905_094205.930,42,56.4,0.438,0.597,23.603,2.686,13.4,153.2,26.0,4.9
SF11,rest day,3_20260905_094205.930,43,49.4,0.593,0.679,20.127,2.735,13.1,156.2,26.4,5.2
SF11,rest day,3_20260905_094205.930,44,51.0,0.475,0.606,23.291,2.708,12.7,152.6,26.4,4.8
SF11,rest day,3_20260905_094205.930,45,42.6,0.715,0.772,16.524,2.874,41.2,153.8,31.2,6.2
SF11,rest day,3_20260905_094205.930,46,48.5,0.565,0.657,21.106,2.728,21.4,153.2,27.2,5.1
SF11,rest day,3_20260905_094205.930,47,48.6,0.572,0.707,19.125,2.751,24.2,153.8,29.6,5.5
SF11,rest day,3_20260905_094205.930,48,44.2,0.497,0.641,21.728,2.532,13.4,153.2,27.2,4.9
SF11,rest day,3_20260905_094205.930,49,48.2,0.666,0.741,17.791,2.808,25.1,155.0,29.6,5.6
SF11,rest day,3_20260905_094205.930,50,48.8,0.438,0.616,22.548,2.624,11.5,152.6,26.4,4.9
SF11,rest day,3_20260905_094205.930,51,45.2,0.749,0.807,15.513,2.97,49.0,153.8,30.4,6.1
SF11,rest day,3_20260905_094205.930,52,47.7,0.447,0.632,22.635,2.577,12.4,152.6,25.6,4.9
SF11,rest day,3_20260905_094205.930,53,46.0,0.497,0.638,22.686,2.662,12.2,153.2,24.4,4.9
SF11,rest day,3_20260905_094205.930,54,51.2,0.432,0.627,22.518,2.632,11.8,153.8,24.8,4.8
SF11,rest day,3_20260905_094205.930,55,44.9,0.673,0.76,17.405,2.852,40.1,153.8,29.6,5.8
SF11,rest day,3_20260905_094205.930,56,50.8,0.46,0.618,22.634,2.661,10.7,153.8,24.0,4.8
SF11,rest day,3_20260905_094205.930,57,49.2,0.448,0.649,21.975,2.617,10.7,151.4,24.8,4.7
SF11,rest day,3_20260905_094205.930,58,46.5,0.543,0.669,21.336,2.677,13.3,153.8,26.4,4.9
SF11,rest day,3_20260905_094205.930,59,52.1,0.59,0.705,19.932,2.732,16.2,156.9,27.6,5.2
SF11,rest day,3_20260905_094205.930,60,46.8,0.594,0.696,19.78,2.728,26.0,155.0,29.6,5.4
SF11,rest day,3_20260905_094205.930,61,49.5,0.476,0.62,22.418,2.676,16.0,153.8,25.6,4.8
SF11,rest day,3_20260905_094205.930,62,47.2,0.722,0.786,16.748,2.902,37.4,153.8,29.6,6.1
SF11,rest day,3_20260905_094205.930,63,46.8,0.569,0.681,19.937,2.646,14.9,155.0,26.4,5.0
SF12,active night,8_20260904_203130.725,0,120.1,6.882,0.095,4.391,3.193,33.8,157.5,26.4,5.7
SF12,active night,8_20260904_203130.725,1,111.2,7.526,0.082,3.895,3.103,34.1,157.5,25.6,5.8
SF12,active night,8_20260904_203130.725,2,135.2,5.913,0.117,4.589,3.32,26.2,159.9,24.8,5.5
SF12,active night,8_20260904_203130.725,3,111.2,7.522,0.083,3.901,3.103,33.5,157.5,25.6,5.8
SF12,active night,8_20260904_203130.725,4,117.0,6.652,0.097,4.308,3.14,33.4,157.5,26.0,5.9
SF12,active night,8_20260904_203130.725,5,111.2,7.525,0.082,3.906,3.103,33.9,157.5,25.6,5.8
SF12,active night,8_20260904_203130.725,6,117.2,6.679,0.092,4.453,2.979,33.7,157.5,26.4,5.8
SF12,active night,8_20260904_203130.725,7,120.7,6.485,0.102,4.421,3.2,32.3,157.5,26.4,5.9
SF12,active night,8_20260904_203130.725,8,112.4,6.735,0.094,4.34,3.042,33.5,157.5,26.4,5.8
SF12,active night,8_20260904_203130.725,9,119.1,6.679,0.094,4.506,3.013,33.0,158.7,25.6,5.8
SF12,active night,8_20260904_203130.725,10,111.5,6.704,0.095,4.362,3.036,33.6,156.2,26.4,5.8
SF12,active night,8_20260904_203130.725,11,119.1,6.531,0.093,4.636,2.949,32.9,157.5,26.4,5.7
SF12,active night,8_20260904_203130.725,12,110.5,8.264,0.077,3.583,3.056,32.9,157.5,25.6,5.8
SF12,active night,8_20260904_203130.725,13,114.7,6.716,0.094,4.437,3.046,34.0,156.2,25.6,5.8
SF12,active night,8_20260904_203130.725,14,110.3,8.264,0.077,3.578,3.054,33.6,157.5,25.6,5.8
SF12,active night,8_20260904_203130.725,15,120.8,6.061,0.11,4.802,3.251,31.5,157.5,26.4,5.8
SF12,active night,8_20260904_203130.725,16,109.7,7.476,0.085,3.716,2.982,33.5,157.5,25.6,5.7
SF12,active night,8_20260904_203130.725,17,110.5,8.276,0.076,3.566,3.056,33.2,156.9,25.6,5.8
SF12,active night,8_20260904_203130.725,18,110.5,7.281,0.085,3.968,2.963,34.0,157.5,25.6,5.7
SF12,active night,8_20260904_203130.725,19,122.6,5.179,0.126,5.429,3.391,32.0,157.5,25.6,5.7
SF12,active night,8_20260904_203130.725,20,115.9,6.848,0.088,4.488,2.942,33.7,157.5,25.6,5.7
SF12,active night,8_20260904_203130.725,21,113.7,6.537,0.092,4.517,3.151,33.3,157.5,26.4,6.0
SF12,active night,8_20260904_203130.725,22,112.8,7.116,0.087,4.236,2.999,34.1,156.2,25.6,5.7
SF12,active night,8_20260904_203130.725,23,113.4,6.523,0.092,4.534,3.15,33.5,157.5,26.4,6.0
SF12,active night,8_20260904_203130.725,24,113.7,7.19,0.087,4.203,3.059,34.4,157.5,25.6,5.8
SF12,active night,8_20260904_203130.725,25,123.9,7.021,0.096,4.133,3.252,30.9,158.7,24.8,5.6
SF12,active night,8_20260904_203130.725,26,121.3,6.248,0.106,4.67,3.279,32.3,157.5,25.6,5.7
SF12,active night,8_20260904_203130.725,27,116.0,6.962,0.087,4.398,2.961,33.0,157.5,26.4,5.8
SF12,active night,8_20260904_203130.725,28,129.3,7.012,0.096,3.986,3.26,28.4,158.7,24.8,5.6
SF12,active night,8_20260904_203130.725,29,129.3,5.404,0.122,5.257,3.369,27.6,158.7,24.8,5.6
SF12,active night,8_20260904_203130.725,30,118.5,3.313,0.199,6.517,3.665,30.6,157.5,26.4,5.8
SF12,active night,8_20260904_203130.725,31,115.4,7.11,0.088,4.29,3.032,33.8,157.5,25.6,5.8
SF12,active night,8_20260904_203130.725,32,120.7,3.068,0.209,7.405,3.689,30.9,157.5,26.4,5.6
SF12,active night,8_20260904_203130.725,33,112.1,7.62,0.078,4.007,2.957,33.8,156.2,26.4,5.8
SF12,active night,8_20260904_203130.725,34,113.5,7.898,0.086,3.561,3.244,30.7,157.5,25.6,5.7
SF12,active night,8_20260904_203130.725,35,110.2,7.473,0.083,3.948,3.096,33.0,157.5,25.6,5.8
SF12,active night,8_20260904_203130.725,36,113.6,7.885,0.087,3.578,3.248,30.7,157.5,25.6,5.8
SF12,active night,8_20260904_203130.725,37,112.7,7.651,0.078,3.981,2.961,33.7,157.5,25.6,5.8
SF12,active night,8_20260904_203130.725,38,113.7,7.904,0.086,3.559,3.249,30.9,157.5,25.6,5.8
SF12,active night,8_20260904_203130.725,39,116.0,7.22,0.081,4.16,2.931,31.9,157.5,26.4,5.8
SF12,active night,8_20260904_203130.725,40,114.9,7.598,0.079,3.929,2.951,33.5,157.5,26.4,5.8
SF12,active night,8_20260904_203130.725,41,115.0,7.793,0.078,3.881,2.98,34.0,157.5,26.0,5.8
SF12,active night,8_20260904_203130.725,42,118.5,7.089,0.082,4.15,2.931,33.0,157.5,26.0,5.7
SF12,active night,8_20260904_203130.725,43,110.8,8.056,0.078,3.938,3.11,33.5,157.5,26.4,5.8
SF12,active night,8_20260904_203130.725,44,110.0,8.264,0.077,3.561,3.053,33.3,157.5,25.6,5.8
SF12,active night,8_20260904_203130.725,45,110.4,8.043,0.079,3.94,3.108,33.8,157.5,25.6,5.8
SF12,active night,8_20260904_203130.725,46,109.2,8.252,0.077,3.581,3.047,33.4,157.5,25.6,5.8
SF12,active night,8_20260904_203130.725,47,119.9,5.031,0.128,5.603,3.385,30.9,157.5,25.6,5.7
SF12,active night,8_20260904_203130.725,48,109.2,7.706,0.084,3.765,3.034,33.8,157.5,25.6,5.8
SF12,active night,8_20260904_203130.725,49,127.5,6.665,0.1,4.387,3.305,29.4,158.7,24.8,5.6
SF12,active night,8_20260904_203130.725,50,113.0,7.343,0.083,4.118,2.969,34.4,157.5,26.0,5.8
SF12,active night,8_20260904_203130.725,51,116.9,6.326,0.105,4.499,3.295,32.1,156.2,25.6,5.7
SF12,active night,8_20260904_203130.725,52,110.0,7.124,0.084,4.257,2.932,34.0,157.5,25.6,5.8
SF12,active night,8_20260904_203130.725,53,114.1,7.654,0.082,3.946,3.04,33.7,157.5,25.6,5.8
SF12,active night,8_20260904_203130.725,54,111.7,7.222,0.083,4.188,2.948,33.9,157.5,25.6,5.7
SF12,active night,8_20260904_203130.725,55,126.0,7.435,0.09,3.873,3.255,28.6,159.3,24.8,5.6
SF12,active night,8_20260904_203130.725,56,113.2,7.498,0.082,4.026,2.989,34.0,157.5,26.4,5.7
SF12,active night,8_20260904_203130.725,57,111.9,6.969,0.085,4.353,2.924,33.3,157.5,25.6,5.8
SF12,active night,8_20260904_203130.725,58,116.6,7.757,0.084,3.791,3.139,33.8,157.5,25.6,5.9
SF12,active night,8_20260904_203130.725,59,120.6,6.715,0.099,4.473,3.287,30.9,157.5,25.6,5.7
SF12,active night,8_20260904_203130.725,60,116.6,7.381,0.09,3.948,3.219,32.8,157.5,25.6,5.7
SF12,active night,8_20260904_203130.725,61,113.5,7.537,0.083,4.032,3.016,34.0,157.5,26.0,5.8
SF12,active night,8_20260904_203130.725,62,121.6,7.609,0.088,3.736,3.231,29.8,157.5,25.6,5.6
SF12,active night,8_20260904_203130.725,63,115.5,7.566,0.087,3.952,3.16,33.3,157.5,26.4,5.8
SF12,rest night,8_20260904_203130.725,0,46.2,1.586,0.468,12.658,2.894,27.2,155.0,26.4,5.2
SF12,rest night,8_20260904_203130.725,1,30.4,1.469,0.452,13.051,2.877,37.0,159.9,29.6,7.3
SF12,rest night,8_20260904_203130.725,2,51.5,1.658,0.484,11.959,3.06,50.7,161.1,33.6,9.1
SF12,rest night,8_20260904_203130.725,3,30.3,1.468,0.454,13.116,2.877,38.1,158.7,29.6,7.3
SF12,rest night,8_20260904_203130.725,4,36.7,1.405,0.454,13.965,2.809,30.7,152.6,26.4,5.6
SF12,rest night,8_20260904_203130.725,5,30.3,1.469,0.453,13.116,2.876,37.6,159.9,29.6,7.2
SF12,rest night,8_20260904_203130.725,6,36.2,1.133,0.43,16.433,2.625,22.8,150.1,27.2,5.0
SF12,rest night,8_20260904_203130.725,7,40.8,1.496,0.47,13.169,2.889,29.0,155.0,26.8,5.7
SF12,rest night,8_20260904_203130.725,8,29.0,1.217,0.44,15.642,2.697,25.7,150.1,26.4,5.0
SF12,rest night,8_20260904_203130.725,9,41.7,1.186,0.435,16.176,2.666,22.2,150.1,26.0,4.9
SF12,rest night,8_20260904_203130.725,10,29.1,1.208,0.443,15.684,2.692,25.6,151.4,26.4,5.1
SF12,rest night,8_20260904_203130.725,11,45.2,1.048,0.423,17.39,2.595,13.1,148.9,26.4,4.9
SF12,rest night,8_20260904_203130.725,12,27.3,1.494,0.44,13.372,2.804,39.0,158.7,28.0,6.3
SF12,rest night,8_20260904_203130.725,13,34.5,1.25,0.439,15.431,2.704,26.1,151.4,27.2,5.1
SF12,rest night,8_20260904_203130.725,14,27.3,1.494,0.439,13.356,2.802,39.9,158.7,28.0,6.3
SF12,rest night,8_20260904_203130.725,15,40.0,1.554,0.479,12.686,2.939,29.7,156.2,26.4,5.6
SF12,rest night,8_20260904_203130.725,16,36.4,1.41,0.433,13.957,2.635,23.2,151.4,27.2,4.9
SF12,rest night,8_20260904_203130.725,17,27.2,1.496,0.439,13.313,2.804,39.8,157.5,28.0,6.3
SF12,rest night,8_20260904_203130.725,18,36.1,1.309,0.426,14.803,2.625,21.8,148.9,27.2,5.0
SF12,rest night,8_20260904_203130.725,19,46.8,1.39,0.508,12.822,3.09,46.5,157.5,32.0,8.6
SF12,rest night,8_20260904_203130.725,20,35.3,1.143,0.414,16.87,2.6,24.3,148.9,27.2,5.0
SF12,rest night,8_20260904_203130.725,21,32.5,1.396,0.471,13.475,2.892,31.4,153.8,27.2,5.9
SF12,rest night,8_20260904_203130.725,22,33.3,1.259,0.424,15.517,2.672,27.0,148.9,27.2,5.1
SF12,rest night,8_20260904_203130.725,23,32.5,1.395,0.471,13.447,2.891,32.0,153.8,27.2,5.9
SF12,rest night,8_20260904_203130.725,24,34.7,1.365,0.435,14.705,2.74,28.7,151.4,27.2,5.1
SF12,rest night,8_20260904_203130.725,25,57.2,1.544,0.476,12.42,3.024,43.7,159.9,33.6,10.0
SF12,rest night,8_20260904_203130.725,26,40.9,1.645,0.478,12.129,2.972,37.0,157.5,28.0,5.9
SF12,rest night,8_20260904_203130.725,27,39.3,1.168,0.417,16.518,2.626,21.6,148.9,27.2,4.9
SF12,rest night,8_20260904_203130.725,28,56.5,1.737,0.472,11.186,3.073,47.2,161.1,34.4,9.5
SF12,rest night,8_20260904_203130.725,29,46.7,1.69,0.484,11.886,3.043,50.3,159.9,32.0,8.3
SF12,rest night,8_20260904_203130.725,30,42.6,1.288,0.579,12.374,3.252,40.4,152.6,28.0,5.8
SF12,rest night,8_20260904_203130.725,31,35.6,1.305,0.432,15.213,2.711,23.9,151.4,28.0,5.1
SF12,rest night,8_20260904_203130.725,32,49.2,1.316,0.549,13.186,3.258,36.4,152.6,27.2,5.7
SF12,rest night,8_20260904_203130.725,33,33.9,1.329,0.405,15.233,2.669,34.6,148.9,28.0,5.2
SF12,rest night,8_20260904_203130.725,34,30.1,1.745,0.451,11.727,2.924,38.3,157.5,27.2,5.8
SF12,rest night,8_20260904_203130.725,35,30.4,1.458,0.457,13.285,2.869,38.6,159.9,28.8,7.2
SF12,rest night,8_20260904_203130.725,36,30.0,1.747,0.453,11.724,2.928,37.4,157.5,27.2,5.9
SF12,rest night,8_20260904_203130.725,37,33.8,1.338,0.404,15.101,2.672,34.4,147.7,28.0,5.2
SF12,rest night,8_20260904_203130.725,38,30.1,1.752,0.452,11.599,2.928,37.9,158.7,27.2,5.9
SF12,rest night,8_20260904_203130.725,39,43.3,1.203,0.411,16.104,2.639,34.3,148.9,28.0,5.2
SF12,rest night,8_20260904_203130.725,40,44.4,1.295,0.407,15.406,2.661,32.8,148.9,28.8,5.2
SF12,rest night,8_20260904_203130.725,41,41.9,1.377,0.412,14.855,2.69,29.4,148.9,28.8,5.1
SF12,rest night,8_20260904_203130.725,42,45.5,1.183,0.408,16.06,2.64,33.7,148.9,28.8,5.2
SF12,rest night,8_20260904_203130.725,43,34.2,1.672,0.429,12.703,2.837,24.1,151.4,25.6,5.1
SF12,rest night,8_20260904_203130.725,44,27.3,1.496,0.438,13.305,2.8,38.8,157.5,28.0,6.3
SF12,rest night,8_20260904_203130.725,45,34.2,1.67,0.431,12.709,2.834,24.2,152.0,26.0,5.2
SF12,rest night,8_20260904_203130.725,46,27.5,1.488,0.441,13.438,2.795,39.6,157.5,28.0,6.3
SF12,rest night,8_20260904_203130.725,47,53.2,1.327,0.514,13.061,3.07,46.3,158.7,32.8,9.2
SF12,rest night,8_20260904_203130.725,48,37.6,1.494,0.438,13.47,2.709,27.4,151.4,27.2,5.0
SF12,rest night,8_20260904_203130.725,49,60.9,1.751,0.479,11.385,3.053,46.2,161.1,30.4,8.1
SF12,rest night,8_20260904_203130.725,50,39.9,1.277,0.415,15.583,2.656,24.5,148.9,28.0,5.0
SF12,rest night,8_20260904_203130.725,51,55.1,1.497,0.501,12.26,3.039,44.3,158.7,32.0,8.9
SF12,rest night,8_20260904_203130.725,52,38.5,1.194,0.413,16.224,2.622,27.1,148.9,27.2,5.0
SF12,rest night,8_20260904_203130.725,53,37.4,1.431,0.428,14.36,2.738,26.8,150.1,27.2,5.0
SF12,rest night,8_20260904_203130.725,54,36.8,1.231,0.414,15.971,2.637,27.2,148.9,27.2,5.1
SF12,rest night,8_20260904_203130.725,55,54.9,1.721,0.482,11.437,3.067,49.7,161.1,32.8,9.2
SF12,rest night,8_20260904_203130.725,56,37.9,1.336,0.419,15.066,2.683,25.5,148.9,27.2,5.1
SF12,rest night,8_20260904_203130.725,57,37.8,1.156,0.413,16.632,2.613,24.6,147.7,28.0,5.2
SF12,rest night,8_20260904_203130.725,58,40.7,1.59,0.444,12.834,2.841,25.9,152.6,27.2,5.2
SF12,rest night,8_20260904_203130.725,59,42.6,1.742,0.474,11.633,2.997,45.7,159.9,28.8,6.5
SF12,rest night,8_20260904_203130.725,60,40.1,1.706,0.467,11.933,2.942,31.9,153.8,26.4,5.5
SF12,rest night,8_20260904_203130.725,61,39.1,1.383,0.424,14.664,2.711,25.2,150.1,27.2,5.1
SF12,rest night,8_20260904_203130.725,62,54.2,1.595,0.48,11.846,3.017,45.2,159.9,32.8,9.4
SF12,rest night,8_20260904_203130.725,63,43.2,1.648,0.46,12.417,2.851,25.3,151.4,26.4,5.2
SF12,rest day,2_20260905_094454.579,0,46.9,0.862,0.819,13.739,2.938,33.2,152.6,28.0,5.6
SF12,rest day,2_20260905_094454.579,1,32.6,0.771,0.816,14.293,2.903,51.4,157.5,31.2,7.7
SF12,rest day,2_20260905_094454.579,2,51.4,0.934,0.813,12.686,3.098,66.6,157.5,35.2,9.5
SF12,rest day,2_20260905_094454.579,3,32.5,0.767,0.815,14.485,2.901,51.1,157.5,31.2,7.7
SF12,rest day,2_20260905_094454.579,4,37.9,0.788,0.785,15.017,2.846,39.1,153.8,28.8,5.7
SF12,rest day,2_20260905_094454.579,5,32.5,0.769,0.815,14.483,2.902,51.3,157.5,31.2,7.7
SF12,rest day,2_20260905_094454.579,6,42.1,0.673,0.715,17.504,2.663,20.2,152.6,28.8,5.2
SF12,rest day,2_20260905_094454.579,7,39.7,0.823,0.812,14.226,2.925,38.1,155.0,28.8,5.7
SF12,rest day,2_20260905_094454.579,8,30.7,0.711,0.744,16.681,2.745,30.7,153.8,28.8,5.6
SF12,rest day,2_20260905_094454.579,9,33.0,0.69,0.726,17.632,2.697,27.0,152.6,29.2,5.5
SF12,rest day,2_20260905_094454.579,10,30.7,0.706,0.746,16.724,2.74,31.1,153.8,28.0,5.6
SF12,rest day,2_20260905_094454.579,11,45.2,0.631,0.69,18.595,2.624,14.2,153.8,28.0,5.4
SF12,rest day,2_20260905_094454.579,12,28.6,0.812,0.814,14.343,2.85,46.5,156.2,29.6,6.6
SF12,rest day,2_20260905_094454.579,13,34.4,0.716,0.743,16.63,2.742,30.9,152.6,28.8,5.6
SF12,rest day,2_20260905_094454.579,14,28.6,0.813,0.814,14.258,2.849,46.4,157.5,29.6,6.7
SF12,rest day,2_20260905_094454.579,15,41.5,0.857,0.826,13.574,2.979,33.2,153.8,28.0,5.5
SF12,rest day,2_20260905_094454.579,16,33.9,0.809,0.777,14.544,2.738,29.2,153.8,28.0,5.8
SF12,rest day,2_20260905_094454.579,17,28.6,0.813,0.814,14.24,2.851,46.9,156.2,29.6,6.6
SF12,rest day,2_20260905_094454.579,18,37.1,0.744,0.743,15.836,2.688,22.8,152.6,27.2,5.4
SF12,rest day,2_20260905_094454.579,19,53.7,0.792,0.824,13.808,3.077,61.9,156.2,32.8,9.3
SF12,rest day,2_20260905_094454.579,20,40.7,0.676,0.702,18.173,2.64,14.8,153.2,28.0,5.5
SF12,rest day,2_20260905_094454.579,21,33.3,0.77,0.805,14.769,2.872,33.7,155.0,26.4,5.7
SF12,rest day,2_20260905_094454.579,22,35.0,0.72,0.729,16.622,2.714,23.8,153.8,28.8,5.5
SF12,rest day,2_20260905_094454.579,23,33.4,0.77,0.806,14.689,2.872,34.2,153.8,26.4,5.7
SF12,rest day,2_20260905_094454.579,24,36.6,0.764,0.756,15.946,2.783,31.1,152.6,28.0,5.6
SF12,rest day,2_20260905_094454.579,25,57.5,0.833,0.848,13.556,3.027,63.7,157.5,34.4,9.7
SF12,rest day,2_20260905_094454.579,26,43.3,0.9,0.828,13.042,3.01,39.4,155.6,28.4,6.0
SF12,rest day,2_20260905_094454.579,27,41.0,0.678,0.708,17.816,2.667,15.3,152.6,28.0,5.2
SF12,rest day,2_20260905_094454.579,28,56.8,0.957,0.824,11.818,3.092,67.6,157.5,35.2,9.5
SF12,rest day,2_20260905_094454.579,29,46.4,0.94,0.823,12.637,3.079,66.6,157.5,32.8,8.0
SF12,rest day,2_20260905_094454.579,30,42.4,0.835,0.763,12.752,3.314,47.7,152.6,29.6,5.9
SF12,rest day,2_20260905_094454.579,31,42.6,0.74,0.744,16.484,2.75,21.6,153.8,28.8,5.5
SF12,rest day,2_20260905_094454.579,32,45.2,0.833,0.735,13.516,3.343,46.6,152.6,27.2,5.5
SF12,rest day,2_20260905_094454.579,33,33.4,0.761,0.696,16.401,2.715,15.5,152.6,27.2,5.4
SF12,rest day,2_20260905_094454.579,34,29.0,0.911,0.771,13.396,2.894,31.0,153.8,28.0,5.8
SF12,rest day,2_20260905_094454.579,35,32.6,0.764,0.814,14.854,2.897,51.5,157.5,31.2,7.7
SF12,rest day,2_20260905_094454.579,36,29.1,0.91,0.772,13.42,2.898,31.6,153.8,28.0,5.8
SF12,rest day,2_20260905_094454.579,37,33.5,0.765,0.696,16.215,2.72,15.2,152.6,27.2,5.5
SF12,rest day,2_20260905_094454.579,38,29.0,0.914,0.773,13.137,2.899,31.7,152.6,28.0,5.8
SF12,rest day,2_20260905_094454.579,39,43.8,0.723,0.679,17.166,2.687,13.6,153.8,26.4,5.4
SF12,rest day,2_20260905_094454.579,40,40.9,0.757,0.696,16.492,2.709,14.5,153.8,26.4,5.4
SF12,rest day,2_20260905_094454.579,41,44.6,0.784,0.715,16.012,2.74,16.4,151.4,27.2,5.4
SF12,rest day,2_20260905_094454.579,42,43.9,0.723,0.676,16.743,2.686,10.7,152.6,28.0,5.4
SF12,rest day,2_20260905_094454.579,43,34.4,0.897,0.783,13.732,2.904,30.0,151.4,26.4,5.5
SF12,rest day,2_20260905_094454.579,44,28.8,0.816,0.813,14.198,2.852,46.1,157.5,30.4,6.6
SF12,rest day,2_20260905_094454.579,45,34.4,0.895,0.784,13.748,2.902,30.8,152.6,25.6,5.5
SF12,rest day,2_20260905_094454.579,46,28.9,0.811,0.814,14.461,2.848,46.5,157.5,30.4,6.6
SF12,rest day,2_20260905_094454.579,47,51.3,0.763,0.837,13.816,3.078,60.3,157.5,35.2,10.1
SF12,rest day,2_20260905_094454.579,48,37.2,0.835,0.767,14.391,2.779,28.8,152.6,28.0,5.7
SF12,rest day,2_20260905_094454.579,49,56.7,0.979,0.816,12.142,3.099,65.4,158.7,32.8,8.3
SF12,rest day,2_20260905_094454.579,50,40.6,0.736,0.713,16.689,2.704,18.8,151.4,28.0,5.3
SF12,rest day,2_20260905_094454.579,51,53.0,0.83,0.845,13.027,3.078,65.7,156.2,32.8,9.2
SF12,rest day,2_20260905_094454.579,52,39.2,0.699,0.699,17.231,2.667,15.0,153.8,26.4,5.2
SF12,rest day,2_20260905_094454.579,53,41.4,0.797,0.75,15.585,2.79,20.9,153.8,27.2,5.6
SF12,rest day,2_20260905_094454.579,54,38.5,0.716,0.706,17.056,2.685,15.8,152.6,28.0,5.3
SF12,rest day,2_20260905_094454.579,55,54.1,0.974,0.82,12.075,3.121,69.2,158.7,33.6,9.1
SF12,rest day,2_20260905_094454.579,56,38.6,0.754,0.727,16.304,2.73,20.4,152.6,27.2,5.3
SF12,rest day,2_20260905_094454.579,57,38.7,0.685,0.691,17.571,2.659,12.7,153.8,28.0,5.3
SF12,rest day,2_20260905_094454.579,58,41.9,0.861,0.786,13.844,2.887,29.8,152.6,27.2,5.7
SF12,rest day,2_20260905_094454.579,59,43.7,0.951,0.818,12.535,3.047,55.4,156.2,28.8,7.0
SF12,rest day,2_20260905_094454.579,60,41.4,0.921,0.817,12.973,2.99,37.7,153.8,28.0,5.9
SF12,rest day,2_20260905_094454.579,61,35.2,0.776,0.736,15.835,2.762,25.1,153.8,28.0,5.5
SF12,rest day,2_20260905_094454.579,62,54.4,0.885,0.847,12.435,3.049,63.7,157.5,34.4,9.6
SF12,rest day,2_20260905_094454.579,63,44.3,0.885,0.807,13.599,2.861,30.7,152.6,26.4,5.7
