relpath,size,mtime_utc,sha256
SF07/0_20260831_185816.804/pc_time.dat,2709504,2026-09-12T23:19:05.798481+00:00,7045738ca3552ee74e0f22b133870fe4ad13c8bc4586f2d84ab455d2bd4f0e89
SF07/0_20260831_185816.804/pc_time_fit.json,992,2026-09-12T23:19:05.832236+00:00,396109571c752eb385f903f36eced325fc180ee0ac8e47c5338328c57cb8fb39
SF07/0_20260903_071048.371/pc_time.dat,645120,2026-09-12T23:19:05.846637+00:00,afb5fb74a1093904dc03d9284e15b18e3165c56bd1b3cd616224a97997be8105
SF07/0_20260903_071048.371/pc_time_fit.json,1007,2026-09-12T23:19:05.878670+00:00,f7091a425c640cc11711fad6c959045eabbdbd4d6158d20703dc25b0c42352da
SF07/0_20260907_082905.579/pc_time.dat,387072,2026-09-12T23:19:05.889997+00:00,c9defa9899d18b6b322b91f33854596fc9d184ee6dd3a77239d6b1fcb07fbb89
SF07/0_20260907_082905.579/pc_time_fit.json,1007,2026-09-12T23:19:05.922339+00:00,fa9e5e55d79ec114b37b2c37be8855b01c0c42af2a85a03e171eba9c19745c4c
SF07/0_20260907_171130.879/pc_time.dat,516096,2026-09-12T23:19:05.937215+00:00,1274fb6cb41dd3732223238a10daed7cb16ffa6d4da8526f466d038335c2d47d
SF07/0_20260907_171130.879/pc_time_fit.json,1008,2026-09-12T23:19:05.968820+00:00,90019039240ad57ee6f5af713a99392e5afef3605306e6db1e40fab2f8e22383
SF07/0_20260911_083048.666/pc_time.dat,387072,2026-09-12T23:19:05.983113+00:00,353dbc32ec95fb586e3cad3af86e6f5876ae05e0c77cd754d530bc992ad08bff
SF07/0_20260911_083048.666/pc_time_fit.json,1009,2026-09-12T23:19:06.015719+00:00,5bf3bac9a3d5367549356da92b8dad047c18748cb4d8d53817e4f72862fc14ad
SF07/10_20260901_234332.691/pc_time.dat,1915238400,2026-09-12T23:19:28.238958+00:00,793ce1d7f137a76cac6a1f09e5f530c071958ca0869a02848335ba018da78078
SF07/10_20260901_234332.691/pc_time_fit.json,988,2026-09-12T23:19:28.276574+00:00,d712c887956933bb301eebd082210416bb85920f636a88e261425aa9fdbc610a
SF07/10_20260904_140015.895/pc_time.dat,2508800,2026-09-12T23:19:28.318571+00:00,4197f2040983b72f1e8f4928d86ca5b04bdc69457eaa445cdb41daa7cc9e9908
SF07/10_20260904_140015.895/pc_time_fit.json,995,2026-09-12T23:19:28.351306+00:00,52d4d86d646e92762a64763447239740400fd56125bc986ff0ed825a35d3ea07
SF07/11_20260902_062241.295/pc_time.dat,342080512,2026-09-12T23:19:32.848112+00:00,dfd0cf9e9e6f60d417a52fda4174d08b08d1df9a4cfab76c4c01f1571eab6758
SF07/11_20260902_062241.295/pc_time_fit.json,988,2026-09-12T23:19:32.883471+00:00,d5e2d5a1b379e3bd514d813a3da013fc7386bf1477fc992c6b08deaa733a34ea
SF07/11_20260904_140054.476/pc_time.dat,1572714496,2026-09-12T23:19:50.944656+00:00,edb5cc9ffe6259a28486c689e83582fe92f21ba126a1f36d199bad56ae69abac
SF07/11_20260904_140054.476/pc_time_fit.json,2088,2026-09-12T23:19:50.982935+00:00,f0a73e8bd60eb48868ba458fe43e21887eb05794fdcbf118d20944f754d53133
SF07/12_20260902_074608.443/pc_time.dat,573440,2026-09-12T23:19:51.001436+00:00,f54ae384ad366c53ac86002c41632b377755edd9c045d12a7fe330211c5b53aa
SF07/12_20260902_074608.443/pc_time_fit.json,1009,2026-09-12T23:19:51.035507+00:00,8bd2111eef729188828dddf51de0dd5022a0997b2166e6df56954611f1d52b84
SF07/12_20260904_195148.989/pc_time.dat,640000,2026-09-12T23:19:51.047510+00:00,fe4e71d326b877e8a6b799972b08efd2b625c9ed8d81b26394d6b2dd25b0c9d7
SF07/12_20260904_195148.989/pc_time_fit.json,1009,2026-09-12T23:19:51.079436+00:00,05609de64b1d5abeb756af04e3af62c0dcabf9e767df143aa9efce48fe3d7163
SF07/12_20260910_204411.854/pc_time.dat,3272797184,2026-09-12T23:20:29.969419+00:00,3c19c8a649c62bd75f4e592c1969587a59b6b51c4a3bae0ab78675fcc57091a2
SF07/12_20260910_204411.854/pc_time_fit.json,1152,2026-09-12T23:20:30.112467+00:00,dde439198f7ea2a4e2e9c85268fb94e0dda6b281922b918c87060e80cf22eb91
SF07/12_20260911_183849.226/pc_time.dat,613376,2026-09-12T23:20:30.139525+00:00,f47d8b09c18a7ce976947768e44ffa046c27d0fcadcfe4c4e168207df9676889
SF07/12_20260911_183849.226/pc_time_fit.json,1009,2026-09-12T23:20:30.172520+00:00,7c7749d2af6d442c3cb592b462ad3b2ea278a04a98c79246b07555cfeac05311
SF07/13_20260902_082234.535/pc_time.dat,2570240,2026-09-12T23:20:30.203482+00:00,4bd1a445498d8b2f6f893917e72497900f4760a031cbb0cd2dc4b1f9cf65826c
SF07/13_20260902_082234.535/pc_time_fit.json,987,2026-09-12T23:20:30.236960+00:00,6b621bd8b6d5bd784c33b0b0e449f5d0531bd270b4e7665697d5e6a400d7fdc2
SF07/13_20260904_201742.999/pc_time.dat,2617344,2026-09-12T23:20:30.276260+00:00,3f9df15e3ac19bf9e6a788bbd38169c9101371321f4f896b91c69bc6311131d6
SF07/13_20260904_201742.999/pc_time_fit.json,993,2026-09-12T23:20:30.309810+00:00,a6d161fab7903ab2422e561e01f8d2074f2add079176ef244586de32641bf40f
SF07/13_20260911_191407.256/pc_time.dat,2618368,2026-09-12T23:41:32.484771+00:00,d32396269752a15d6a44a0c079c5c60542d23878faefd8c9d2f253e81597dbb0
SF07/13_20260911_191407.256/pc_time_fit.json,995,2026-09-12T23:41:32.518386+00:00,b92e89594ca97c077850dc1e32753a03588c19170fc43b1eba02aa7a0f641bf0
SF07/14_20260902_082315.755/pc_time.dat,4077568,2026-09-12T07:05:00.835465+00:00,a891de9c1a7e84e838cbd9f25d7d146b21f68d9f31525cd17e4e2f40250a235e
SF07/14_20260902_082315.755/pc_time_fit.json,994,2026-09-12T07:05:00.866634+00:00,a78fef6f252c24f93e4883eca556b4494383e326880c72f87a9d112943c63d57
SF07/14_20260904_201825.406/pc_time.dat,3538604032,2026-09-12T07:05:41.274440+00:00,fd7ca6ab6758b1690e7f37307733f07482d347616ca202b37a464b037fc615e0
SF07/14_20260904_201825.406/pc_time_fit.json,1782,2026-09-12T07:05:41.310440+00:00,3c599dded47c947b251806e6316b393bc92938fbf313aaa51aea99f80e866e15
SF07/14_20260911_191449.075/pc_time.dat,4367883264,2026-09-12T23:42:21.097893+00:00,0ab07f12b43416089d190a6d0ec62bea58362950a912a7c7b69a929c9d75b1d0
SF07/14_20260911_191449.075/pc_time_fit.json,1035,2026-09-12T23:42:21.132240+00:00,027af2673ce5d429410654554e721380fa391ff8bee794a50b82dc03964fd9f2
SF07/15_20260902_082418.755/pc_time.dat,2451564544,2026-09-12T07:06:09.382314+00:00,4b4be9c218e368129f091473c3784660091ad02ed656191a5f1cdbd1e8bf2344
SF07/15_20260902_082418.755/pc_time_fit.json,1095,2026-09-12T07:06:09.415798+00:00,6bf38a8b68f96ddbec7cd2f0e957e216f298e0f07b3ba5200eda32b24ebbb2fa
SF07/16_20260902_165524.033/pc_time.dat,371656704,2026-09-12T07:06:14.415789+00:00,e9c30b3994f33fac32128dde85a43647aa85172710aad2e4443996b45cfde227
SF07/16_20260902_165524.033/pc_time_fit.json,1012,2026-09-12T07:06:14.449132+00:00,43f5a4de34b74e8339073d2f6c6e1db7518184f540640adbb197970b78f61c1a
SF07/1_20260831_185904.795/pc_time.dat,1543278592,2026-09-12T07:06:32.515813+00:00,ac3221a3177a2111289dc279bbbdaf2f8011436075f92be8ac9f9e44dd4b0ead
SF07/1_20260831_185904.795/pc_time_fit.json,2924,2026-09-12T07:06:32.558329+00:00,cc680071df8367de37bda4ea9b5d10ef087ac94402c673be33566e1c5bbddd09
SF07/1_20260903_075030.323/pc_time.dat,2743296,2026-09-12T07:06:32.588494+00:00,0eb4fcdd7208d456229dbcc57609c06839671fb1f9a8d73e43eb911d203c3851
SF07/1_20260903_075030.323/pc_time_fit.json,993,2026-09-12T07:06:32.617480+00:00,0f930403ece56ea8d938ff9e6b1993ea7874323bd4bf12f14cb465bcc05309d8
SF07/1_20260905_093210.807/pc_time.dat,4165632,2026-09-12T07:06:32.682589+00:00,aaedbf6531f7af2806e4745d5b89ad76c152285da683fc3eb0c20b984b340f95
SF07/1_20260905_093210.807/pc_time_fit.json,996,2026-09-12T07:06:32.715311+00:00,8e0063d6e04f93dfe1a27ee4677826ffeb8a328746e86ba20c3921b7fde24cd0
SF07/1_20260905_184646.993/pc_time.dat,2970624,2026-09-12T07:06:32.764868+00:00,4432c80d10303fada51dcba54630b2cc7d0bbe5b669734ba0ab7ca77e972fd9e
SF07/1_20260905_184646.993/pc_time_fit.json,993,2026-09-12T07:06:32.799254+00:00,050e49ca7629f9aa4fc881cdffbce1c976e33d68bb5d551b1f07b8869780cc59
SF07/1_20260907_085204.393/pc_time.dat,2878464,2026-09-12T07:06:32.815854+00:00,85b2f8f7b62853d018c0245c752e1472dffc9cc02c4565cdf29a287bdf065c70
SF07/1_20260907_085204.393/pc_time_fit.json,995,2026-09-12T07:06:32.861669+00:00,0fcb91e9417196b51e80ea3e8e75ecf0f4da69a2c444191098e27675cc1e48f8
SF07/1_20260907_174716.243/pc_time.dat,6037504,2026-09-12T07:06:32.932491+00:00,c0e6390ed6ef5c6db77a79bc3580e64e279c64a0b177bd29b88e43c45c12f783
SF07/1_20260907_174716.243/pc_time_fit.json,997,2026-09-12T07:06:32.973439+00:00,1ead240bc8cf2da3bf42ea90725ac64cea7e5829955179c0627c52bae29b22da
SF07/1_20260909_183711.781/pc_time.dat,3330048,2026-09-12T07:06:33.018418+00:00,5660f06ff711135864848f1055b095204c1273552bcba60da48d92bdbfb4de4c
SF07/1_20260909_183711.781/pc_time_fit.json,992,2026-09-12T07:06:33.061635+00:00,f335d24b1369222369b6f61222f03ebbabf9adba763989b0def0d28daff88739
SF07/1_20260911_091521.524/pc_time.dat,3306496,2026-09-12T07:06:33.115052+00:00,fa878997e7c22b083813b63962f9ed8d73a2811f8173811f928c728746571723
SF07/1_20260911_091521.524/pc_time_fit.json,995,2026-09-12T07:06:33.149099+00:00,370dbf9f9515f9322edb6b862977149baade3fb806e33483255ac1458927397b
SF07/2_20260901_002100.939/pc_time.dat,1536568320,2026-09-12T07:06:51.198395+00:00,606ef923fad249df9dcacbe743d4a8e85bb6f6a582bebd5e13810985ba8ac944
SF07/2_20260901_002100.939/pc_time_fit.json,1003,2026-09-12T07:06:51.282554+00:00,1c1250c7051956e61890370a678dbe9b87a36ccd197849aa5cc6ddc9ac46c8de
SF07/2_20260902_190005.320/pc_time.dat,2610176,2026-09-12T07:06:51.315875+00:00,a143f5901e57a0ac217463286399dc0f5bad812c514bdf2d792443e73480bc35
SF07/2_20260902_190005.320/pc_time_fit.json,990,2026-09-12T07:06:51.347486+00:00,94166fa8293a2fd008a31bf753420418e152db5dd97efa00279128786999b5d6
SF07/2_20260903_075114.355/pc_time.dat,2570444800,2026-09-12T07:07:28.882595+00:00,95048da84bed5ef7eef468cce745377dc535c77e378a4125f46910ad7090d6a4
SF07/2_20260903_075114.355/pc_time_fit.json,1504,2026-09-12T07:07:28.930383+00:00,a9a8bc216799f7f5829f5f0a3297f73088d938fb224f8a1d687ee90bec529860
SF07/2_20260905_093310.289/pc_time.dat,1067988992,2026-09-12T07:07:41.899292+00:00,3f4bc0710a0c1eff3866d91a5880b246aa74b0600af84811112d3a07e798f952
SF07/2_20260905_093310.289/pc_time_fit.json,987,2026-09-12T07:07:41.966068+00:00,5cb4e00ae72a43b811c2f737475a4c884eceded2527c54f40008be8125737011
SF07/2_20260905_184732.855/pc_time.dat,3487699968,2026-09-12T07:08:24.382721+00:00,98bb19184ae3bc55d87ad3d6ecf8c73e14882573b87a320c2593f1c1e3fe6225
SF07/2_20260905_184732.855/pc_time_fit.json,1244,2026-09-12T07:08:24.415192+00:00,4b7a271355f1401a3d8606aa183a03cf057684af072bddad6c6a12638e0bd7bd
SF07/2_20260907_085247.979/pc_time.dat,70855680,2026-09-12T07:08:25.232743+00:00,427c7c8a3c77731c6aaf51b8ec71db6f2eb87956e225e341f138d19343d18af1
SF07/2_20260907_085247.979/pc_time_fit.json,985,2026-09-12T07:08:25.268327+00:00,16f67e653de3aaceef6ccc9312e780edfadc7f87560eb3e3c1c4d5aa14da80d2
SF07/2_20260907_174841.816/pc_time.dat,3611645952,2026-09-12T07:09:10.932839+00:00,b54a641d7e9bb111b2b63405ea4c7d2238b38bd195f1c7c3fa12ebf5422f58ba
SF07/2_20260907_174841.816/pc_time_fit.json,1706,2026-09-12T07:09:10.966192+00:00,5a0bb4fabae7ca27809574bb4d5f8276509c9d314b8518b67f32a583e2f884b5
SF07/2_20260909_090244.932/pc_time.dat,2805760,2026-09-12T07:09:11.034009+00:00,3a69b0496e4431aae944eb5da75dc162536856fcc8cc1797865914b3ec746e5a
SF07/2_20260909_090244.932/pc_time_fit.json,994,2026-09-12T07:09:11.068656+00:00,dd7ca117a88431c67e19e84342991c54b6ea8a013d9e864bbb95008ccfc88a26
SF07/2_20260909_183802.795/pc_time.dat,3645505536,2026-09-12T07:09:58.583373+00:00,ff129e42d62e8cd9f8051fa0a3145be6b07c5bed4f442acb71bfd98b8c0df421
SF07/2_20260909_183802.795/pc_time_fit.json,1188,2026-09-12T07:09:58.721031+00:00,f788bb1eff27a23de08d1addb10c436d834e977c8211f645fc03bdd9f40e2ce3
SF07/2_20260911_091615.116/pc_time.dat,2645664768,2026-09-12T07:10:32.716377+00:00,3a2fdc1ad6c9a08f1bfe57e08af8b53ed1a273434248a5ab0160e5e20b403673
SF07/2_20260911_091615.116/pc_time_fit.json,1186,2026-09-12T07:10:32.748137+00:00,351ef9c6fd6bd554f0d40fb6e295a44c34f012937e624da21a30de6c8dfad0d7
SF07/3_20260901_054126.846/pc_time.dat,263788544,2026-09-12T07:10:36.649651+00:00,6a5a9a160452b68daacb146cf10d5ac01083943d70a14d622c18faee936e18cf
SF07/3_20260901_054126.846/pc_time_fit.json,1010,2026-09-12T07:10:36.683038+00:00,a76503d1ff9df55536cb005b75ee2a4cadb884c61df5b7450ffbc0996448d098
SF07/3_20260902_190047.109/pc_time.dat,1512017920,2026-09-12T07:10:55.683035+00:00,0eedc20c43d9a6dabe05afcc150be3683258e9723fe3f23e56868dd6d9981ccd
SF07/3_20260902_190047.109/pc_time_fit.json,1262,2026-09-12T07:10:55.749693+00:00,adf354cdb85011dcf878898705bb55862b02718b4f5bf545f7d9efa6786e97c1
SF07/3_20260903_164808.815/pc_time.dat,95887360,2026-09-12T07:10:57.035046+00:00,57af4f14c44eaaf5dedd150244e9eb0d8aa04ea83b7e46bf69015716acc4037a
SF07/3_20260903_164808.815/pc_time_fit.json,1011,2026-09-12T07:10:57.071634+00:00,9ffab371dee7c8befb350d63f70ca0a2280ce97c686f52bf7bd1984ab20c5e9b
SF07/3_20260905_132229.331/pc_time.dat,377856,2026-09-12T07:10:57.105367+00:00,74a9718d62c22542ebd1302cd2489607879643df09c9793db25dbf09a3f75224
SF07/3_20260905_132229.331/pc_time_fit.json,1008,2026-09-12T07:10:57.133097+00:00,f1ab4dc7de1c4528620b4b6e1f6ecae19d5e62e6b9b201990d53221d82c01fb7
SF07/3_20260906_075328.665/pc_time.dat,4063232,2026-09-12T07:10:57.199718+00:00,5a6175fc595864e3f86b1ff2123bb012a8f8e864dbe65c09ac5832b1b47afb5b
SF07/3_20260906_075328.665/pc_time_fit.json,995,2026-09-12T07:10:57.232333+00:00,250d874b3b234a54baba6968e82028b5773c11916655b726d9a4014192073fcc
SF07/3_20260907_091429.415/pc_time.dat,2484224,2026-09-12T07:10:57.282381+00:00,4500798a1c943bfd00c6101231dca5b3f5e59a08f6a086730ad1ca7f5c463959
SF07/3_20260907_091429.415/pc_time_fit.json,993,2026-09-12T07:10:57.315772+00:00,f2fdde5878f75598bf8adf3e212b96d5473a82f74654c5757a32dc8b17b298bd
SF07/3_20260908_064550.936/pc_time.dat,430080,2026-09-12T07:10:57.336815+00:00,2382cba3df7987d13732d9a80e2ae7b69b5e68f2040e2959b8b72a6afb4abf59
SF07/3_20260908_064550.936/pc_time_fit.json,1008,2026-09-12T07:10:57.376895+00:00,4320d66c7e1f2b186800cc71d1d60eeb87b1cb23517023f90144cb7bbb3120b0
SF07/3_20260909_090331.016/pc_time.dat,2553464832,2026-09-12T07:11:30.099681+00:00,95cf3f147f35933036bbdb490d8dd2d6e2786c52261f592037f2cb39ec3966eb
SF07/3_20260909_090331.016/pc_time_fit.json,1294,2026-09-12T07:11:30.166507+00:00,a8ad45fec2e33b54c6354d61fde1e557dd28732406e4454ad346cc2163d7c43a
SF07/3_20260910_075159.050/pc_time.dat,4286464,2026-09-12T07:11:30.217711+00:00,549dff5037521bca5cfd7dfcccdb582965acf3728e0f380bfeef266b70f0700a
SF07/3_20260910_075159.050/pc_time_fit.json,1010,2026-09-12T07:11:30.263501+00:00,2d432dffd0e176213cb2de4e3745796e94c2e16b6fdc4164ec2c8f3d5b11e3dd
SF07/4_20260901_074925.529/pc_time.dat,6237184,2026-09-12T07:11:30.345207+00:00,4e4a13d705e8684bc20fe6b3c1b54d0b31ab9b9bfba2355b498c089be125645c
SF07/4_20260901_074925.529/pc_time_fit.json,996,2026-09-12T07:11:30.366499+00:00,31d8102276ce3345144b1bddc1071105c19b3be0fbfb33f0c853d7f6895c5e18
SF07/4_20260903_001558.656/pc_time.dat,1163147264,2026-09-12T07:11:45.466519+00:00,ebd9187317ca7b6e154ce24561ba2e4c4f3dfdf935155faea43c6983bc047696
SF07/4_20260903_001558.656/pc_time_fit.json,1005,2026-09-12T07:11:45.498935+00:00,ac39cae916ac7c08306f0f0231ae3f64239b98d6f66fb9d7599462b3ed2d5488
SF07/4_20260903_171804.804/pc_time.dat,709632,2026-09-12T07:11:45.520332+00:00,750582845c473036726cf5b0036d3a55ac7a1f2a0b148ef1d4333cce3e22b704
SF07/4_20260903_171804.804/pc_time_fit.json,1009,2026-09-12T07:11:45.550945+00:00,91dd43517009b74b68db996ec0f6158a730359aa17d0e19d507acafa0feb2529
SF07/4_20260905_132736.589/pc_time.dat,347136,2026-09-12T07:11:45.582886+00:00,a363fd8eb35aaeb07a536033dc77355874a27da0e02d13206ea96185b08dca34
SF07/4_20260905_132736.589/pc_time_fit.json,1006,2026-09-12T07:11:45.620403+00:00,cd3ea7df1ad2480e7b6ab76179923c4de0d50cf6a6db1079a5f6dfc8739bf9c8
SF07/4_20260906_075426.615/pc_time.dat,1329097728,2026-09-12T07:12:02.278023+00:00,b0b820c25874526ef109c45ff125d2d3427008469eba1c272b8b9ac9afc37a1e
SF07/4_20260906_075426.615/pc_time_fit.json,987,2026-09-12T07:12:02.299974+00:00,9ee00ee823edf992a18483e30cb87593a2142ceac57b8e3d7b3949c9fb7cd55a
SF07/4_20260907_091511.369/pc_time.dat,2203704320,2026-09-12T07:12:31.095239+00:00,d4c3f32ebb870acef6149e367630f9dc99d8de1deb7ea567f1572440c6e1a660
SF07/4_20260907_091511.369/pc_time_fit.json,1277,2026-09-12T07:12:31.131750+00:00,989201b1c2ec95ab38967dbb949ffe2f008305b71e136799c531858b13ab709d
SF07/4_20260908_071432.143/pc_time.dat,2545664,2026-09-12T07:12:31.166632+00:00,f896452910ff3198e1e1d2bbda48883e96109c1c73b7b7566a5d24cc0876e711
SF07/4_20260908_071432.143/pc_time_fit.json,993,2026-09-12T07:12:31.199974+00:00,46225f85987b7db264db025373877e22e3fb883822fb71f050f41e45709796f5
SF07/4_20260910_082304.358/pc_time.dat,2717696,2026-09-12T07:12:31.234189+00:00,b3817692609a8eb04644685c694cc1365d4ac28d24c958f88edd8c9e23e112de
SF07/4_20260910_082304.358/pc_time_fit.json,993,2026-09-12T07:12:31.268350+00:00,4929023b12904738696170a5e097d6b68b51173706d2d1228cceccc0d00962e9
SF07/5_20260901_075052.875/pc_time.dat,1457179648,2026-09-12T07:12:50.112454+00:00,a3dff352621fad63abf4510eede1fcdc417f2f6070c9ae97c6fb903b3ebcc9fd
SF07/5_20260901_075052.875/pc_time_fit.json,996,2026-09-12T07:12:50.153134+00:00,52ba49c1955578e74b18af4fd2949782eb2e814ca4ba307d5004b149126490a7
SF07/5_20260903_175103.583/pc_time.dat,2622464,2026-09-12T07:12:50.199974+00:00,6a84f3e81c4c0d95d6ce72b8d42579e7bcd1f1462968dbdf02f683ef122d1a39
SF07/5_20260903_175103.583/pc_time_fit.json,986,2026-09-12T07:12:50.233302+00:00,ee1c3bdb76ea8dad0c506570eeee2bceb53b3ccc45927c0dda659ce062d5145c
SF07/5_20260905_133036.709/pc_time.dat,2752512,2026-09-12T07:12:50.283331+00:00,60918cb4ec8e8b855bb9cdd2441d492161ef7abf299af3cb482308514933e595
SF07/5_20260905_133036.709/pc_time_fit.json,994,2026-09-12T07:12:50.331288+00:00,aa04373a879577673b6b670d62248a3f5683751b94887485b907f81309b1cc4f
SF07/5_20260906_132901.675/pc_time.dat,2665472,2026-09-12T07:12:50.383471+00:00,4fd892cc0500dc171b45d1edb03744c38fea1d31b6c710d5cd108919c54fc527
SF07/5_20260906_132901.675/pc_time_fit.json,993,2026-09-12T07:12:50.417200+00:00,f05a186c861d486fc12732d869607077c80d82a577036ef06cbc2ecb9d3852b5
SF07/5_20260908_071513.175/pc_time.dat,3363305472,2026-09-12T07:13:33.330957+00:00,96310f1f802b7a605fb8d256674a828f58011dc069ba580c3e98b77d9693ae4c
SF07/5_20260908_071513.175/pc_time_fit.json,2936,2026-09-12T07:13:33.400096+00:00,7d81de802e3872aa6f20dceb6ae3976157720f5b283cf35432d1f7a28b39233b
SF07/5_20260910_082351.495/pc_time.dat,1808114688,2026-09-12T07:13:56.550135+00:00,6c5020edc652e8db99e662f3b1a84e2eacada0fb568eb9b82916b5779b4075fa
SF07/5_20260910_082351.495/pc_time_fit.json,1209,2026-09-12T07:13:56.593337+00:00,c453a7fddb629110cf15c5ebdba83f03e76236bb5f7516dc03b381c1bd513a17
SF07/6_20260901_125442.165/pc_time.dat,1235001344,2026-09-12T07:14:15.950126+00:00,b8227dfb4fe0207d68be438fb96d48c1aaea30b986481c02178e69ab75b25065
SF07/6_20260901_125442.165/pc_time_fit.json,1180,2026-09-12T07:14:15.986495+00:00,d19cc1ed8e3a084d73ce7a5a2793682a4a35373f44e61518f679565d3f0a33f9
SF07/6_20260903_175144.375/pc_time.dat,3931271168,2026-09-12T07:15:06.866949+00:00,49a78fede85f8d82c1ce3db0583efbed8e4f3880b87272a9cb7371e0f0be49e8
SF07/6_20260903_175144.375/pc_time_fit.json,1130,2026-09-12T07:15:06.900302+00:00,4966764071e289d3a07bcee2a1288352483ff00cb38ddee30b4839bc06db2fd4
SF07/6_20260905_133118.469/pc_time.dat,1290828800,2026-09-12T07:15:23.183652+00:00,3054db695ca9f8795b6f8fbbc061060b9508d8727ddeb87378707ef0f26412cc
SF07/6_20260905_133118.469/pc_time_fit.json,1139,2026-09-12T07:15:23.233663+00:00,65364dd64d81c430985925da6aeb16998140cc9a4693d9d3a5758b04b9f4d239
SF07/6_20260906_132942.035/pc_time.dat,1589956608,2026-09-12T07:15:43.317024+00:00,e550aef9c36ba1c9fcc59f7b69caa420b30c69ec29ce5729759343ce3add4363
SF07/6_20260906_132942.035/pc_time_fit.json,987,2026-09-12T07:15:43.350426+00:00,301703f838abe0c979d13f5895286c20fc16d8e27425875ec47e1d9417eaeb30
SF07/6_20260908_190921.663/pc_time.dat,274432,2026-09-12T07:15:43.368096+00:00,8555df471f41dd0822ab02b1d572b7a49be2cad2fd84a9d90b60ffbda034cf8e
SF07/6_20260908_190921.663/pc_time_fit.json,1007,2026-09-12T07:15:43.401488+00:00,e799bf9d2628d26550df026b38e95f40612b7cd414b30a214ecae2b0b014fa7b
SF07/7_20260901_171210.814/pc_time.dat,324228096,2026-09-12T07:15:47.517042+00:00,7fc03200a6b3d3fb225c51387adaca94c27e14ef1f0f911e463c10c243e45dba
SF07/7_20260901_171210.814/pc_time_fit.json,1012,2026-09-12T07:15:47.550301+00:00,03912bee03133b893de06b48c480a3f20445f1d30ea700111b5bf8aa4d9629a4
SF07/7_20260904_080858.239/pc_time.dat,2492416,2026-09-12T07:15:47.600387+00:00,4b04f4900073605710a88b271c63dc06ca67b526a37671fd5e49f195ec692c96
SF07/7_20260904_080858.239/pc_time_fit.json,994,2026-09-12T07:15:47.633020+00:00,5828890f05e6219d509db0f34ec3bd16f08afadcf7c0b77985a05f15595e84a9
SF07/7_20260906_191821.460/pc_time.dat,194560,2026-09-12T07:15:47.649015+00:00,b97866e86961d2973f2839f3e4c379f6187438d3e21b049e62841cb6af3ae1b2
SF07/7_20260906_191821.460/pc_time_fit.json,1008,2026-09-12T07:15:47.681046+00:00,dd1c1669381669ecb38dacdda393c5eebe2496b07539607f279f0d351389c74f
SF07/7_20260908_193646.481/pc_time.dat,2587648,2026-09-12T07:15:47.717151+00:00,5ec550617e0792c56901eb3e12fc909ceb2ddc7d24c56a923a53e64e093635ca
SF07/7_20260908_193646.481/pc_time_fit.json,994,2026-09-12T07:15:47.750534+00:00,3290f5b460f2729ef2c53388f38383bd8304a9343841752f81714bf155a2198f
SF07/8_20260901_192830.797/pc_time.dat,2586624,2026-09-12T07:15:47.783761+00:00,e864acf170c41b567af67304347958a8831aa0ec59c875377ec85a2a60fd35b7
SF07/8_20260901_192830.797/pc_time_fit.json,993,2026-09-12T07:15:47.816989+00:00,e47368fedd7d2c8f1374fa1b08603ec8e58e9c1344eca1ae0866a20960b9f6b8
SF07/8_20260904_080936.435/pc_time.dat,1588050944,2026-09-12T07:16:08.500540+00:00,fa3439124948900466fa72e15666f48e6e078d2fc7501f666a83d7cbc091177f
SF07/8_20260904_080936.435/pc_time_fit.json,1040,2026-09-12T07:16:08.533773+00:00,b69f2456a228c7eb1293e068ab06a9456afc34e3241bbe303cf3db083d05d5dc
SF07/8_20260906_193945.691/pc_time.dat,3075072,2026-09-12T07:16:08.588847+00:00,27dc935286dda0de6ef9e9c190c99c4038bbb4763c02f2db97e8e7f3626ceafb
SF07/8_20260906_193945.691/pc_time_fit.json,993,2026-09-12T07:16:08.618571+00:00,a00f6110d541f68a78f2b53c2164d854382f4b61ad06c38988aeceafb4e5f7d2
SF07/8_20260908_193733.435/pc_time.dat,3641223168,2026-09-12T07:16:56.166632+00:00,e100cd87b30ca496a320e398f3714f5af5d8c7e66a215ef0aadd3b33621762a4
SF07/8_20260908_193733.435/pc_time_fit.json,1345,2026-09-12T07:16:56.213668+00:00,b77080dcd8454790138e38a1c9b09cd9c1b76e1c2e234afee9772c46949ab30c
SF07/9_20260901_192912.215/pc_time.dat,1219770368,2026-09-12T07:17:11.967384+00:00,06695eb205d0b15b9f4e4a55a9f9ce24dfcf8933dd9956dbaacd08777a46e64f
SF07/9_20260901_192912.215/pc_time_fit.json,1077,2026-09-12T07:17:12.001634+00:00,12835e9c61b1bee3ae8d8970ef13c02d2b3122b7267fbe425b4a41ccf1d44142
SF07/9_20260904_135937.346/pc_time.dat,2510848,2026-09-12T07:17:12.050545+00:00,18e840895b780a0a6301c94e83e0882be644fce6d87aea50768eb247629a1bde
SF07/9_20260904_135937.346/pc_time_fit.json,991,2026-09-12T07:17:12.090287+00:00,d5a61578fe40f53995fab477b80a969b53e06aedcea78b4a4cd52a99d9aae810
SF07/9_20260906_194035.495/pc_time.dat,3578579968,2026-09-12T07:17:58.367329+00:00,1130f45e1bce4a16d5ba57d3716e5142d42e5250e0b5c42679eb2fae2a74c78d
SF07/9_20260906_194035.495/pc_time_fit.json,1646,2026-09-12T07:17:58.400697+00:00,395185bd13d7a0e4d683dbe2e27e7d5709eabe5f58ac48c3210a0c1875ea0938
SF08/0_20260831_190133.486/pc_time.dat,3612672,2026-09-12T07:17:58.467378+00:00,628c4ce1b0fd418e356a62ab0012f88b49907adfd8bec5fc589a64e4e4c19a1c
SF08/0_20260831_190133.486/pc_time_fit.json,993,2026-09-12T07:17:58.500681+00:00,5af1f73f27eabb57598cd004bd4a532b6a9ffb20111fabb39c5e466ffb6e1aab
SF08/0_20260903_071202.892/pc_time.dat,645120,2026-09-12T07:17:58.500681+00:00,b6ab4b3a004b2b7319a64339cf05d4765817c3a55c3be2143ab9bba8bcdc2498
SF08/0_20260903_071202.892/pc_time_fit.json,1012,2026-09-12T07:17:58.540913+00:00,d2d3fc23956e8ae02a9ad8a8b3997bd3335030f96c4938e51fb76aaef92843d3
SF08/0_20260903_171601.361/pc_time.dat,387072,2026-09-12T07:17:58.566503+00:00,293d4c9efd9404db73bf2e5101270ffc04b928ddac633c11baf440c1d6072475
SF08/0_20260903_171601.361/pc_time_fit.json,1007,2026-09-12T07:17:58.599769+00:00,9a68f888dde3abbb1cfdee370d8cfec5786747b4663f44ece632689206d8c024
SF08/0_20260905_090305.847/pc_time.dat,258048,2026-09-12T07:17:58.622842+00:00,4cb5a47828fd14867401a1844094923f0908f7cfc4b212e01aacc8c81286de6f
SF08/0_20260905_090305.847/pc_time_fit.json,1007,2026-09-12T07:17:58.650685+00:00,b5b6d2dddbcc353d4a01b743278b841a65e2243329b72f5c5b679aa634109378
SF08/0_20260905_182324.045/pc_time.dat,516096,2026-09-12T07:17:58.682736+00:00,23c34d9391da6675ee05466590382278b4c44938d0ed69c64f5dd86c337997b9
SF08/0_20260905_182324.045/pc_time_fit.json,1010,2026-09-12T07:17:58.717389+00:00,f32bfbc4fd88820aa53553215edfc27677c6bb372939ac9870abcbaa28492dbd
SF08/0_20260909_083708.518/pc_time.dat,387072,2026-09-12T07:17:58.741827+00:00,73cebeb220fba37236c0770db39aa92c5ee392e392febb85a874372a84d815c1
SF08/0_20260909_083708.518/pc_time_fit.json,1007,2026-09-12T07:17:58.782662+00:00,d325d05ff4f2f85bd9f02176c8343b5731cd350e9778987f7f2db5225d1cc3b7
SF08/0_20260910_190837.313/pc_time.dat,2322432,2026-09-12T07:17:58.816529+00:00,d063fe81256b1c10005aaebb3f75500e099af9ff49bc6226ab33b4788dcad5aa
SF08/0_20260910_190837.313/pc_time_fit.json,1008,2026-09-12T07:17:58.849876+00:00,e59b1f472668da2dcaf757bbece5cc405078568492da08d418492b0f81267b2b
SF08/0_20260911_083845.527/pc_time.dat,258048,2026-09-12T07:17:58.884214+00:00,bcc5b7290a2d4bc3dc4c20f43b8f3c3da4afc244852d306b9abb9408eabd4a56
SF08/0_20260911_083845.527/pc_time_fit.json,1009,2026-09-12T07:17:58.916179+00:00,4ad743ba5d088c0a14f91ddec3f8e9f97e151f1acd838611581c2d368a52d623
SF08/11_20260902_080414.269/pc_time.dat,538624,2026-09-12T07:17:58.942668+00:00,3470f6c791af8f4187810489c51f964ee2862ca5517a5da009042ed3bd0bd68f
SF08/11_20260902_080414.269/pc_time_fit.json,1009,2026-09-12T07:17:58.981654+00:00,7d20e283203c2aeef1f8948ea6d5c48954e73f7c1f781690d66407d5d23976a2
SF08/12_20260902_082624.125/pc_time.dat,6079488,2026-09-12T07:17:59.050286+00:00,ab49d425fb61b319af721092412efd819fb07f58c3d34b2d5ac7a0fb96fb30a3
SF08/12_20260902_082624.125/pc_time_fit.json,995,2026-09-12T07:17:59.084555+00:00,ce2aac7fa2754f6a7030144fd8e8d0a7a1d4a52fb205b3d0f72f361f6a6941cc
SF08/13_20260902_082748.094/pc_time.dat,2844455936,2026-09-12T07:18:35.955897+00:00,186775e71a0e74040e5284839ed500ddbaa6527078225fecd3d9823202fe911d
SF08/13_20260902_082748.094/pc_time_fit.json,1853,2026-09-12T07:18:36.035469+00:00,7276496fec70866e2c7b9df36d016119f57701794cf35bbe63d3055d993d1b2b
SF08/15_20260902_184139.248/pc_time.dat,2774016,2026-09-12T07:18:36.073026+00:00,d57ed660427b4eeae88fe9caff3f177c3094b30f682ed01901eeb1d239a6c804
SF08/15_20260902_184139.248/pc_time_fit.json,1009,2026-09-12T07:18:36.106245+00:00,57d82de3ea9b3a305e4fea397165f4af4fa8e37035c8e1c1ddedd4c140720d79
SF08/16_20260902_190202.601/pc_time.dat,2451456,2026-09-12T07:18:36.134043+00:00,3d0ec6546f1f9c09bb7c0171dae39d28a99bcadf0c8524a4123d5515f52214d6
SF08/16_20260902_190202.601/pc_time_fit.json,993,2026-09-12T07:18:36.168823+00:00,108f809c906cebe5fcafd4393b8f976a423d172d403aee22267afd2907f2fd90
SF08/17_20260902_190241.916/pc_time.dat,3156651008,2026-09-12T07:19:16.876418+00:00,e011a39a7ce59925b78609d2baa07228dd44bf98eefe513d8b1ed1b225f231a2
SF08/17_20260902_190241.916/pc_time_fit.json,1094,2026-09-12T07:19:16.985682+00:00,8a2caa675899aa546a42c411b8c5c6667dc5b9a4b548306d1eefd932a7bf6a85
SF08/18_20260903_060030.122/pc_time.dat,212021248,2026-09-12T07:19:19.634179+00:00,3928c26b5ee8aac4d80909b0dbc0a708bfe94ebacef7ae281ec8c70e8390e064
SF08/18_20260903_060030.122/pc_time_fit.json,988,2026-09-12T07:19:19.669580+00:00,06d0c698676d56ea825baa10e91f1b0fc0ba44d7a50e0a38c31cf8d7ccc82ad5
SF08/1_20260831_190229.919/pc_time.dat,1539396608,2026-09-12T07:19:39.451073+00:00,4ba96029d6d9e49377df86313a6c6d159008f6a62d2af3b6a6dd2782fd1b5675
SF08/1_20260831_190229.919/pc_time_fit.json,3833,2026-09-12T07:19:39.484244+00:00,222eb0e7c06b3206ce1a31a5757303d885aed3c95b78c4bb957ea9db5de638b5
SF08/1_20260901_075304.063/pc_time.dat,1454912512,2026-09-12T07:19:58.100301+00:00,8892ee8ace1edf16dcccf9344ca290d5ae920608ddefc4da2d507dd10489f2c6
SF08/1_20260901_075304.063/pc_time_fit.json,986,2026-09-12T07:19:58.134291+00:00,0329c15e7dc97cea9f36935f9027864c12b423c553ec213b62f0925bb990d417
SF08/1_20260903_075302.441/pc_time.dat,3343360,2026-09-12T07:19:58.189884+00:00,4670aea08f77ef5c44278ac6151dbf8ce9c676eb3b84821d3298327f8eaba36e
SF08/1_20260903_075302.441/pc_time_fit.json,992,2026-09-12T07:19:58.217618+00:00,abd232577aa1d7f88405b676a9d15964c052b699f4ae0feca8750b389e269f87
SF08/1_20260903_175406.043/pc_time.dat,3201024,2026-09-12T07:19:58.285293+00:00,185a392c707f00d2ce70c5e01dde1e8964f0d0ea1800e5903f0eaad8ac82877c
SF08/1_20260903_175406.043/pc_time_fit.json,993,2026-09-12T07:19:58.317556+00:00,28955465d9d66dc793e625889e067bae0e248775dd161ca86f5111f011eb1968
SF08/1_20260905_093454.761/pc_time.dat,2594816,2026-09-12T07:19:58.365152+00:00,a64c3419a5103baefb1e83a83e6aee5ee527764d0f3c5de55f758b7268a5407d
SF08/1_20260905_093454.761/pc_time_fit.json,994,2026-09-12T07:19:58.400191+00:00,c45170e2918c2bf0b7161ce5e62cb005506ff6f465f1b511e77f4749cb5bd520
SF08/1_20260905_185019.429/pc_time.dat,2763776,2026-09-12T07:19:58.450334+00:00,3774f2e712696434d0de8ab9ce352778e100549b303de72253337c34648168de
SF08/1_20260905_185019.429/pc_time_fit.json,993,2026-09-12T07:19:58.484195+00:00,7ccd5302fe84260b7706136bae38915705167422dce730a4d65e3f8d661ca340
SF08/1_20260907_085434.285/pc_time.dat,4073472,2026-09-12T07:19:58.550029+00:00,135304336032fda81362582d36d43e2127a53f2ee84490fa5f52e9a84a4a312d
SF08/1_20260907_085434.285/pc_time_fit.json,994,2026-09-12T07:19:58.584188+00:00,cd28fbb561ea10e3e7bafdd0e1ac3f48ecdbb03f68c8d90df936c21c39f3c854
SF08/1_20260907_175028.925/pc_time.dat,2900992,2026-09-12T07:19:58.637317+00:00,29920aa89a4fd9ea4542c76a75341a2d564ac0625e06ea271e243e9d76792209
SF08/1_20260907_175028.925/pc_time_fit.json,993,2026-09-12T07:19:58.664934+00:00,5bf55103559930b4d58c2ce6483cdef2b56aebee17b1c1a3e67ed1b4a4ce16a5
SF08/1_20260909_090526.132/pc_time.dat,2600960,2026-09-12T07:19:58.705002+00:00,5c5c45b286e69173a8cbb5aba3ae2742040424005202372330f83ac23c7af199
SF08/1_20260909_090526.132/pc_time_fit.json,985,2026-09-12T07:19:58.728532+00:00,e1bf96fecd9b517e0bd7ad497c4ee94af510e7fc014ac9200711517221674305
SF08/1_20260909_181543.715/pc_time.dat,5529600,2026-09-12T07:19:58.817522+00:00,7dda3287f2d96b0058991990b4c60b99539edff865d5b45833df323efdb511e8
SF08/1_20260909_181543.715/pc_time_fit.json,1011,2026-09-12T07:19:58.849358+00:00,f42f40065cbf47c07895b47b2b28e3e2852afe17a7f918dec5edb7db6ab7d975
SF08/2_20260901_002327.839/pc_time.dat,905491456,2026-09-12T07:20:10.434181+00:00,c5fd720438c2084eb1d2eabbdd0a0e075c913d44458c7e6ab7efb417d6ae3b26
SF08/2_20260901_002327.839/pc_time_fit.json,1008,2026-09-12T07:20:10.483233+00:00,ce3dd9cf789d438fa5bc46a457a19c1108dd0a8c59bac10eb411bfb63ef96f46
SF08/2_20260901_125621.840/pc_time.dat,153503744,2026-09-12T07:20:12.884285+00:00,cb188113acda84b82d4f2cabe5626335d3964a40433932cf3ba1ff34a838b575
SF08/2_20260901_125621.840/pc_time_fit.json,1112,2026-09-12T07:20:12.923225+00:00,40c6f9c14a7af4148f109b646f146ac7e6ece66f1b1190d846515d36a1e53a9d
SF08/2_20260903_075352.907/pc_time.dat,2324132864,2026-09-12T07:20:49.750161+00:00,7c5b3c845cdbce30b2b6903da6eb81839657187224bd3a907c65509bb34ed9ff
SF08/2_20260903_075352.907/pc_time_fit.json,1455,2026-09-12T07:20:49.784391+00:00,d1512849cb1247934495b30a0293cf060a192b3583bda249ded1bc072d0f365a
SF08/2_20260903_175453.625/pc_time.dat,3930284032,2026-09-12T07:21:40.907628+00:00,625b6f524c034e19f5176f2b81170bab10ed4557d5abf4f3af21295878df2af1
SF08/2_20260903_175453.625/pc_time_fit.json,1233,2026-09-12T07:21:40.951172+00:00,5a0bad8b575e065758a6ac84b2b488dd18e45020c86a7aac513224fd1225b7b1
SF08/2_20260905_093534.819/pc_time.dat,2438995968,2026-09-12T07:22:12.769015+00:00,df5919c93d02c424a8e3c73c083248d9a8a2852e8d45960fe0f7801cce4d2328
SF08/2_20260905_093534.819/pc_time_fit.json,1272,2026-09-12T07:22:12.899612+00:00,d846103eaf343df38624d193c0c0e378473c5e665267e232cee4c2d390de6c77
SF08/2_20260905_185104.563/pc_time.dat,3477549056,2026-09-12T07:22:58.236681+00:00,8134eb3d2c70b66506a1ab8ec5d6b5484c6ac2a53ea94130ccc006bf1cb7e650
SF08/2_20260905_185104.563/pc_time_fit.json,1179,2026-09-12T07:22:58.272178+00:00,698821bb4674cfd7f81a3f245844e95798f4f65c2fe77ad91f74794c1a52bd1f
SF08/2_20260907_085534.719/pc_time.dat,2305060864,2026-09-12T07:23:27.975210+00:00,e64fd8756938e77b6202ad3626ed1ac27f7a40d341c3a08bfc457199c866ec55
SF08/2_20260907_085534.719/pc_time_fit.json,1120,2026-09-12T07:23:28.108666+00:00,794b64133adf5c6bfb3467098293cc0af920493b04cf1c8892d6c291750a05b0
SF08/2_20260907_175113.385/pc_time.dat,3642370048,2026-09-12T07:24:15.222971+00:00,bb09007cb32622dc536a21e676f2f925efc3b056d840e961302b6cc14e339101
SF08/2_20260907_175113.385/pc_time_fit.json,1309,2026-09-12T07:24:15.268161+00:00,a9b5d9a930785b0e0ed02bacf17a7e65a7953b2bc2fe3defeb0d4c5de3d1878c
SF08/2_20260909_090608.006/pc_time.dat,2550913024,2026-09-12T07:24:48.347757+00:00,b30aeab796e61016473a4587ae4653867f546cf9734cdc61e510e8067e26ddc3
SF08/2_20260909_090608.006/pc_time_fit.json,1127,2026-09-12T07:24:48.389118+00:00,fb328b410ea44ae211f06afe35c28e0f16470c741a04b4e09bf29fbf99626f0c
SF08/2_20260909_184954.514/pc_time.dat,2605056,2026-09-12T07:24:48.434944+00:00,054510d0b678f47b0b9c03260a3ba56a1dc616fc351a015c0aca6b99f0b808b0
SF08/2_20260909_184954.514/pc_time_fit.json,992,2026-09-12T07:24:48.468240+00:00,9938f24a3228132c0f7280dd519f57f4fe594258babc83f8fdb6c0a7ce1824e9
SF08/2_20260910_210245.604/pc_time.dat,3190549504,2026-09-12T07:25:29.818306+00:00,bf999ac165b27f17026ecff11b80c8546586bbd06d48573b8e7fe73e6337aa86
SF08/2_20260910_210245.604/pc_time_fit.json,986,2026-09-12T07:25:29.854826+00:00,09a64b2fad1b722708ac59b06ea7247b43eecef6fa93152530e242095404f711
SF08/2_20260911_091844.146/pc_time.dat,3006464,2026-09-12T07:25:29.916624+00:00,145dfa41f2f404d8335248f89100504fb9fe0e0a0823c99640ade4e2a1b2f727
SF08/2_20260911_091844.146/pc_time_fit.json,993,2026-09-12T07:25:29.934109+00:00,d39a8a5a8881532c5114cf13752afccdb77e32b81af73907ccfdf654434f388b
SF08/3_20260901_054222.420/pc_time.dat,9999360,2026-09-12T07:25:30.068324+00:00,3843c7aa7858fbd61a4e6a7aa635c72688f04924aa04250789e98dac6124614f
SF08/3_20260901_054222.420/pc_time_fit.json,1010,2026-09-12T07:25:30.101678+00:00,06ebe19c5023d3bd231d1001491cae2a697003e7f00bbc2d9220ba449ebaf542
SF08/3_20260901_151059.837/pc_time.dat,15291392,2026-09-12T07:25:30.284986+00:00,812e80c5a297f2df5ad9ab8e1d6e46359eaecec4d003202062ba262ffe281f8a
SF08/3_20260901_151059.837/pc_time_fit.json,1010,2026-09-12T07:25:30.318305+00:00,708378ab8a4439f5b493c2e693f88276b368af2444bb09c2d266fc9719d52501
SF08/3_20260903_160306.510/pc_time.dat,118386688,2026-09-12T07:25:32.284852+00:00,d2c17a7de58ba852074f527dc7f31787b964d555f7ece71cd6d27f77ad169908
SF08/3_20260903_160306.510/pc_time_fit.json,1012,2026-09-12T07:25:32.401610+00:00,8b8b5d2817475fe82019bb472ba0cbf4d740713ed26b0f9899ab7b3e90d741a0
SF08/3_20260904_081121.301/pc_time.dat,3001344,2026-09-12T07:25:32.480686+00:00,e82703892fcc70964f08a7a0ddda1ddfcb6fdfd55e93177b8b22cbe177cb7425
SF08/3_20260904_081121.301/pc_time_fit.json,993,2026-09-12T07:25:32.511269+00:00,95d5f2aba9cb4702c5b88a0025e9c158300b2c4e7e94a2d648b32cbd8b1eb811
SF08/3_20260909_185036.554/pc_time.dat,3605322752,2026-09-12T07:26:18.936119+00:00,d16223c9ef615826b94dac6090e5f838c4d4171fd8d463967d6631bf05dfa68b
SF08/3_20260909_185036.554/pc_time_fit.json,1160,2026-09-12T07:26:18.975065+00:00,51def17415eca98967ba7644b49c45e8e635ca855a2e5ac0491db2fb3ccfaf13
SF08/3_20260911_091931.245/pc_time.dat,2612817920,2026-09-12T07:26:52.468501+00:00,22f29e0c8d5a6a38d901ba08ecaf84ba5eb396b716c30be056bc602027c950e9
SF08/3_20260911_091931.245/pc_time_fit.json,1160,2026-09-12T07:26:52.504405+00:00,237b54e8ae94d0466214ee598d37ac53778422b2e0a4ac9482630d1ba08e5bb5
SF08/3_20260911_184457.602/pc_time.dat,4019200,2026-09-12T23:42:22.584331+00:00,591938b70d5389aad36984b217886793983e095ac50477f600aa22d794608ca4
SF08/3_20260911_184457.602/pc_time_fit.json,1010,2026-09-12T23:42:22.619164+00:00,767271ae8065a73eea7b8f0d26af3057a8aa60f7f72c13f3a1fdc329176317db
SF08/4_20260901_152951.697/pc_time.dat,497030144,2026-09-12T07:26:59.251778+00:00,9ffa025cac8e156d1d6603d14d6c17e3f4053a852eed4381bd34cc4f9b33fb07
SF08/4_20260901_152951.697/pc_time_fit.json,987,2026-09-12T07:26:59.285210+00:00,f7d7abb0b2e3c41db8ebeefd69ce55863b7b47192767d8bff33cd9a3cfaea4fc
SF08/4_20260904_081205.535/pc_time.dat,3256513536,2026-09-12T07:27:40.638177+00:00,a1f728dc7fce454285f78700caa6c0537c97d1463d31c14f9c274bfb6c1099bd
SF08/4_20260904_081205.535/pc_time_fit.json,1528,2026-09-12T07:27:40.685297+00:00,beebb6a6fd922eaad4b3dba31177dc71fa4ade9ec7972663e7216040b26f7fd1
SF08/4_20260906_075745.756/pc_time.dat,4042752,2026-09-12T07:27:40.751865+00:00,84133694cc2c5f2dbb51792fd6f360c0c9391c16475011434590942acfe153d6
SF08/4_20260906_075745.756/pc_time_fit.json,995,2026-09-12T07:27:40.784563+00:00,649e8a0fe9d00bd2df74cb6873e0032a966431210ee520c65f4b5bc6eac2b1ed
SF08/4_20260908_071653.373/pc_time.dat,4052992,2026-09-12T07:27:40.851923+00:00,8693de8f789133366b169d0bf1690d5ed2ec90c17afc24cc563d37f038f794c2
SF08/4_20260908_071653.373/pc_time_fit.json,994,2026-09-12T07:27:40.885223+00:00,d023ae1a1dbb55299807c0d08e2fb4362059b4fc1014b771cdd3581131d8adfa
SF08/4_20260910_075715.519/pc_time.dat,139264,2026-09-12T07:27:40.909732+00:00,20d2a41e96a6548228eb6dcce6e7c86336d453f3bdf3b2887555374e8dc9a6ff
SF08/4_20260910_075715.519/pc_time_fit.json,1008,2026-09-12T07:27:40.943887+00:00,9cbf8724c935892ca6679bc81f63c5e9b7b85c5b7d04d0642a9e3e70579db42a
SF08/4_20260911_191633.935/pc_time.dat,2609152,2026-09-12T23:42:22.739044+00:00,1c810a8f5b87a89c84f12a3b6e9c6caeabb75599101bb26dd1573c84e57e7b97
SF08/4_20260911_191633.935/pc_time_fit.json,992,2026-09-12T23:42:22.772816+00:00,c4c177319636a9ed30cfa2dd722a8d79c2f744123a9131d9ac8cebfe903de5e4
SF08/5_20260901_171339.094/pc_time.dat,320734208,2026-09-12T07:27:45.091822+00:00,8dc69ea67a62d46b98f0638fdce8c123b361f831a0a9eb4d4f73fe32aec4a0fd
SF08/5_20260901_171339.094/pc_time_fit.json,985,2026-09-12T07:27:45.118616+00:00,74e0f63e7690ce8a438fd27236873a3f46c13399f2c2947bd0eb5d8b78878b31
SF08/5_20260904_195428.533/pc_time.dat,311296,2026-09-12T07:27:45.135290+00:00,75d70dce48e03b59051d25aba72f3056496afd3fabecbf19fe761bc3e8d191a1
SF08/5_20260904_195428.533/pc_time_fit.json,1008,2026-09-12T07:27:45.172901+00:00,44955c92ab2e91fec9f133ba63422a1e1fbd0a6ba18652991ae0e1bc7534438e
SF08/5_20260906_075845.465/pc_time.dat,2515968,2026-09-12T07:27:45.219042+00:00,2f4b4c1aa277a909d76096bbd3694201ae01bdb9654eed4a0a8527d6467dfc81
SF08/5_20260906_075845.465/pc_time_fit.json,992,2026-09-12T07:27:45.251983+00:00,2aa8efb05a745eec4bd5a1547ddc205699a9854e8f42389bd373e5634461a754
SF08/5_20260908_071754.325/pc_time.dat,3342532608,2026-09-12T07:28:28.196063+00:00,be0c9e031e961a87a4c8479dc9bc395b288b9d751bfcb7d61fe91b0bf5575d46
SF08/5_20260908_071754.325/pc_time_fit.json,1298,2026-09-12T07:28:28.237491+00:00,561693253f4b00898dd436126053806ea65c2840e08936cf137aac3aed066145
SF08/5_20260910_082534.281/pc_time.dat,3310592,2026-09-12T07:28:28.286265+00:00,fa8889bfdd4d677cd470caaeb89a83352e7447eed21ac222b5418974206746dd
SF08/5_20260910_082534.281/pc_time_fit.json,991,2026-09-12T07:28:28.318177+00:00,ea97445c6d18b94a589e4fec19911e658d5df98bddf2028a644a11b015f39f1c
SF08/5_20260911_191715.923/pc_time.dat,4367883264,2026-09-12T23:43:14.428263+00:00,8a7ad58a34b740ab0e0b9e306baa002aacfc10cc3a2679dc0723658eeb4ae889
SF08/5_20260911_191715.923/pc_time_fit.json,1033,2026-09-12T23:43:14.462527+00:00,b458e241f16b31d582a717b6c49d29d070de1aac74e7f4f7845059187ec54b4f
SF08/6_20260901_193023.481/pc_time.dat,2967552,2026-09-12T07:28:28.352242+00:00,0e923ed4c8dd789ddb07cc5248438cd451ab9a2e2955deee1277ab9baee675c5
SF08/6_20260901_193023.481/pc_time_fit.json,991,2026-09-12T07:28:28.400201+00:00,37110624824a6a0d3de33e37130efb6adf15640e2daa1d5d671638ce0038a973
SF08/6_20260904_202001.469/pc_time.dat,3814400,2026-09-12T07:28:28.451994+00:00,b79a6bbb473333115bd849e65c58755f19844bb8f7a02caed58ef7f6b6b6658f
SF08/6_20260904_202001.469/pc_time_fit.json,994,2026-09-12T07:28:28.485191+00:00,dacee5246032ec844b07cda5535423dc0a020f1c82a9165f3b8e7fccf9befa1f
SF08/6_20260906_075927.555/pc_time.dat,3182556160,2026-09-12T07:29:08.572210+00:00,75266ab297c7d241d0a69b25e6c720c1f4d2b072b9e9e97e679eb858aae20f0f
SF08/6_20260906_075927.555/pc_time_fit.json,1146,2026-09-12T07:29:08.652294+00:00,3d4f47157153c8ff2d6367086b8ec3d0a493d5dfd47caa672b32db8f64df8a1a
SF08/6_20260908_191553.671/pc_time.dat,648192,2026-09-12T07:29:08.696991+00:00,e8f2964c0d04266b2f4acbd1da0d1df13a4b0b28642d3a8c98a5a748e2aa2d1b
SF08/6_20260908_191553.671/pc_time_fit.json,1008,2026-09-12T07:29:08.717915+00:00,50e9c286d6051b2fab5cb9bad433171a1ce23d27146575ef384a19a579ec16d6
SF08/6_20260910_082629.685/pc_time.dat,1801145344,2026-09-12T07:29:31.089256+00:00,ad1c58a0be9da8dd5cea6227f47e2c365260b902b8448049afa445dcec8cd5a6
SF08/6_20260910_082629.685/pc_time_fit.json,1109,2026-09-12T07:29:31.118873+00:00,22654cdb2e2d55b93126633f5c66b60d453a4cf0ca98a117fdef802e25c320f9
SF08/7_20260901_193109.475/pc_time.dat,1155528704,2026-09-12T07:29:45.252188+00:00,589621ec387710f587b59e757698002b8c7e025a574f05a5f44b00299d0f8d5e
SF08/7_20260901_193109.475/pc_time_fit.json,996,2026-09-12T07:29:45.302205+00:00,1f432374948937d38dace64e21e883fd06c36a168d62e26adb77f58888215448
SF08/7_20260904_202056.765/pc_time.dat,3534232576,2026-09-12T07:30:30.552300+00:00,f78fb8af2cb50a5b6e045b0e2bb52f61b590e15079f6928f9ed4e1c9ae522b1b
SF08/7_20260904_202056.765/pc_time_fit.json,1509,2026-09-12T07:30:30.585660+00:00,def9cc05e018e0856508c0ec3b7f88f54e8b1df09927e6715feb89cbd31e26b8
SF08/7_20260908_193914.721/pc_time.dat,2680832,2026-09-12T07:30:30.650870+00:00,ea277642ab16735ff2cc05838a64c7af7f9b726558150bb4ecfc5987290a7d9b
SF08/7_20260908_193914.721/pc_time_fit.json,993,2026-09-12T07:30:30.686314+00:00,e9fc09a93c7563e28bacada6163ce9206964d509ceab3dcaa6707e6de5ac0718
SF08/8_20260901_233239.239/pc_time.dat,1976056832,2026-09-12T07:30:56.500149+00:00,61155c88863e8388bd1c3df42fa600526432d5e3a3c095ca1dbb21448dd5821a
SF08/8_20260901_233239.239/pc_time_fit.json,986,2026-09-12T07:30:56.539169+00:00,a7dc2c664563fa7ec66c67647b11a313ebe8d2eb1f4ca82534f7f0539290abcf
SF08/8_20260906_194246.031/pc_time.dat,3076096,2026-09-12T07:30:56.586758+00:00,a5276179dfb44bf42084d231aa5114ed45c0bc3100765be8b94c5073a62f20b5
SF08/8_20260906_194246.031/pc_time_fit.json,992,2026-09-12T07:30:56.620528+00:00,ad97645fa54733d60232eeba28a3efc8f38dd98b35c24572506577b11737e1c1
SF08/8_20260908_193958.035/pc_time.dat,3637784576,2026-09-12T07:31:42.869296+00:00,48da30d97f11e8c582fca8faf5800f7896c5e66d5033456dfcc76ca04bb9c575
SF08/8_20260908_193958.035/pc_time_fit.json,1260,2026-09-12T07:31:42.902498+00:00,25ffaef3d058b7e82f416e99bc57981b4797a70ca412d786901ba86725a46634
SF08/9_20260902_062432.012/pc_time.dat,315131904,2026-09-12T07:31:46.801489+00:00,8740bcb3015f938e34d564bb95970cc875f8bcfa76de8a7c93364130c563edc3
SF08/9_20260902_062432.012/pc_time_fit.json,1011,2026-09-12T07:31:46.835814+00:00,a0da26db1cf6715a7cc7fcfdf915e281f8f71d98cfe48b1300a9b5620af2bda4
SF08/9_20260906_194333.465/pc_time.dat,3573149696,2026-09-12T07:32:32.603533+00:00,fc8512e0282d9da7fb2baee8065e44b31e1972ff461b2639f902aa382a709845
SF08/9_20260906_194333.465/pc_time_fit.json,1540,2026-09-12T07:32:32.652710+00:00,11e12550e7a01287debee0debdf4cadc88eaca0b9fd63baeda1a71f7c85ccc39
SF09/0_20260831_190404.508/pc_time.dat,5291008,2026-09-12T07:32:32.725217+00:00,be4d86fc48b05bb0fcdb45f4a3b533294fd811d6923b9638c81706bff180cb98
SF09/0_20260831_190404.508/pc_time_fit.json,993,2026-09-12T07:32:32.767824+00:00,4c08a33b28a7b087f610fec9d53fa3497930ee89574964ff365020e53b005d22
SF09/0_20260903_072302.755/pc_time.dat,387072,2026-09-12T07:32:32.785931+00:00,60bd1bb938849578ec1c8deb0ad13af8684472c0446c5d3934227989196c8274
SF09/0_20260903_072302.755/pc_time_fit.json,1011,2026-09-12T07:32:32.819254+00:00,e955d052c48f48e07ab85e15b660a6f4ed4d91e224cf77af1280dd09613e8357
SF09/0_20260903_172814.047/pc_time.dat,387072,2026-09-12T07:32:32.836112+00:00,c724a8f354895b3c15a1bd1694791ac4e02f0824c35cffe574fa2b44b62c8291
SF09/0_20260903_172814.047/pc_time_fit.json,1009,2026-09-12T07:32:32.869260+00:00,33048019e446a1d0fe5f591bc4394da0698b7067013562a8f5de7ba6fbf7f7ee
SF09/0_20260907_083821.055/pc_time.dat,387072,2026-09-12T07:32:32.907574+00:00,0795c519d006af03d96f75f49cd14e4cb78a30e1c05969f68eb3f8acfe3682ca
SF09/0_20260907_083821.055/pc_time_fit.json,1009,2026-09-12T07:32:32.935967+00:00,bf5645aa69224363454dbe82637343795e65432a71d02a7ef9c2b539a69ee7f5
SF09/0_20260907_172319.145/pc_time.dat,387072,2026-09-12T07:32:32.968224+00:00,09f8c37098f173eec72936abfc122209c10bdcbdd974f3664b058c95e10ce986
SF09/0_20260907_172319.145/pc_time_fit.json,1009,2026-09-12T07:32:33.003796+00:00,5cb81350ac2c36a696adcfcdf788368ec4b4207ef7ba8f41e01492fc5b0be122
SF09/0_20260909_084505.692/pc_time.dat,645120,2026-09-12T07:32:33.028274+00:00,bdd9cf238321fe496c46bfbeeb11bc8ea709ac5afead4bd463688d8d6790db3f
SF09/0_20260909_084505.692/pc_time_fit.json,1011,2026-09-12T07:32:33.052685+00:00,442beb758dbe08fa6838a6d0ac8b722f904b329dbc6b8d14d45d422af3e4e49f
SF09/0_20260909_182155.198/pc_time.dat,516096,2026-09-12T07:32:33.085913+00:00,d041c9257518b68a76d76d77834241e7e562d7a52a88fc0955df5752818b02db
SF09/0_20260909_182155.198/pc_time_fit.json,1010,2026-09-12T07:32:33.119254+00:00,1720267a4b4a6b3be88e4466e8842c6bfbe83185e28bdf145c78ef3eefa9eb0d
SF09/0_20260911_084254.170/pc_time.dat,645120,2026-09-12T07:32:33.135911+00:00,5195b4a9149e76d1dbce9e0946f4eb78521624160f50a252351119bc7def4480
SF09/0_20260911_084254.170/pc_time_fit.json,1010,2026-09-12T07:32:33.167602+00:00,c75f75bf099067d2fd35d77b2f04d60bc0dec9e69686df4b2515aa5dbb740763
SF09/10_20260902_083015.335/pc_time.dat,2438628352,2026-09-12T07:33:03.771624+00:00,437e22a03c67e8649394ad6310bae2499dc5a644eb82d314db4a38cacf9ee803
SF09/10_20260902_083015.335/pc_time_fit.json,1093,2026-09-12T07:33:03.804219+00:00,e8f882dc44d6debafb98b3efc1ed56bfe48192e6299ff1e82e3ddf7803c8c320
SF09/10_20260906_194554.666/pc_time.dat,2573312,2026-09-12T07:33:03.852010+00:00,d74320cec0bc057b02922e11c318576929eb1a14f7dcf7c25e4dee851264952c
SF09/10_20260906_194554.666/pc_time_fit.json,993,2026-09-12T07:33:03.888190+00:00,f0bf2c4ff9c4267852f7566144c957b85b7de733e033b7c54fbfb07d8047babd
SF09/11_20260902_165826.634/pc_time.dat,362550272,2026-09-12T07:33:08.536006+00:00,3dbdcfc3d1ac06a674e7337c18253c633951d45e3d14655a89f2648af1e6ef26
SF09/11_20260902_165826.634/pc_time_fit.json,987,2026-09-12T07:33:08.571893+00:00,4b6f4333f3b15bbd5db79cf2b53da7081f21580a0db5b3e5b0682d03838279a7
SF09/11_20260906_194634.836/pc_time.dat,3565256704,2026-09-12T07:33:54.834215+00:00,7c5d51e1eeccdd77a64d2960d2244c70dc31bcedc55d1694046e5f1d7cf9b93c
SF09/11_20260906_194634.836/pc_time_fit.json,1474,2026-09-12T07:33:54.934610+00:00,ffbcd9c01337b4aa72439ee832b02e365db64b00e6a8d194f2bb62f78ba62308
SF09/12_20260902_183208.214/pc_time.dat,459776,2026-09-12T07:33:54.952756+00:00,0a5171666103e803d3f8c48dff7470fd9e8fffddf4b5a7b4b2eb65f2b5335f8a
SF09/12_20260902_183208.214/pc_time_fit.json,1012,2026-09-12T07:33:54.986084+00:00,a804c50e23549ba62cf8bffc0e523528314da789d192a13e84b3534130640a04
SF09/13_20260902_190350.404/pc_time.dat,2481152,2026-09-12T07:33:55.022001+00:00,a3f04a49f4d8b34e23b287027ea246555bc35fc1742988cbb27f600142e0b9e5
SF09/13_20260902_190350.404/pc_time_fit.json,991,2026-09-12T07:33:55.053503+00:00,f7c9889f2f49957b26c860b04de37ec3607ae5e55cf18876001ccf9ae02cd774
SF09/14_20260902_190428.646/pc_time.dat,2607104,2026-09-12T07:33:55.089804+00:00,8f348b4e4b6458ea4aeb54ca6ff96cfea5a539eae09ecb1726cb3843f75c4882
SF09/14_20260902_190428.646/pc_time_fit.json,994,2026-09-12T07:33:55.119438+00:00,42093b4ffb6c2088d8bd2befad027d77d19e5cc3e0b19c8b0273c389bb516938
SF09/15_20260902_190508.575/pc_time.dat,1503227904,2026-09-12T07:34:14.367043+00:00,f890db3d9f51651984b7e7703d1a8cbd994b577366c4715e0fe0a1f8fc403fa8
SF09/15_20260902_190508.575/pc_time_fit.json,1173,2026-09-12T07:34:14.402087+00:00,f4c4efdc8821f1a4d93886b68b2d02a915bbdf936e5fcb1ecebc03d01bcc9436
SF09/15_20260910_204912.017/pc_time.dat,3262391296,2026-09-12T07:34:56.535354+00:00,1ecb6faa0e7c64fe8bd3e105b81b04c6cdfe2e3a118d081fffbd5e2c12622da3
SF09/15_20260910_204912.017/pc_time_fit.json,1007,2026-09-12T07:34:56.571066+00:00,8395e9666a7324f609b5e96d89317bccf875a472b6b72998b8722be31b1b9dbb
SF09/15_20260911_185030.223/pc_time.dat,234496,2026-09-12T23:43:14.900710+00:00,de3618d3212a32d67c041431bd0f2af37ce8ac945b20073c3f18c4ea435d05b9
SF09/15_20260911_185030.223/pc_time_fit.json,1010,2026-09-12T23:43:14.934112+00:00,427369e4d33330c2ec970400574eca50eb7c04b68eb4a33580897f2b63fc839f
SF09/16_20260903_001828.515/pc_time.dat,1863304192,2026-09-12T07:35:21.020713+00:00,fac75ba46fa5b07f240ee1f1d201a997b05e00bca858ca1cd522a6100b3764ec
SF09/16_20260903_001828.515/pc_time_fit.json,984,2026-09-12T07:35:21.053689+00:00,b682b12c1e6ad69f7332dcdb8b274d8e568f5393e8ae62c1988bf58ab78c0145
SF09/16_20260911_191902.632/pc_time.dat,2622464,2026-09-12T23:43:14.984684+00:00,c3495502444b1c4ffd142088824a00faa8db56074999559da8e35c05d0943a09
SF09/16_20260911_191902.632/pc_time_fit.json,992,2026-09-12T23:43:15.017811+00:00,801b4f4e4e8bcbc97463ec8cec647ea4145cabfb1aad9de5402de498ba8752bb
SF09/17_20260911_191947.524/pc_time.dat,4359542784,2026-09-12T23:44:07.500578+00:00,3bfcd8ea7ea2260065894a10fb4ec6833330ca43c68a61211f959b60ffdf8795
SF09/17_20260911_191947.524/pc_time_fit.json,1033,2026-09-12T23:44:07.537176+00:00,558d30847a7efff31f3fc90f857ff0ad6b5a8a0c72c40a36adae315470346aba
SF09/1_20260831_190522.711/pc_time.dat,2874368,2026-09-12T07:35:21.102955+00:00,d898c967052699513026d52725abc5240bb7949e9e48a6dcc3dfe30b307bf61d
SF09/1_20260831_190522.711/pc_time_fit.json,993,2026-09-12T07:35:21.136292+00:00,d5f8a06d58df6233dbae631ec6d2d5b51c53e9a167737933c5a71bdaf9a20dc1
SF09/1_20260901_075532.964/pc_time.dat,1449134080,2026-09-12T07:35:39.719629+00:00,fe71088572bcdadd0257076461ae24e76d9975f576fdadac3b2f5fff278923eb
SF09/1_20260901_075532.964/pc_time_fit.json,1005,2026-09-12T07:35:39.787792+00:00,e4086800924e5667dbf2c45e417205438a4f6186e9d66627271a5a31ae0e3558
SF09/1_20260903_075611.131/pc_time.dat,2672640,2026-09-12T07:35:39.821167+00:00,8bcc768ba8f96ced95410e17d877202125014d0155ad56108c9f4d797601f7d8
SF09/1_20260903_075611.131/pc_time_fit.json,993,2026-09-12T07:35:39.853181+00:00,ad8c9987053034f66a6c2c8d2f7e390a445e4b560731268e10494119cafe9ef2
SF09/1_20260903_175700.435/pc_time.dat,2781184,2026-09-12T07:35:39.885913+00:00,874ae4412aaa7cfb89286f33395009188c992c515f4f61f60b8ebb3c4991fcc9
SF09/1_20260903_175700.435/pc_time_fit.json,993,2026-09-12T07:35:39.919739+00:00,39d39bc159caa374614cee5c2196746ac11b6ccc17b597aca389fb02d8cc255d
SF09/1_20260907_085726.079/pc_time.dat,5288960,2026-09-12T07:35:40.002846+00:00,c68e23787651b196b356278fa6ff40fbcb3fb801ab33c55281e3eccf20f30eca
SF09/1_20260907_085726.079/pc_time_fit.json,995,2026-09-12T07:35:40.044533+00:00,0832063e6fdd7a33d0555ed41b9783a096b685254ceb970730b4e847f1b135f3
SF09/1_20260907_175303.871/pc_time.dat,2560000,2026-09-12T07:35:40.086283+00:00,aab488d96d58ed3d4ca72a54deb9ea4e4f9bcde72abeadd5035e588e425c8fa3
SF09/1_20260907_175303.871/pc_time_fit.json,992,2026-09-12T07:35:40.119621+00:00,2ac581d4138b049e7e87e35f17e0730ad02a26df1073350fc404913890c7f434
SF09/1_20260909_090751.518/pc_time.dat,2599936,2026-09-12T07:35:40.168490+00:00,313c92e8cbf9e40ae70f469a04832a011c4205fc1b3482061ad713de956a3302
SF09/1_20260909_090751.518/pc_time_fit.json,993,2026-09-12T07:35:40.203107+00:00,91e049bd58e86d0c537c37f70b072426899d7212c2711a0b004aaba36c3ea770
SF09/1_20260909_184202.356/pc_time.dat,2899968,2026-09-12T07:35:40.236308+00:00,b6b3015ac233be380ca7d361f263342894073012241efbd4983ddc086955fa31
SF09/1_20260909_184202.356/pc_time_fit.json,993,2026-09-12T07:35:40.270098+00:00,49d18e5612ee62cc6caae8bdfe42ba6a3448a87d74c9ed3bb0f7bd820039e706
SF09/1_20260911_092140.430/pc_time.dat,2672640,2026-09-12T07:35:40.288817+00:00,8ff78fb67c619bde23aeb89a0e8ba057d58d2c6cae86db3a3488dc192b8441dd
SF09/1_20260911_092140.430/pc_time_fit.json,993,2026-09-12T07:35:40.336244+00:00,613d920fd89ad59a95daa939f7b82b3f0a7b961814acc0c024c6184c3b505868
SF09/2_20260831_190743.879/pc_time.dat,3165184,2026-09-12T07:35:40.369622+00:00,912710c9c712c8cd4d1242daf258cb28c07456f6390884b4e7844777b8ef1ebf
SF09/2_20260831_190743.879/pc_time_fit.json,993,2026-09-12T07:35:40.401362+00:00,3dce0ce7920e52cc86a6b6dd4ef734210b190640498fd89ac6dd53126e99b8bf
SF09/2_20260901_125743.131/pc_time.dat,1233592320,2026-09-12T07:36:00.852410+00:00,4a829da0b1a0b2af8b5b418bc37fea6e304d85f78e2f2eb954eeedb28262f355
SF09/2_20260901_125743.131/pc_time_fit.json,1141,2026-09-12T07:36:00.885474+00:00,6a948096ff9bc08f4a06c53e70a42bafbbc65542b939d002d6ea0e0cb1e90eb0
SF09/2_20260903_075655.297/pc_time.dat,2509460480,2026-09-12T07:36:40.480112+00:00,3432bbff15f095db2d60807bf26b73ef446c6deff4042f715c223456d1219fd5
SF09/2_20260903_075655.297/pc_time_fit.json,1153,2026-09-12T07:36:40.519812+00:00,4e186fb96d8cabb4ede8ef01136c05d7607b18e878b7d71673a64cc098daf76f
SF09/2_20260903_175742.843/pc_time.dat,4021248,2026-09-12T07:36:40.593994+00:00,3208584ee577b700c845fe2e56cab95e761f3118f024388f7491d8df7fc27708
SF09/2_20260903_175742.843/pc_time_fit.json,993,2026-09-12T07:36:40.619802+00:00,afed0b3e1364df1096456fb59cbf58eaad7f14b15a4e612546df1d1d10b577d9
SF09/2_20260905_094626.859/pc_time.dat,2536448,2026-09-12T07:36:40.669772+00:00,4837b19309a9bb803ce84dbabc3094ff6f541222fa79733d6cb95a403529da8b
SF09/2_20260905_094626.859/pc_time_fit.json,992,2026-09-12T07:36:40.710516+00:00,1fd5a2e8eedc63d870f171742f8e56d1c5be4f1db5196a1a1bb58b90dfa30fbe
SF09/2_20260905_185327.844/pc_time.dat,3789824,2026-09-12T07:36:40.769772+00:00,88d0f78e9578950bcbf457ab302b1a71819ebe4b5ef0461c000dc7de37b6457c
SF09/2_20260905_185327.844/pc_time_fit.json,993,2026-09-12T07:36:40.809405+00:00,b43f811160a9ef76152e00c2c396c70c86bd4c70ff26a873811e448a5cd3de2d
SF09/2_20260907_085841.028/pc_time.dat,2296372224,2026-09-12T07:37:10.186503+00:00,c877f722d4d5d7c9ac6d66ebe50361aa6486f88899ce763cb0225806b290eaf5
SF09/2_20260907_085841.028/pc_time_fit.json,1116,2026-09-12T07:37:10.236557+00:00,c67114a465d8d04c03d10f962b2d5355863d29919a45787a1f7103e0a6029480
SF09/2_20260907_175350.496/pc_time.dat,2657280,2026-09-12T07:37:10.271429+00:00,5d86cca96cb9cca902bdebc5083e5cc932c2ba37933595d53122d4ad9ed04247
SF09/2_20260907_175350.496/pc_time_fit.json,993,2026-09-12T07:37:10.303249+00:00,50c1426b29cd0e83df10037d61d367215038c46a2ce9713facc74550f2ed9618
SF09/2_20260909_090835.027/pc_time.dat,2546397184,2026-09-12T07:37:42.834161+00:00,b3dbfa540e6a85ae43e4db542db7695b28ff5c743fa417279365a4c0ea140626
SF09/2_20260909_090835.027/pc_time_fit.json,1188,2026-09-12T07:37:42.866052+00:00,c011a0ba43b5a32c7a12dd37280aeb2d535a5b21ced3ffff67ad62bfbe77d3b1
SF09/2_20260909_184248.375/pc_time.dat,3636369408,2026-09-12T07:38:30.136664+00:00,9e6e86de7c3f4c1c72980fbdead351f9e2c210fa97112fbafc29f69683299c62
SF09/2_20260909_184248.375/pc_time_fit.json,1161,2026-09-12T07:38:30.285811+00:00,04658f8d6b2a6c52abf9c6815c8ebf6bf6a5f241122bb464a485a7e53370c35b
SF09/2_20260911_092224.167/pc_time.dat,2369246208,2026-09-12T07:39:00.520077+00:00,01a60ca1065892ae5c53bea93bf01ccff23501f7481ad1f2c33e822769028c08
SF09/2_20260911_092224.167/pc_time_fit.json,1031,2026-09-12T07:39:00.569370+00:00,2d784ad43c942fe6d76470f26f62d6b6a8afa3ba78222faedddfcf5b91c0a78d
SF09/3_20260831_190834.640/pc_time.dat,1518663680,2026-09-12T07:39:20.220121+00:00,435d86ef3da3830bb6d426ddb7cce0e6361a6bebcede3e87ca9922905131ed47
SF09/3_20260831_190834.640/pc_time_fit.json,3130,2026-09-12T07:39:20.270130+00:00,292723eded54442b0304c39bb95d44f7272c3396b09fe29272775a4769f1b218
SF09/3_20260901_171502.588/pc_time.dat,317706240,2026-09-12T07:39:24.135972+00:00,5635b33c460482b2969fae3615f459441858afb67ccf6ff78f189e156fe32565
SF09/3_20260901_171502.588/pc_time_fit.json,987,2026-09-12T07:39:24.187995+00:00,9aedb71e4e455a4f1fd432fd04ed534f8396bed5835ca9be583f1ab188970f10
SF09/3_20260903_175840.384/pc_time.dat,3819267072,2026-09-12T07:40:14.220395+00:00,59da7adac5fdea3919fe322df826dd5476409d8179069b4a24f42cb38f4e52c2
SF09/3_20260903_175840.384/pc_time_fit.json,1030,2026-09-12T07:40:14.256428+00:00,572c4f820844843e28823c25732b71fa4373d91faf4e214eff886cf1d8c23a4c
SF09/3_20260905_094705.608/pc_time.dat,2390327296,2026-09-12T07:40:44.901747+00:00,259f4c81a61a596c5211b9dff06f8d8b0401ac8e8c7cbdcd4cb10905d44620f2
SF09/3_20260905_094705.608/pc_time_fit.json,1295,2026-09-12T07:40:44.936987+00:00,8564dfa3555a7737c84e4132a11eaf186e6556e51e75939c0d7a633266b83f77
SF09/3_20260905_185422.206/pc_time.dat,3478140928,2026-09-12T07:41:30.253891+00:00,169be6b774afd7f7e1417ecd1c43ed86b1cd45dbff4643fe6e40f882da5c8e3b
SF09/3_20260905_185422.206/pc_time_fit.json,1199,2026-09-12T07:41:30.370388+00:00,66e1a92148b5c2739682945968b06eaad4e39f590c37045aa55159f0ae596380
SF09/3_20260907_175435.676/pc_time.dat,3605056512,2026-09-12T07:42:17.269683+00:00,24f82a4c4ccc6de946ac2f55a8257878f247bdaf3d1d250b5b4403f5593730b1
SF09/3_20260907_175435.676/pc_time_fit.json,1413,2026-09-12T07:42:17.303919+00:00,295d55072c8d59f8d0bbd63790d453955a57007467ee7525050cb74c6bed0414
SF09/3_20260910_080252.417/pc_time.dat,1909760,2026-09-12T07:42:17.319486+00:00,784e8349809bd97345e1c6e72e7113c3824dd52b133d8821fd1aff1846752cc7
SF09/3_20260910_080252.417/pc_time_fit.json,993,2026-09-12T07:42:17.353247+00:00,bf97d8fba31281694226281e34e56c513e05cbe73d1d5a4db8c26117654588ec
SF09/4_20260901_002514.385/pc_time.dat,908316672,2026-09-12T07:42:29.320519+00:00,ab979a3196d6d96afe8c79de3fe13763d053051ecd8983ecd5d5beeb7b1e33ac
SF09/4_20260901_002514.385/pc_time_fit.json,1010,2026-09-12T07:42:29.369860+00:00,95e5544d2175c484ac2bb11a186a11dfb618eccb72b59782ff821965f0c8bb71
SF09/4_20260901_193233.034/pc_time.dat,3011584,2026-09-12T07:42:29.402369+00:00,e6124e054bc41fb7dba523f0decc214bff6327f6764c049d362613d876b2664c
SF09/4_20260901_193233.034/pc_time_fit.json,993,2026-09-12T07:42:29.434546+00:00,1e323a841fb7fbf116ecd6a43f6a630cb5e3722ab1fdd1c66f6029c7e1803113
SF09/4_20260904_081348.459/pc_time.dat,2501632,2026-09-12T07:42:29.470638+00:00,d3a4934219a81814ca37f85253229131cb625466a24e2ba2a8069004c9411131
SF09/4_20260904_081348.459/pc_time_fit.json,992,2026-09-12T07:42:29.514129+00:00,a0ac2ad6e3ffe1037896934b24fed4999bc5bc858541936547a3a7de7ad6ff91
SF09/4_20260908_065839.235/pc_time.dat,290816,2026-09-12T07:42:29.520596+00:00,f47830cafbad8297f52eabe0d623030a3c79eb17a80e279751c5eb1ac357d465
SF09/4_20260908_065839.235/pc_time_fit.json,1011,2026-09-12T07:42:29.553939+00:00,b0a5fa5080068efdae267a61750248be5765c8ae6425d9eb6dbbf6b8d6001f85
SF09/5_20260901_054317.203/pc_time.dat,6095872,2026-09-12T07:42:29.620506+00:00,390da2b13388065340dba45161dc4ffa30baeaa9208845f6adc9229ff5c87fe8
SF09/5_20260901_054317.203/pc_time_fit.json,1012,2026-09-12T07:42:29.653899+00:00,4ca13dc03e8288a887f9b5e4be5373f398f44e74b3f9035ff3b44435298f2f0a
SF09/5_20260901_193330.365/pc_time.dat,1099490304,2026-09-12T07:42:43.577008+00:00,deef0533ef063f574ff49097d98965b13296616c532a2abd4ff9fc83a06d9133
SF09/5_20260901_193330.365/pc_time_fit.json,987,2026-09-12T07:42:43.620596+00:00,645aea60e382336c1c2292aa9ec6f1700c01016349505fe802c377dd80317b7b
SF09/5_20260904_081426.496/pc_time.dat,3255093248,2026-09-12T07:43:26.229758+00:00,70e65398fa65a7f94651a8215c4ae989945af23d6c6aa4f49bdcd3d38385d86f
SF09/5_20260904_081426.496/pc_time_fit.json,1490,2026-09-12T07:43:26.270685+00:00,0f8ab5fa5cb42aaa745aad147687c3b6a2a0b8e9306612fd1326b80a2af5b670
SF09/5_20260906_080057.451/pc_time.dat,2609152,2026-09-12T07:43:26.320649+00:00,07fe90621e583d10a5708bb7e47e73e89faeef532fe71cfbdd719c4759d306b7
SF09/5_20260906_080057.451/pc_time_fit.json,992,2026-09-12T07:43:26.354011+00:00,4e2012c5829398bdf3bfa23f6abcab26ee315e4029e71282c012e764904570dd
SF09/5_20260908_072013.430/pc_time.dat,2777088,2026-09-12T07:43:26.386647+00:00,80a8e56041211bc80efc930910fa02f648942ffd11ff00d92e36719d48f5bb1e
SF09/5_20260908_072013.430/pc_time_fit.json,993,2026-09-12T07:43:26.418446+00:00,0446c1445b6b76f71e5135a57e6def5104e40a7fe739aebbb4c2806e86cfb564
SF09/5_20260910_082810.405/pc_time.dat,2692096,2026-09-12T07:43:26.469363+00:00,e081f70e4e69b1c75e2db1d5c17e8ac1013b0662ff775ee2b7535184a90de791
SF09/5_20260910_082810.405/pc_time_fit.json,992,2026-09-12T07:43:26.503906+00:00,5d4fc4da927882699c53987bbf01464cf75ad90c3a9620b1e1bfe875c47bafb3
SF09/6_20260901_232245.983/pc_time.dat,2030692352,2026-09-12T07:43:53.516090+00:00,aa1fb757a6d3796fa6d432aa8327837bcad3ca954e34e4452551af81b3377ab5
SF09/6_20260901_232245.983/pc_time_fit.json,986,2026-09-12T07:43:53.551937+00:00,a3f2f73f862eba658e9e774889f7c9bcd086fbbc5dcf5de86a44de9fbcae94c3
SF09/6_20260904_200457.699/pc_time.dat,406528,2026-09-12T07:43:53.570720+00:00,f31a93c461eae2aff44fe764873c824ebb52d76a4f0cf50e42d54b547bcd36b2
SF09/6_20260904_200457.699/pc_time_fit.json,1010,2026-09-12T07:43:53.604062+00:00,1f544d9049e064063e8a057ca22001a306d741fc2f8981c3969c014b61b370e2
SF09/6_20260906_080138.006/pc_time.dat,2492416,2026-09-12T07:43:53.620761+00:00,154cf998891b43f957b152e634fbd4cbf43a1f3864a8de9edc5fa97d4df92ac3
SF09/6_20260906_080138.006/pc_time_fit.json,985,2026-09-12T07:43:53.658361+00:00,787036e6b57956fab53a08816fbd45177c9fe0287166bfefd11cc604c6bc95bd
SF09/6_20260908_072057.385/pc_time.dat,3342936064,2026-09-12T07:44:36.254551+00:00,cceb1146160a0746d713c88b5340709362bc217fdd7fee71da4b56753ea16e37
SF09/6_20260908_072057.385/pc_time_fit.json,1206,2026-09-12T07:44:36.286968+00:00,2fcc5a2d5c9f242462ec19cf0ac47ca0412aab8f9e0faeb838183739253ba98c
SF09/6_20260910_082858.156/pc_time.dat,1813707776,2026-09-12T07:44:59.587529+00:00,b5864846e01b6677097dcf99f1086553695e053641a9495527c28434edf596b6
SF09/6_20260910_082858.156/pc_time_fit.json,1112,2026-09-12T07:44:59.619412+00:00,10eeb2aa69324c107ef072505107eead8fbee71a9ff591e534b4c70b146b87d6
SF09/7_20260902_062601.722/pc_time.dat,304391168,2026-09-12T07:45:03.504196+00:00,f0c249ca430d46fcf42ecdea40d98908919e462077f21feda847172c56cb26cd
SF09/7_20260902_062601.722/pc_time_fit.json,987,2026-09-12T07:45:03.552840+00:00,5ac4bd23ccf62c4a737f5b4b7afe07f041f49b939c915f69abf3d4dd18fa8558
SF09/7_20260904_202245.030/pc_time.dat,2589696,2026-09-12T07:45:03.587543+00:00,7a8db5419599d9447da54787e9f98336364ea777128dc11416681fa581dc71e6
SF09/7_20260904_202245.030/pc_time_fit.json,993,2026-09-12T07:45:03.631067+00:00,a96ebb03828e563c046e61b90594d42cd4a4107ffca7ba65b01c25ffac80e63b
SF09/7_20260906_080216.656/pc_time.dat,3182484480,2026-09-12T07:45:44.701855+00:00,493f04d755b2f3fa62913e4326b50cd0be24f67b76766e12b10db5432017f496
SF09/7_20260906_080216.656/pc_time_fit.json,1121,2026-09-12T07:45:44.787672+00:00,2a3ce0ded791975ef2dec73b3b9dad2aa393c4bc0ca2617052e781fe314f61c4
SF09/7_20260908_192020.964/pc_time.dat,1054720,2026-09-12T07:45:44.819772+00:00,1b11a9a9229dcc556513c63ec2d84f5829b0ae05a841ae98188504008f45612a
SF09/7_20260908_192020.964/pc_time_fit.json,1010,2026-09-12T07:45:44.850963+00:00,f78f4c7a6143ca0c2fe1e1565cd683247915bd95afb6f39fc87eb90ff5d7e106
SF09/7_20260910_144721.232/pc_time.dat,2134016,2026-09-12T07:45:44.870982+00:00,34e454e1de04d404d52cc7b0357f1c51f64125986a09025444dc978fb5789cae
SF09/7_20260910_144721.232/pc_time_fit.json,1011,2026-09-12T07:45:44.904313+00:00,89fafd4973b2a4a44d4a939f843462c6cbe426c6ba4f23ca59c44d601dd71367
SF09/8_20260902_081433.629/pc_time.dat,267264,2026-09-12T07:45:44.904313+00:00,623b2388bb7a0acadfaa07abe4c8a62b9a73c42bd3599bbf560606bb5871e02c
SF09/8_20260902_081433.629/pc_time_fit.json,1009,2026-09-12T07:45:44.947157+00:00,4d1dd4d40c4078b53e872d305093068e261a4fb8ebcdebaaf60a0d2bcfbfd9c2
SF09/8_20260904_202324.405/pc_time.dat,3529391104,2026-09-12T07:46:30.865359+00:00,699ae86f56da636d13b7303847df74c96c7c33b6270bbf0a163b822df3992d92
SF09/8_20260904_202324.405/pc_time_fit.json,1545,2026-09-12T07:46:30.904499+00:00,711997e6a7f303ee7cda213e0fabdb8a83775d3b7b2b700330d7543e8544bddd
SF09/8_20260906_192429.559/pc_time.dat,695296,2026-09-12T07:46:30.937721+00:00,fe3b7df5f0e2f050bfd4178996e1d4fb7cc919a35ef079d681121fa21ce18ba6
SF09/8_20260906_192429.559/pc_time_fit.json,1010,2026-09-12T07:46:30.971054+00:00,ebe89053928bfd29c067f7acd0ff91e5ae406172a6f1df24bf9e8c8d04d1aa18
SF09/8_20260908_194228.662/pc_time.dat,2598912,2026-09-12T07:46:31.004433+00:00,3c5eeff9f1df8c824be5c8e119350ba451cb056a082ce0197e2999942f93b308
SF09/8_20260908_194228.662/pc_time_fit.json,992,2026-09-12T07:46:31.037744+00:00,9338a8f610b76603a643ab4564d038dfa51626e5fa31bc500e5bdc2099c3985f
SF09/9_20260902_082928.325/pc_time.dat,3086336,2026-09-12T07:46:31.071032+00:00,35fc948c238a471373e5e0d0d4098f8148d665b604d646df2cd4b84ac4b6d178
SF09/9_20260902_082928.325/pc_time_fit.json,990,2026-09-12T07:46:31.104396+00:00,86b5b9df5ce2ccca77289a536752e9ac065f97257539fd7f5588605b6b278e9d
SF09/9_20260906_194509.557/pc_time.dat,2658304,2026-09-12T07:46:31.121083+00:00,928add406978e90f95bbd54f45851162407e5d51ce4b39c61f9221f79ccdc46b
SF09/9_20260906_194509.557/pc_time_fit.json,991,2026-09-12T07:46:31.162004+00:00,7c8d3ad5292a2ef42ca6778660737b7aed28c86e317fd90faa7448e608fc1cd3
SF09/9_20260908_194312.545/pc_time.dat,3628521472,2026-09-12T07:47:18.188873+00:00,5cc33fe8a25b833c3000e970f2ba9ac40bea7a4314551494fc0fe890261deb20
SF09/9_20260908_194312.545/pc_time_fit.json,1163,2026-09-12T07:47:18.222356+00:00,9696e908aa56c44bdbf46bd446329f63d2120edf15bd3f0082374e8b5c8829dd
SF10/0_20260831_190956.580/pc_time.dat,2838528,2026-09-12T22:42:09.871880+00:00,02e5362813f613f614bfd07cef93e3dc88184f59c7c13cf1dfc47e253e8b5057
SF10/0_20260831_190956.580/pc_time_fit.json,993,2026-09-12T22:42:09.906841+00:00,1430d671df3e9e9b5340069fd4f5c484cc50d69f63976a9ef66f9489db812550
SF10/0_20260901_080100.926/pc_time.dat,2838528,2026-09-12T22:42:09.938756+00:00,72d3e910e3aa6d084bfb7f620762b6abc50b11b8f14d8121a7489e84478919a6
SF10/0_20260901_080100.926/pc_time_fit.json,994,2026-09-12T22:42:09.970274+00:00,301c520d7f41c07ece8855f89895b40f892f6843935ccc286f02f7e021554df7
SF10/0_20260903_173135.541/pc_time.dat,387072,2026-09-12T22:42:09.985813+00:00,a3b683bcb82c3eb644adc22a3f3bb21e70f95a313e0ae19cafea48a8f04fac9b
SF10/0_20260903_173135.541/pc_time_fit.json,1010,2026-09-12T22:42:10.018224+00:00,912066963a516992d6d895f712919884c36d5a9acbf3ffd5f64b41cbca987296
SF10/0_20260905_182915.337/pc_time.dat,516096,2026-09-12T22:42:10.025780+00:00,1bdaf008621747c49ce44f2c17f36702ab7ef4c61ab111da69b957e345d6d35e
SF10/0_20260905_182915.337/pc_time_fit.json,1008,2026-09-12T22:42:10.059487+00:00,03cc3351cb089f0c66c5e92c98cdbc8a8efaff7163b8012e22eba14662779387
SF10/0_20260907_083846.238/pc_time.dat,387072,2026-09-12T22:42:10.074261+00:00,564f6623def475ad87e4c058c613420b10d03992859e1d9272b3b1f8b4910482
SF10/0_20260907_083846.238/pc_time_fit.json,995,2026-09-12T22:42:10.106797+00:00,5705922b201941d1b37cd2053b733fdc0fe15872e98391b0ed93288e135c9543
SF10/0_20260909_084938.378/pc_time.dat,258048,2026-09-12T22:42:10.118705+00:00,9e67d7b115e178396775cba65445c717c34f837c6b501c4b78f4f1deb732e14a
SF10/0_20260909_084938.378/pc_time_fit.json,1007,2026-09-12T22:42:10.150218+00:00,7a4d9259a6b7ed19c9f3dcbbfe1d89e003a1b4f865491b67cc4604a9b7dbf341
SF10/0_20260909_182744.641/pc_time.dat,258048,2026-09-12T22:42:10.162025+00:00,66d5f2f7b39dae97572fe363dd50be04c300d3f0d511c572242063d2ca88bfdb
SF10/0_20260909_182744.641/pc_time_fit.json,1011,2026-09-12T22:42:10.194201+00:00,d94e8716ea203e820ef951de412a5e4a49d1db05240732a598d25747e31bcbd5
SF10/10_20260902_170101.421/pc_time.dat,355726336,2026-09-12T22:42:13.507846+00:00,7c3cf2ebce2764f41b753fc8b2896e664b180475a15e26d5abb7a603cd3f7bf9
SF10/10_20260902_170101.421/pc_time_fit.json,986,2026-09-12T22:42:13.543330+00:00,366c411cdce54f832dda83d00091e99db8824e445afcee32476bb75c3740215f
SF10/10_20260905_070012.038/pc_time.dat,142945280,2026-09-12T22:42:15.663061+00:00,c88a5e9bf710d74c65e2987b39822c519c399cc8842ae94f36f2c3e83fc26aaf
SF10/10_20260905_070012.038/pc_time_fit.json,1031,2026-09-12T22:42:15.698758+00:00,75e105f9fef20a46b2e705f8e643a0e999d8488328575797a2cd32b624221f9e
SF10/10_20260908_192858.415/pc_time.dat,703488,2026-09-12T22:42:15.733184+00:00,7fd97995b559f8b9b8fe186a2789554843025e1c9e7abbcebcbc60041bfc7dc9
SF10/10_20260908_192858.415/pc_time_fit.json,1009,2026-09-12T22:42:15.765959+00:00,33f4ac8bd733035d9cf6d25189b7a648145bc406b669f1d313b56de927a5f600
SF10/10_20260911_192122.000/pc_time.dat,2733056,2026-09-13T05:39:14.947377+00:00,0e2e067be71a208740b0bf95cbb586b9b1cdbb3713ec57f31c64d75411639ccc
SF10/10_20260911_192122.000/pc_time_fit.json,992,2026-09-13T05:39:14.979702+00:00,b1df516351deb431b0a4c5be638ea17844502f3e7801b5fbc1cc966644d34861
SF10/11_20260902_185302.329/pc_time.dat,342016,2026-09-12T22:42:15.778782+00:00,52e783e681de7f43e71bfcb92c2961268257e7e1f2540e92318b1a6abd1b42d0
SF10/11_20260902_185302.329/pc_time_fit.json,1008,2026-09-12T22:42:15.811369+00:00,a0613bedbe28ebaf36d9c69d7aea77abb5b15ef7dd61c9d912306a33b2bd61df
SF10/11_20260905_080522.427/pc_time.dat,167586816,2026-09-12T22:42:17.496010+00:00,c9b63106733a303a868855f0ac4dc4c0e5cbf872748e53f5323ce183393c033b
SF10/11_20260905_080522.427/pc_time_fit.json,988,2026-09-12T22:42:17.531082+00:00,9fad2477bca2c7d835d05982597515ebbd3d265ea916cbb8610722a27538bd07
SF10/11_20260908_194504.649/pc_time.dat,2875392,2026-09-12T22:42:17.576621+00:00,29813489cd255cfcb8df81ac98048e3f52a948a4b22cc55af140a77714d03b79
SF10/11_20260908_194504.649/pc_time_fit.json,993,2026-09-12T22:42:17.608989+00:00,b11ac29a309c173bf01bb8f973f3fe37f7ec3c1d993e9acd6758257bac5aea04
SF10/11_20260911_192207.153/pc_time.dat,4191397888,2026-09-13T05:40:01.106838+00:00,3c472db7ac4361c5a8c6ca6d442fd37766da4e77f47e4c04b6202c9eb6f0fd50
SF10/11_20260911_192207.153/pc_time_fit.json,1033,2026-09-13T05:40:01.141673+00:00,a2778c7ac63f6328f4a177938d62be63c858183ec7c56086616b6a82b550dd9f
SF10/12_20260902_190631.592/pc_time.dat,2472960,2026-09-12T22:42:17.643125+00:00,c6d0807fd2f8374ab3f00d1bef483fe227a828ea7fe3401459021dbe905c6f08
SF10/12_20260902_190631.592/pc_time_fit.json,994,2026-09-12T22:42:17.676009+00:00,d4bf60570653689bcb0630b62019ddc1f3afcfd315b44cb52993c369da192931
SF10/12_20260908_194550.363/pc_time.dat,3622582272,2026-09-12T22:42:59.086347+00:00,5b0764db36eca5c648fd0d9dd2faf60718d05e17a1e7128b2cf1fbf4699154ea
SF10/12_20260908_194550.363/pc_time_fit.json,1120,2026-09-12T22:42:59.121809+00:00,25c1bd92f5c88ac7799f8270e8ad08ce101e73784226b11ef9c2455c11687f66
SF10/13_20260902_190711.525/pc_time.dat,1527009280,2026-09-12T22:43:17.338742+00:00,0dc8c08eb4b0ec35670163a2644fd59f54c891ccec4c4f98c5b95c742696a581
SF10/13_20260902_190711.525/pc_time_fit.json,1112,2026-09-12T22:43:17.374899+00:00,21107707d6b8642775237d0a3def9e3e51358746ff130fc2d92a1b6c887c48f2
SF10/14_20260903_002530.902/pc_time.dat,1586820096,2026-09-12T22:43:36.165165+00:00,139eca63af8597c29321ad6dc2bdb4be4d9f8d785fc6e722a82b94c3dbc488bf
SF10/14_20260903_002530.902/pc_time_fit.json,1268,2026-09-12T22:43:36.200004+00:00,8f4514d16bcc0654baead12fd81aba7235bb8a3da3d135b5bb31612f9f4579d3
SF10/15_20260903_055614.833/pc_time.dat,248376320,2026-09-12T22:43:39.059711+00:00,248c7090671b1d57de9e76dbe198d3cadc270238398db8c5c805249e21614005
SF10/15_20260903_055614.833/pc_time_fit.json,995,2026-09-12T22:43:39.095815+00:00,e00b6d8763a4e506a144812b98057634da082e15796312d9b7e88ca34189e3fa
SF10/1_20260831_191045.259/pc_time.dat,214908928,2026-09-12T22:43:41.980434+00:00,732a98bfd56dcb079e651d1e9184f6bda1bf12113edb5d5ad6294db4a73e825f
SF10/1_20260831_191045.259/pc_time_fit.json,985,2026-09-12T22:43:42.016666+00:00,3081d081e5d21637c1ddf1c1200c8e4ab550017ba21b823ff2ed68f853ad856f
SF10/1_20260901_080143.036/pc_time.dat,1425505280,2026-09-12T22:43:58.686453+00:00,b8193e19c2539f6f79a5d1b4017eb2e1671a533e09e7fac695980c63674221e8
SF10/1_20260901_080143.036/pc_time_fit.json,995,2026-09-12T22:43:58.720701+00:00,dabd744d95a861423ca9a29c2bf8a8621781674dbbce7a8496dd33d6e386d37d
SF10/1_20260903_075838.181/pc_time.dat,2607104,2026-09-12T22:43:58.753547+00:00,054bae3a0e95b9d45b954c064cc6c30bf4dfaf63ed92f30c63a571a9a68816ff
SF10/1_20260903_075838.181/pc_time_fit.json,993,2026-09-12T22:43:58.786457+00:00,4234a47faa09f80a1ef7c45dffa36d5973c670ef54e46b59707df105c943e9e9
SF10/1_20260903_180043.639/pc_time.dat,7246848,2026-09-12T22:43:58.866297+00:00,6a0cebad617a4c8d63c9bca03859ebbc833eb426a29b25f0ff5f24bb5d5f944a
SF10/1_20260903_180043.639/pc_time_fit.json,995,2026-09-12T22:43:58.899050+00:00,094f039d27a2d41ac9cd5d0f9af7d1c0596800201af2756cca37fe28ffc876c3
SF10/1_20260905_185628.363/pc_time.dat,2728960,2026-09-12T22:43:58.929846+00:00,cb7665ea50cdf7215d5ad36a57d2afce0a497e117e494a9e54550f4acde2e7eb
SF10/1_20260905_185628.363/pc_time_fit.json,993,2026-09-12T22:43:58.962573+00:00,3c10c734a1f952efdf559a9bcce52251b0bd55eb0c00af24e7b1e5f582d0f71d
SF10/1_20260909_091016.538/pc_time.dat,2932736,2026-09-12T22:43:58.996844+00:00,7121b89789b361430a726e4bc79b4cc4e23abca761a781d7180fa367d991e45a
SF10/1_20260909_091016.538/pc_time_fit.json,993,2026-09-12T22:43:59.029601+00:00,c914388175ba005891a89a738608afca2f7e86c7cab386b9c1d9070fe9f2e617
SF10/1_20260909_184432.987/pc_time.dat,2605056,2026-09-12T22:43:59.062829+00:00,a6fc00cf5c3630f78421933d5e34b5bb16661a6cca3878a4aa8fb1a0b1b3a67d
SF10/1_20260909_184432.987/pc_time_fit.json,993,2026-09-12T22:43:59.096638+00:00,d53034fd1a350ee540659bd2a0a29abf91267362ac5b1a4f83e3af2a3a920493
SF10/1_20260911_092358.028/pc_time.dat,2819072,2026-09-12T22:43:59.131931+00:00,6302ba33d9cdaaae004ad077264430910781b34c349e19d219e1e12df0caadec
SF10/1_20260911_092358.028/pc_time_fit.json,992,2026-09-12T22:43:59.165447+00:00,e86f432e82f2ac048e80fa716dba907ba488ce70ef5d8ab3ef10799f2c48d99b
SF10/2_20260831_195630.973/pc_time.dat,1297678336,2026-09-12T22:44:15.076576+00:00,45da35e2afe9e7acf1c92e40771f6543c3180075904657dbf1a7230398c69875
SF10/2_20260831_195630.973/pc_time_fit.json,4285,2026-09-12T22:44:15.113931+00:00,28f4c12ee0565dad2bdd591ac9b857079e0a75907f82a8fdb52427ba8b01f09a
SF10/2_20260901_125856.163/pc_time.dat,1234324480,2026-09-12T22:44:33.164126+00:00,93ff6f1f3d25b82c21591faf8e19709e80bd1fc63b93e402ded3b5478bbaafbd
SF10/2_20260901_125856.163/pc_time_fit.json,1162,2026-09-12T22:44:33.199956+00:00,0a55751e64daaafdab7935f8854f2c447d1536195d321f58fa8349d5895cf31a
SF10/2_20260903_075920.109/pc_time.dat,2562311168,2026-09-12T22:45:12.318781+00:00,1e2db1213cbf372c2b7ef085032388ca8101f7de320b3baa21b70c6f955fb5c7
SF10/2_20260903_075920.109/pc_time_fit.json,1258,2026-09-12T22:45:12.354858+00:00,8a17865edf7f30c7b503a89469ffaa33a671f65f12c7db62a0bdc7be2d534bf8
SF10/2_20260903_180222.843/pc_time.dat,3847655424,2026-09-12T22:46:02.688958+00:00,cae22d15f42f8d1e678c72581e437c2db868fb21f435d0acaed550319949734e
SF10/2_20260903_180222.843/pc_time_fit.json,1031,2026-09-12T22:46:02.724066+00:00,8bcc2a0b8283ce52dbadb657a76ddb73e87c747953bd0b489bb1c2dddab06c8f
SF10/2_20260905_185709.365/pc_time.dat,2615825408,2026-09-12T22:46:37.153672+00:00,cc433609c70a140f6650451ca0b5ab3bd1766fe6cc982287a57aff584407dea8
SF10/2_20260905_185709.365/pc_time_fit.json,1031,2026-09-12T22:46:37.191707+00:00,711d109eab6df0b37167fe54c6fa1e11da6e2097d33c9a5f7db5af5ec84d0eec
SF10/2_20260907_173420.856/pc_time.dat,2061312,2026-09-12T22:46:37.237309+00:00,7e488cd1929cdc18def4419223405ef5a3ec3a51a8fd20e87f6fcb195adb278a
SF10/2_20260907_173420.856/pc_time_fit.json,1008,2026-09-12T22:46:37.271456+00:00,ab9691ec2e26c7e92f02cfd1a7aa673e54874058f722178eb076088972fa5447
SF10/2_20260909_091105.736/pc_time.dat,2541291520,2026-09-12T22:47:10.389012+00:00,3ebe5aea1d85452632178fa20723b7bbc39529010154ac0036b3f1be6b6c4f5f
SF10/2_20260909_091105.736/pc_time_fit.json,1136,2026-09-12T22:47:10.423434+00:00,0438429d628b6c9e6304b0f832489089fb06ff976b4df1188d188b71ab8ea93b
SF10/2_20260909_184517.395/pc_time.dat,3616787456,2026-09-12T22:47:57.656476+00:00,3fa3655401294366247273a34c5181da26197dd5bdc233031b37db506e711142
SF10/2_20260909_184517.395/pc_time_fit.json,1135,2026-09-12T22:47:57.693121+00:00,83b0f53f4aeaa4360c9b1dfb0e95d853a415bb6339f39d32c0962e5aa6d8327e
SF10/2_20260911_092441.104/pc_time.dat,2597563392,2026-09-12T22:48:31.003014+00:00,629674e729d2632d7d2865d716e7bbaba2bda16786132905bf3c8a410967c387
SF10/2_20260911_092441.104/pc_time_fit.json,1119,2026-09-12T22:48:31.039399+00:00,85c3e1958305ce72cc4a16fb60cf498d474792fd4192d75650f81e529a56eabc
SF10/3_20260901_002703.626/pc_time.dat,432128,2026-09-12T22:48:31.064876+00:00,51b54c4f21237cddbcb716ffca7aece488b5aba56ea6cf4c7e1e0ea8fca8c5c1
SF10/3_20260901_002703.626/pc_time_fit.json,990,2026-09-12T22:48:31.097150+00:00,f31df540d8965756dc9bdf7c053f960d53d35335ea45662cd6a5177d38f3484c
SF10/3_20260901_171620.845/pc_time.dat,314660864,2026-09-12T22:48:35.112644+00:00,ed939981da0dc4d47fba46a7113cc3571e1ff8329b14b169e918b2c267b55e35
SF10/3_20260901_171620.845/pc_time_fit.json,1323,2026-09-12T22:48:35.149662+00:00,0832225e1d53be80133f45bf3b3906b59bc3922e25131109bb9103d32bb67586
SF10/3_20260904_081614.901/pc_time.dat,2494464,2026-09-12T22:48:35.199935+00:00,115e76dab01846c382ee7871c2e6e1115888b4446ec325aaf7867e835321438a
SF10/3_20260904_081614.901/pc_time_fit.json,992,2026-09-12T22:48:35.233720+00:00,1c1cfca216125c12e348050ed43a3404690113a2e62afb77654ea89b6fd1a17a
SF10/3_20260906_055804.599/pc_time.dat,298933248,2026-09-12T22:48:39.078821+00:00,cf2f3dd49eb955b5d03212c90fafbbd660105c7d70f8e6b74833459e19362f9a
SF10/3_20260906_055804.599/pc_time_fit.json,987,2026-09-12T22:48:39.116793+00:00,36456e6bdb42c34177f7ae40abb00a31602d2410f986760d89a585af8524c6e3
SF10/3_20260907_090035.749/pc_time.dat,4099072,2026-09-12T22:48:39.179549+00:00,88eac746897a606916d5767eb8dbef9b519159a0ee42e80eed9d80f62737f5be
SF10/3_20260907_090035.749/pc_time_fit.json,993,2026-09-12T22:48:39.214652+00:00,b821d1708b3b98b874fdf2f344d8d2063c143d3b35a4bbb46d3ca7f00582bd6f
SF10/3_20260907_175619.012/pc_time.dat,2715648,2026-09-12T22:48:39.255722+00:00,600c79d3d353c24203680e5c1259f3557aad45c201108693ee61033ed30cbfb5
SF10/3_20260907_175619.012/pc_time_fit.json,991,2026-09-12T22:48:39.289357+00:00,f593155b230c0c830b536c0ab6647ccc65927bc05ca3ef1c9e6103d4a1bc008c
SF10/3_20260910_080955.238/pc_time.dat,1104896,2026-09-12T22:48:39.312838+00:00,774105436c9d9b9c9af4a0556133c6137e7eda099930b8547195aafd6a18e8b6
SF10/3_20260910_080955.238/pc_time_fit.json,1008,2026-09-12T22:48:39.346164+00:00,c9c4cd87ff0314b91f21eb84a1000c31f48e84ce2b138e9ce0643fc9f700ebe3
SF10/4_20260901_002730.117/pc_time.dat,767363072,2026-09-12T22:48:49.329778+00:00,b035f4dbbc21d425da3e766823ff9080c7f522eb23e8395fdb7e70e76a6eb676
SF10/4_20260901_002730.117/pc_time_fit.json,1010,2026-09-12T22:48:49.366677+00:00,f7d48e65e2b27dd51add0bb3fc3ec986a12598d0ce7dbcc9e42df1c10a8b7ea0
SF10/4_20260901_193512.911/pc_time.dat,2739200,2026-09-12T22:48:49.409749+00:00,5ae7ea5042810a4fe42df91139228b46fd138e07b5b948233777e8f40a75f719
SF10/4_20260901_193512.911/pc_time_fit.json,991,2026-09-12T22:48:49.441247+00:00,f4d4150d713952310886dd6f6fceb69a7b398d5ef77a4d931cd59b5fd361ce22
SF10/4_20260904_081653.075/pc_time.dat,2472960,2026-09-12T22:48:49.472171+00:00,917bdf3cbf0a41578c0b6443809a5fea3295d9b9db9da624f279a538e0238e8e
SF10/4_20260904_081653.075/pc_time_fit.json,993,2026-09-12T22:48:49.504478+00:00,50c2b716e2ffcec7980498548e06fc5ec50f14302839f0f60c1d10e90d1ff3b8
SF10/4_20260907_090135.869/pc_time.dat,2296060928,2026-09-12T22:49:17.767687+00:00,f7f48d7675e77380056c3229d3e9d91f2699f54b813023f13af6890101d8e1ec
SF10/4_20260907_090135.869/pc_time_fit.json,1204,2026-09-12T22:49:17.803564+00:00,4558c46b6c12d181b4e2b617860d5a9762aa5a63ed43ac06af89e02da708cd97
SF10/4_20260907_175705.905/pc_time.dat,2519040,2026-09-12T22:49:17.844050+00:00,5aa426d799aa3f9904543fe70f417bfe372f78cbf43420bcc1af109febe838d7
SF10/4_20260907_175705.905/pc_time_fit.json,993,2026-09-12T22:49:17.877879+00:00,013f7ddca5c055d5bf1d78468500b34b1c9637bd6c01654609f0e8c509a83695
SF10/4_20260910_083040.133/pc_time.dat,5200896,2026-09-12T22:49:17.930543+00:00,8574ab17bf9a5f78cb94bb60a2a11295f19364eeca26ec2bd5ecac4b9b959645
SF10/4_20260910_083040.133/pc_time_fit.json,993,2026-09-12T22:49:17.963951+00:00,083545ee7ac35f966fb1d19798c8b8e44785a6ecbc8b8b811f611aade26ba9f1
SF10/5_20260901_054403.494/pc_time.dat,3999744,2026-09-12T22:49:18.002164+00:00,2fa79035db02dda8a80b89dc21cc3506d4c0404ddaea2ed3f78bd74c196472d1
SF10/5_20260901_054403.494/pc_time_fit.json,1009,2026-09-12T22:49:18.035348+00:00,99f16c945e6ad0d03335a454b3c8f65073238bd24f256831b2b0d9fa44677f7e
SF10/5_20260901_193554.435/pc_time.dat,1167745024,2026-09-12T22:49:32.035002+00:00,237fbbc094db1aa53316b969337c1e36dfed1cc9eba1fff8473dcfd34329d9cd
SF10/5_20260901_193554.435/pc_time_fit.json,1371,2026-09-12T22:49:32.140002+00:00,759d2c45d1b722ac7eb281cc09390d1e1a57cdd6c057673a638c337ad12b10fa
SF10/5_20260904_081730.895/pc_time.dat,3250488320,2026-09-12T22:50:11.147744+00:00,dd18722d096921fc4ac9c62c3e1f68a4ee397effb9fa11926bc4822a55d22276
SF10/5_20260904_081730.895/pc_time_fit.json,1459,2026-09-12T22:50:11.183219+00:00,a32cf5c8f4ca5b1f9a4d6081058f2396f18a28f9ae2e5d2453d5363f04e9fa7c
SF10/5_20260906_080407.877/pc_time.dat,2576384,2026-09-12T22:50:11.225832+00:00,e436ba9765d2739b70a2bcee3dd652791368499da4a64b3b9523cd0461ef7710
SF10/5_20260906_080407.877/pc_time_fit.json,991,2026-09-12T22:50:11.257822+00:00,d2c27c5f3f3ee10b772e203d568884e86dfd7ba6c5223d5eba7b08b8c20bc269
SF10/5_20260907_175744.885/pc_time.dat,3596188672,2026-09-12T22:50:59.666175+00:00,3b0ca8a45254482cd4722d9b366b3b610f6cd602c62862edee64e370f6af4013
SF10/5_20260907_175744.885/pc_time_fit.json,1424,2026-09-12T22:50:59.700523+00:00,6edb3bb64059ce7b4ae100f98eb5d01751ae92cfd6b94d5af4fce9a7c50511d8
SF10/5_20260910_083157.853/pc_time.dat,1819268096,2026-09-12T22:51:21.469765+00:00,7030884b4610cbae68f5c7c1a384ba7a25cca88319c3332cc38cb97951c98a17
SF10/5_20260910_083157.853/pc_time_fit.json,1230,2026-09-12T22:51:21.519691+00:00,0638a4fb574f32c98d5c1af9fb40aafb428ca5503c14e0bf074c1a88698b87ad
SF10/6_20260901_233920.182/pc_time.dat,2242230272,2026-09-12T22:51:46.539486+00:00,9f7a0e8c719d85aaed120ce33be746c89baef68570ad15a9d31e3963a95ac69b
SF10/6_20260901_233920.182/pc_time_fit.json,1369,2026-09-12T22:51:46.573538+00:00,d0357fc63a88c92b8e08a4196d2b2ce69a49b32566de1671b14db50b502a267b
SF10/6_20260904_200004.108/pc_time.dat,324608,2026-09-12T22:51:46.591139+00:00,1915538f87d27c7609bbcb9f2ff4f8a3f857a37fc708b9da8569a52f50be940a
SF10/6_20260904_200004.108/pc_time_fit.json,1009,2026-09-12T22:51:46.622302+00:00,3e9ff050a163fccd31bf3de182b79943faa6e041e14234f967583a0059a846f8
SF10/6_20260905_093836.419/pc_time.dat,3443712,2026-09-12T22:51:46.662057+00:00,82e9c680e41cafd4277cea907951b339cfd284637fc4db6b8b1b00275e54b9d9
SF10/6_20260905_093836.419/pc_time_fit.json,994,2026-09-12T22:51:46.692789+00:00,8ea846c922a5024cb1fcbcce542c0c98b4ef14adea698fcd44d7ec02b7e5b441
SF10/6_20260906_080449.175/pc_time.dat,3177765888,2026-09-12T22:52:19.305272+00:00,9eb40190781eeef64af7522af3fbb99d602101bb86452176a5282e45a8dacc38
SF10/6_20260906_080449.175/pc_time_fit.json,1120,2026-09-12T22:52:19.341465+00:00,db400bb40fd3c4e8b341d98068e299025dc890ceaa8955fcff33da6fd01f51d9
SF10/6_20260908_070444.819/pc_time.dat,254976,2026-09-12T22:52:19.365414+00:00,53428a26ae0977a918d146121c1c5d1c9cb966ff00695292b8f51f1653029c0a
SF10/6_20260908_070444.819/pc_time_fit.json,1007,2026-09-12T22:52:19.398338+00:00,94f93f1ba798d640d497362d79251fa0b5bea26b701cff8d801994bb67ccd6f7
SF10/7_20260902_080750.935/pc_time.dat,299008,2026-09-12T22:52:19.412056+00:00,248e256306c333c994b276777449bae8ec90aa876c1549c2bf80117578dfc03a
SF10/7_20260902_080750.935/pc_time_fit.json,1007,2026-09-12T22:52:19.442748+00:00,295f9a87f2b79f2a2fb5a1a806376b44a6f380ef84c535999da48da532e5e47b
SF10/7_20260904_202457.187/pc_time.dat,2668544,2026-09-12T22:52:19.474100+00:00,56607780affde1299795dcae4fe93c6ed967e1e4d3effe03c41be092bdb2b067
SF10/7_20260904_202457.187/pc_time_fit.json,1008,2026-09-12T22:52:19.508178+00:00,6dbe3aa94807a96d1be02c45c07b72e5abbd07f0ac32eb8167eff7595c3ea304
SF10/7_20260905_093927.479/pc_time.dat,2434999296,2026-09-12T22:52:45.266920+00:00,1e9a9c8ef14ebf27d3d1d497f8dbb1399879762499f9dd37987325b2c7c2e5ec
SF10/7_20260905_093927.479/pc_time_fit.json,1297,2026-09-12T22:52:45.303718+00:00,d872f74d5bf0251bbf73324a2f43fa1851a0126438fa32814c65d48da045b77f
SF10/7_20260906_192951.209/pc_time.dat,401408,2026-09-12T22:52:45.319652+00:00,22b8b02bb83563c46c5f89da2968900d4a706dc3ba643b7a0f612060d004e559
SF10/7_20260906_192951.209/pc_time_fit.json,1008,2026-09-12T22:52:45.351183+00:00,105886ac620ababb535ea9b05a9a15d8e25dc4ac30e9911aa1c46d48518afcf2
SF10/7_20260908_072257.739/pc_time.dat,3549184,2026-09-12T22:52:45.392859+00:00,618e7aad016ea04659b15d8e564cc0b6bad08aa5b5000a88bbc2844bdcaf63e5
SF10/7_20260908_072257.739/pc_time_fit.json,995,2026-09-12T22:52:45.427197+00:00,3aba9a3c57cc5a342f8ea187cad07b642e0d2f555d1b8c2198dc67b6640989c6
SF10/8_20260902_083204.119/pc_time.dat,2712576,2026-09-12T22:52:45.468833+00:00,f767f7be52cd5cb212ba6464af7f349665a5160528ada098806cdd31d415feec
SF10/8_20260902_083204.119/pc_time_fit.json,993,2026-09-12T22:52:45.502215+00:00,149ae31dcde07232476d8adfc99ecf74f3d81f0d3f2a480969b72a384246a676
SF10/8_20260906_194840.721/pc_time.dat,2669568,2026-09-12T22:52:45.535868+00:00,66572fdc5d0a064b8231390c01a5143912a85200299c51627ff4b167c4d89e4d
SF10/8_20260906_194840.721/pc_time_fit.json,992,2026-09-12T22:52:45.568938+00:00,aec46a7a1c0e7192d06d0553bc8a238b3460413d2d4bf8739c43dea2bbf0bc6d
SF10/8_20260908_072352.245/pc_time.dat,3335330816,2026-09-12T22:53:20.374035+00:00,bf0d0d71e582e9dd122cdd41d3951d1b2c70af6c5ec505e12fed31c0e831a901
SF10/8_20260908_072352.245/pc_time_fit.json,1483,2026-09-12T22:53:20.436794+00:00,dbf3b18c805bf705e9a98aff494e36f8a9ad055f6af4fab6247bc394385ac40c
SF10/9_20260902_083247.835/pc_time.dat,2438777856,2026-09-12T22:53:46.013259+00:00,60f7763255e7fada61f2f622b6038f4e936b6bd308b10cf00ffb8d5266a9f3ca
SF10/9_20260902_083247.835/pc_time_fit.json,1084,2026-09-12T22:53:46.047403+00:00,cdad7282521ca6c50306f5897d03460d2bdf6b2b46e9ec3f013bae2ef18eebdf
SF10/9_20260904_202620.386/pc_time.dat,3025158144,2026-09-12T22:54:21.274653+00:00,7b685ec78ea54a0d21214c9b8bb62e198f10648cb7d54508b38964477ca425f6
SF10/9_20260904_202620.386/pc_time_fit.json,1031,2026-09-12T22:54:21.310089+00:00,3cfe0b64399ac5486e4776329ab8908ad8e8b6a087b06730143caeaf7c2b616e
SF10/9_20260906_194921.983/pc_time.dat,3566868480,2026-09-12T22:55:02.662102+00:00,7e5f92b866d1a52e7a8b711df7322aa161ceee1afa0cd6a6ee6c12d42061d473
SF10/9_20260906_194921.983/pc_time_fit.json,1376,2026-09-12T22:55:02.697802+00:00,46cafb70af743e25b76de215129574b7de1fadda730ce9d908de4107382e62bf
SF10/9_20260908_192609.401/pc_time.dat,263168,2026-09-12T22:55:02.715899+00:00,42245d24af3c45cc9f6e80990ddadb708838faa71ad002a6e14d891cc1af1aa7
SF10/9_20260908_192609.401/pc_time_fit.json,1008,2026-09-12T22:55:02.747944+00:00,1496bf3dc1b13de788e52d7df97bda937c88ea2c0a081ccd5ed6a18e408c5b65
SF10/9_20260910_205611.775/pc_time.dat,3257555968,2026-09-12T22:55:42.932430+00:00,5200737a52e30f6b9622b289a0dda1aa3c2b5ed46aabb1e376a448fd3d736706
SF10/9_20260910_205611.775/pc_time_fit.json,987,2026-09-12T22:55:43.015702+00:00,2557bda4d0f941b94bbe181d8babcc9bdb92b1d174b764267d5f6bf71189c379
SF10/9_20260911_185815.751/pc_time.dat,762880,2026-09-12T23:41:30.538812+00:00,a174f1d914bdacfb8867efed996d57cb6e41b62414b25fb905e6885a33089fff
SF10/9_20260911_185815.751/pc_time_fit.json,1008,2026-09-12T23:41:30.571530+00:00,d4ba0578620f30deb0db083d219c5418d6a5ee84bdc600006f3ffc123417fd45
SF11/0_20260831_191252.932/pc_time.dat,3096576,2026-09-12T22:55:43.061179+00:00,07380af11dd08281a08d222f4608d61c454fd64c704978be6f00d19444a8070b
SF11/0_20260831_191252.932/pc_time_fit.json,993,2026-09-12T22:55:43.092398+00:00,1bff7fc62e39bba61b139b3e84279dc39ab54371fc97cfc3e90eba8cd1779fb8
SF11/0_20260901_075752.499/pc_time.dat,2838528,2026-09-12T22:55:43.135810+00:00,267a091b014fbfea21287bc79074e057556a477bfc1c065bbdd95a3d74d8a376
SF11/0_20260901_075752.499/pc_time_fit.json,992,2026-09-12T22:55:43.168505+00:00,bf1e7620300adf67d7af11f1d721b98755294899f1566e26a7b218f52721235b
SF11/0_20260902_130113.385/pc_time.dat,2451456,2026-09-04T06:54:16.148857+00:00,e19e9e325276b09ef4545d323989f5af36818900d663432ec63d2bf23f460c23
SF11/0_20260902_130113.385/pc_time_fit.json,1008,2026-09-04T06:54:16.190626+00:00,97edf65d64efc3e5e129bb46163be35b8a88cf18448a754a8271836d213be888
SF11/0_20260903_174306.448/pc_time.dat,516096,2026-09-12T22:55:43.181323+00:00,848779431c87eb9d44530b82f1d3d821897be31b58793c4f88440f9c36dcf1b3
SF11/0_20260903_174306.448/pc_time_fit.json,994,2026-09-12T22:55:43.212988+00:00,0ddd4163ed967ebcc8cb57bed7ff4a600d902439a4daebcba2e2c3fb07865395
SF11/0_20260905_092100.459/pc_time.dat,516096,2026-09-12T22:55:43.223843+00:00,40e29b91101cf98d3e16b324e9297ad78b58a50b96055313f2b95319003aea97
SF11/0_20260905_092100.459/pc_time_fit.json,992,2026-09-12T22:55:43.256765+00:00,be58a2f81a11cc55851df1d4fdda388ae7d0ce98388a6403d82e3d7b3d302575
SF11/10_20260902_075255.597/pc_time.dat,358400,2026-09-12T22:55:43.272633+00:00,45d42957000811c49f3096074c0bb0090e00117c67b072ca224056ea12484a1d
SF11/10_20260902_075255.597/pc_time_fit.json,1007,2026-09-12T22:55:43.304708+00:00,974663225360a6ff37ec00bcf35b4fe4fafa75a632bd5ce29948beadfbed623c
SF11/10_20260904_200952.853/pc_time.dat,626688,2026-09-12T22:55:43.311934+00:00,d0ba4b4989aa79acbaac7643f53cc31dd47734e813b215d8d27416220cc44045
SF11/10_20260904_200952.853/pc_time_fit.json,1009,2026-09-12T22:55:43.344415+00:00,cdcf4b87a8d6fb61df5b9287ecdd0546c3c60b7fc8752b5de3bc87f83547605c
SF11/10_20260906_193132.234/pc_time.dat,307200,2026-09-12T22:55:43.363877+00:00,fbbf5b796d32b0e08d7c6ebba5565fbf2a18baff3f90caed537c0cf65f0cd651
SF11/10_20260906_193132.234/pc_time_fit.json,1007,2026-09-12T22:55:43.396554+00:00,13a59117258732d268bab465569f1d0522946c8f0be67d7326f9d0e0b006816d
SF11/11_20260902_083438.021/pc_time.dat,3277824,2026-09-12T22:55:43.436043+00:00,402b8e191444dc13f06c7c4695cada8068b42cd40af4950b7b15b8cd228ec856
SF11/11_20260902_083438.021/pc_time_fit.json,993,2026-09-12T22:55:43.468302+00:00,abcd0fcba5568bcd55670e2d5314172bbe5c11e14ed5e39255e828a36aff20ba
SF11/11_20260904_202754.501/pc_time.dat,4350976,2026-09-12T22:55:43.525512+00:00,8e5067c771c9850ab895a5f00402577649e541ef1fa4de4ce2f8a0f6bd618655
SF11/11_20260904_202754.501/pc_time_fit.json,988,2026-09-12T22:55:43.558196+00:00,d8e72e3017e5b5129f056f6e81a61bdc4214e152c591a01a449dbb0cd532f941
SF11/12_20260902_083534.755/pc_time.dat,2442852352,2026-09-12T22:56:13.373840+00:00,e3d88adb4a8ee3e9f520592bc71c4c6d9620bdfddd2ed9a3eeaaf5b16843192f
SF11/12_20260902_083534.755/pc_time_fit.json,1186,2026-09-12T22:56:13.456249+00:00,0e45c5bde8d2c531e1b780cab44cd982308024629ce504df49729b8d33fd7134
SF11/12_20260904_202856.246/pc_time.dat,3522310144,2026-09-12T22:56:58.313906+00:00,dab2dfe784bd148fd61066b38630c0c33138e9504eb2f16b5aff1f987c6f8c05
SF11/12_20260904_202856.246/pc_time_fit.json,1552,2026-09-12T22:56:58.351793+00:00,3b9daed375d377f2f015c1e002fe6f854ca3a69959cafc3b8084ef0d5fb1193f
SF11/12_20260906_195111.187/pc_time.dat,5723136,2026-09-12T22:56:58.409436+00:00,5142f462219ab28dc200f72a5c2037491b1e0bd6f3ea87f9c5d97ad9eb83c857
SF11/12_20260906_195111.187/pc_time_fit.json,995,2026-09-12T22:56:58.441521+00:00,b045e58f526e8cacb5837583953915643ebe502d6e1b1e0483c9518991bd4a3a
SF11/13_20260902_170443.451/pc_time.dat,334021632,2026-09-12T22:57:02.583672+00:00,97078c724a9d138b0963f4ecb75751842094b86128c560c2c190742f51a0e247
SF11/13_20260902_170443.451/pc_time_fit.json,987,2026-09-12T22:57:02.621637+00:00,4272d229cfec40401be0d00e1a3901861ccccfe930a9ed0b2019c8709b48354b
SF11/13_20260906_195234.827/pc_time.dat,3552540672,2026-09-12T22:57:49.284388+00:00,473f42a80f262c52e3f6c466e47acda685a6ebf82582887b1a1269a72cf31bcf
SF11/13_20260906_195234.827/pc_time_fit.json,1177,2026-09-12T22:57:49.321027+00:00,f61641755cd60a26b7a0bfe4e196e4dde21ec614ae74be9d58e1b85f5b6c2981
SF11/14_20260902_184246.377/pc_time.dat,240640,2026-09-12T22:57:49.329618+00:00,080a7893c000a042a6a259c69c50a0feb5ca6e8fd1234781c31f3dbe38b8edd4
SF11/14_20260902_184246.377/pc_time_fit.json,1008,2026-09-12T22:57:49.362845+00:00,8aeca8ed7ec1f18a5feab51fdacd49878a70b55632be77758d8fd54a421728e7
SF11/16_20260902_190814.621/pc_time.dat,2466816,2026-09-12T22:57:49.390181+00:00,175bd5ab1a1db65fd648346b50e29f83ad6dbc9adda6950002dcc6120ea2a01a
SF11/16_20260902_190814.621/pc_time_fit.json,993,2026-09-12T22:57:49.423166+00:00,e3152329887fc66bd5224851866d8600957a47ddf0f6d8129d1821ed28ccd880
SF11/17_20260902_190852.526/pc_time.dat,3094872064,2026-09-12T22:58:30.419254+00:00,5d0bc812098d74c947df68795ce64b71ffabfe670c925abe5ca584fbe11b3b49
SF11/17_20260902_190852.526/pc_time_fit.json,1439,2026-09-12T22:58:30.457000+00:00,3e57c994bfe97c8d80c5153ad66c0bbfb5e68503d406e70350127cdc63f32bd1
SF11/18_20260903_055348.084/pc_time.dat,287266816,2026-09-12T22:58:34.117750+00:00,28cc6c5216050dc2272ff29a19f987317af0733feef6c6cb62185890758f7604
SF11/18_20260903_055348.084/pc_time_fit.json,985,2026-09-12T22:58:34.153889+00:00,4a6d3bb2db1be057f5d33054c0aab5b37566d2d44d1e0a248a6eb977ded7436a
SF11/1_20260831_191341.611/pc_time.dat,1512800256,2026-09-12T22:58:54.203632+00:00,7389e349b9f77d02185c583e727f13f0de365a0454ea2e6ab5bd8e4e7a9fc717
SF11/1_20260831_191341.611/pc_time_fit.json,7111,2026-09-12T22:58:54.241649+00:00,d4d9934c2906c069f97ca80c6f6c82a93ca7373943e550655fd7cdba329785fb
SF11/1_20260901_075834.745/pc_time.dat,2787328,2026-09-12T22:58:54.277323+00:00,19b8090af3730735f0c7d18edd07a3b0554d582c4705f072a1542e98afd13800
SF11/1_20260901_075834.745/pc_time_fit.json,992,2026-09-12T22:58:54.311004+00:00,78bbe05e055d3bfedfca6e7cb4788afec4db798ab38b685fa75f91f472847451
SF11/1_20260903_073453.241/pc_time.dat,444416,2026-09-12T22:58:54.336232+00:00,f27f7b547ac0a2c73a1437c47bb7e846d960a1de5bc5972322dd2e781fbd2d87
SF11/1_20260903_073453.241/pc_time_fit.json,1008,2026-09-12T22:58:54.370862+00:00,98354310018351b663fe9e60bd1e2974785be3210b72d3ee6db868e5545aefcb
SF11/1_20260905_092337.689/pc_time.dat,579584,2026-09-12T22:58:54.383285+00:00,5021db2b1b516df50e24c4a2595c7cab458add03a82086567ad827d07d38e2d6
SF11/1_20260905_092337.689/pc_time_fit.json,1008,2026-09-12T22:58:54.417304+00:00,fc862fa7f28ab23411d41007a7d1f6edea16e53cd1c6a04b5fe8af93ab0b8a0a
SF11/1_20260905_185845.311/pc_time.dat,2612224,2026-09-12T22:58:54.448778+00:00,9c9cbcf4dcd8d159fa65725deadacb956154b6c9c1759a8cec67b3d2bc9673fd
SF11/1_20260905_185845.311/pc_time_fit.json,992,2026-09-12T22:58:54.483215+00:00,fb81e421dc5554900a9d8a4208be7641d802db0b7165c494491c476b0982e265
SF11/2_20260901_002906.850/pc_time.dat,829356032,2026-09-12T22:59:05.096547+00:00,4e935b5fa6b1ff2cf2252f142398cdd7f7f6579e5a5bc3a84841b4525dcc2622
SF11/2_20260901_002906.850/pc_time_fit.json,1009,2026-09-12T22:59:05.135347+00:00,cea716de6ba13157f2d5a4007ffed20494d3d79a9005f8672793a5aa7ed9808b
SF11/2_20260901_075919.035/pc_time.dat,1460779008,2026-09-12T22:59:24.227041+00:00,4ef704dee919dcdf77ebee1f6e127534533f859da6adc2f62888c6f7cf2e285b
SF11/2_20260901_075919.035/pc_time_fit.json,1116,2026-09-12T22:59:24.262336+00:00,14940fbe37b4d7f23be5d20c99fd1cc5dd41736b4c80b98ab301a1babe72acda
SF11/2_20260903_080118.639/pc_time.dat,2622464,2026-09-12T22:59:24.309169+00:00,ac2a57a843fb11659b37b898eb24e8aef609fdadf9015c954e0b5f20626283dd
SF11/2_20260903_080118.639/pc_time_fit.json,993,2026-09-12T22:59:24.344113+00:00,0b36ef76cf3e0f0e9e6793fc2c846d2e07d5d915fc9a47dc7612595e225994ea
SF11/2_20260903_180447.941/pc_time.dat,2557952,2026-09-12T22:59:24.386505+00:00,6a02e90314b5ce6d2b5a0c31e4328b200d6807eed01a7e6e6deab7ff7e2a5a94
SF11/2_20260903_180447.941/pc_time_fit.json,992,2026-09-12T22:59:24.419095+00:00,66facb9640c58fab006ac1242127fbf1d2656cdaaae14a0905058e0d3a156516
SF11/2_20260905_094119.699/pc_time.dat,2950144,2026-09-12T22:59:24.462403+00:00,658de679e7cf917d189dbce74170df6ff234e9c79311501481511348c532330a
SF11/2_20260905_094119.699/pc_time_fit.json,993,2026-09-12T22:59:24.496361+00:00,cd0d01223bd114138940df241e835dbaa1551ff08168567090627001f81bd473
SF11/2_20260905_185931.246/pc_time.dat,3467614208,2026-09-12T23:00:09.954399+00:00,e7180ac27d6290dc6bf40cea43a8e07dc82aca41389a69639bb9117d198f383d
SF11/2_20260905_185931.246/pc_time_fit.json,1137,2026-09-12T23:00:09.991853+00:00,2ff6b4a7e61a3c2744ae82e38f821cc14f629ac6adb5efbd561c9a41343107ea
SF11/3_20260901_054537.933/pc_time.dat,4668416,2026-09-12T23:00:10.059653+00:00,19d89d419c1e1a6071e9d437056a2d8ad19cb16363d6bb5b14846862983b8e19
SF11/3_20260901_054537.933/pc_time_fit.json,995,2026-09-12T23:00:10.093894+00:00,0511ee1716f65c47a09047444a533fa2591576aa11937956d266993dc550dc85
SF11/3_20260901_130404.084/pc_time.dat,1217153024,2026-09-12T23:00:29.661863+00:00,146c3d2c44033bbe46301b289286bb422834702d564c62c4be7544aed786753e
SF11/3_20260901_130404.084/pc_time_fit.json,1148,2026-09-12T23:00:29.698580+00:00,e7a9922395d3d3528d7d1780b756ce8c614d5a3f18e48cd1d43b782b816f94be
SF11/3_20260903_080159.850/pc_time.dat,2269819904,2026-09-12T23:01:06.545780+00:00,83f879f32dc88826f8156b26b87bff2ddd9f9f5cc2e3a76d31afdd26ec8c2e67
SF11/3_20260903_080159.850/pc_time_fit.json,1322,2026-09-12T23:01:06.581452+00:00,1ccb84b4e2fc17063e4503da834e4cbdd171a5bb1dbeda4c1ed3047f28a61171
SF11/3_20260903_180527.746/pc_time.dat,6615040,2026-09-12T23:01:06.659441+00:00,731024082df8e67ad75ad7c863366800f9bec12f40de777e7cfcba71fc67e403
SF11/3_20260903_180527.746/pc_time_fit.json,995,2026-09-12T23:01:06.693858+00:00,354516733daa99684253310674b2a1ada122cb071ba0533e55eba6646440cfe6
SF11/3_20260905_094205.930/pc_time.dat,1536359424,2026-09-12T23:01:26.656060+00:00,d6a88a8636151f75bfc4b48313a4259af492c492094f8f6e4761a10c2a05d378
SF11/3_20260905_094205.930/pc_time_fit.json,1128,2026-09-12T23:01:26.691273+00:00,70b47dde2ab12716d7c2a9efc969bf83ca25baf6b056095a5df6f1b687a55c5c
SF11/3_20260906_072250.053/pc_time.dat,267264,2026-09-12T23:01:26.724874+00:00,f8e8e1384dfd44419f39a160e44d3e10edded4b9352ad8492e9ab922f6bc99b7
SF11/3_20260906_072250.053/pc_time_fit.json,1007,2026-09-12T23:01:26.757854+00:00,55cf7ad806e71786bc3a1bb1cc58b7c86d62d498e1c18443490a9d2c923f5584
SF11/4_20260901_054836.484/pc_time.dat,858112,2026-09-12T23:01:26.773758+00:00,f26dffe0d443b7983411c58b52e28561b3ff67afa52c64e78f11372cb7177698
SF11/4_20260901_054836.484/pc_time_fit.json,994,2026-09-12T23:01:26.807729+00:00,6fc5bc3d81c6e374ee265afd68b9b8e555fb876ef914c6f76e097630fa595ce4
SF11/4_20260901_171752.763/pc_time.dat,311074816,2026-09-12T23:01:30.780662+00:00,1678f25d77f1def9614522030deb9ce1fb72a0261c6a14aa56c08939ba1d8267
SF11/4_20260901_171752.763/pc_time_fit.json,987,2026-09-12T23:01:30.816365+00:00,d6f390bfe526290699d2b0cdfdcd5e130ccdb10415e6fa26a068128e1394e941
SF11/4_20260903_155503.475/pc_time.dat,51110912,2026-09-12T23:01:31.462383+00:00,b241967019d11b33dac534d8b2243d065139152a3acfe64064b55985f5d0fa50
SF11/4_20260903_155503.475/pc_time_fit.json,1011,2026-09-12T23:01:31.498759+00:00,1d6b060975c70ee958da19c445aef00ef93d34fddc065675028782683bc5473d
SF11/4_20260903_180700.416/pc_time.dat,3983813632,2026-09-12T23:02:24.286954+00:00,e3b49137adf54d963e52ecbf184d600518d061d12c5a6492a5c6f2070533980a
SF11/4_20260903_180700.416/pc_time_fit.json,1501,2026-09-12T23:02:24.323749+00:00,e3dc7054c6de471e91bd33b15936c371d7fc0e60e93bce9784056c8998cc8732
SF11/4_20260906_080655.015/pc_time.dat,2540544,2026-09-12T23:02:24.369635+00:00,1778782885b16f1a53c265a12608f50cf4c88730323edf777f085609bec3796e
SF11/4_20260906_080655.015/pc_time_fit.json,993,2026-09-12T23:02:24.403180+00:00,cd97146532797e82e0221e03dc8d04e050264c2ce024e1352341d6e0747506a6
SF11/5_20260901_054906.988/pc_time.dat,871424,2026-09-12T23:02:24.421578+00:00,4d95f504e28df0a00ec5f2059d27aef74667da879d55bb2ee81b6bd0ac13987e
SF11/5_20260901_054906.988/pc_time_fit.json,1009,2026-09-12T23:02:24.454564+00:00,4882ac95723aa1f40c29bbef1eeff5b6174b83253ccd70299fdac1325f165328
SF11/5_20260904_081927.812/pc_time.dat,2508800,2026-09-12T23:02:24.493089+00:00,0b9e99390dbc7c55a01c55feb3dc1dd7b4739c8078c6534651f29c2745191a4d
SF11/5_20260904_081927.812/pc_time_fit.json,992,2026-09-12T23:02:24.526596+00:00,9d74ccae5a4cc26d61e32b2eb584de7ebd9be3ee92531bb1bfbd2799d31cd5de
SF11/5_20260906_080735.254/pc_time.dat,1271775232,2026-09-12T23:02:41.035969+00:00,4ee413ae7e6cc886b010548bdf3d8395721c005291a863d0a97ae34621196f22
SF11/5_20260906_080735.254/pc_time_fit.json,987,2026-09-12T23:02:41.072972+00:00,f09b5e0fdee9feef9cf41ecd6f6bddb2e7babc86d66ca7b8561bd0ba6d487010
SF11/6_20260901_193706.332/pc_time.dat,2575360,2026-09-12T23:02:41.120128+00:00,e7c5f9fa99e2e4f07ff1314e76e8ad54edff46ddf98039546929029ec82a52d8
SF11/6_20260901_193706.332/pc_time_fit.json,992,2026-09-12T23:02:41.152692+00:00,f956cbfc37c6f014081f3eed7177849048bef14c8522e1f89f60c5ea3f03944e
SF11/6_20260904_082008.276/pc_time.dat,2800640,2026-09-12T23:02:41.191413+00:00,490760bbc3e5618a5260634c0f715281b3942d5f2730d55e2516e089a8f8a15e
SF11/6_20260904_082008.276/pc_time_fit.json,993,2026-09-12T23:02:41.225732+00:00,c32cd35115ee78bcbf9b133cded005f28b95ae77912fda249d5a3b3adca50ec7
SF11/6_20260905_151054.529/pc_time.dat,2526208,2026-09-12T23:02:41.256912+00:00,fab6c594e7cacfbf5b0804ed72852bb4b1f51d99fc40fe3b885e2dd6dcb61529
SF11/6_20260905_151054.529/pc_time_fit.json,990,2026-09-12T23:02:41.291221+00:00,ed6549e6a1d2f1f7e1d898e9393f2691b088f27b0bb05a6f114ae7454d79100c
SF11/6_20260906_132454.539/pc_time.dat,30489600,2026-09-12T23:02:41.696938+00:00,f0873d2c4d77676402272b9676c1b528ee0e8acfd90ee799fb7ee410add50b57
SF11/6_20260906_132454.539/pc_time_fit.json,1009,2026-09-12T23:02:41.733544+00:00,9d7770d6222267aaff70b7887c46d0f06881d26ca5329a79d36bc128dc643f3b
SF11/7_20260901_193749.076/pc_time.dat,1088851968,2026-09-12T23:02:56.086647+00:00,5d6264dfd24571cf6a173e2ff7858f67f4b0eab431b25072b5c4e84f72e85a9b
SF11/7_20260901_193749.076/pc_time_fit.json,986,2026-09-12T23:02:56.123482+00:00,394c54825e0c41fbf1e52dbfdeb26b974b7904e2f9161cce0c4986dc45733ad0
SF11/7_20260904_082050.456/pc_time.dat,1538859008,2026-09-12T23:03:15.819752+00:00,ff8af75595aad030d6ef8f3451395c9e6c565486f4c4e2ade044f10dfb6a39f9
SF11/7_20260904_082050.456/pc_time_fit.json,1039,2026-09-12T23:03:15.856670+00:00,e4066fca3f716efc17fd8b633189ea9d0641cf9951b4be3a9cb6fb289ae269b4
SF11/7_20260905_151133.499/pc_time.dat,848668672,2026-09-12T23:03:27.121789+00:00,4dbaf782319dd29607e138f7fb045df316afe8c68ab51a2e44b5e01bfc2e61ca
SF11/7_20260905_151133.499/pc_time_fit.json,1119,2026-09-12T23:03:27.158196+00:00,a2fd6aeb5a427b6df1470450a2c2d5391bf586755eaea6adea9bb582a3e5c95b
SF11/7_20260906_133154.505/pc_time.dat,2595840,2026-09-12T23:03:27.201772+00:00,576fd888598d29da3104cdadc42dc20535b9a9358df480c5fb460a4eb1432d30
SF11/7_20260906_133154.505/pc_time_fit.json,993,2026-09-12T23:03:27.235843+00:00,95566085df9a533d32a668d092380387fc33b71db32c2be07c08be6050658e60
SF11/8_20260901_232454.815/pc_time.dat,2063439872,2026-09-12T23:03:54.819870+00:00,008ad6c8858481fc9239295afbb502dd36d131e99edb7eb9279d69a10781fc05
SF11/8_20260901_232454.815/pc_time_fit.json,1095,2026-09-12T23:03:54.854816+00:00,7bdc326a2147e1da69efd0ca75f6d9f29896bc387d39493173bd5a726954a3b5
SF11/8_20260904_135558.740/pc_time.dat,3527680,2026-09-12T23:03:54.896695+00:00,13f8e3211187030b40070db1a34dff4a458f2a008027a8260eb8966d18c0febc
SF11/8_20260904_135558.740/pc_time_fit.json,992,2026-09-12T23:03:54.929883+00:00,868968119890611a9366c8330ed6882c76a60f827803a0c02f6cad47e6ffb703
SF11/8_20260906_133237.255/pc_time.dat,4108288,2026-09-12T23:03:54.995330+00:00,030baf331ed5a2f020e039e4398be41a14241c3858f11497246f9d8d5edc1f0a
SF11/8_20260906_133237.255/pc_time_fit.json,995,2026-09-12T23:03:55.028843+00:00,031fdf1eda0872907aa4d14512af7631f3f491c32b93a7c1310909b5efea51f9
SF11/9_20260902_063458.913/pc_time.dat,252622848,2026-09-12T23:03:58.282024+00:00,43a1a12d5dc699421e21c3d16c3a63bda8009071f1344051fe9b0eabe4f2ad1a
SF11/9_20260902_063458.913/pc_time_fit.json,1012,2026-09-12T23:03:58.318245+00:00,4b78771328968d92751f303adee31af9db72464b3501c71424ff6c3131375802
SF11/9_20260904_135650.425/pc_time.dat,1638488064,2026-09-12T23:04:20.275215+00:00,e738571fa66e4f2518078877c5a838206ab583128eed356daa4f80c79b9066f6
SF11/9_20260904_135650.425/pc_time_fit.json,1534,2026-09-12T23:04:20.311399+00:00,28f9f7f7d5fea36315e53803e3b9928351a492a7e2349531519007ab5d4fe73d
SF11/9_20260906_133337.885/pc_time.dat,1585156096,2026-09-12T23:04:40.761585+00:00,97e321b190f6f7ce627ac85880b7ac6e22a1b2834e417a15e2bcc3cff0d5f9a1
SF11/9_20260906_133337.885/pc_time_fit.json,1185,2026-09-12T23:04:40.795763+00:00,5d718f11764906ddc17cc0dc5237d185051458297cd4b1ab4e93b19e8407c825
SF12/0_20260831_070947.667/pc_time.dat,2967552,2026-09-13T05:40:02.052406+00:00,c9c5c5663d09d2274fb7edacf715697dac8214b6a93b492fd982a8f8b14a3642
SF12/0_20260831_070947.667/pc_time_fit.json,1012,2026-09-13T05:40:02.084187+00:00,3493445c8e3f895fcde50cf7b06ef7cc80dd6554c8706441241a8e63b7cb3da7
SF12/0_20260901_080334.683/pc_time.dat,1481169920,2026-09-12T23:05:05.011506+00:00,507252bb5e9bfcebf6f7def17c7273bf5bf5ed623515fba3a3dc33a861918a39
SF12/0_20260901_080334.683/pc_time_fit.json,1102,2026-09-12T23:05:05.047415+00:00,dd528f4f784b7e638099fb6afaae2abef11d349ac47406438ac0b351e61f0a30
SF12/0_20260903_173523.573/pc_time.dat,387072,2026-09-13T05:40:02.107260+00:00,18711d21bd35aa8fe28043dfc3566a265ac5dba83a0ca5475d5f1e979dfe7171
SF12/0_20260903_173523.573/pc_time_fit.json,1009,2026-09-13T05:40:02.140683+00:00,f4ab993158e9353481676dd5903d941b44b7d68029bab9e0abaac6f903c63054
SF12/0_20260907_084725.760/pc_time.dat,258048,2026-09-13T05:40:02.154659+00:00,4e19fc89cf837a31036738e8191db9e0ab5802d3d8d690474b8389201501d27a
SF12/0_20260907_084725.760/pc_time_fit.json,1011,2026-09-13T05:40:02.188504+00:00,fb2d45dbf959d8e0bd3804b52cb6b90d9a09ebfebff2f5d7643a261d66c429e5
SF12/0_20260907_174123.397/pc_time.dat,645120,2026-09-13T05:40:02.205819+00:00,6f87432f7db9df0b0d2d739914724b169060f67b436dd69fa6eb429acdf18aac
SF12/0_20260907_174123.397/pc_time_fit.json,1010,2026-09-13T05:40:02.237986+00:00,df5daff67b04092bf91e492685d9a18f7db2380a677032286e47dc3606030614
SF12/0_20260909_085559.729/pc_time.dat,258048,2026-09-13T05:40:02.246572+00:00,b3c3ceb1520d3ebd2f8f04339c7be1a2dbb7f24b269274722b85a54f627356e4
SF12/0_20260909_085559.729/pc_time_fit.json,1009,2026-09-13T05:40:02.277345+00:00,49cd1dbae8fa4358c2d24574bc90a543aeff713d16723f76d832e30424c047ac
SF12/0_20260911_093859.455/pc_time.dat,5936128,2026-09-12T23:05:05.313529+00:00,5583e1c22cd53781bbd963d8a0c160557f9966431e0abe132fc8d276e012c7d3
SF12/0_20260911_093859.455/pc_time_fit.json,997,2026-09-12T23:05:05.348782+00:00,d898b531028c5774bf2c69d4787138b2d5fad071268d1f7e323d363c41dad87e
SF12/10_20260902_083702.135/pc_time.dat,2631680,2026-09-12T23:05:05.384595+00:00,9f1aa28e4bc438e1f845f8c7f3c6e08184821b01ab4492851a595d43cee5e082
SF12/10_20260902_083702.135/pc_time_fit.json,993,2026-09-12T23:05:05.418087+00:00,1e01b3b741737c5d99376e4a8bf1e75d9e9558e6899083edd0ec2a5dd455d84e
SF12/10_20260906_195502.355/pc_time.dat,3547664384,2026-09-12T23:05:51.210437+00:00,a672bc2bfa46bc35c939bd092b64d3bc42b72d443f9c4fed769b9eac67281ec9
SF12/10_20260906_195502.355/pc_time_fit.json,1463,2026-09-12T23:05:51.246226+00:00,0aae8998e4bf54a278bb2c997155f8837c38ac34b57e04b6352a8ad74c2c6f6a
SF12/11_20260902_083748.804/pc_time.dat,2799168512,2026-09-12T23:06:25.908858+00:00,1b070ea0af6f939f5813a988056411899a7726b0ceac41f3af76f9b1ad135425
SF12/11_20260902_083748.804/pc_time_fit.json,1149,2026-09-12T23:06:25.945753+00:00,855a1fe733d1e4124e6447111ef256f53f803b69a5f5f353898fc47080724515
SF12/12_20260902_185346.222/pc_time.dat,335872,2026-09-13T05:40:02.321792+00:00,8026e89cef4819d42e1b86595f5dbce51dec0069d6493beffa6ee8bff9ada836
SF12/12_20260902_185346.222/pc_time_fit.json,1010,2026-09-13T05:40:02.355070+00:00,a5ced2063011b56378233681eef46ee186a6f3d6984fd3373f5bbe95d5ef0070
SF12/13_20260902_191006.815/pc_time.dat,3826688,2026-09-12T23:06:26.050242+00:00,2a1b859b20f92e66433c37da633a58175cb8100cc20c4d506e042b3d66ac18f5
SF12/13_20260902_191006.815/pc_time_fit.json,993,2026-09-12T23:06:26.083738+00:00,480b2261ae8baa1cabd347db7946d4f4281bf5cf1dd31285c8591b43aebc4296
SF12/14_20260902_191103.245/pc_time.dat,1493969920,2026-09-12T23:06:44.524127+00:00,e6c50d3b0f621ee755e060760ba46dff3c573e30f60ba26ab90a93361b5f0217
SF12/14_20260902_191103.245/pc_time_fit.json,1253,2026-09-12T23:06:44.560741+00:00,d41adff634a2a2e63d6d359956f9b0dddb333948affea6f3252a17d7f0bc59c7
SF12/15_20260903_002228.142/pc_time.dat,1868148736,2026-09-12T23:07:07.940668+00:00,acca480a0ba51a2c48f753d3ca3f4d2e9dbd6aa4df9dd906b204c3aa1cfadb5c
SF12/15_20260903_002228.142/pc_time_fit.json,1171,2026-09-12T23:07:07.975977+00:00,20a5c9e4fd12b0c759a973e9a8963e3a87d20e8d476907fc6a8a1d339b6d67fa
SF12/15_20260910_210518.445/pc_time.dat,3258603520,2026-09-12T23:07:48.282824+00:00,73df616654c1d86e880ea4bce7c17a0cfea253957230571f35b470ac500348c9
SF12/15_20260910_210518.445/pc_time_fit.json,989,2026-09-12T23:07:48.318249+00:00,9f9df22742fb54cb1855baf5fa639ffe4d9d519616552f3fbf58ff93e603c607
SF12/15_20260911_190431.837/pc_time.dat,676864,2026-09-13T05:40:02.396349+00:00,12309cb9ce020dc94c3f3f9d19a8952eb26413f5ba42cd75c502e2dcaf35e5ab
SF12/15_20260911_190431.837/pc_time_fit.json,1011,2026-09-13T05:40:02.429689+00:00,f9c0161aacc2e270b786d22a8ff0008397a5500d1ab805d67cf7a1383695be8e
SF12/16_20260911_192342.556/pc_time.dat,2705408,2026-09-13T05:40:02.475891+00:00,4b8014f0a30f39ea17d8bddb575a8cb078849a728b6c13cf96d59a42c11484b7
SF12/16_20260911_192342.556/pc_time_fit.json,994,2026-09-13T05:40:02.509189+00:00,20802e29206e29bc3f2027f029de6b03af9c6fa61779e434f8fa73d2466f5dcb
SF12/17_20260911_192428.023/pc_time.dat,4178936832,2026-09-13T05:40:52.764235+00:00,e6188fff021be57d80d564f79e10fd845dd8f42ea64242876a29c72936db078d
SF12/17_20260911_192428.023/pc_time_fit.json,1033,2026-09-13T05:40:52.799062+00:00,944994ded1518fa3aa5c5fb45da97e4dd35cb1f8ca64de875a44d0ab7a27c1b4
SF12/1_20260831_191521.024/pc_time.dat,2862080,2026-09-12T23:07:48.365388+00:00,f900990226a2f77fd589dc919578941dca686a6624c2694e7ec997ed2dc52eb4
SF12/1_20260831_191521.024/pc_time_fit.json,994,2026-09-12T23:07:48.397517+00:00,17a31db7b56f7e688fff14f5b7a1cc4963bd9cf82da6909d65caeca9254fc0a6
SF12/1_20260901_131223.398/pc_time.dat,1184357376,2026-09-12T23:08:01.833879+00:00,0a60212431dae8d8f7135f9353d8e94f6e6d3a51aee31ecb16a6c5653ec81c27
SF12/1_20260901_131223.398/pc_time_fit.json,1113,2026-09-12T23:08:01.870850+00:00,e747dfbe24a7e69338f8b6a5f32e1b35531a4fbb57f51db63f442d953f038e86
SF12/1_20260903_174101.465/pc_time.dat,362496,2026-09-13T05:40:52.840537+00:00,af61abbb2f41ccd50b37c43d38402bebf1b3c62102fbdd3125993df318aad8ca
SF12/1_20260903_174101.465/pc_time_fit.json,1009,2026-09-13T05:40:52.873715+00:00,49c180f5c99f5b4104c285a6d46423c0780081b2741593196dbbe109db918540
SF12/1_20260905_094345.171/pc_time.dat,4806656,2026-09-12T23:08:01.969231+00:00,aaa248dd84e2bcaa954f83a1c2760e2d63e15f2ef87aa8eead9376da9add0413
SF12/1_20260905_094345.171/pc_time_fit.json,995,2026-09-12T23:08:02.003875+00:00,07a951425aa6913a3c292cb9f85944eb26debc09dfb8dbfa47e340eb0d3dc5e4
SF12/1_20260905_184232.979/pc_time.dat,268288,2026-09-13T05:40:52.899501+00:00,074a8e3c5149492bf1f9983a3f5666e51832084448334b2d083bc71e8df48523
SF12/1_20260905_184232.979/pc_time_fit.json,1011,2026-09-13T05:40:52.932345+00:00,91f24ceae2778edf40313229b014cc3d662a9fb051b78102535e283855b70929
SF12/1_20260907_090326.668/pc_time.dat,5058560,2026-09-12T23:08:02.097342+00:00,47e949a472b2a287f1a0bf3e8c3aafd2a92d9fbe6a58abcece7429b408c416bd
SF12/1_20260907_090326.668/pc_time_fit.json,995,2026-09-12T23:08:02.130089+00:00,2e78a78553aa83c6b08e9f62c12692679964ffb0e5309f1a83c45a0079b481af
SF12/1_20260907_175922.250/pc_time.dat,2587648,2026-09-12T23:08:02.158861+00:00,b3948519484ef1c53c06bb63495f624139cfc2d4f1ca61b954e3cef74e4a73cf
SF12/1_20260907_175922.250/pc_time_fit.json,992,2026-09-12T23:08:02.191324+00:00,f6c93d8e6cc24a8c68f0395e70bae95077bb1920dbcaeee681134bb5826fa249
SF12/1_20260909_091306.837/pc_time.dat,2818048,2026-09-12T23:08:02.217402+00:00,ec96fc6f4a2f5b8f085990c25617b79b757d06a05bbe7edc5a5d2b885ac4c70a
SF12/1_20260909_091306.837/pc_time_fit.json,992,2026-09-12T23:08:02.250950+00:00,cbbffe249864f765dfa13f47ca4813c12824f7335bdb2d026d4ae60cb4ada654
SF12/1_20260909_183946.195/pc_time.dat,2665472,2026-09-12T23:08:02.284346+00:00,0841992f6ae2a91c16ce4a3e64b71167a2367d8230e2ba8b62e4cd0ac35c7d0f
SF12/1_20260909_183946.195/pc_time_fit.json,993,2026-09-12T23:08:02.318718+00:00,032e0255dd2c93619c1d5ab33f0321234516d34391d247829ee6f51b49147f71
SF12/1_20260911_094501.436/pc_time.dat,2640896,2026-09-12T23:08:02.342902+00:00,ee782c12a876aefd07e3840f1fb5c7fa25ef12f0a491855c9c51c581f830e6ce
SF12/1_20260911_094501.436/pc_time_fit.json,991,2026-09-12T23:08:02.377180+00:00,ef54f90a56eeef460ff3cec15e032c9fc1ddbd8b8b1f495edae5ad03cc24a5d5
SF12/2_20260831_191613.417/pc_time.dat,1509122048,2026-09-12T23:08:20.116453+00:00,e1470048c8f62535c12a6e9a87b608746a9a877b27ad2e8f5c12d8847d684aea
SF12/2_20260831_191613.417/pc_time_fit.json,2253,2026-09-12T23:08:20.153194+00:00,895832418b9a512376844b40403820820bd20c0596d0157c87a0782004925df1
SF12/2_20260901_171924.960/pc_time.dat,308234240,2026-09-12T23:08:24.191449+00:00,87d4894a209fc52c6ee013bbdb04af80c71a8a195eff1b95267edb166daad17e
SF12/2_20260901_171924.960/pc_time_fit.json,987,2026-09-12T23:08:24.227139+00:00,c6304de27879b23aef005af167d16607bb2f62a7a3dbdff4a807bb17f96f9265
SF12/2_20260903_080832.082/pc_time.dat,3473408,2026-09-12T23:08:24.271899+00:00,3b57c0d76af7479b3b9e8453e183ab93d45ac053af9c3bed733bf6c4e4f97d1d
SF12/2_20260903_080832.082/pc_time_fit.json,994,2026-09-12T23:08:24.305597+00:00,37c3ee4ddd9a03c1a96eff04b388686f0c79f600f6d663cb4571c91755a15f7a
SF12/2_20260903_180850.290/pc_time.dat,2872320,2026-09-12T23:08:24.333862+00:00,217fda82e3cde128b362f341d2190a78cf4b48ea7ca001c53e00bb56209a5e38
SF12/2_20260903_180850.290/pc_time_fit.json,994,2026-09-12T23:08:24.367094+00:00,6111fe52c0f30e7ee2e00dd88e196a7615ec8f68aa163afd537973538af57e9c
SF12/2_20260905_094454.579/pc_time.dat,2385712128,2026-09-12T23:08:53.177222+00:00,d2d139fafd4c2f5fc1d1c439c859bc1cceaffc628317bc554122d76cd2206e1c
SF12/2_20260905_094454.579/pc_time_fit.json,1334,2026-09-12T23:08:53.288232+00:00,614e1ec620b38bd672a8df0bb649f62908d10d9c9ebd9ca7811789367802a994
SF12/2_20260905_190104.519/pc_time.dat,101376,2026-09-13T05:40:52.976307+00:00,92e8e850f6759f13dfad6c387da44a2d8715fc12b15e20c3630faed855782c19
SF12/2_20260905_190104.519/pc_time_fit.json,1009,2026-09-13T05:40:53.010685+00:00,fcd86d398abaacc0a56da4755f5e38e40207870802046725140f597cfa41f036
SF12/2_20260907_090439.409/pc_time.dat,2289446912,2026-09-12T23:09:21.477321+00:00,9ad03182ad8f147a39be9152a22aa3e1d24a26ad79ab8d45c52382d899290768
SF12/2_20260907_090439.409/pc_time_fit.json,1194,2026-09-12T23:09:21.514018+00:00,466106e3cf0939fd53961ac459d31c3b4ffd41f5d8b73b89721517b3c2bdafcd
SF12/2_20260907_180003.285/pc_time.dat,3593094144,2026-09-12T23:10:06.912429+00:00,0b04238b606320d662fe915a2ebc69552228219092a7eef47704d14b4db6b803
SF12/2_20260907_180003.285/pc_time_fit.json,1115,2026-09-12T23:10:06.949551+00:00,ac4e07abbf7789b3779ab27229f7ec205e5ff0b5b4730821680937c4e5bc1a47
SF12/2_20260909_091353.804/pc_time.dat,2534523904,2026-09-12T23:10:38.413990+00:00,6e3f408ebd4dc071368fba2e61a924c96a5d6ac254735bec01d7e5a2a5de4931
SF12/2_20260909_091353.804/pc_time_fit.json,1215,2026-09-12T23:10:38.450003+00:00,082754a981824695c7d8e04953bd8d5d7a12d91d6ab4c809d16a8d69a7c64dd9
SF12/2_20260909_184027.605/pc_time.dat,29306880,2026-09-12T23:10:38.832709+00:00,3727fb9270641e214efc960eb71cb2b222c86fdaa08d965c71f1f5a97e098ccf
SF12/2_20260909_184027.605/pc_time_fit.json,984,2026-09-12T23:10:38.867697+00:00,77259154ec7f5f05532dd00cd3a24caf8a1515fd9ef93665bf13250434e11f94
SF12/2_20260911_094554.396/pc_time.dat,8074240,2026-09-12T23:10:38.962336+00:00,e25fc67096dd16a88b7e32bd362e9be8f027babf757f8cc6ad574513fafadf19
SF12/2_20260911_094554.396/pc_time_fit.json,993,2026-09-12T23:10:38.997104+00:00,60af45b45699667b30289c6d9a69485f8f9cbe296cf8163dc481d955c8596e64
SF12/3_20260901_003050.862/pc_time.dat,1280414720,2026-09-13T05:41:08.385978+00:00,efa50270f348219c77e85de32c5ffb726c8d7fbeccfc056ceefe0f4e1a504ea9
SF12/3_20260901_003050.862/pc_time_fit.json,1010,2026-09-13T05:41:08.420213+00:00,f80d93ccb720dde52b7157d67e555beff16ba28c91db3e5f5bac88fd510bf200
SF12/3_20260901_194447.773/pc_time.dat,3086336,2026-09-12T23:10:55.276654+00:00,e9a92b623e38ec9bbb7e6134e89ff4ecbbc66bcace6b9e288b33be965a5d3c6f
SF12/3_20260901_194447.773/pc_time_fit.json,992,2026-09-12T23:10:55.310320+00:00,75314aad59bf38cd8746e0f1708c3c92a12ff327623959050e4466de20c527f6
SF12/3_20260903_080924.473/pc_time.dat,2525070336,2026-09-12T23:11:34.405185+00:00,0ea3fdcd86eeafe866b141c354838ec30e2e84b185e49236d2b6b35a0fd8f5fc
SF12/3_20260903_080924.473/pc_time_fit.json,1400,2026-09-12T23:11:34.443391+00:00,4ec328148b8b8d7ee787160b179a176d4f0fed5e05c7f102590ba43c3692cfde
SF12/3_20260903_180935.835/pc_time.dat,3696025600,2026-09-12T23:12:23.021712+00:00,30066f2bda1c84966c721bc2a704fe1d92a307412020bbc629b46485bff48b97
SF12/3_20260903_180935.835/pc_time_fit.json,1359,2026-09-12T23:12:23.059547+00:00,dd64230b57ba7bad74848c85f5d38d4c839356415ed7924f29bf42ad6006741d
SF12/3_20260905_190131.729/pc_time.dat,4950016,2026-09-12T23:12:23.131059+00:00,80e0000b7576c7274b89f5a1b4f214622e5e4e4c7ff8897464021ad35c3a475c
SF12/3_20260905_190131.729/pc_time_fit.json,993,2026-09-12T23:12:23.167193+00:00,86c50284934534482b1385555fa6613ccfe135ddaa468f74e91ec9b0435847a9
SF12/3_20260908_070852.297/pc_time.dat,355328,2026-09-13T05:41:08.452232+00:00,2e670a30d8429a5ef326681f2678b5afa16586b08677a7ddac48b66ce675a08c
SF12/3_20260908_070852.297/pc_time_fit.json,1009,2026-09-13T05:41:08.487053+00:00,1c3ec9504ce3c256a36f92e8a8bbda9c3a35ed6b8c7b8a745b030d29c57a850e
SF12/3_20260909_184707.775/pc_time.dat,2528256,2026-09-12T23:12:23.249970+00:00,24c1dc4566a04cbc51d780047076a0dceafc83bd65117074b267fbc1279b08a6
SF12/3_20260909_184707.775/pc_time_fit.json,992,2026-09-12T23:12:23.283651+00:00,c447ba549f9bd3b6ae93145dce6154f9febf1c3b5a927a47c07909a1dad13adf
SF12/3_20260911_094747.706/pc_time.dat,2503179264,2026-09-12T23:12:55.631825+00:00,4c25ff6f0b99989817e954cab4dc4a1571345caeca9d5b64f125c3d9d5d38dab
SF12/3_20260911_094747.706/pc_time_fit.json,1127,2026-09-12T23:12:55.666997+00:00,0da64f9b84bcd1e33f2bda0be086bc9f2d0b2f196d462fda70fb07b63cb01a3b
SF12/4_20260901_054714.722/pc_time.dat,8799232,2026-09-13T05:41:08.588734+00:00,edcad2026f6da6d05d659e7128032b3becd3a96bd430f1cc7953ae842886cd2b
SF12/4_20260901_054714.722/pc_time_fit.json,1012,2026-09-13T05:41:08.622929+00:00,c3d80c81ad061dad7d88c0edebe7374e003f2a704265aa224126d0c8fa5eb31c
SF12/4_20260901_194535.925/pc_time.dat,5313536,2026-09-13T05:41:08.677823+00:00,1ba44039003aeb1884be5cdad4bb6ff063ed0055265a6ab31c35d7a797faad52
SF12/4_20260901_194535.925/pc_time_fit.json,1012,2026-09-13T05:41:08.711588+00:00,a181eb5d707d88ea0d212e25af1d81dca35251f9348a01116eccf62111c004a5
SF12/4_20260904_082757.469/pc_time.dat,2498560,2026-09-12T23:12:55.928703+00:00,9314e2d9a3c5c598f799d53a89619322b3c65af8c56f261d732256dfbf50639c
SF12/4_20260904_082757.469/pc_time_fit.json,993,2026-09-12T23:12:55.962622+00:00,1c30c89ebf7a9e7646da8725050f868721e84a8d6664475713434e252f2f09d4
SF12/4_20260905_190240.835/pc_time.dat,3428635648,2026-09-12T23:13:41.023932+00:00,f8d4f8667457bf1ecc10e0def0005e278495dfa3474397568b448d17065a27ed
SF12/4_20260905_190240.835/pc_time_fit.json,1413,2026-09-12T23:13:41.061758+00:00,9dadb772598dd25b820965f7e7e4592bd8c28abaab2b1058334c6dc3adfeca10
SF12/4_20260908_072539.270/pc_time.dat,2639872,2026-09-12T23:13:41.113182+00:00,6607da9d1c20c6b0c8dd8028a170091c016a76f8ddb422d7160eb255cb020408
SF12/4_20260908_072539.270/pc_time_fit.json,990,2026-09-12T23:13:41.148056+00:00,a254f8b8fe9efca05d8c0ad6994d8b31a7a4473aaa9bbdd1d82650fabc889362
SF12/4_20260909_184750.985/pc_time.dat,3720907776,2026-09-12T23:14:30.773079+00:00,e21fd7e819063a57e75c0df18da0c51debafbbd55ee61a9fa3fba4f0dd3dafa6
SF12/4_20260909_184750.985/pc_time_fit.json,1131,2026-09-12T23:14:30.810125+00:00,0fce552cec23f7f2635162a831a270d859ca37717cbe502bc1fc8738eece546b
SF12/5_20260901_195539.194/pc_time.dat,2569216,2026-09-12T23:14:30.841457+00:00,2dad2fb69853ba381b6c8ddc392f536ceb88a7a736f87d083407eb92a490b298
SF12/5_20260901_195539.194/pc_time_fit.json,992,2026-09-12T23:14:30.875458+00:00,b36f49f824fb9ee4158dc265adbb6ffca266bb3d4efb36e0070de151c3160db7
SF12/5_20260904_082836.973/pc_time.dat,3221974016,2026-09-12T23:15:13.016738+00:00,186434bc79c607da04ecca384a6c90394370072e136642c9e02ac1505d3dd5b3
SF12/5_20260904_082836.973/pc_time_fit.json,1711,2026-09-12T23:15:13.053893+00:00,79706b9827598c91fb5a817258bebfd06b78c7f8df32627fdbe869dde7ffbb11
SF12/5_20260906_075001.232/pc_time.dat,581632,2026-09-13T05:41:08.753255+00:00,79dc04b20f86bda3f6135630d4d6d7005da7a69d70f8ca7016974f333d1c4a9c
SF12/5_20260906_075001.232/pc_time_fit.json,1010,2026-09-13T05:41:08.787766+00:00,08e16e5a83e4756b959f2919b0cf9c8b6d98dcbd3f63143e48a262d765d2d23a
SF12/5_20260908_072624.615/pc_time.dat,3332065280,2026-09-12T23:15:56.536908+00:00,d028fd8be44c779c83669ea933ea600e68890e2d3f84c092fc9902710c969cf5
SF12/5_20260908_072624.615/pc_time_fit.json,1162,2026-09-12T23:15:56.573931+00:00,8b8697d0adb55d39b68d95f4d14cdc196bcad8fd45e4157ee7cfb7c0c6ae27b2
SF12/5_20260910_081836.423/pc_time.dat,374784,2026-09-13T05:41:08.801497+00:00,40e1afda16652ae2a5e42ac3fd7155af99d9312e849d260b78f626791137b80d
SF12/5_20260910_081836.423/pc_time_fit.json,1010,2026-09-13T05:41:08.833135+00:00,f366e047efd9a1eb4f8739ed4d6f6a5d09720c870fad27ddd0c372141227de1d
SF12/6_20260901_195621.144/pc_time.dat,1009201152,2026-09-12T23:16:09.704316+00:00,77747e30d163b929a1c85d500215d5f69a85ff93905fc9751cf493eaa7bd3ce3
SF12/6_20260901_195621.144/pc_time_fit.json,997,2026-09-12T23:16:09.753330+00:00,f03eae987d858aa1cb2adc7e971931e715640c65a154f7cd4e389223f184a9ba
SF12/6_20260904_201333.325/pc_time.dat,461824,2026-09-13T05:41:08.843867+00:00,ab5e66216192b700916bec25f19407c8dfcc640cc45613e95a3b774bf826ce95
SF12/6_20260904_201333.325/pc_time_fit.json,1011,2026-09-13T05:41:08.877313+00:00,a5e94e4a7d7d13799531ad2abfacddf07f88c3c55fcf96577d58d5e8302677eb
SF12/6_20260906_080910.472/pc_time.dat,2545664,2026-09-12T23:16:09.861876+00:00,548d3ed598ce9686cdab189a79eb279b01b7af6988edf5b9574db8796644dd49
SF12/6_20260906_080910.472/pc_time_fit.json,993,2026-09-12T23:16:09.895872+00:00,7f77a4237fbda7f955a59f6e3cf4c397e3a60181ed3f1e580f059e54de998fa8
SF12/6_20260908_193131.395/pc_time.dat,538624,2026-09-13T05:41:08.892296+00:00,f872093c8e1f5fa5baeab56fd5bfd0a132ac9362c0975549f107757c2af33abc
SF12/6_20260908_193131.395/pc_time_fit.json,1011,2026-09-13T05:41:08.924780+00:00,f599a319836b2fd0b1a327d4227bccc4b7a15086c8168e486bbd1fdc5f4a37d1
SF12/6_20260910_083334.826/pc_time.dat,2702336,2026-09-12T23:16:09.976497+00:00,397f5f2050c014dc3bd234d8aef30e53fece13a40c271640e4ec9f23e04adcca
SF12/6_20260910_083334.826/pc_time_fit.json,991,2026-09-12T23:16:10.018006+00:00,e19842cb4ed5f6abc68c338cd5a0e95dad272b89e7d3fad73e5e2c4d2dedff7c
SF12/7_20260901_232651.122/pc_time.dat,2032577536,2026-09-12T23:16:36.797272+00:00,027ef0f1dc5ef2e3098fff15d514b1a10255a0cacc0a98925118516c03f34660
SF12/7_20260901_232651.122/pc_time_fit.json,986,2026-09-12T23:16:36.893988+00:00,95ec45891171b35439f8a2bec768b50a397f4f3615be45aac8e3479ee65efec6
SF12/7_20260904_203029.951/pc_time.dat,4299776,2026-09-12T23:16:36.963390+00:00,0b48bc0784f302e87cd8c335c39ba84b7c955d375fca53f43d79548640b43812
SF12/7_20260904_203029.951/pc_time_fit.json,995,2026-09-12T23:16:36.995780+00:00,3f96e99853d7f675bb829391e6b559cb1dec097e4850e7adabd9ade2a8d4f396
SF12/7_20260906_080951.055/pc_time.dat,3166587904,2026-09-12T23:17:17.428108+00:00,3aac01834686f31f9c7cbd38e97973b8a0ad3090211641eeaa7fbd5191a5db5d
SF12/7_20260906_080951.055/pc_time_fit.json,1186,2026-09-12T23:17:17.464358+00:00,9bba39e5d87f43d253ee414e198ad0bcbf9a43b762fa2661036a9aea40ecf631
SF12/7_20260908_194739.984/pc_time.dat,2699264,2026-09-12T23:17:17.508107+00:00,bb5a2d9e5bddda3f306cd1dc014254cd176f6def5e830542b1f76f6de693b872
SF12/7_20260908_194739.984/pc_time_fit.json,993,2026-09-12T23:17:17.542807+00:00,a61d2646cc68724ae61e4c160f626b19625c565f538b6b1672c67320e34e6e44
SF12/7_20260910_083419.045/pc_time.dat,2532352,2026-09-12T23:17:17.576903+00:00,844a50d0209ba49de6a03f39af0317e6a052072bd01a4731fa335f8c4afaf426
SF12/7_20260910_083419.045/pc_time_fit.json,992,2026-09-12T23:17:17.610693+00:00,80255932fb063c78df2bf8ce752dc2b71cd92c9a375e052b656ae2d598220215
SF12/8_20260902_063032.282/pc_time.dat,320979968,2026-09-13T05:41:12.733673+00:00,7d42316b7d3e5f46f5b9c7881914073306cf5034f3f81415841b36069b54ab4e
SF12/8_20260902_063032.282/pc_time_fit.json,1013,2026-09-13T05:41:12.769035+00:00,9045f1fd73a1ff5d4aeee2ff693c1ff58913f5eb15e6213c5c3bec6f43955908
SF12/8_20260904_203130.725/pc_time.dat,3469140992,2026-09-12T23:18:02.967297+00:00,7ef6103eb0c55f5a06b7396889b1ff8e2e094654bcc4b84a5a366fb8b33fd31b
SF12/8_20260904_203130.725/pc_time_fit.json,4985,2026-09-12T23:18:03.002345+00:00,be1f5553e88f012d9065cafa47a17c534f7bee435855c3ffebf0c9eb3c999c07
SF12/8_20260908_194824.915/pc_time.dat,3617252352,2026-09-12T23:18:44.654533+00:00,bd5c8351069db9775c0af8ab646784a64fd43b2221ed2bbe7acfd61f763810b1
SF12/8_20260908_194824.915/pc_time_fit.json,1187,2026-09-12T23:18:44.691365+00:00,d97f40856f6ddf123aaf6bc43cb61678e3d3b8b3ff4c8118b3013e53b2dd4145
SF12/8_20260910_083507.425/pc_time.dat,1817434112,2026-09-12T23:19:05.600348+00:00,5adc24efd9588c58f156ab5988fdca1a192ff598cff4629ead6c844254ff54ce
SF12/8_20260910_083507.425/pc_time_fit.json,1158,2026-09-12T23:19:05.637765+00:00,2694a99c0b817785c4935a6106bd76509f33a0916c2977d11bc2bebb6e1850ef
SF12/9_20260902_075722.923/pc_time.dat,1029120,2026-09-13T05:41:12.817486+00:00,b613dc6970ca8ea71da55f5562ca06223d779546af755184e42f7ed42f93b52f
SF12/9_20260902_075722.923/pc_time_fit.json,1010,2026-09-13T05:41:12.850723+00:00,ba1bcfea1fb81fe168421da9cdc115a2ffd722b05d479360f5a4e8872aa7397f
SF12/9_20260906_195406.514/pc_time.dat,3700736,2026-09-12T23:19:05.733557+00:00,770d464610712520bf2e17f4f6375469acf6982c65031e5d025ef71df0a8a1e1
SF12/9_20260906_195406.514/pc_time_fit.json,986,2026-09-12T23:19:05.767091+00:00,eedd7efabb11c7e6a1cce6fb0b8d5bc642a0e5ece1169db9260f40def4676a58
